"stock_number","title","url","attribute_count","Agitator Details","Condition","Diameter","Dual Tier","Glass Agitator Drive Model","Glass Agitator Type","Glass Condition","Glass Fire Polish","Hub size","Is Special","Length","Manufacturer","Material","Model","Reglassed","Rotation","Seal Area Plated","Seal Area Plating MOC","Span","Subtype","Type","Vessel Size"
"100044","Agitator Glass Lined Parts 75.7 L (20 gallons) Glasslined For Sale - IPP# 100044","https://ims.internationalprocessplants.com/inventory/equipment/detail/100044","14","2.5 DTW drive end","Re-glassed","38.1 mm (1.5 in)","","DTW","3 Blade Retreat Curve","","","","","857 mm (33.8 in)","Pfaudler","Glasslined","","Yes","Counterclockwise","","","406.4 mm (16 in)","Agitator","Glass Lined Parts","75.7 L (20 gallons)"
"100648","Glasslined Pfaudler Agitator Glass Lined Parts - IPP# 100648","https://ims.internationalprocessplants.com/inventory/equipment/detail/100648","19","5DTW","Re-glassed","88.9 mm (3.5 in)","","DTW","3 Blade Retreat Curve","Very Clean (VC)","Full Fire Polish (FF)","","","2,600 mm (102 in)","Pfaudler","Glasslined","RCI","Yes","Counterclockwise","Yes","Stainless Steel 316","1,100 mm (44 in)","Agitator","Glass Lined Parts","3,800 L (1,000 gallons)"
"100688","Agitator Glass Lined Parts 189.3 L (50 gallons) Glasslined For Sale - IPP# 100688","https://ims.internationalprocessplants.com/inventory/equipment/detail/100688","10","","Re-glassed","50.8 mm (2 in)","","","3 Blade Retreat Curve","","","","","914 mm (36 in)","","Glasslined","","Yes","","","","508 mm (20 in)","Agitator","Glass Lined Parts","189.3 L (50 gallons)"
"101094","Glasslined Pfaudler Agitator Glass Lined Parts - IPP# 101094","https://ims.internationalprocessplants.com/inventory/equipment/detail/101094","15","5DTW drive end","Re-glassed","88.9 mm (3.5 in)","","TW","Cryo-Lock","","","","","3,000 mm (118.6 in)","Pfaudler","Glasslined","","Yes","","Yes","Stainless Steel Other","737 mm (29 in)","Agitator","Glass Lined Parts","3,800 L (1,000 gallons)"
"101145","Agitator Glass Lined Parts 1,150 L (300 gallons) Glasslined For Sale - IPP# 101145","https://ims.internationalprocessplants.com/inventory/equipment/detail/101145","8","","Used","88.9 mm (3.5 in)","","","","","","","","1,850 mm (72 in)","","Glasslined","","","","","","914 mm (36 in)","Agitator","Glass Lined Parts","1,150 L (300 gallons)"
"101251","Glasslined Pfaudler Agitator Glass Lined Parts - IPP# 101251","https://ims.internationalprocessplants.com/inventory/equipment/detail/101251","16","5TW drive end","Re-glassed","88.9 mm (3.5 in)","","TW","3 Blade Retreat Curve","","","","","3,100 mm (122 in)","Pfaudler","Glasslined","","Yes","Counterclockwise","Yes","Stainless Steel Other","1,100 mm (44 in)","Agitator","Glass Lined Parts","5,700 L (1,500 gallons)"
"102437","Glasslined Agitator Glass Lined Parts - IPP# 102437","https://ims.internationalprocessplants.com/inventory/equipment/detail/102437","12","Series: P series agitator. 2.5TW/DTW drive end.","Used","38.1 mm (1.5 in)","","","3 Blade Retreat Curve","","","","","857 mm (33.8 in)","Pfaudler","Glasslined","P series","","","","","406.4 mm (16 in)","Agitator","Glass Lined Parts","75.7 L (20 gallons)"
"103435","Unused Glasslined Pfaudler Agitator Glass Lined Parts - IPP# 103435","https://ims.internationalprocessplants.com/inventory/equipment/detail/103435","8","impellor agitator. W/VS20 drive end","Unused","","","","3 Blade Retreat Curve","","","","","","Pfaudler","Glasslined","","","","","","","Agitator","Glass Lined Parts","15,150 L (4,000 gallons)"
"103437","Unused Glasslined Pfaudler Agitator Glass Lined Parts - IPP# 103437","https://ims.internationalprocessplants.com/inventory/equipment/detail/103437","7","","Unused","","","","3 Blade Retreat Curve","","","","","","Pfaudler","Glasslined","","","","","","","Agitator","Glass Lined Parts","15,150 L (4,000 gallons)"
"103438","Unused Agitator Glass Lined Parts 7,550 L (2,000 gallons) Glasslined For Sale - IPP# 103438","https://ims.internationalprocessplants.com/inventory/equipment/detail/103438","8","impellor agit.. W/VS20 drive end","Unused","","","","3 Blade Retreat Curve","","","","","","Pfaudler","Glasslined","","","","","","","Agitator","Glass Lined Parts","7,550 L (2,000 gallons)"
"103573","Agitator Glass Lined Parts 189.3 L (50 gallons) Glasslined For Sale - IPP# 103573","https://ims.internationalprocessplants.com/inventory/equipment/detail/103573","14","2.5 DTW","Re-glassed","38.1 mm (1.5 in)","","DTW","3 Blade Retreat Curve","","","","","1,100 mm (44.3 in)","Pfaudler","Glasslined","","Yes","Counterclockwise","","","508 mm (20 in)","Agitator","Glass Lined Parts","189.3 L (50 gallons)"
"103956","Agitator Glass Lined Parts  Glasslined For Sale - IPP# 103956","https://ims.internationalprocessplants.com/inventory/equipment/detail/103956","7","","Re-glassed","","","","3 Blade Retreat Curve","","","","","","Pfaudler","Glasslined","","Yes","","","","","Agitator","Glass Lined Parts",""
"104037","Agitator Glass Lined Parts 2,800 L (740 gallons) Glasslined For Sale - IPP# 104037","https://ims.internationalprocessplants.com/inventory/equipment/detail/104037","9","","Used","139.7 mm (5.5 in)","","","3 Blade Retreat Curve","","","","","2,700 mm (106 in)","","Glasslined","","","","","","1,200 mm (47.2 in)","Agitator","Glass Lined Parts","2,800 L (740 gallons)"
"104038","Agitator Glass Lined Parts 7,500 L (2,000 gallons) Glasslined For Sale - IPP# 104038","https://ims.internationalprocessplants.com/inventory/equipment/detail/104038","10","","Used","142 mm (5.6 in)","","","3 Blade Retreat Curve","","","","","3,650 mm (143.9 in)","","Glasslined","","","","","Stainless Steel Other","1,100 mm (43.3 in)","Agitator","Glass Lined Parts","7,500 L (2,000 gallons)"
"104039","Agitator Glass Lined Parts 1,900 L (502 gallons) Glasslined For Sale - IPP# 104039","https://ims.internationalprocessplants.com/inventory/equipment/detail/104039","9","","Used","101.6 mm (4 in)","","","3 Blade Retreat Curve","","","","","2,650 mm (104 in)","","Glasslined","","","","","","1,000 mm (39.4 in)","Agitator","Glass Lined Parts","1,900 L (502 gallons)"
"104040","Agitator Glass Lined Parts 3,800 L (1,000 gallons) Glasslined For Sale - IPP# 104040","https://ims.internationalprocessplants.com/inventory/equipment/detail/104040","9","","Used","101.6 mm (4 in)","","","3 Blade Retreat Curve","","","","","2,950 mm (116 in)","","Glasslined","","","","","","1,100 mm (42.5 in)","Agitator","Glass Lined Parts","3,800 L (1,000 gallons)"
"104191","Glasslined Agitator Glass Lined Parts - IPP# 104191","https://ims.internationalprocessplants.com/inventory/equipment/detail/104191","15","6RW drive end","Used","114.3 mm (4.5 in)","","RW","3 Blade Retreat Curve","","","","","4,150 mm (163.3 in)","Pfaudler","Glasslined","","","Counterclockwise","Yes","Stainless Steel Other","1,350 mm (54 in)","Agitator","Glass Lined Parts","11,350 L (3,000 gallons)"
"104329","Agitator Glass Lined Parts  Glasslined For Sale - IPP# 104329","https://ims.internationalprocessplants.com/inventory/equipment/detail/104329","9","","Re-glassed","115 mm (4.5 in)","","","3 Blade Retreat Curve","","","","","3,750 mm (148.4 in)","","Glasslined","","Yes","","","","1,100 mm (43.3 in)","Agitator","Glass Lined Parts",""
"104493","Agitator Glass Lined Parts 757 L (200 gallons) Glasslined For Sale - IPP# 104493","https://ims.internationalprocessplants.com/inventory/equipment/detail/104493","12","3-blade retreat curve agitator","Re-glassed","76.2 mm (3 in)","","","3 Blade Retreat Curve","","","","","1,750 mm (69.5 in)","Pfaudler","Glasslined","","Yes","","","","762 mm (30 in)","Agitator","Glass Lined Parts","757 L (200 gallons)"
"105946","Unused Agitator Glass Lined Parts 800 L (211.3 gallons) Glasslined For Sale - IPP# 105946","https://ims.internationalprocessplants.com/inventory/equipment/detail/105946","9","","Unused","90 mm (3.5 in)","","","3 Blade Retreat Curve","","","","","2,050 mm (81.5 in)","Pfaudler","Glasslined","","","","","","","Agitator","Glass Lined Parts","800 L (211.3 gallons)"
"106192","Unused Agitator Glass Lined Parts 1,150 L (300 gallons) Glasslined For Sale - IPP# 106192","https://ims.internationalprocessplants.com/inventory/equipment/detail/106192","10","Ceramic Coating glass lined 3-blade retreat curve agit","Unused","76.2 mm (3 in)","","","3 Blade Retreat Curve","","","","","2,100 mm (82 in)","","Glasslined","","","","","","900 mm (35.4 in)","Agitator","Glass Lined Parts","1,150 L (300 gallons)"
"107187","1,500-Gallon Glass-Lined Pfaudler RCI Agitator - IPP# 107187","https://ims.internationalprocessplants.com/inventory/equipment/detail/107187","19","Drive end is a 5RW","Re-glassed","88.9 mm (3.5 in)","","RW","3 Blade Retreat Curve","Very Clean (VC)","Full Fire Polish (FF)","","","3,300 mm (129.5 in)","Pfaudler","Glasslined","RCI","Yes","Counter-Clockwise","Yes","Stainless Steel 316","1,100 mm (44 in)","Agitator","Glass Lined Parts","5,700 L (1,500 gallons)"
"107822","Agitator Glass Lined Parts 5,700 L (1,500 gallons) Glasslined For Sale - IPP# 107822","https://ims.internationalprocessplants.com/inventory/equipment/detail/107822","16","5RW drive end","Re-glassed","88.9 mm (3.5 in)","","RW","3 Blade Retreat Curve","","","","","3,300 mm (129.5 in)","Pfaudler","Glasslined","","Yes","Counterclockwise","Yes","Stainless Steel Other","1,100 mm (44 in)","Agitator","Glass Lined Parts","5,700 L (1,500 gallons)"
"107841","Glasslined Pfaudler EM series Agitator Glass Lined Parts - IPP# 107841","https://ims.internationalprocessplants.com/inventory/equipment/detail/107841","17","3DTW drive end","Re-glassed","76.2 mm (3 in)","","DTW","3 Blade Retreat Curve","","","","","1,750 mm (69.5 in)","Pfaudler","Glasslined","EM series","Yes","Counterclockwise","Yes","Stainless Steel Other","762 mm (30 in)","Agitator","Glass Lined Parts","757 L (200 gallons)"
"108883","Glasslined Agitator Glass Lined Parts - IPP# 108883","https://ims.internationalprocessplants.com/inventory/equipment/detail/108883","15","4RW drive end","Re-glassed","76.2 mm (3 in)","","RW","3 Blade Retreat Curve","","","","","2,100 mm (82.3 in)","","Glasslined","","Yes","Counterclockwise","Yes","Stainless Steel Other","914 mm (36 in)","Agitator","Glass Lined Parts","1,150 L (300 gallons)"
"109903","Agitator Glass Lined Parts 3,800 L (1,000 gallons) Glasslined For Sale - IPP# 109903","https://ims.internationalprocessplants.com/inventory/equipment/detail/109903","11","5RW drive end","Used","88.9 mm (3.5 in)","","","3 Blade Retreat Curve","","","","","3,300 mm (129 in)","Pfaudler","Glasslined","","","","","","1,100 mm (44 in)","Agitator","Glass Lined Parts","3,800 L (1,000 gallons)"
"11341","Agitator Glass Lined Parts 189.3 L (50 gallons) Glasslined For Sale - IPP# 11341","https://ims.internationalprocessplants.com/inventory/equipment/detail/11341","11","6-blade str turbine agit","Re-glassed","50.8 mm (2 in)","","","","","","","Yes","914 mm (36 in)","","Glasslined","","Yes","","","","254 mm (10 in)","Agitator","Glass Lined Parts","189.3 L (50 gallons)"
"11414","Agitator Glass Lined Parts 189.3 L (50 gallons) Glasslined For Sale - IPP# 11414","https://ims.internationalprocessplants.com/inventory/equipment/detail/11414","10","","Re-glassed","50.8 mm (2 in)","","","3 Blade Retreat Curve","","","","","914 mm (36 in)","","Glasslined","","Yes","","","","508 mm (20 in)","Agitator","Glass Lined Parts","189.3 L (50 gallons)"
"14982","Glasslined Pfaudler Agitator Glass Lined Parts - IPP# 14982","https://ims.internationalprocessplants.com/inventory/equipment/detail/14982","18","5 RW drive end","Re-glassed","88.9 mm (3.5 in)","","RW","3 Blade Retreat Curve","Very Clean (VC)","Full Fire Polish (FF)","","","3,800 mm (150.5 in)","Pfaudler","Glasslined","","Yes","Counterclockwise","Yes","Stainless Steel 316","1,100 mm (44 in)","Agitator","Glass Lined Parts","7,550 L (2,000 gallons)"
"1600","Glasslined Agitator Glass Lined Parts- End Off RW - IPP# 1600","https://ims.internationalprocessplants.com/inventory/equipment/detail/1600","10","agitator shaft end 7-8 RW","Used","","","RW","","","","","Yes","","Pfaudler","Glasslined","RW","Yes","","","","","Agitator","Glass Lined Parts",""
"1622","Glasslined Agitator Glass Lined Parts- RW End Only - IPP# 1622","https://ims.internationalprocessplants.com/inventory/equipment/detail/1622","6","","Re-glassed","","","","","","","","","","","Glasslined","End Off","Yes","","","","","Agitator","Glass Lined Parts",""
"18245","Agitator Glass Lined Parts 1,150 L (300 gallons) Glasslined For Sale - IPP# 18245","https://ims.internationalprocessplants.com/inventory/equipment/detail/18245","9","Set up for 4 TW drive","Re-glassed","76.2 mm (3 in)","","","","","","","","1,850 mm (73 in)","","Glasslined","","","","","","914 mm (36 in)","Agitator","Glass Lined Parts","1,150 L (300 gallons)"
"200718","Glasslined Agitator Glass Lined Parts - IPP# 200718","https://ims.internationalprocessplants.com/inventory/equipment/detail/200718","14","5RW drive end","Re-glassed","88.9 mm (3.5 in)","","RW","3 Blade Retreat Curve","","","","","2,800 mm (109.5 in)","Pfaudler","Glasslined","","Yes","Counterclockwise","","","1,100 mm (44 in)","Agitator","Glass Lined Parts","2,850 L (750 gallons)"
"200721","Agitator Glass Lined Parts 1,900 L (500 gallons) Glasslined For Sale - IPP# 200721","https://ims.internationalprocessplants.com/inventory/equipment/detail/200721","9","","Re-glassed","88.9 mm (3.5 in)","","","","","","","","2,600 mm (102 in)","","Glasslined","","Yes","","","","1,100 mm (44 in)","Agitator","Glass Lined Parts","1,900 L (500 gallons)"
"200723","Agitator Glass Lined Parts 1,150 L (300 gallons) Glasslined For Sale - IPP# 200723","https://ims.internationalprocessplants.com/inventory/equipment/detail/200723","9","","Re-glassed","76.2 mm (3 in)","","","","","","","","2,250 mm (88 in)","","Glasslined","","Yes","","","","813 mm (32 in)","Agitator","Glass Lined Parts","1,150 L (300 gallons)"
"200742","Glasslined Agitator Glass Lined Parts - IPP# 200742","https://ims.internationalprocessplants.com/inventory/equipment/detail/200742","15","Size 5 TW","Re-glassed","88.9 mm (3.5 in)","","TW","3 Blade Retreat Curve","","","","","3,100 mm (122 in)","Pfaudler","Glasslined","RCI","Yes","Counterclockwise","","","1,100 mm (44 in)","Agitator","Glass Lined Parts","3,800 L (1,000 gallons)"
"200743","Glasslined Agitator Glass Lined Parts - IPP# 200743","https://ims.internationalprocessplants.com/inventory/equipment/detail/200743","15","5 RW","Re-glassed","88.9 mm (3.5 in)","","RW","3 Blade Retreat Curve","","","","","3,300 mm (129.5 in)","Pfaudler","Glasslined","RCI","Yes","Counterclockwise","","","1,100 mm (44 in)","Agitator","Glass Lined Parts","3,800 L (1,000 gallons)"
"200745","Glasslined Pfaudler RCI Agitator Glass Lined Parts - IPP# 200745","https://ims.internationalprocessplants.com/inventory/equipment/detail/200745","15","Size 5 TW","Re-glassed","88.9 mm (3.5 in)","","TW","3 Blade Retreat Curve","","","","","3,100 mm (122 in)","Pfaudler","Glasslined","RCI","Yes","Counterclockwise","","","1,100 mm (44 in)","Agitator","Glass Lined Parts","3,800 L (1,000 gallons)"
"200765","Agitator Glass Lined Parts 37.9 L (10 gallons) Glasslined For Sale - IPP# 200765","https://ims.internationalprocessplants.com/inventory/equipment/detail/200765","15","2.5DTW drive","Re-glassed","38.1 mm (1.5 in)","","DTW","3 Blade Retreat Curve","","","","","781 mm (30.8 in)","Pfaudler","Glasslined","P10 RCI","Yes","Counterclockwise","","","304.8 mm (12 in)","Agitator","Glass Lined Parts","37.9 L (10 gallons)"
"200766","Glasslined Pfaudler Agitator Glass Lined Parts - IPP# 200766","https://ims.internationalprocessplants.com/inventory/equipment/detail/200766","12","2.5 DTW drive end","Re-glassed","38.1 mm (1.5 in)","","","3 Blade Retreat Curve","","","","","1,200 mm (46.5 in)","Pfaudler","Glasslined","","Yes","","","","304.8 mm (12 in)","Agitator","Glass Lined Parts","37.9 L (10 gallons)"
"200767","Agitator Glass Lined Parts 37.9 L (10 gallons) Glasslined For Sale - IPP# 200767","https://ims.internationalprocessplants.com/inventory/equipment/detail/200767","15","Drive end: 2.5 DTW","Re-glassed","38.1 mm (1.5 in)","","DTW","3 Blade Retreat Curve","","","","","781 mm (30.8 in)","Pfaudler","Glasslined","P series RCI","Yes","Counterclockwise","","","304.8 mm (12 in)","Agitator","Glass Lined Parts","37.9 L (10 gallons)"
"200768","Agitator Glass Lined Parts 189.3 L (50 gallons) Glasslined For Sale - IPP# 200768","https://ims.internationalprocessplants.com/inventory/equipment/detail/200768","11","For a DTW drive.","Re-glassed","50.8 mm (2 in)","","","3 Blade Retreat Curve","","","","","991 mm (39 in)","","Glasslined","","Yes","","","","508 mm (20 in)","Agitator","Glass Lined Parts","189.3 L (50 gallons)"
"200772","Agitator Glass Lined Parts 189.3 L (50 gallons) Glasslined For Sale - IPP# 200772","https://ims.internationalprocessplants.com/inventory/equipment/detail/200772","11","For a DTW drive.","Re-glassed","50.8 mm (2 in)","","","3 Blade Retreat Curve","","","","","940 mm (37 in)","","Glasslined","","Yes","","","","508 mm (20 in)","Agitator","Glass Lined Parts","189.3 L (50 gallons)"
"200773","Agitator Glass Lined Parts 75.7 L (20 gallons) Glasslined For Sale - IPP# 200773","https://ims.internationalprocessplants.com/inventory/equipment/detail/200773","11","For a DTW drive","Re-glassed","50.8 mm (2 in)","","","3 Blade Retreat Curve","","","","","667 mm (26.3 in)","","Glasslined","","Yes","","","","406.4 mm (16 in)","Agitator","Glass Lined Parts","75.7 L (20 gallons)"
"200784","Glasslined Agitator Glass Lined Parts - IPP# 200784","https://ims.internationalprocessplants.com/inventory/equipment/detail/200784","17","5RW drive end","Re-glassed","88.9 mm (3.5 in)","","RW","3 Blade Retreat Curve","","","","","3,800 mm (150.5 in)","Pfaudler","Glasslined","RCI","Yes","Counterclockwise","Yes","Stainless Steel 316","1,100 mm (44 in)","Agitator","Glass Lined Parts","7,550 L (2,000 gallons)"
"204525","Unused Agitator Glass Lined Parts 7,550 L (2,000 gallons) Glasslined For Sale - IPP# 204525","https://ims.internationalprocessplants.com/inventory/equipment/detail/204525","10","","Unused","109 mm (4.3 in)","","","3 Blade Retreat Curve","","","","","3,750 mm (148 in)","Pfaudler","Glasslined","","","","","","1,100 mm (43.3 in)","Agitator","Glass Lined Parts","7,550 L (2,000 gallons)"
"204527","Unused Agitator Glass Lined Parts 11,350 L (3,000 gallons) Glasslined For Sale - IPP# 204527","https://ims.internationalprocessplants.com/inventory/equipment/detail/204527","10","","Unused","134 mm (5.3 in)","","","3 Blade Retreat Curve","","","","","4,500 mm (177.2 in)","Pfaudler","Glasslined","","","","","","1,350 mm (52.8 in)","Agitator","Glass Lined Parts","11,350 L (3,000 gallons)"
"204528","Agitator Glass Lined Parts 8,000 L (2,100 gallons) Glasslined For Sale - IPP# 204528","https://ims.internationalprocessplants.com/inventory/equipment/detail/204528","9","","Used","124 mm (4.9 in)","","","3 Blade Retreat Curve","","","","","5,100 mm (200.8 in)","","Glasslined","","","","","","1,250 mm (48.8 in)","Agitator","Glass Lined Parts","8,000 L (2,100 gallons)"
"204529","Agitator Glass Lined Parts 20,000 L (5,300 gallons) Glasslined For Sale - IPP# 204529","https://ims.internationalprocessplants.com/inventory/equipment/detail/204529","9","","Used","170 mm (6.7 in)","","","3 Blade Retreat Curve","","","","","5,250 mm (206.7 in)","","Glasslined","","","","","","1,600 mm (63 in)","Agitator","Glass Lined Parts","20,000 L (5,300 gallons)"
"204534","Agitator Glass Lined Parts 15,150 L (4,000 gallons) Glasslined For Sale - IPP# 204534","https://ims.internationalprocessplants.com/inventory/equipment/detail/204534","11","","Used","120 mm (4.7 in)","","","3 Blade Retreat Curve","","","","","4,950 mm (194.5 in)","Pfaudler","Glasslined","","","Counterclockwise","","","1,400 mm (55.1 in)","Agitator","Glass Lined Parts","15,150 L (4,000 gallons)"
"204535","Unused Agitator Glass Lined Parts 15,150 L (4,000 gallons) Glasslined For Sale - IPP# 204535","https://ims.internationalprocessplants.com/inventory/equipment/detail/204535","10","","Unused","135 mm (5.3 in)","","","3 Blade Retreat Curve","","","","","4,850 mm (191.3 in)","Pfaudler","Glasslined","","","","","","1,400 mm (55.1 in)","Agitator","Glass Lined Parts","15,150 L (4,000 gallons)"
"204536","Unused Agitator Glass Lined Parts 15,150 L (4,000 gallons) Glasslined For Sale - IPP# 204536","https://ims.internationalprocessplants.com/inventory/equipment/detail/204536","10","","Unused","135 mm (5.3 in)","","","3 Blade Retreat Curve","","","","","4,850 mm (191.3 in)","Pfaudler","Glasslined","","","","","","1,500 mm (58.3 in)","Agitator","Glass Lined Parts","15,150 L (4,000 gallons)"
"206360","Glasslined Agitator Glass Lined Parts - IPP# 206360","https://ims.internationalprocessplants.com/inventory/equipment/detail/206360","14","2.5DTW","Re-glassed","38.1 mm (1.5 in)","","DTW","3 Blade Retreat Curve","","","","","857 mm (33.8 in)","Pfaudler","Glasslined","","Yes","Counterclockwise","","","406.4 mm (16 in)","Agitator","Glass Lined Parts","75.7 L (20 gallons)"
"206369","Agitator Glass Lined Parts 113.6 L (30 gallons) Glasslined For Sale - IPP# 206369","https://ims.internationalprocessplants.com/inventory/equipment/detail/206369","14","2.5DTW","Re-glassed","38.1 mm (1.5 in)","","DTW","3 Blade Retreat Curve","","","","","1,000 mm (39.8 in)","Pfaudler","Glasslined","","Yes","Counterclockwise","","","406.4 mm (16 in)","Agitator","Glass Lined Parts","113.6 L (30 gallons)"
"206378","Glasslined Pfaudler Agitator Glass Lined Parts - IPP# 206378","https://ims.internationalprocessplants.com/inventory/equipment/detail/206378","14","2.5DTW","Re-glassed","38.1 mm (1.5 in)","","DTW","3 Blade Retreat Curve","","","","","857 mm (33.8 in)","Pfaudler","Glasslined","","Yes","Counterclockwise","","","406.4 mm (16 in)","Agitator","Glass Lined Parts","75.7 L (20 gallons)"
"206394","Unused Glasslined Pfaudler Agitator Glass Lined Parts - IPP# 206394","https://ims.internationalprocessplants.com/inventory/equipment/detail/206394","8","","Unused","88.9 mm (3.5 in)","","","Cryo-Lock","","","","","","Pfaudler","Glasslined","","","","","","838 mm (33 in)","Agitator","Glass Lined Parts",""
"206429","Glasslined Agitator Glass Lined Parts - IPP# 206429","https://ims.internationalprocessplants.com/inventory/equipment/detail/206429","11","Cryo-Lock three blade retreat curve","Re-glassed","88.9 mm (3.5 in)","","","Cryo-Lock","","","","","","Pfaudler","Glasslined","","Yes","Counterclockwise","","","1,100 mm (44 in)","Agitator","Glass Lined Parts",""
"206463","Glasslined Agitator Glass Lined Parts - IPP# 206463","https://ims.internationalprocessplants.com/inventory/equipment/detail/206463","8","","Used","88.9 mm (3.5 in)","","","Pitch Turbine","","","","","","Pfaudler","Glasslined","","","","","","889 mm (35 in)","Agitator","Glass Lined Parts",""
"206474","Glasslined Pfaudler Agitator Glass Lined Parts - IPP# 206474","https://ims.internationalprocessplants.com/inventory/equipment/detail/206474","10","","Used","63.5 mm (2.5 in)","","","3 Blade Retreat Curve","","","","","1,000 mm (39.5 in)","Pfaudler","Glasslined","","","","","","406.4 mm (16 in)","Agitator","Glass Lined Parts","113.6 L (30 gallons)"
"206714","Glasslined Agitator Glass Lined Parts - IPP# 206714","https://ims.internationalprocessplants.com/inventory/equipment/detail/206714","10","","Used","88.9 mm (3.5 in)","","","3 Blade Retreat Curve","","","","","3,800 mm (150.5 in)","DeDeitrich","Glasslined","","","","","","1,350 mm (54 in)","Agitator","Glass Lined Parts","11,350 L (3,000 gallons)"
"206728","Glasslined Pfaudler Agitator Glass Lined Parts - IPP# 206728","https://ims.internationalprocessplants.com/inventory/equipment/detail/206728","11","","Used","88.9 mm (3.5 in)","","","3 Blade Retreat Curve","","","","","3,800 mm (150.5 in)","Pfaudler","Glasslined","","","","Yes","","1,100 mm (44 in)","Agitator","Glass Lined Parts","7,550 L (2,000 gallons)"
"206803","Glasslined Pfaudler Agitator Glass Lined Parts - IPP# 206803","https://ims.internationalprocessplants.com/inventory/equipment/detail/206803","10","","Used","114.3 mm (4.5 in)","","","3 Blade Retreat Curve","","","","","3,700 mm (146 in)","Pfaudler","Glasslined","","","","","","1,350 mm (54 in)","Agitator","Glass Lined Parts","11,350 L (3,000 gallons)"
"206804","Unused Glasslined Pfaudler Agitator Glass Lined Parts - IPP# 206804","https://ims.internationalprocessplants.com/inventory/equipment/detail/206804","10","","Needs Reglass","88.9 mm (3.5 in)","","","3 Blade Retreat Curve","","","","","3,100 mm (122 in)","Pfaudler","Glasslined","","","","","","1,100 mm (44 in)","Agitator","Glass Lined Parts","3,800 L (1,000 gallons)"
"206806","Glasslined Pfaudler Agitator Glass Lined Parts - IPP# 206806","https://ims.internationalprocessplants.com/inventory/equipment/detail/206806","10","","Used","88.9 mm (3.5 in)","","","3 Blade Retreat Curve","","","","","3,100 mm (122 in)","Pfaudler","Glasslined","","","","","","1,100 mm (44 in)","Agitator","Glass Lined Parts","3,800 L (1,000 gallons)"
"206851","Agitator Glass Lined Parts  Glasslined For Sale - IPP# 206851","https://ims.internationalprocessplants.com/inventory/equipment/detail/206851","6","","Re-glassed","1,150 mm (45.7 in)","","","","","","","","2,900 mm (115 in)","","Glasslined","","","","","","","Agitator","Glass Lined Parts",""
"206852","Agitator Glass Lined Parts  Glasslined For Sale - IPP# 206852","https://ims.internationalprocessplants.com/inventory/equipment/detail/206852","6","","Re-glassed","600 mm (23.6 in)","","","","","","","","2,450 mm (95.7 in)","","Glasslined","","","","","","","Agitator","Glass Lined Parts",""
"206854","Agitator Glass Lined Parts  Glasslined For Sale - IPP# 206854","https://ims.internationalprocessplants.com/inventory/equipment/detail/206854","6","","Re-glassed","720 mm (28.3 in)","","","","","","","","1,950 mm (77.2 in)","","Glasslined","","","","","","","Agitator","Glass Lined Parts",""
"206855","Agitator Glass Lined Parts  Glasslined For Sale - IPP# 206855","https://ims.internationalprocessplants.com/inventory/equipment/detail/206855","6","","Re-glassed","480 mm (18.9 in)","","","","","","","","1,400 mm (55.1 in)","","Glasslined","","","","","","","Agitator","Glass Lined Parts",""
"206870","Glasslined Agitator Glass Lined Parts - IPP# 206870","https://ims.internationalprocessplants.com/inventory/equipment/detail/206870","10","","Used","127 mm (5 in)","","","3 Blade Retreat Curve","","","","","5,600 mm (220 in)","Pfaudler","Glasslined","","","","","","1,500 mm (60 in)","Agitator","Glass Lined Parts","18,950 L (5,000 gallons)"
"206874","Unused Glasslined DeDietrich Agitator Glass Lined Parts - IPP# 206874","https://ims.internationalprocessplants.com/inventory/equipment/detail/206874","9","","Unused","88.9 mm (3.5 in)","","","Glass-Loc","","","","","3,350 mm (132 in)","DeDietrich","Glasslined","","","","","","","Agitator","Glass Lined Parts","7,550 L (2,000 gallons)"
"206875","Unused Glasslined Pfaudler Agitator Glass Lined Parts - IPP# 206875","https://ims.internationalprocessplants.com/inventory/equipment/detail/206875","10","","Unused","114.3 mm (4.5 in)","","","3 Blade Retreat Curve","","","","","3,100 mm (122 in)","Pfaudler","Glasslined","","","","","","1,100 mm (44 in)","Agitator","Glass Lined Parts","3,800 L (1,000 gallons)"
"206944","Glasslined Agitator Glass Lined Parts - IPP# 206944","https://ims.internationalprocessplants.com/inventory/equipment/detail/206944","14","6RW","Re-glassed","114.3 mm (4.5 in)","","RW","3 Blade Retreat Curve","","","","","4,150 mm (163.3 in)","Pfaudler","Glasslined","","Yes","Counterclockwise","","","1,350 mm (54 in)","Agitator","Glass Lined Parts","11,350 L (3,000 gallons)"
"210191","Agitator Glass Lined Parts 3,800 L (1,000 gallons) Glasslined For Sale - IPP# 210191","https://ims.internationalprocessplants.com/inventory/equipment/detail/210191","11","","Used","88.9 mm (3.5 in)","","","3 Blade Retreat Curve","","","","","3,100 mm (123 in)","Pfaudler","Glasslined","","Yes","","","","1,100 mm (44 in)","Agitator","Glass Lined Parts","3,800 L (1,000 gallons)"
"210524","Glasslined Agitator Glass Lined Parts - IPP# 210524","https://ims.internationalprocessplants.com/inventory/equipment/detail/210524","16","6RW","Re-glassed","114.3 mm (4.5 in)","","RW","3 Blade Retreat Curve","","","","","4,150 mm (163.3 in)","DeDeitrich","Glasslined","","Yes","Counterclockwise","Yes","Stainless Steel Other","1,350 mm (54 in)","Agitator","Glass Lined Parts","11,350 L (3,000 gallons)"
"210526","Glasslined DeDeitrich Agitator Glass Lined Parts - IPP# 210526","https://ims.internationalprocessplants.com/inventory/equipment/detail/210526","19","6RW","Re-glassed","114.3 mm (4.5 in)","","RW","3 Blade Retreat Curve","Very Clean (VC)","Full Fire Polish (FF)","","","4,150 mm (163.3 in)","Pfaudler","Glasslined","RCI","Yes","Counterclockwise","Yes","Stainless Steel 316","1,350 mm (54 in)","Agitator","Glass Lined Parts","11,350 L (3,000 gallons)"
"210542","Glasslined Agitator Glass Lined Parts - IPP# 210542","https://ims.internationalprocessplants.com/inventory/equipment/detail/210542","16","6RW","Re-glassed","114.3 mm (4.5 in)","","RW","3 Blade Retreat Curve","","","","","4,150 mm (163.3 in)","Pfaudler","Glasslined","","Yes","Counterclockwise","Yes","Stainless Steel Other","1,350 mm (54 in)","Agitator","Glass Lined Parts","11,350 L (3,000 gallons)"
"210575","Glasslined Agitator Glass Lined Parts - IPP# 210575","https://ims.internationalprocessplants.com/inventory/equipment/detail/210575","9","","Used","88.9 mm (3.5 in)","","","Pitch Turbine","","","","","","Pfaudler","Glasslined","","","Clockwise","","","1,100 mm (43 in)","Agitator","Glass Lined Parts",""
"211320","Agitator Glass Lined Parts 189.3 L (50 gallons) Glasslined For Sale - IPP# 211320","https://ims.internationalprocessplants.com/inventory/equipment/detail/211320","11","","Used","38.1 mm (1.5 in)","","DTW","3 Blade Retreat Curve","","","","","1,100 mm (44 in)","Pfaudler","Glasslined","","","","","","508 mm (20 in)","Agitator","Glass Lined Parts","189.3 L (50 gallons)"
"211344","Agitator Glass Lined Parts  Glasslined For Sale - IPP# 211344","https://ims.internationalprocessplants.com/inventory/equipment/detail/211344","9","","Used","38.1 mm (1.5 in)","","","3 Blade Retreat Curve","","","","","1,100 mm (44 in)","Pfaudler","Glasslined","","","","","","559 mm (22 in)","Agitator","Glass Lined Parts",""
"211347","Glasslined Pfaudler Agitator Glass Lined Parts - IPP# 211347","https://ims.internationalprocessplants.com/inventory/equipment/detail/211347","9","","Used","114.3 mm (4.5 in)","","","Cryo-Lock","","","","","3,700 mm (144.8 in)","Pfaudler","Glasslined","","","","","","","Agitator","Glass Lined Parts","11,350 L (3,000 gallons)"
"212425","Unused Agitator Glass Lined Parts 7,550 L (2,000 gallons) Glasslined For Sale - IPP# 212425","https://ims.internationalprocessplants.com/inventory/equipment/detail/212425","7","","Unused","59.7 mm (2.4 in)","","","","","","","","","DeDeitrich","Glasslined","","","","","","","Agitator","Glass Lined Parts","7,550 L (2,000 gallons)"
"213494","Agitator Glass Lined Parts 1,900 L (500 gallons) Glasslined For Sale - IPP# 213494","https://ims.internationalprocessplants.com/inventory/equipment/detail/213494","16","4RW","Re-glassed","88.9 mm (3.5 in)","","RW","3 Blade Retreat Curve","","","","","2,700 mm (107.3 in)","Pfaudler","Glasslined","","Yes","Counterclockwise","Yes","Stainless Steel Other","914 mm (36 in)","Agitator","Glass Lined Parts","1,900 L (500 gallons)"
"213703","Glasslined Pfaudler Agitator Glass Lined Parts - IPP# 213703","https://ims.internationalprocessplants.com/inventory/equipment/detail/213703","15","5RW","Re-glassed","88.9 mm (3.5 in)","Yes","RW","Cryo-Lock","","","","","3,200 mm (126.5 in)","Pfaudler","Glasslined","","Yes","","Yes","Stainless Steel Other","","Agitator","Glass Lined Parts","5,700 L (1,500 gallons)"
"213798","Glasslined Agitator Glass Lined Parts - IPP# 213798","https://ims.internationalprocessplants.com/inventory/equipment/detail/213798","12","three blade retreat curve impellor agitator","Re-glassed","76.2 mm (3 in)","","","3 Blade Retreat Curve","","","","","1,000 mm (39.8 in)","Pfaudler","Glasslined","","Yes","","","","406.4 mm (16 in)","Agitator","Glass Lined Parts","113.6 L (30 gallons)"
"214647","Glasslined Agitator Glass Lined Parts - IPP# 214647","https://ims.internationalprocessplants.com/inventory/equipment/detail/214647","14","2.5TW","Re-glassed","38.1 mm (1.5 in)","Yes","TW","Cryo-Lock","","","","","1,400 mm (54.3 in)","Pfaudler","Glasslined","","Yes","","","","368.3 mm (14.5 in)","Agitator","Glass Lined Parts","378.5 L (100 gallons)"
"214662","Glasslined Pfaudler Agitator Glass Lined Parts - IPP# 214662","https://ims.internationalprocessplants.com/inventory/equipment/detail/214662","11","","Re-glassed","38.1 mm (1.5 in)","","","3 Blade Retreat Curve","","","","","1,450 mm (56.5 in)","Pfaudler","Glasslined","","Yes","","","","610 mm (24 in)","Agitator","Glass Lined Parts","378.5 L (100 gallons)"
"214667","Glasslined Pfaudler Agitator Glass Lined Parts - IPP# 214667","https://ims.internationalprocessplants.com/inventory/equipment/detail/214667","11","","Re-glassed","88.9 mm (3.5 in)","","","3 Blade Retreat Curve","","","","","3,800 mm (150.5 in)","Pfaudler","Glasslined","","Yes","","","","1,100 mm (44 in)","Agitator","Glass Lined Parts","7,550 L (2,000 gallons)"
"214668","Agitator Glass Lined Parts 7,550 L (2,000 gallons) Glasslined For Sale - IPP# 214668","https://ims.internationalprocessplants.com/inventory/equipment/detail/214668","16","5RW","Re-glassed","88.9 mm (3.5 in)","","RW","3 Blade Retreat Curve","","","","","3,800 mm (150.5 in)","Pfaudler","Glasslined","","Yes","Counterclockwise","Yes","Stainless Steel Other","1,100 mm (44 in)","Agitator","Glass Lined Parts","7,550 L (2,000 gallons)"
"214677","Glasslined Pfaudler Agitator Glass Lined Parts - IPP# 214677","https://ims.internationalprocessplants.com/inventory/equipment/detail/214677","11","","Re-glassed","76.2 mm (3 in)","","","3 Blade Retreat Curve","","","","","1,550 mm (61.5 in)","Pfaudler","Glasslined","","Yes","","","","813 mm (32 in)","Agitator","Glass Lined Parts","568 L (150 gallons)"
"214680","Unused Agitator Glass Lined Parts  Glasslined For Sale - IPP# 214680","https://ims.internationalprocessplants.com/inventory/equipment/detail/214680","8","","Unused","88.9 mm (3.5 in)","","","Cryo-Lock","","","","","","Pfaudler","Glasslined","","","","","","889 mm (35 in)","Agitator","Glass Lined Parts",""
"216269","Agitator Glass Lined Parts 113.6 L (30 gallons) Glasslined For Sale - IPP# 216269","https://ims.internationalprocessplants.com/inventory/equipment/detail/216269","14","2.5 DTW","Re-glassed","38.1 mm (1.5 in)","","DTW","3 Blade Retreat Curve","","","","","1,000 mm (39.8 in)","Pfaudler","Glasslined","","Yes","Counterclockwise","","","406.4 mm (16 in)","Agitator","Glass Lined Parts","113.6 L (30 gallons)"
"216280","Agitator Glass Lined Parts 757 L (200 gallons) Glasslined For Sale - IPP# 216280","https://ims.internationalprocessplants.com/inventory/equipment/detail/216280","10","","Used","76.2 mm (3 in)","","","3 Blade Retreat Curve","","","","","1,750 mm (69 in)","DeDietrich","Glasslined","","","","","","610 mm (24 in)","Agitator","Glass Lined Parts","757 L (200 gallons)"
"216281","Agitator Glass Lined Parts 757 L (200 gallons) Glasslined For Sale - IPP# 216281","https://ims.internationalprocessplants.com/inventory/equipment/detail/216281","10","","Used","76.2 mm (3 in)","","","3 Blade Retreat Curve","","","","","1,750 mm (69 in)","DeDietrich","Glasslined","","","","","","610 mm (24 in)","Agitator","Glass Lined Parts","757 L (200 gallons)"
"216282","Agitator Glass Lined Parts 757 L (200 gallons) Glasslined For Sale - IPP# 216282","https://ims.internationalprocessplants.com/inventory/equipment/detail/216282","10","","Used","76.2 mm (3 in)","","","3 Blade Retreat Curve","","","","","1,750 mm (69 in)","DeDeitrich","Glasslined","","","","","","610 mm (24 in)","Agitator","Glass Lined Parts","757 L (200 gallons)"
"216284","Agitator Glass Lined Parts 1,900 L (500 gallons) Glasslined For Sale - IPP# 216284","https://ims.internationalprocessplants.com/inventory/equipment/detail/216284","10","","Used","88.9 mm (3.5 in)","","","3 Blade Retreat Curve","","","","","2,550 mm (101 in)","DeDietrich","Glasslined","","","","","","914 mm (36 in)","Agitator","Glass Lined Parts","1,900 L (500 gallons)"
"216285","Glasslined DeDietrich Agitator Glass Lined Parts - IPP# 216285","https://ims.internationalprocessplants.com/inventory/equipment/detail/216285","10","","Used","88.9 mm (3.5 in)","","","3 Blade Retreat Curve","","","","","2,750 mm (109 in)","DeDietrich","Glasslined","","","","","","914 mm (36 in)","Agitator","Glass Lined Parts","1,900 L (500 gallons)"
"216286","Agitator Glass Lined Parts 3,800 L (1,000 gallons) Glasslined For Sale - IPP# 216286","https://ims.internationalprocessplants.com/inventory/equipment/detail/216286","9","","Used","88.9 mm (3.5 in)","","","Glass-Loc","","","","","2,750 mm (109 in)","DeDietrich","Glasslined","","","","","","","Agitator","Glass Lined Parts","3,800 L (1,000 gallons)"
"216287","Agitator Glass Lined Parts 1,900 L (500 gallons) Glasslined For Sale - IPP# 216287","https://ims.internationalprocessplants.com/inventory/equipment/detail/216287","9","","Used","88.9 mm (3.5 in)","","","Glass-Loc","","","","","2,150 mm (85 in)","DeDietrich","Glasslined","","","","","","","Agitator","Glass Lined Parts","1,900 L (500 gallons)"
"216288","Agitator Glass Lined Parts 3,800 L (1,000 gallons) Glasslined For Sale - IPP# 216288","https://ims.internationalprocessplants.com/inventory/equipment/detail/216288","9","","Used","88.9 mm (3.5 in)","","","Glass-Loc","","","","","3,000 mm (119 in)","DeDietrich","Glasslined","","","","","","","Agitator","Glass Lined Parts","3,800 L (1,000 gallons)"
"216289","Agitator Glass Lined Parts 3,800 L (1,000 gallons) Glasslined For Sale - IPP# 216289","https://ims.internationalprocessplants.com/inventory/equipment/detail/216289","9","","Used","88.9 mm (3.5 in)","","","Glass-Loc","","","","","3,000 mm (119 in)","DeDietrich","Glasslined","","","","","","","Agitator","Glass Lined Parts","3,800 L (1,000 gallons)"
"216336","Agitator Glass Lined Parts 1,150 L (300 gallons) Glasslined For Sale - IPP# 216336","https://ims.internationalprocessplants.com/inventory/equipment/detail/216336","9","","Used","88.9 mm (3.5 in)","","","Glass-Loc","","","","","2,000 mm (78 in)","DeDietrich","Glasslined","","","","","","","Agitator","Glass Lined Parts","1,150 L (300 gallons)"
"216522","Agitator Glass Lined Parts 1,900 L (500 gallons) Glasslined For Sale - IPP# 216522","https://ims.internationalprocessplants.com/inventory/equipment/detail/216522","11","","Re-glassed","76.2 mm (3 in)","Yes","","","","","","","2,350 mm (92 in)","Pfaudler","Glasslined","","Yes","","","","584 mm (23 in)","Agitator","Glass Lined Parts","1,900 L (500 gallons)"
"216531","Glasslined Pfaudler Agitator Glass Lined Parts - IPP# 216531","https://ims.internationalprocessplants.com/inventory/equipment/detail/216531","14","6RW drive end","Re-glassed","114.3 mm (4.5 in)","","RW","Cryo-Lock","","","","","4,000 mm (157.1 in)","Pfaudler","Glasslined","","Yes","","Yes","Stainless Steel Other","","Agitator","Glass Lined Parts","11,350 L (3,000 gallons)"
"216603","Glasslined Agitator Glass Lined Parts - IPP# 216603","https://ims.internationalprocessplants.com/inventory/equipment/detail/216603","14","","Used","38.1 mm (1.5 in)","","","CBT","","","","","1,550 mm (60.3 in)","Pfaudler","Glasslined","VMX","","Clockwise","Yes","Stainless Steel Other","368.3 mm (14.5 in)","Agitator","Glass Lined Parts","378.5 L (100 gallons)"
"216622","Glasslined Pfaudler Agitator Glass Lined Parts - IPP# 216622","https://ims.internationalprocessplants.com/inventory/equipment/detail/216622","11","","Needs Reglass","88.9 mm (3.5 in)","","","3 Blade Retreat Curve","","","","","3,300 mm (129 in)","Pfaudler","Glasslined","","Yes","","","","1,100 mm (44 in)","Agitator","Glass Lined Parts","3,800 L (1,000 gallons)"
"216627","Unused Agitator Glass Lined Parts 7,550 L (2,000 gallons) Glasslined For Sale - IPP# 216627","https://ims.internationalprocessplants.com/inventory/equipment/detail/216627","9","","Unused","88.9 mm (3.5 in)","","","","","","","","","Pfaudler","Glasslined","","Yes","","","","838 mm (33 in)","Agitator","Glass Lined Parts","7,550 L (2,000 gallons)"
"216638","Glasslined Agitator Glass Lined Parts - IPP# 216638","https://ims.internationalprocessplants.com/inventory/equipment/detail/216638","16","3DTW","Re-glassed","76.2 mm (3 in)","","DTW","3 Blade Retreat Curve","","","","","1,550 mm (61.5 in)","Pfaudler","Glasslined","","Yes","Counterclockwise","Yes","Stainless Steel Other","762 mm (30 in)","Agitator","Glass Lined Parts","568 L (150 gallons)"
"216653","Agitator Glass Lined Parts 189.3 L (50 gallons) Glasslined For Sale - IPP# 216653","https://ims.internationalprocessplants.com/inventory/equipment/detail/216653","13","2.5DTW","Re-glassed","38.1 mm (1.5 in)","","DTW","3 Blade Retreat Curve","","","","","1,100 mm (44.3 in)","Pfaudler","Glasslined","","Yes","","","","508 mm (20 in)","Agitator","Glass Lined Parts","189.3 L (50 gallons)"
"216666","Glasslined Pfaudler Agitator Glass Lined Parts - IPP# 216666","https://ims.internationalprocessplants.com/inventory/equipment/detail/216666","13","3DTW","Re-glassed","76.2 mm (3 in)","","DTW","3 Blade Retreat Curve","","","","","1,750 mm (69.5 in)","Pfaudler","Glasslined","","Yes","Counterclockwise","","","762 mm (30 in)","Agitator","Glass Lined Parts",""
"216677","Glasslined DeDietrich Agitator Glass Lined Parts - IPP# 216677","https://ims.internationalprocessplants.com/inventory/equipment/detail/216677","10","","Used","38.1 mm (1.5 in)","","","3 Blade Retreat Curve","","","","","1,400 mm (55.5 in)","DeDietrich","Glasslined","","","","","","610 mm (24 in)","Agitator","Glass Lined Parts","378.5 L (100 gallons)"
"216681","Glasslined Agitator Glass Lined Parts - IPP# 216681","https://ims.internationalprocessplants.com/inventory/equipment/detail/216681","9","","Re-glassed","114.3 mm (4.5 in)","","","Cryo-Lock","","","","","","Pfaudler","Glasslined","","Yes","","","","965 mm (38 in)","Agitator","Glass Lined Parts",""
"216684","Unused Agitator Glass Lined Parts  Glasslined For Sale - IPP# 216684","https://ims.internationalprocessplants.com/inventory/equipment/detail/216684","8","","Unused","114.3 mm (4.5 in)","","","Cryo-Lock","","","","","","Pfaudler","Glasslined","","","","","","991 mm (39 in)","Agitator","Glass Lined Parts",""
"217529","Agitator Glass Lined Parts 8,000 L (2,100 gallons) Glasslined For Sale - IPP# 217529","https://ims.internationalprocessplants.com/inventory/equipment/detail/217529","9","","Used","140 mm (5.5 in)","","","3 Blade Retreat Curve","","","","","4,050 mm (159.1 in)","","Glasslined","","","","","","1,400 mm (55.1 in)","Agitator","Glass Lined Parts","8,000 L (2,100 gallons)"
"217531","Unused Agitator Glass Lined Parts 2,000 L (528 gallons) Glasslined For Sale - IPP# 217531","https://ims.internationalprocessplants.com/inventory/equipment/detail/217531","9","","Unused","90 mm (3.5 in)","","","3 Blade Retreat Curve","","","","","2,300 mm (89.8 in)","","Glasslined","","","","","","900 mm (35.4 in)","Agitator","Glass Lined Parts","2,000 L (528 gallons)"
"217541","Agitator Glass Lined Parts 2,850 L (750 gallons) Glasslined For Sale - IPP# 217541","https://ims.internationalprocessplants.com/inventory/equipment/detail/217541","9","","Used","92 mm (3.6 in)","","","3 Blade Retreat Curve","","","","","2,550 mm (99.6 in)","","Glasslined","","","","","","2,550 mm (100 in)","Agitator","Glass Lined Parts","2,850 L (750 gallons)"
"217544","Unused Agitator Glass Lined Parts 2,000 L (528 gallons) Glasslined For Sale - IPP# 217544","https://ims.internationalprocessplants.com/inventory/equipment/detail/217544","9","","Unused","117 mm (4.6 in)","","","3 Blade Retreat Curve","","","","","2,300 mm (89.8 in)","","Glasslined","","","","","","22,850 mm (900 in)","Agitator","Glass Lined Parts","2,000 L (528 gallons)"
"217545","Unused Agitator Glass Lined Parts 12,500 L (3,300 gallons) Glasslined For Sale - IPP# 217545","https://ims.internationalprocessplants.com/inventory/equipment/detail/217545","9","","Unused","170 mm (6.7 in)","","","3 Blade Retreat Curve","","","","","4,450 mm (175.2 in)","","Glasslined","","","","","","1,600 mm (63 in)","Agitator","Glass Lined Parts","12,500 L (3,300 gallons)"
"217551","Agitator Glass Lined Parts 1,150 L (300 gallons) Glasslined For Sale - IPP# 217551","https://ims.internationalprocessplants.com/inventory/equipment/detail/217551","9","","Used","92 mm (3.6 in)","","","3 Blade Retreat Curve","","","","","1,950 mm (77.6 in)","","Glasslined","","","","","","800 mm (31.5 in)","Agitator","Glass Lined Parts","1,150 L (300 gallons)"
"217561","Agitator Glass Lined Parts 1,150 L (300 gallons) Glasslined For Sale - IPP# 217561","https://ims.internationalprocessplants.com/inventory/equipment/detail/217561","9","","Used","92 mm (3.6 in)","","","3 Blade Retreat Curve","","","","","1,950 mm (77.6 in)","","Glasslined","","","","","","800 mm (31.5 in)","Agitator","Glass Lined Parts","1,150 L (300 gallons)"
"217569","Unused Agitator Glass Lined Parts 3,800 L (1,000 gallons) Glasslined For Sale - IPP# 217569","https://ims.internationalprocessplants.com/inventory/equipment/detail/217569","9","","Unused","142 mm (5.6 in)","","","3 Blade Retreat Curve","","","","","3,300 mm (129.9 in)","","Glasslined","","","","","","1,200 mm (47.2 in)","Agitator","Glass Lined Parts","3,800 L (1,000 gallons)"
"217570","Unused Agitator Glass Lined Parts  Glasslined For Sale - IPP# 217570","https://ims.internationalprocessplants.com/inventory/equipment/detail/217570","8","","Unused","135 mm (5.3 in)","","","","","","","","3,050 mm (120.9 in)","","Glasslined","","Yes","","","","1,300 mm (51.2 in)","Agitator","Glass Lined Parts",""
"217573","Agitator Glass Lined Parts 6,000 L (1,600 gallons) Glasslined For Sale - IPP# 217573","https://ims.internationalprocessplants.com/inventory/equipment/detail/217573","8","","Used","143 mm (5.6 in)","","","","","","","","3,700 mm (145.7 in)","","Glasslined","","","","","","1,850 mm (72 in)","Agitator","Glass Lined Parts","6,000 L (1,600 gallons)"
"217574","Agitator Glass Lined Parts 8,000 L (2,100 gallons) Glasslined For Sale - IPP# 217574","https://ims.internationalprocessplants.com/inventory/equipment/detail/217574","8","","Used","117 mm (4.6 in)","","","","","","","","3,600 mm (142.5 in)","","Glasslined","","","","","","1,800 mm (70.9 in)","Agitator","Glass Lined Parts","8,000 L (2,100 gallons)"
"218101","Agitator Glass Lined Parts 7,550 L (2,000 gallons) Glasslined For Sale - IPP# 218101","https://ims.internationalprocessplants.com/inventory/equipment/detail/218101","11","","Re-glassed","114.3 mm (4.5 in)","","","CBT","","","","","","Pfaudler","Glasslined","","Yes","Clockwise","","","838 mm (33 in)","Agitator","Glass Lined Parts","7,550 L (2,000 gallons)"
"218116","Agitator Glass Lined Parts 7,550 L (2,000 gallons) Glasslined For Sale - IPP# 218116","https://ims.internationalprocessplants.com/inventory/equipment/detail/218116","11","","Re-glassed","114.3 mm (4.5 in)","","","CBT","","","","","","Pfaudler","Glasslined","","Yes","Clockwise","","","838 mm (33 in)","Agitator","Glass Lined Parts","7,550 L (2,000 gallons)"
"218220","Agitator Glass Lined Parts 11,350 L (3,000 gallons) Glasslined For Sale - IPP# 218220","https://ims.internationalprocessplants.com/inventory/equipment/detail/218220","9","","Used","114.3 mm (4.5 in)","","","Glass-Loc","","","","","3,550 mm (139 in)","DeDietrich","Glasslined","","","","","","","Agitator","Glass Lined Parts","11,350 L (3,000 gallons)"
"218223","Agitator Glass Lined Parts 11,350 L (3,000 gallons) Glasslined For Sale - IPP# 218223","https://ims.internationalprocessplants.com/inventory/equipment/detail/218223","9","","Used","114.3 mm (4.5 in)","","","Glass-Loc","","","","","3,550 mm (139 in)","DeDietrich","Glasslined","","","","","","","Agitator","Glass Lined Parts","11,350 L (3,000 gallons)"
"218226","Glasslined Agitator Glass Lined Parts - IPP# 218226","https://ims.internationalprocessplants.com/inventory/equipment/detail/218226","9","","Used","88.9 mm (3.5 in)","","","Glass-Loc","","","","","3,550 mm (139 in)","DeDietrich","Glasslined","","","","","","","Agitator","Glass Lined Parts","11,350 L (3,000 gallons)"
"218774","Unused Glasslined Pfaudler Agitator Glass Lined Parts - IPP# 218774","https://ims.internationalprocessplants.com/inventory/equipment/detail/218774","10","","Unused","76.2 mm (3 in)","","","3 Blade Retreat Curve","","","","","2,050 mm (81 in)","Pfaudler","Glasslined","","","","","","914 mm (36 in)","Agitator","Glass Lined Parts","1,150 L (300 gallons)"
"218782","Agitator Glass Lined Parts 11,350 L (3,000 gallons) Glasslined For Sale - IPP# 218782","https://ims.internationalprocessplants.com/inventory/equipment/detail/218782","9","","Used","114.3 mm (4.5 in)","","","Cryo-Lock","","","","","4,000 mm (157.1 in)","Pfaudler","Glasslined","","","","","","","Agitator","Glass Lined Parts","11,350 L (3,000 gallons)"
"220432","Agitator Glass Lined Parts 8,000 L (2,100 gallons) Glasslined For Sale - IPP# 220432","https://ims.internationalprocessplants.com/inventory/equipment/detail/220432","9","","Used","117 mm (4.6 in)","","","3 Blade Retreat Curve","","","","","3,600 mm (141.7 in)","","Glasslined","","","","","","1,100 mm (43.3 in)","Agitator","Glass Lined Parts","8,000 L (2,100 gallons)"
"220464","Agitator Glass Lined Parts 2,850 L (750 gallons) Glasslined For Sale - IPP# 220464","https://ims.internationalprocessplants.com/inventory/equipment/detail/220464","9","with (3) 60mm diameter holes for blades","Used","104 mm (4.1 in)","","","Cryo-Lock","","","","","2,550 mm (99.6 in)","","Glasslined","","","","","","","Agitator","Glass Lined Parts","2,850 L (750 gallons)"
"220971","Glasslined Agitator Glass Lined Parts - IPP# 220971","https://ims.internationalprocessplants.com/inventory/equipment/detail/220971","10","","Used","88.9 mm (3.5 in)","","","Glass-Loc","","","","","3,450 mm (136.5 in)","DeDietrich","Glasslined","Glass Lok","","","","","","Agitator","Glass Lined Parts","7,550 L (2,000 gallons)"
"221106","Agitator Glass Lined Parts 11,350 L (3,000 gallons) Glasslined For Sale - IPP# 221106","https://ims.internationalprocessplants.com/inventory/equipment/detail/221106","11","","Used","114.3 mm (4.5 in)","","","3 Blade Retreat Curve","","","","","3,450 mm (136 in)","Pfaudler","Glasslined","","Yes","","","","1,350 mm (54 in)","Agitator","Glass Lined Parts","11,350 L (3,000 gallons)"
"221107","Agitator Glass Lined Parts 11,350 L (3,000 gallons) Glasslined For Sale - IPP# 221107","https://ims.internationalprocessplants.com/inventory/equipment/detail/221107","11","","Used","114.3 mm (4.5 in)","","","3 Blade Retreat Curve","","","","","3,800 mm (150 in)","Pfaudler","Glasslined","","Yes","","","","1,350 mm (54 in)","Agitator","Glass Lined Parts","11,350 L (3,000 gallons)"
"221220","Glasslined Pfaudler EM series Agitator Glass Lined Parts - IPP# 221220","https://ims.internationalprocessplants.com/inventory/equipment/detail/221220","18","","Re-glassed","76.2 mm (3 in)","","TW","3 Blade Retreat Curve","Very Clean (VC)","Full Fire Polish (FF)","","","1,750 mm (69.5 in)","Pfaudler","Glasslined","EM series","Yes","Counterclockwise","Yes","Stainless Steel 316","762 mm (30 in)","Agitator","Glass Lined Parts","757 L (200 gallons)"
"221224","Glasslined Pfaudler Agitator Glass Lined Parts - IPP# 221224","https://ims.internationalprocessplants.com/inventory/equipment/detail/221224","14","5RW","Re-glassed","88.9 mm (3.5 in)","","RW","Cryo-Lock","","","","","3,200 mm (126.3 in)","Pfaudler","Glasslined","","Yes","","Yes","Stainless Steel Other","","Agitator","Glass Lined Parts","5,700 L (1,500 gallons)"
"221234","Glasslined Agitator Glass Lined Parts - IPP# 221234","https://ims.internationalprocessplants.com/inventory/equipment/detail/221234","16","5RW","Re-glassed","88.9 mm (3.5 in)","","RW","3 Blade Retreat Curve","","","","","2,800 mm (109.5 in)","Pfaudler","Glasslined","","Yes","Counterclockwise","Yes","Stainless Steel Other","1,100 mm (44 in)","Agitator","Glass Lined Parts","2,850 L (750 gallons)"
"221264","Glasslined Pfaudler Agitator Glass Lined Parts - IPP# 221264","https://ims.internationalprocessplants.com/inventory/equipment/detail/221264","16","4DTW drive end","Re-glassed","76.2 mm (3 in)","","DTW","3 Blade Retreat Curve","","","","","1,950 mm (76 in)","Pfaudler","Glasslined","","Yes","Counterclockwise","Yes","Stainless Steel Other","1,100 mm (44 in)","Agitator","Glass Lined Parts","1,900 L (500 gallons)"
"221389","Agitator Glass Lined Parts 3,800 L (1,000 gallons) Glasslined For Sale - IPP# 221389","https://ims.internationalprocessplants.com/inventory/equipment/detail/221389","10","","Used","76.2 mm (3 in)","","","3 Blade Retreat Curve","","","","","3,250 mm (128 in)","Pfaudler","Glasslined","","","","","","1,100 mm (44 in)","Agitator","Glass Lined Parts","3,800 L (1,000 gallons)"
"221817","Agitator Glass Lined Parts 3,800 L (1,000 gallons) Glasslined For Sale - IPP# 221817","https://ims.internationalprocessplants.com/inventory/equipment/detail/221817","12","three blade retreat curve agitator","Re-glassed","88.9 mm (3.5 in)","","","3 Blade Retreat Curve","","","","","3,300 mm (129.5 in)","Pfaudler","Glasslined","","Yes","","","","1,100 mm (44 in)","Agitator","Glass Lined Parts","3,800 L (1,000 gallons)"
"221824","Glasslined Agitator Glass Lined Parts - IPP# 221824","https://ims.internationalprocessplants.com/inventory/equipment/detail/221824","9","","Used","","","","Glass-Loc","","","","","3,750 mm (148 in)","DeDietrich","Glasslined","Glass Lok","","","","","914 mm (36 in)","Agitator","Glass Lined Parts",""
"221840","Glasslined Pfaudler P Series Agitator Glass Lined Parts - IPP# 221840","https://ims.internationalprocessplants.com/inventory/equipment/detail/221840","16","","Re-glassed","38.1 mm (1.5 in)","","DTW","3 Blade Retreat Curve","Very Clean (VC)","Full Fire Polish (FF)","","","857 mm (33.8 in)","Pfaudler","Glasslined","P Series","Yes","Counterclockwise","","","406.4 mm (16 in)","Agitator","Glass Lined Parts","75.7 L (20 gallons)"
"221842","Unused Agitator Glass Lined Parts  Glasslined For Sale - IPP# 221842","https://ims.internationalprocessplants.com/inventory/equipment/detail/221842","8","","Unused","63.5 mm (2.5 in)","","","Cryo-Lock","","","","","","Pfaudler","Glasslined","","","","","","737 mm (29 in)","Agitator","Glass Lined Parts",""
"221902","Glasslined Pfaudler Agitator Glass Lined Parts - IPP# 221902","https://ims.internationalprocessplants.com/inventory/equipment/detail/221902","14","5RW","Re-glassed","88.9 mm (3.5 in)","","RW","Cryo-Lock","","","","","3,200 mm (126.3 in)","Pfaudler","Glasslined","","Yes","","Yes","Stainless Steel Other","","Agitator","Glass Lined Parts","5,700 L (1,500 gallons)"
"221904","Glasslined Agitator Glass Lined Parts - IPP# 221904","https://ims.internationalprocessplants.com/inventory/equipment/detail/221904","16","5RW","Re-glassed","88.9 mm (3.5 in)","","RW","3 Blade Retreat Curve","","","","","2,800 mm (109.5 in)","Pfaudler","Glasslined","","Yes","Counterclockwise","Yes","Stainless Steel Other","1,100 mm (44 in)","Agitator","Glass Lined Parts","2,850 L (750 gallons)"
"221920","Glasslined Pfaudler Agitator Glass Lined Parts - IPP# 221920","https://ims.internationalprocessplants.com/inventory/equipment/detail/221920","14","5RW","Re-glassed","88.9 mm (3.5 in)","","RW","Cryo-Lock","","","","","3,200 mm (126.3 in)","Pfaudler","Glasslined","","Yes","","Yes","Stainless Steel Other","","Agitator","Glass Lined Parts","5,700 L (1,500 gallons)"
"222264","Agitator Glass Lined Parts  Glasslined For Sale - IPP# 222264","https://ims.internationalprocessplants.com/inventory/equipment/detail/222264","9","","Re-glassed","63.5 mm (2.5 in)","","","Cryo-Lock","","","","","","Pfaudler","Glasslined","","Yes","","","","559 mm (22 in)","Agitator","Glass Lined Parts",""
"222285","Glasslined Pfaudler Agitator Glass Lined Parts - IPP# 222285","https://ims.internationalprocessplants.com/inventory/equipment/detail/222285","16","5RW","Re-glassed","88.9 mm (3.5 in)","","RW","3 Blade Retreat Curve","","","","","2,800 mm (109.5 in)","Pfaudler","Glasslined","","Yes","Counterclockwise","Yes","Stainless Steel Other","1,100 mm (44 in)","Agitator","Glass Lined Parts","2,850 L (750 gallons)"
"222299","Glasslined Pfaudler Agitator Glass Lined Parts - IPP# 222299","https://ims.internationalprocessplants.com/inventory/equipment/detail/222299","14","5RW","Re-glassed","88.9 mm (3.5 in)","","RW","Cryo-Lock","","","","","2,700 mm (106 in)","Pfaudler","Glasslined","","Yes","","Yes","Stainless Steel Other","","Agitator","Glass Lined Parts","2,850 L (750 gallons)"
"222401","Agitator Glass Lined Parts 15,150 L (4,000 gallons) Glasslined For Sale - IPP# 222401","https://ims.internationalprocessplants.com/inventory/equipment/detail/222401","8","","Used","139.7 mm (5.5 in)","","","Cryo-Lock","","","","","","","Glasslined","","","","","","1,100 mm (44 in)","Agitator","Glass Lined Parts","15,150 L (4,000 gallons)"
"222405","Glasslined Agitator Glass Lined Parts - IPP# 222405","https://ims.internationalprocessplants.com/inventory/equipment/detail/222405","10","","Re-glassed","88.9 mm (3.5 in)","","","Cryo-Lock","","","","","3,750 mm (147 in)","Pfaudler","Glasslined","Cryo-Lock","","","","","","Agitator","Glass Lined Parts","7,550 L (2,000 gallons)"
"222548","Agitator Glass Lined Parts 15,150 L (4,000 gallons) Glasslined For Sale - IPP# 222548","https://ims.internationalprocessplants.com/inventory/equipment/detail/222548","10","","Re-glassed","139.7 mm (5.5 in)","","","3 Blade Retreat Curve","","","","","4,100 mm (160.5 in)","","Glasslined","","Yes","","","","1,200 mm (48 in)","Agitator","Glass Lined Parts","15,150 L (4,000 gallons)"
"222865","Agitator Glass Lined Parts 1,900 L (500 gallons) Glasslined For Sale - IPP# 222865","https://ims.internationalprocessplants.com/inventory/equipment/detail/222865","11","","Re-glassed","63.5 mm (2.5 in)","","","CBT","","","","","","Pfaudler","Glasslined","","Yes","Clockwise","","","584 mm (23 in)","Agitator","Glass Lined Parts","1,900 L (500 gallons)"
"222866","Agitator Glass Lined Parts 2,850 L (750 gallons) Glasslined For Sale - IPP# 222866","https://ims.internationalprocessplants.com/inventory/equipment/detail/222866","8","","Used","88.9 mm (3.5 in)","","","","","","","","","Pfaudler","Glasslined","","","","","","584 mm (23 in)","Agitator","Glass Lined Parts","2,850 L (750 gallons)"
"222881","Agitator Glass Lined Parts 757 L (200 gallons) Glasslined For Sale - IPP# 222881","https://ims.internationalprocessplants.com/inventory/equipment/detail/222881","11","","Re-glassed","76.2 mm (3 in)","","","3 Blade Retreat Curve","","","","","1,750 mm (69.5 in)","Pfaudler","Glasslined","","Yes","","","","762 mm (30 in)","Agitator","Glass Lined Parts","757 L (200 gallons)"
"224156","Glasslined Pfaudler Agitator Glass Lined Parts - IPP# 224156","https://ims.internationalprocessplants.com/inventory/equipment/detail/224156","10","","Used","101.6 mm (4 in)","","","3 Blade Retreat Curve","","","","","2,650 mm (104 in)","Pfaudler","Glasslined","","","","","","508 mm (20 in)","Agitator","Glass Lined Parts","1,900 L (500 gallons)"
"224215","Glasslined Agitator Glass Lined Parts - IPP# 224215","https://ims.internationalprocessplants.com/inventory/equipment/detail/224215","9","","Re-glassed","88.9 mm (3.5 in)","","","Pitch Turbine","","","","","","Pfaudler","Glasslined","","Yes","","","","686 mm (27 in)","Agitator","Glass Lined Parts",""
"224216","Glasslined Agitator Glass Lined Parts - IPP# 224216","https://ims.internationalprocessplants.com/inventory/equipment/detail/224216","9","","Re-glassed","88.9 mm (3.5 in)","","","Pitch Turbine","","","","","","Pfaudler","Glasslined","","Yes","","","","889 mm (35 in)","Agitator","Glass Lined Parts",""
"224217","Glasslined Agitator Glass Lined Parts - IPP# 224217","https://ims.internationalprocessplants.com/inventory/equipment/detail/224217","9","","Re-glassed","114.3 mm (4.5 in)","","","Cryo-Lock","","","","","","Pfaudler","Glasslined","","Yes","","","","965 mm (38 in)","Agitator","Glass Lined Parts",""
"224220","Glasslined Pfaudler Agitator Glass Lined Parts - IPP# 224220","https://ims.internationalprocessplants.com/inventory/equipment/detail/224220","10","","Re-glassed","","","","3 Blade Retreat Curve","","","","","1,100 mm (44 in)","Pfaudler","Glasslined","","Yes","","","","610 mm (24 in)","Agitator","Glass Lined Parts","113.6 L (30 gallons)"
"224257","Glasslined Pfaudler Agitator Glass Lined Parts - IPP# 224257","https://ims.internationalprocessplants.com/inventory/equipment/detail/224257","10","","Re-glassed","","","","3 Blade Retreat Curve","","","","","1,950 mm (76 in)","Pfaudler","Glasslined","","Yes","","","","965 mm (38 in)","Agitator","Glass Lined Parts","757 L (200 gallons)"
"224264","Agitator Glass Lined Parts  Glasslined For Sale - IPP# 224264","https://ims.internationalprocessplants.com/inventory/equipment/detail/224264","10","","Re-glassed","76.2 mm (3 in)","","","3 Blade Retreat Curve","","","","","1,900 mm (75.5 in)","Pfaudler","Glasslined","","Yes","","","","1,100 mm (44 in)","Agitator","Glass Lined Parts",""
"224268","Agitator Glass Lined Parts 11,350 L (3,000 gallons) Glasslined For Sale - IPP# 224268","https://ims.internationalprocessplants.com/inventory/equipment/detail/224268","16","6RW drive end","Re-glassed","114.3 mm (4.5 in)","","RW","3 Blade Retreat Curve","","","","","4,150 mm (163.3 in)","Pfaudler","Glasslined","","Yes","Counterclockwise","Yes","Stainless Steel Other","1,350 mm (54 in)","Agitator","Glass Lined Parts","11,350 L (3,000 gallons)"
"224273","Glasslined Pfaudler Agitator Glass Lined Parts - IPP# 224273","https://ims.internationalprocessplants.com/inventory/equipment/detail/224273","14","3525 SRW drive end","Re-glassed","63.5 mm (2.5 in)","","SRW","Cryo-Lock","","","","","3,150 mm (124 in)","Pfaudler","Glasslined","","Yes","","Yes","Stainless Steel Other","","Agitator","Glass Lined Parts","3,800 L (1,000 gallons)"
"224286","Glasslined Pfaudler Agitator Glass Lined Parts - IPP# 224286","https://ims.internationalprocessplants.com/inventory/equipment/detail/224286","14","4TW end","Re-glassed","76.2 mm (3 in)","","TW","3 Blade Retreat Curve","","","","","1,950 mm (76 in)","Pfaudler","Glasslined","","Yes","Counterclockwise","","","1,100 mm (44 in)","Agitator","Glass Lined Parts","1,900 L (500 gallons)"
"224294","Glasslined Pfaudler Agitator Glass Lined Parts - IPP# 224294","https://ims.internationalprocessplants.com/inventory/equipment/detail/224294","16","4TW end","Re-glassed","76.2 mm (3 in)","","TW","3 Blade Retreat Curve","","","","","1,950 mm (76 in)","Pfaudler","Glasslined","","Yes","Counterclockwise","Yes","Stainless Steel Other","1,100 mm (44 in)","Agitator","Glass Lined Parts","1,900 L (500 gallons)"
"224300","Unused Glasslined Pfaudler Agitator Glass Lined Parts - IPP# 224300","https://ims.internationalprocessplants.com/inventory/equipment/detail/224300","9","","Unused","88.9 mm (3.5 in)","","","Cryo-Lock","","","","","3,000 mm (119 in)","Pfaudler","Glasslined","","","","","","","Agitator","Glass Lined Parts","3,800 L (1,000 gallons)"
"224309","Glasslined DeDietrich Agitator Glass Lined Parts - IPP# 224309","https://ims.internationalprocessplants.com/inventory/equipment/detail/224309","9","","Used","108 mm (4.3 in)","Yes","","","","","","","3,900 mm (153 in)","DeDietrich","Glasslined","","","","","","","Agitator","Glass Lined Parts","7,550 L (2,000 gallons)"
"224311","Agitator Glass Lined Parts 7,550 L (2,000 gallons) Glasslined For Sale - IPP# 224311","https://ims.internationalprocessplants.com/inventory/equipment/detail/224311","10","","Used","108 mm (4.3 in)","Yes","","Glass-Loc","","","","","3,900 mm (153 in)","DeDietrich","Glasslined","","","","","","","Agitator","Glass Lined Parts","7,550 L (2,000 gallons)"
"224338","Agitator Glass Lined Parts  Glasslined For Sale - IPP# 224338","https://ims.internationalprocessplants.com/inventory/equipment/detail/224338","11","3 blade retreat curve","Re-glassed","88.9 mm (3.5 in)","","","Cryo-Lock","","","","","","Pfaudler","Glasslined","","Yes","Counterclockwise","","","1,100 mm (44 in)","Agitator","Glass Lined Parts",""
"224339","Agitator Glass Lined Parts  Glasslined For Sale - IPP# 224339","https://ims.internationalprocessplants.com/inventory/equipment/detail/224339","8","","Used","88.9 mm (3.5 in)","","","Cryo-Lock","","","","","","Pfaudler","Glasslined","","","","","","965 mm (38 in)","Agitator","Glass Lined Parts",""
"224349","Unused Agitator Glass Lined Parts 7,550 L (2,000 gallons) Glasslined For Sale - IPP# 224349","https://ims.internationalprocessplants.com/inventory/equipment/detail/224349","9","","Unused","88.9 mm (3.5 in)","","","Cryo-Lock","","","","","","Pfaudler","Glasslined","","","","","","914 mm (36 in)","Agitator","Glass Lined Parts","7,550 L (2,000 gallons)"
"224366","Glasslined Agitator Glass Lined Parts - IPP# 224366","https://ims.internationalprocessplants.com/inventory/equipment/detail/224366","12","5RW drive end","Re-glassed","88.9 mm (3.5 in)","","","Cryo-Lock","","","","","3,750 mm (146.8 in)","Pfaudler","Glasslined","","","","Yes","Stainless Steel Other","","Agitator","Glass Lined Parts","7,550 L (2,000 gallons)"
"224367","Agitator Glass Lined Parts 7,550 L (2,000 gallons) Glasslined For Sale - IPP# 224367","https://ims.internationalprocessplants.com/inventory/equipment/detail/224367","11","","Re-glassed","800 mm (31.5 in)","","","3 Blade Retreat Curve","","","","","3,650 mm (143 in)","Pfaudler","Glasslined","","Yes","","","","1,100 mm (44 in)","Agitator","Glass Lined Parts","7,550 L (2,000 gallons)"
"224376","Agitator Glass Lined Parts 3,800 L (1,000 gallons) Glasslined For Sale - IPP# 224376","https://ims.internationalprocessplants.com/inventory/equipment/detail/224376","11","","Re-glassed","88.9 mm (3.5 in)","","","3 Blade Retreat Curve","","","","","3,100 mm (122 in)","Pfaudler","Glasslined","","Yes","","","","1,100 mm (44 in)","Agitator","Glass Lined Parts","3,800 L (1,000 gallons)"
"224379","Glasslined Pfaudler Agitator Glass Lined Parts - IPP# 224379","https://ims.internationalprocessplants.com/inventory/equipment/detail/224379","14","2.5 DTW drive end","Re-glassed","38.1 mm (1.5 in)","","DTW","3 Blade Retreat Curve","","","","","1,100 mm (44.3 in)","Pfaudler","Glasslined","","Yes","Counterclockwise","","","508 mm (20 in)","Agitator","Glass Lined Parts","189.3 L (50 gallons)"
"224505","Glasslined Agitator Glass Lined Parts - IPP# 224505","https://ims.internationalprocessplants.com/inventory/equipment/detail/224505","9","","Used","114.3 mm (4.5 in)","","","Pitch Turbine","","","","","","Pfaudler","Glasslined","","","Clockwise","","","1,100 mm (43 in)","Agitator","Glass Lined Parts",""
"224522","Agitator Glass Lined Parts 3,800 L (1,000 gallons) Glasslined For Sale - IPP# 224522","https://ims.internationalprocessplants.com/inventory/equipment/detail/224522","10","","Used","63.5 mm (2.5 in)","","","Cryo-Lock","","","","","","Pfaudler","Glasslined","","Yes","","","","737 mm (29 in)","Agitator","Glass Lined Parts","3,800 L (1,000 gallons)"
"224538","Glasslined Agitator Glass Lined Parts - IPP# 224538","https://ims.internationalprocessplants.com/inventory/equipment/detail/224538","19","Fits a 6 RW","Re-glassed","114.3 mm (4.5 in)","","RW","3 Blade Retreat Curve","Very Clean (VC)","Full Fire Polish (FF)","","","4,150 mm (163.3 in)","Pfaudler","Glasslined","RCI","Yes","Counterclockwise","Yes","Stainless Steel 316","1,350 mm (54 in)","Agitator","Glass Lined Parts","11,350 L (3,000 gallons)"
"224539","Glasslined Agitator Glass Lined Parts - IPP# 224539","https://ims.internationalprocessplants.com/inventory/equipment/detail/224539","12","3 blade retreat curve agitator","Re-glassed","114.3 mm (4.5 in)","","","3 Blade Retreat Curve","","","","","3,000 mm (118 in)","","Glasslined","RCI","Yes","","","","1,150 mm (46 in)","Agitator","Glass Lined Parts","5,700 L (1,500 gallons)"
"224544","Glasslined Agitator Glass Lined Parts - IPP# 224544","https://ims.internationalprocessplants.com/inventory/equipment/detail/224544","14","5RW drive end","Re-glassed","88.9 mm (3.5 in)","","RW","Cryo-Lock","","","","","3,750 mm (146.8 in)","Pfaudler","Glasslined","","Yes","","Yes","Stainless Steel Other","","Agitator","Glass Lined Parts","7,550 L (2,000 gallons)"
"224547","Glasslined Pfaudler Agitator Glass Lined Parts - IPP# 224547","https://ims.internationalprocessplants.com/inventory/equipment/detail/224547","13","5RW end","Used","88.9 mm (3.5 in)","","RW","Cryo-Lock","","","","","3,050 mm (120 in)","Pfaudler","Glasslined","","","","Yes","Stainless Steel Other","","Agitator","Glass Lined Parts","5,700 L (1,500 gallons)"
"224554","Agitator Glass Lined Parts 1,900 L (500 gallons) Glasslined For Sale - IPP# 224554","https://ims.internationalprocessplants.com/inventory/equipment/detail/224554","11","","Re-glassed","63.5 mm (2.5 in)","","","CBT","","","","","","Pfaudler","Glasslined","","Yes","Clockwise","","","584 mm (23 in)","Agitator","Glass Lined Parts","1,900 L (500 gallons)"
"224584","Agitator Glass Lined Parts 757 L (200 gallons) Glasslined For Sale - IPP# 224584","https://ims.internationalprocessplants.com/inventory/equipment/detail/224584","16","3DTW","Re-glassed","76.2 mm (3 in)","","DTW","3 Blade Retreat Curve","","","","","1,750 mm (69.5 in)","Pfaudler","Glasslined","","Yes","Counterclockwise","Yes","Stainless Steel Other","762 mm (30 in)","Agitator","Glass Lined Parts","757 L (200 gallons)"
"224606","Glasslined Agitator Glass Lined Parts - IPP# 224606","https://ims.internationalprocessplants.com/inventory/equipment/detail/224606","16","4RW","Re-glassed","88.9 mm (3.5 in)","","RW","3 Blade Retreat Curve","","","","","2,700 mm (107.3 in)","Pfaudler","Glasslined","","Yes","Counterclockwise","Yes","Stainless Steel Other","914 mm (36 in)","Agitator","Glass Lined Parts","1,900 L (500 gallons)"
"224610","Glasslined Pfaudler Agitator Glass Lined Parts - IPP# 224610","https://ims.internationalprocessplants.com/inventory/equipment/detail/224610","16","5RW","Re-glassed","88.9 mm (3.5 in)","","RW","3 Blade Retreat Curve","","","","","3,300 mm (129.5 in)","Pfaudler","Glasslined","","Yes","Counterclockwise","Yes","Stainless Steel Other","1,100 mm (44 in)","Agitator","Glass Lined Parts","5,700 L (1,500 gallons)"
"224611","Glasslined Pfaudler Agitator Glass Lined Parts - IPP# 224611","https://ims.internationalprocessplants.com/inventory/equipment/detail/224611","16","5RW","Re-glassed","88.9 mm (3.5 in)","","RW","3 Blade Retreat Curve","","","","","3,300 mm (129.5 in)","Pfaudler","Glasslined","","Yes","Counterclockwise","Yes","Stainless Steel Other","1,100 mm (44 in)","Agitator","Glass Lined Parts","5,700 L (1,500 gallons)"
"225390","Glasslined Agitator Glass Lined Parts - IPP# 225390","https://ims.internationalprocessplants.com/inventory/equipment/detail/225390","10","","Re-glassed","965 mm (38 in)","","","Cryo-Lock","","","","","990 mm (39 in)","Pfaudler","Glasslined","Cryo-Lock","Yes","","","","","Agitator","Glass Lined Parts",""
"225391","Glasslined Agitator Glass Lined Parts - IPP# 225391","https://ims.internationalprocessplants.com/inventory/equipment/detail/225391","9","","Re-glassed","1,000 mm (40 in)","","","Cryo-Lock","","","","","1,050 mm (40.9 in)","","Glasslined","Cryo-Lock","Yes","","","","","Agitator","Glass Lined Parts",""
"225392","Glasslined Agitator Glass Lined Parts - IPP# 225392","https://ims.internationalprocessplants.com/inventory/equipment/detail/225392","12","","Re-glassed","114.3 mm (4.5 in)","Yes","","Cryo-Lock","","","","","3,450 mm (136 in)","Pfaudler","Glasslined","Cryo-Lock","Yes","","","","","Agitator","Glass Lined Parts","8,000 L (2,100 gallons)"
"225472","Glasslined Agitator Glass Lined Parts - IPP# 225472","https://ims.internationalprocessplants.com/inventory/equipment/detail/225472","10","","Re-glassed","38.1 mm (1.5 in)","","","","","","","","1,000 mm (39.8 in)","","Glasslined","","Yes","Counterclockwise","","","406.4 mm (16 in)","Agitator","Glass Lined Parts","113.6 L (30 gallons)"
"225473","Agitator Glass Lined Parts 37.9 L (10 gallons) Glasslined For Sale - IPP# 225473","https://ims.internationalprocessplants.com/inventory/equipment/detail/225473","14","2.5 DTW drive end","Re-glassed","38.1 mm (1.5 in)","","DTW","3 Blade Retreat Curve","","","","","781 mm (30.8 in)","Pfaudler","Glasslined","","Yes","Counterclockwise","","","304.8 mm (12 in)","Agitator","Glass Lined Parts","37.9 L (10 gallons)"
"226516","Agitator Glass Lined Parts 113.6 L (30 gallons) Glasslined For Sale - IPP# 226516","https://ims.internationalprocessplants.com/inventory/equipment/detail/226516","9","","Used","38.1 mm (1.5 in)","","","3 Blade Retreat Curve","","","","","1,000 mm (39.8 in)","","Glasslined","","","","","","406.4 mm (16 in)","Agitator","Glass Lined Parts","113.6 L (30 gallons)"
"226521","Glasslined Agitator Glass Lined Parts - IPP# 226521","https://ims.internationalprocessplants.com/inventory/equipment/detail/226521","14","4RW","Re-glassed","76.2 mm (3 in)","","RW","3 Blade Retreat Curve","","","","","2,700 mm (107.3 in)","DeDietrich","Glasslined","","Yes","Counterclockwise","","","914 mm (36 in)","Agitator","Glass Lined Parts","1,900 L (500 gallons)"
"226525","Glasslined Agitator Glass Lined Parts - IPP# 226525","https://ims.internationalprocessplants.com/inventory/equipment/detail/226525","10","","Re-glassed","73 mm (2.9 in)","","","","","","","","1,400 mm (54.3 in)","Pfaudler","Glasslined","","Yes","","","","146.1 mm (5.8 in)","Agitator","Glass Lined Parts","757 L (200 gallons)"
"226526","Glasslined Agitator Glass Lined Parts - IPP# 226526","https://ims.internationalprocessplants.com/inventory/equipment/detail/226526","14","2.5DTW","Re-glassed","38.1 mm (1.5 in)","","DTW","3 Blade Retreat Curve","","","","","1,250 mm (49.9 in)","Pfaudler","Glasslined","","Yes","Counterclockwise","","","610 mm (24 in)","Agitator","Glass Lined Parts","283.9 L (75 gallons)"
"226533","Agitator Glass Lined Parts 37.9 L (10 gallons) Glasslined For Sale - IPP# 226533","https://ims.internationalprocessplants.com/inventory/equipment/detail/226533","13","","Re-glassed","38.1 mm (1.5 in)","","","3 Blade Retreat Curve","","","","","1,000 mm (39.8 in)","","Glasslined","","Yes","Counterclockwise","Yes","Stainless Steel Other","406.4 mm (16 in)","Agitator","Glass Lined Parts","37.9 L (10 gallons)"
"226537","Glasslined  Agitator Glass Lined Parts - IPP# 226537","https://ims.internationalprocessplants.com/inventory/equipment/detail/226537","9","","Used","50.8 mm (2 in)","","","3 Blade Retreat Curve","","","","","1,100 mm (44 in)","","Glasslined","","","","","","431.8 mm (17 in)","Agitator","Glass Lined Parts","189.3 L (50 gallons)"
"226545","Agitator Glass Lined Parts 378.5 L (100 gallons) Glasslined For Sale - IPP# 226545","https://ims.internationalprocessplants.com/inventory/equipment/detail/226545","9","","Used","50.8 mm (2 in)","","","3 Blade Retreat Curve","","","","","1,300 mm (52 in)","","Glasslined","","","","","","457.2 mm (18 in)","Agitator","Glass Lined Parts","378.5 L (100 gallons)"
"226559","Glasslined Agitator Glass Lined Parts - IPP# 226559","https://ims.internationalprocessplants.com/inventory/equipment/detail/226559","17","fits a 2.5 DTW","Re-glassed","38.1 mm (1.5 in)","","DTW","3 Blade Retreat Curve","Very Clean (VC)","Full Fire Polish (FF)","","","1,100 mm (44.3 in)","Pfaudler","Glasslined","P Series","Yes","Counterclockwise","","","508 mm (20 in)","Agitator","Glass Lined Parts","189.3 L (50 gallons)"
"226570","Glasslined Pfaudler Agitator Glass Lined Parts - IPP# 226570","https://ims.internationalprocessplants.com/inventory/equipment/detail/226570","11","","Re-glassed","63.5 mm (2.5 in)","","","3 Blade Retreat Curve","","","","","2,000 mm (79 in)","Pfaudler","Glasslined","","Yes","","","","914 mm (36 in)","Agitator","Glass Lined Parts","1,150 L (300 gallons)"
"226585","Glasslined DeDietrich Agitator Glass Lined Parts - IPP# 226585","https://ims.internationalprocessplants.com/inventory/equipment/detail/226585","16","5DTW","Re-glassed","88.9 mm (3.5 in)","","DTW","3 Blade Retreat Curve","","","","","3,100 mm (122 in)","DeDietrich","Glasslined","","Yes","Counterclockwise","Yes","Stainless Steel Other","1,100 mm (44 in)","Agitator","Glass Lined Parts","5,700 L (1,500 gallons)"
"226621","Glasslined Agitator Glass Lined Parts - IPP# 226621","https://ims.internationalprocessplants.com/inventory/equipment/detail/226621","11","","Re-glassed","76.2 mm (3 in)","","","3 Blade Retreat Curve","","","","","1,950 mm (76 in)","Pfaudler","Glasslined","","Yes","","","","914 mm (36 in)","Agitator","Glass Lined Parts","1,150 L (300 gallons)"
"226630","Glasslined Agitator Glass Lined Parts - IPP# 226630","https://ims.internationalprocessplants.com/inventory/equipment/detail/226630","19","8RW","Re-glassed","139.7 mm (5.5 in)","","RW","3 Blade Retreat Curve","Very Clean (VC)","Full Fire Polish (FF)","","","5,300 mm (209.5 in)","Pfaudler","Glasslined","RCI","Yes","Counterclockwise","Yes","Stainless Steel Other","1,650 mm (64 in)","Agitator","Glass Lined Parts","22,700 L (6,000 gallons)"
"228001","Unused Glasslined Pfaudler Agitator Glass Lined Parts - IPP# 228001","https://ims.internationalprocessplants.com/inventory/equipment/detail/228001","9","","Unused","88.9 mm (3.5 in)","","","Cryo-Lock","","","","","3,450 mm (136 in)","Pfaudler","Glasslined","","","","","","","Agitator","Glass Lined Parts","7,550 L (2,000 gallons)"
"228008","Agitator Glass Lined Parts 3,800 L (1,000 gallons) Glasslined For Sale - IPP# 228008","https://ims.internationalprocessplants.com/inventory/equipment/detail/228008","10","","Used","88.9 mm (3.5 in)","","","3 Blade Retreat Curve","","","","","3,300 mm (129 in)","Pfaudler","Glasslined","","","","","","1,100 mm (44 in)","Agitator","Glass Lined Parts","3,800 L (1,000 gallons)"
"228016","Glasslined Pfaudler Agitator Glass Lined Parts - IPP# 228016","https://ims.internationalprocessplants.com/inventory/equipment/detail/228016","16","4RW","Re-glassed","88.9 mm (3.5 in)","","RW","3 Blade Retreat Curve","","","","","3,250 mm (127.5 in)","Pfaudler","Glasslined","","Yes","Counterclockwise","Yes","Stainless Steel Other","1,100 mm (44 in)","Agitator","Glass Lined Parts","3,800 L (1,000 gallons)"
"228028","Agitator Glass Lined Parts 5,700 L (1,500 gallons) Glasslined For Sale - IPP# 228028","https://ims.internationalprocessplants.com/inventory/equipment/detail/228028","16","5RW","Re-glassed","88.9 mm (3.5 in)","","RW","3 Blade Retreat Curve","","","","","3,300 mm (129.5 in)","Pfaudler","Glasslined","","Yes","Counterclockwise","Yes","Stainless Steel Other","1,100 mm (44 in)","Agitator","Glass Lined Parts","5,700 L (1,500 gallons)"
"228047","Glasslined Agitator Glass Lined Parts - IPP# 228047","https://ims.internationalprocessplants.com/inventory/equipment/detail/228047","10","","Used","63.5 mm (2.5 in)","","","Cryo-Lock","","","","","","Pfaudler","Glasslined","Cryo-Lock","","","","","737 mm (29 in)","Agitator","Glass Lined Parts","3,800 L (1,000 gallons)"
"228078","Glasslined Pfaudler Agitator Glass Lined Parts - IPP# 228078","https://ims.internationalprocessplants.com/inventory/equipment/detail/228078","11","","Re-glassed","114.3 mm (4.5 in)","","","Pitch Turbine","","","","","","Pfaudler","Glasslined","","Yes","Clockwise","","","1,100 mm (43 in)","Agitator","Glass Lined Parts","15,150 L (4,000 gallons)"
"228187","Agitator Glass Lined Parts 3,800 L (1,000 gallons) Glasslined For Sale - IPP# 228187","https://ims.internationalprocessplants.com/inventory/equipment/detail/228187","10","","Re-glassed","88.9 mm (3.5 in)","","","3 Blade Retreat Curve","","","","","3,300 mm (129.5 in)","","Glasslined","","Yes","","","","610 mm (24 in)","Agitator","Glass Lined Parts","3,800 L (1,000 gallons)"
"228354","Glasslined DeDietrich Agitator Glass Lined Parts - IPP# 228354","https://ims.internationalprocessplants.com/inventory/equipment/detail/228354","10","","Used","114.3 mm (4.5 in)","","","3 Blade Retreat Curve","","","","","4,900 mm (193 in)","DeDietrich","Glasslined","","","","","","1,350 mm (54 in)","Agitator","Glass Lined Parts","18,950 L (5,000 gallons)"
"228359","Unused Agitator Glass Lined Parts 30,300 L (8,000 gallons) Glasslined For Sale - IPP# 228359","https://ims.internationalprocessplants.com/inventory/equipment/detail/228359","6","","Unused","","","","Cryo-Lock","","","","","","","Glasslined","","","","","","","Agitator","Glass Lined Parts","30,300 L (8,000 gallons)"
"228369","Unused Glasslined Pfaudler Agitator Glass Lined Parts - IPP# 228369","https://ims.internationalprocessplants.com/inventory/equipment/detail/228369","7","","Unused","139.7 mm (5.5 in)","","","","","","","","","Pfaudler","Glasslined","","","","","","1,350 mm (54 in)","Agitator","Glass Lined Parts",""
"228374","Unused Glasslined Pfaudler Agitator Glass Lined Parts - IPP# 228374","https://ims.internationalprocessplants.com/inventory/equipment/detail/228374","9","","Unused","127 mm (5 in)","","","Cryo-Lock","","","","","4,800 mm (189 in)","Pfaudler","Glasslined","","","","","","","Agitator","Glass Lined Parts","22,700 L (6,000 gallons)"
"228377","Unused Agitator Glass Lined Parts 15,150 L (4,000 gallons) Glasslined For Sale - IPP# 228377","https://ims.internationalprocessplants.com/inventory/equipment/detail/228377","9","","Unused","114.3 mm (4.5 in)","","","Cryo-Lock","","","","","4,600 mm (180.8 in)","Pfaudler","Glasslined","","","","","","","Agitator","Glass Lined Parts","15,150 L (4,000 gallons)"
"228378","Unused Pfaudler Agitator Glass Lined Parts - IPP# 228378","https://ims.internationalprocessplants.com/inventory/equipment/detail/228378","8","","Unused","127 mm (5 in)","","","Cryo-Lock","","","","","5,150 mm (202 in)","Pfaudler","","","","","","","","Agitator","Glass Lined Parts","22,700 L (6,000 gallons)"
"228390","Unused Glasslined DeDietrich Agitator Glass Lined Parts - IPP# 228390","https://ims.internationalprocessplants.com/inventory/equipment/detail/228390","8","","Unused","114.3 mm (4.5 in)","","","Cryo-Lock","","","","","4,600 mm (181 in)","DeDietrich","Glasslined","","","","","","","Agitator","Glass Lined Parts",""
"229484","Agitator Glass Lined Parts  Glasslined For Sale - IPP# 229484","https://ims.internationalprocessplants.com/inventory/equipment/detail/229484","8","","Used","114.3 mm (4.5 in)","","","","","","","","3,600 mm (141.7 in)","DeDietrich","Glasslined","","","","","","1,100 mm (43.3 in)","Agitator","Glass Lined Parts",""
"229487","Agitator Glass Lined Parts  Glasslined For Sale - IPP# 229487","https://ims.internationalprocessplants.com/inventory/equipment/detail/229487","8","","Used","101.6 mm (4 in)","","","","","","","","3,550 mm (139.4 in)","DeDietrich","Glasslined","","","","","","960 mm (37.8 in)","Agitator","Glass Lined Parts",""
"229490","Glasslined DeDietrich Agitator Glass Lined Parts - IPP# 229490","https://ims.internationalprocessplants.com/inventory/equipment/detail/229490","11","","Used","143 mm (5.6 in)","","","3 Blade Retreat Curve","","","","","4,950 mm (194.9 in)","DeDietrich","Glasslined","","","","","Carbon Steel","1,200 mm (47.2 in)","Agitator","Glass Lined Parts","15,150 L (4,000 gallons)"
"230225","Glasslined Agitator Glass Lined Parts - IPP# 230225","https://ims.internationalprocessplants.com/inventory/equipment/detail/230225","10","","Re-glassed","88.9 mm (3.5 in)","","","Cryo-Lock","","","","","3,550 mm (140 in)","Pfaudler","Glasslined","","Yes","","","","","Agitator","Glass Lined Parts","7,550 L (2,000 gallons)"
"230229","Pfaudler Agitator Glass Lined Parts - IPP# 230229","https://ims.internationalprocessplants.com/inventory/equipment/detail/230229","8","","Re-glassed","584 mm (23 in)","","","Cryo-Lock","","","","","","Pfaudler","","","Yes","","","","","Agitator","Glass Lined Parts","1,900 L (500 gallons)"
"230232","Glasslined  Agitator Glass Lined Parts - IPP# 230232","https://ims.internationalprocessplants.com/inventory/equipment/detail/230232","19","Drive end for a 4RW","Re-glassed","76.2 mm (3 in)","","RW","3 Blade Retreat Curve","Very Clean (VC)","Full Fire Polish (FF)","","","2,100 mm (82.3 in)","Pfaudler","Glasslined","RCI","Yes","Counter-Clockwise","Yes","Stainless Steel 316","914 mm (36 in)","Agitator","Glass Lined Parts","1,150 L (300 gallons)"
"230235","Glasslined Pfaudler Agitator Glass Lined Parts - IPP# 230235","https://ims.internationalprocessplants.com/inventory/equipment/detail/230235","16","4RW drive end","Re-glassed","76.2 mm (3 in)","","RW","3 Blade Retreat Curve","","","","","2,100 mm (82.3 in)","Pfaudler","Glasslined","","Yes","Counterclockwise","Yes","Stainless Steel Other","914 mm (36 in)","Agitator","Glass Lined Parts","1,150 L (300 gallons)"
"230307","Glasslined Agitator Glass Lined Parts - IPP# 230307","https://ims.internationalprocessplants.com/inventory/equipment/detail/230307","12","","Re-glassed","38.1 mm (1.5 in)","","","3 Blade Retreat Curve","","","","","1,000 mm (39.8 in)","Pfaudler","Glasslined","","Yes","Counterclockwise","","","406.4 mm (16 in)","Agitator","Glass Lined Parts","113.6 L (30 gallons)"
"230308","Glasslined Agitator Glass Lined Parts - IPP# 230308","https://ims.internationalprocessplants.com/inventory/equipment/detail/230308","7","","Re-glassed","","","","","Very Clean (VC)","Full Fire Polish (FF)","","","","","Glasslined","","Yes","","","","","Agitator","Glass Lined Parts",""
"230310","Agitator Glass Lined Parts 113.6 L (30 gallons) Glasslined For Sale - IPP# 230310","https://ims.internationalprocessplants.com/inventory/equipment/detail/230310","11","","Used","38.1 mm (1.5 in)","","","3 Blade Retreat Curve","","","","","1,000 mm (39.8 in)","Pfaudler","Glasslined","","","Counterclockwise","","","406.4 mm (16 in)","Agitator","Glass Lined Parts","113.6 L (30 gallons)"
"230314","Glasslined Agitator Glass Lined Parts - IPP# 230314","https://ims.internationalprocessplants.com/inventory/equipment/detail/230314","12","","Re-glassed","38.1 mm (1.5 in)","","","3 Blade Retreat Curve","","","","","1,000 mm (39.8 in)","Pfaudler","Glasslined","","Yes","Counterclockwise","","","406.4 mm (16 in)","Agitator","Glass Lined Parts","113.6 L (30 gallons)"
"230381","Glasslined Agitator Glass Lined Parts - IPP# 230381","https://ims.internationalprocessplants.com/inventory/equipment/detail/230381","19","Fits a 6RW drive","Re-glassed","114.3 mm (4.5 in)","","RW","3 Blade Retreat Curve","Very Clean (VC)","Full Fire Polish (FF)","","","4,150 mm (163.3 in)","Pfaudler","Glasslined","RCI","Yes","Counterclockwise","Yes","Stainless Steel 316","1,350 mm (54 in)","Agitator","Glass Lined Parts","11,350 L (3,000 gallons)"
"230387","Glasslined Pfaudler Agitator Glass Lined Parts - IPP# 230387","https://ims.internationalprocessplants.com/inventory/equipment/detail/230387","14","7RW","Re-glassed","139.7 mm (5.5 in)","","RW","3 Blade Retreat Curve","","","","","5,050 mm (198.5 in)","Pfaudler","Glasslined","","Yes","Counterclockwise","","","1,350 mm (54 in)","Agitator","Glass Lined Parts","15,150 L (4,000 gallons)"
"230388","Agitator Glass Lined Parts  Glasslined For Sale - IPP# 230388","https://ims.internationalprocessplants.com/inventory/equipment/detail/230388","8","","Used","279.4 mm (11 in)","","","Glass-Loc","","","","","584 mm (23 in)","DeDietrich","Glasslined","","","","","","","Agitator","Glass Lined Parts",""
"232302","Glasslined Pfaudler Agitator Glass Lined Parts - IPP# 232302","https://ims.internationalprocessplants.com/inventory/equipment/detail/232302","8","Turbine blade hub","Used","114.3 mm (4.5 in)","","","","","","","","1,200 mm (48 in)","Pfaudler","Glasslined","","","","","","","Agitator","Glass Lined Parts",""
"232306","Glasslined Agitator Glass Lined Parts - IPP# 232306","https://ims.internationalprocessplants.com/inventory/equipment/detail/232306","11","Pitch Blade Turbine Blade","Re-glassed","114.3 mm (4.5 in)","","","Cryo-Lock","","","","","","Pfaudler","Glasslined","","Yes","Counterclockwise","","","1,200 mm (48 in)","Agitator","Glass Lined Parts",""
"232307","Glasslined Pfaudler Agitator Glass Lined Parts - IPP# 232307","https://ims.internationalprocessplants.com/inventory/equipment/detail/232307","10","","Re-glassed","114.3 mm (4.5 in)","","","Cryo-Lock","","","","","","Pfaudler","Glasslined","","Yes","Counterclockwise","","","1,200 mm (48 in)","Agitator","Glass Lined Parts",""
"232308","Agitator Glass Lined Parts  Glasslined For Sale - IPP# 232308","https://ims.internationalprocessplants.com/inventory/equipment/detail/232308","10","","Re-glassed","114.3 mm (4.5 in)","","","Pitch Turbine","","","","","","Pfaudler","Glasslined","","Yes","Counterclockwise","","","1,200 mm (48 in)","Agitator","Glass Lined Parts",""
"232336","Glasslined Agitator Glass Lined Parts - IPP# 232336","https://ims.internationalprocessplants.com/inventory/equipment/detail/232336","9","","Used","114.3 mm (4.5 in)","","","","","","","","1,200 mm (48 in)","Pfaudler","Glasslined","","","","","","152.4 mm (6 in)","Agitator","Glass Lined Parts","378.5 L (100 gallons)"
"232340","Glasslined  Agitator Glass Lined Parts - IPP# 232340","https://ims.internationalprocessplants.com/inventory/equipment/detail/232340","19","RCI with a 5RW drive end","Re-glassed","88.9 mm (3.5 in)","","RW","3 Blade Retreat Curve","Very Clean (VC)","Full Fire Polish (FF)","","","3,800 mm (150.5 in)","Pfaudler","Glasslined","RCI","Yes","Counterclockwise","Yes","Stainless Steel 316","1,100 mm (44 in)","Agitator","Glass Lined Parts","7,550 L (2,000 gallons)"
"232342","Glasslined Agitator Glass Lined Parts - IPP# 232342","https://ims.internationalprocessplants.com/inventory/equipment/detail/232342","9","","Re-glassed","114.3 mm (4.5 in)","","","3 Blade Retreat Curve","","","","","4,150 mm (163.3 in)","","Glasslined","","","","","","1,350 mm (54 in)","Agitator","Glass Lined Parts","11,350 L (3,000 gallons)"
"232363","Glasslined Agitator Glass Lined Parts - IPP# 232363","https://ims.internationalprocessplants.com/inventory/equipment/detail/232363","15","","Re-glassed","38.1 mm (1.5 in)","","DTW","3 Blade Retreat Curve","","","","","1,250 mm (48.3 in)","Pfaudler","Glasslined","","Yes","Counterclockwise","Yes","Stainless Steel 316","508 mm (20 in)","Agitator","Glass Lined Parts","189.3 L (50 gallons)"
"232366","Glasslined  Agitator Glass Lined Parts - IPP# 232366","https://ims.internationalprocessplants.com/inventory/equipment/detail/232366","9","","Used","69.9 mm (2.8 in)","","","3 Blade Retreat Curve","","","","","1,750 mm (69.3 in)","","Glasslined","","","","","","762 mm (30 in)","Agitator","Glass Lined Parts","757 L (200 gallons)"
"232370","Glasslined Pfaudler Agitator Glass Lined Parts - IPP# 232370","https://ims.internationalprocessplants.com/inventory/equipment/detail/232370","10","","Used","50.8 mm (2 in)","","","3 Blade Retreat Curve","","","","","1,000 mm (39.5 in)","Pfaudler","Glasslined","","","","","","406.4 mm (16 in)","Agitator","Glass Lined Parts","113.6 L (30 gallons)"
"232371","Glasslined Pfaudler Agitator Glass Lined Parts - IPP# 232371","https://ims.internationalprocessplants.com/inventory/equipment/detail/232371","10","","Re-glassed","50.8 mm (2 in)","","","3 Blade Retreat Curve","","","","","940 mm (37 in)","Pfaudler","Glasslined","","","","","","1,150 mm (44.5 in)","Agitator","Glass Lined Parts","113.6 L (30 gallons)"
"232372","Glasslined Pfaudler Agitator Glass Lined Parts - IPP# 232372","https://ims.internationalprocessplants.com/inventory/equipment/detail/232372","10","","Used","76.2 mm (3 in)","","","3 Blade Retreat Curve","","","","","2,100 mm (82 in)","Pfaudler","Glasslined","","","","","","1,150 mm (44.5 in)","Agitator","Glass Lined Parts","1,150 L (300 gallons)"
"232374","Glasslined Pfaudler Agitator Glass Lined Parts - IPP# 232374","https://ims.internationalprocessplants.com/inventory/equipment/detail/232374","10","","Used","82.6 mm (3.3 in)","","","3 Blade Retreat Curve","","","","","1,750 mm (69.3 in)","Pfaudler","Glasslined","","","","","","813 mm (32 in)","Agitator","Glass Lined Parts","757 L (200 gallons)"
"232395","Agitator Glass Lined Parts - IPP# 232395","https://ims.internationalprocessplants.com/inventory/equipment/detail/232395","16","5TW drive end","Used","92.1 mm (3.6 in)","","TW","3 Blade Retreat Curve","Dirty (D) (light cleaning needed)","Full Fire Polish (FF)","","","3,800 mm (150.5 in)","Pfaudler","Glasslined","RCI","","Counter-Clockwise","","","1,100 mm (44 in)","Agitator","Glass Lined Parts","7,550 L (2,000 gallons)"
"232425","Glasslined Agitator Glass Lined Parts - IPP# 232425","https://ims.internationalprocessplants.com/inventory/equipment/detail/232425","8","","Re-glassed","50.8 mm (2 in)","","","3 Blade Retreat Curve","","","","","933 mm (36.8 in)","","Glasslined","","","","","","508 mm (20 in)","Agitator","Glass Lined Parts",""
"232428","Glasslined Pfaudler Agitator Glass Lined Parts - IPP# 232428","https://ims.internationalprocessplants.com/inventory/equipment/detail/232428","10","4" shaft RW end","Used","88.9 mm (3.5 in)","","","Cryo-Lock","","","","","3,050 mm (121 in)","Pfaudler","Glasslined","","","","","","","Agitator","Glass Lined Parts","5,700 L (1,500 gallons)"
"232433","Glasslined  Agitator Glass Lined Parts - IPP# 232433","https://ims.internationalprocessplants.com/inventory/equipment/detail/232433","9","2 1/4' diameter shaft","Used","57.2 mm (2.3 in)","","","","","","","","2,600 mm (103 in)","","Glasslined","","","","","","1,000 mm (40 in)","Agitator","Glass Lined Parts","1,900 L (500 gallons)"
"232435","Unused Glasslined Agitator Glass Lined Parts - IPP# 232435","https://ims.internationalprocessplants.com/inventory/equipment/detail/232435","10","RW drive end","Unused","76.2 mm (3 in)","","","","","","","","2,750 mm (107.5 in)","Pfaudler","Glasslined","","","","","","1,150 mm (46 in)","Agitator","Glass Lined Parts","2,850 L (750 gallons)"
"232437","Unused Glasslined Agitator Glass Lined Parts - IPP# 232437","https://ims.internationalprocessplants.com/inventory/equipment/detail/232437","10","RW drive end","Unused","101.6 mm (4 in)","","","","","","","","3,300 mm (129 in)","Pfaudler","Glasslined","","","","","","914 mm (36 in)","Agitator","Glass Lined Parts","3,800 L (1,000 gallons)"
"232438","Unused Glasslined Pfaudler Agitator Glass Lined Parts - IPP# 232438","https://ims.internationalprocessplants.com/inventory/equipment/detail/232438","10","RW drive end","Unused","76.2 mm (3 in)","","","","","","","","2,750 mm (107.5 in)","Pfaudler","Glasslined","","","","","","1,100 mm (44 in)","Agitator","Glass Lined Parts","2,850 L (750 gallons)"
"232460","Glasslined Agitator Glass Lined Parts - IPP# 232460","https://ims.internationalprocessplants.com/inventory/equipment/detail/232460","10","RCI agitator","Re-glassed","76.2 mm (3 in)","","","","","","","","3,250 mm (127.5 in)","Pfaudler","Glasslined","","","","","","1,100 mm (44 in)","Agitator","Glass Lined Parts","3,800 L (1,000 gallons)"
"232487","Glasslined Agitator Glass Lined Parts - IPP# 232487","https://ims.internationalprocessplants.com/inventory/equipment/detail/232487","19","5RW drive end","Re-glassed","88.9 mm (3.5 in)","","RW","3 Blade Retreat Curve","Very Clean (VC)","Full Fire Polish (FF)","","","2,800 mm (109.5 in)","Pfaudler","Glasslined","RCI","Yes","Counterclockwise","Yes","Stainless Steel 316","1,100 mm (44 in)","Agitator","Glass Lined Parts","2,850 L (750 gallons)"
"232488","Glasslined Agitator Glass Lined Parts - IPP# 232488","https://ims.internationalprocessplants.com/inventory/equipment/detail/232488","19","Fits a 4 RW drive","Re-glassed","88.9 mm (3.5 in)","","RW","3 Blade Retreat Curve","Very Clean (VC)","Full Fire Polish (FF)","","","2,700 mm (107.3 in)","Pfaudler","Glasslined","RA","Yes","Counterclockwise","Yes","Stainless Steel 316","914 mm (36 in)","Agitator","Glass Lined Parts","1,900 L (500 gallons)"
"232500","Glasslined Agitator Glass Lined Parts - IPP# 232500","https://ims.internationalprocessplants.com/inventory/equipment/detail/232500","9","RCI agitator, 3/4RW drive end","Re-glassed","","","","","","","","","2,250 mm (89 in)","","Glasslined","","Yes","","","","1,100 mm (44 in)","Agitator","Glass Lined Parts","1,150 L (300 gallons)"
"232503","Glasslined Agitator Glass Lined Parts - IPP# 232503","https://ims.internationalprocessplants.com/inventory/equipment/detail/232503","10","","Needs Reglass","114.3 mm (4.5 in)","","","3 Blade Retreat Curve","","","","","4,150 mm (163 in)","","Glasslined","RCI","","","","","1,350 mm (54 in)","Agitator","Glass Lined Parts","11,350 L (3,000 gallons)"
"232536","Glasslined Agitator Glass Lined Parts - IPP# 232536","https://ims.internationalprocessplants.com/inventory/equipment/detail/232536","10","","Re-glassed","158.8 mm (6.3 in)","","","Cryo-Lock","","","","","5,850 mm (230.4 in)","Pfaudler","Glasslined","Cryo-Lock with PTE-24","","","","","","Agitator","Glass Lined Parts","30,300 L (8,000 gallons)"
"232541","Unused Glasslined Pfaudler Agitator Glass Lined Parts - IPP# 232541","https://ims.internationalprocessplants.com/inventory/equipment/detail/232541","8","","Unused","114.3 mm (4.5 in)","","","","","","","","","Pfaudler","Glasslined","","","","","","1,050 mm (41 in)","Agitator","Glass Lined Parts","15,150 L (4,000 gallons)"
"232542","Agitator Glass Lined Parts 7,550 L (2,000 gallons) Glasslined For Sale - IPP# 232542","https://ims.internationalprocessplants.com/inventory/equipment/detail/232542","10","RW end","Used","88.9 mm (3.5 in)","","","Cryo-Lock","","","","","3,550 mm (140 in)","Pfaudler","Glasslined","","","","","","","Agitator","Glass Lined Parts","7,550 L (2,000 gallons)"
"232573","Glasslined Pfaudler Agitator Glass Lined Parts - IPP# 232573","https://ims.internationalprocessplants.com/inventory/equipment/detail/232573","14","5RW","Re-glassed","88.9 mm (3.5 in)","","RW","Cryo-Lock","","","","","3,750 mm (146.8 in)","Pfaudler","Glasslined","","Yes","","Yes","Stainless Steel Other","","Agitator","Glass Lined Parts","7,550 L (2,000 gallons)"
"232669","Agitator Glass Lined Parts  Glasslined For Sale - IPP# 232669","https://ims.internationalprocessplants.com/inventory/equipment/detail/232669","4","","Used","","","","","","","","","","","Glasslined","","","","","","","Agitator","Glass Lined Parts",""
"232672","Glasslined Agitator Glass Lined Parts - IPP# 232672","https://ims.internationalprocessplants.com/inventory/equipment/detail/232672","9","","Re-glassed","101.6 mm (4 in)","","","3 Blade Retreat Curve","","","","","3,250 mm (128 in)","","Glasslined","","","","","","1,200 mm (48 in)","Agitator","Glass Lined Parts","3,800 L (1,000 gallons)"
"232673","Glasslined Pfaudler 3BRC Agitator Glass Lined Parts - IPP# 232673","https://ims.internationalprocessplants.com/inventory/equipment/detail/232673","19","6RW drive end","Re-glassed","114.3 mm (4.5 in)","","RW","3 Blade Retreat Curve","Very Clean (VC)","Full Fire Polish (FF)","","","4,150 mm (163.3 in)","Pfaudler","Glasslined","3BRC","Yes","Counterclockwise","Yes","Stainless Steel 316","1,350 mm (54 in)","Agitator","Glass Lined Parts","11,350 L (3,000 gallons)"
"232674","Glasslined Agitator Glass Lined Parts - IPP# 232674","https://ims.internationalprocessplants.com/inventory/equipment/detail/232674","9","","Re-glassed","114.3 mm (4.5 in)","","","3 Blade Retreat Curve","","","","","3,050 mm (121 in)","","Glasslined","","","","","","1,450 mm (58 in)","Agitator","Glass Lined Parts","3,800 L (1,000 gallons)"
"232675","Glasslined Agitator Glass Lined Parts - IPP# 232675","https://ims.internationalprocessplants.com/inventory/equipment/detail/232675","9","","Re-glassed","101.6 mm (4 in)","","","3 Blade Retreat Curve","","","","","3,800 mm (150 in)","","Glasslined","","","","","","1,400 mm (56 in)","Agitator","Glass Lined Parts","7,550 L (2,000 gallons)"
"232676","Glasslined Pfaudler EM Series Agitator Glass Lined Parts - IPP# 232676","https://ims.internationalprocessplants.com/inventory/equipment/detail/232676","19","3TW drive end","Re-glassed","76.2 mm (3 in)","","TW","3 Blade Retreat Curve","Very Clean (VC)","Full Fire Polish (FF)","","","1,550 mm (61.5 in)","Pfaudler","Glasslined","EM Series","Yes","Counterclockwise","Yes","Stainless Steel 316","762 mm (30 in)","Agitator","Glass Lined Parts","568 L (150 gallons)"
"232681","Agitator Glass Lined Parts 5,700 L (1,500 gallons) Glasslined For Sale - IPP# 232681","https://ims.internationalprocessplants.com/inventory/equipment/detail/232681","9","","Used","101.6 mm (4 in)","","","3 Blade Retreat Curve","","","","","3,250 mm (128 in)","","Glasslined","","","","","","1,100 mm (44 in)","Agitator","Glass Lined Parts","5,700 L (1,500 gallons)"
"232682","Agitator Glass Lined Parts 1,150 L (300 gallons) Glasslined For Sale - IPP# 232682","https://ims.internationalprocessplants.com/inventory/equipment/detail/232682","9","","Used","76.2 mm (3 in)","","","3 Blade Retreat Curve","","","","","2,000 mm (78 in)","","Glasslined","","","","","","1,150 mm (46 in)","Agitator","Glass Lined Parts","1,150 L (300 gallons)"
"232683","Glasslined Agitator Glass Lined Parts - IPP# 232683","https://ims.internationalprocessplants.com/inventory/equipment/detail/232683","9","","Used","76.2 mm (3 in)","","","3 Blade Retreat Curve","","","","","1,500 mm (60 in)","","Glasslined","","","","","","813 mm (32 in)","Agitator","Glass Lined Parts","378.5 L (100 gallons)"
"232684","Agitator Glass Lined Parts 757 L (200 gallons) Glasslined For Sale - IPP# 232684","https://ims.internationalprocessplants.com/inventory/equipment/detail/232684","9","","Used","76.2 mm (3 in)","","","3 Blade Retreat Curve","","","","","1,500 mm (60 in)","","Glasslined","","","","","","813 mm (32 in)","Agitator","Glass Lined Parts","757 L (200 gallons)"
"232685","Glasslined Agitator Glass Lined Parts - IPP# 232685","https://ims.internationalprocessplants.com/inventory/equipment/detail/232685","19","5RW drive end","Re-glassed","88.9 mm (3.5 in)","","RW","3 Blade Retreat Curve","Very Clean (VC)","Full Fire Polish (FF)","","","3,300 mm (129.5 in)","Pfaudler","Glasslined","RCI","Yes","Counterclockwise","Yes","Stainless Steel 316","1,100 mm (44 in)","Agitator","Glass Lined Parts","5,700 L (1,500 gallons)"
"232686","Agitator Glass Lined Parts 757 L (200 gallons) Glasslined For Sale - IPP# 232686","https://ims.internationalprocessplants.com/inventory/equipment/detail/232686","9","","Re-glassed","76.2 mm (3 in)","","","3 Blade Retreat Curve","","","","","1,800 mm (70 in)","","Glasslined","","","","","","813 mm (32 in)","Agitator","Glass Lined Parts","757 L (200 gallons)"
"232687","Agitator Glass Lined Parts 1,900 L (500 gallons) Glasslined For Sale - IPP# 232687","https://ims.internationalprocessplants.com/inventory/equipment/detail/232687","9","","Re-glassed","88.9 mm (3.5 in)","","","3 Blade Retreat Curve","","","","","2,700 mm (106.5 in)","","Glasslined","","","","","","1,100 mm (44 in)","Agitator","Glass Lined Parts","1,900 L (500 gallons)"
"232690","Agitator Glass Lined Parts 2,850 L (750 gallons) Glasslined For Sale - IPP# 232690","https://ims.internationalprocessplants.com/inventory/equipment/detail/232690","9","","Used","101.6 mm (4 in)","","","3 Blade Retreat Curve","","","","","2,600 mm (102 in)","","Glasslined","","","","","","1,150 mm (46 in)","Agitator","Glass Lined Parts","2,850 L (750 gallons)"
"232691","Agitator Glass Lined Parts 1,900 L (500 gallons) Glasslined For Sale - IPP# 232691","https://ims.internationalprocessplants.com/inventory/equipment/detail/232691","9","","Used","101.6 mm (4 in)","","","3 Blade Retreat Curve","","","","","2,100 mm (83 in)","","Glasslined","","","","","","1,150 mm (46 in)","Agitator","Glass Lined Parts","1,900 L (500 gallons)"
"232693","Agitator Glass Lined Parts 1,900 L (500 gallons) Glasslined For Sale - IPP# 232693","https://ims.internationalprocessplants.com/inventory/equipment/detail/232693","9","","Used","76.2 mm (3 in)","","","3 Blade Retreat Curve","","","","","2,550 mm (101 in)","","Glasslined","","","","","","965 mm (38 in)","Agitator","Glass Lined Parts","1,900 L (500 gallons)"
"232694","Glasslined  Agitator Glass Lined Parts - IPP# 232694","https://ims.internationalprocessplants.com/inventory/equipment/detail/232694","19","Drive end is a 5 RW","Re-glassed","88.9 mm (3.5 in)","","RW","3 Blade Retreat Curve","Very Clean (VC)","Full Fire Polish (FF)","","","3,300 mm (129.5 in)","Pfaudler","Glasslined","RCI","Yes","Counterclockwise","Yes","Stainless Steel 316","1,100 mm (44 in)","Agitator","Glass Lined Parts","5,700 L (1,500 gallons)"
"232695","Agitator Glass Lined Parts  Glasslined For Sale - IPP# 232695","https://ims.internationalprocessplants.com/inventory/equipment/detail/232695","8","","Used","50.8 mm (2 in)","","","3 Blade Retreat Curve","","","","","1,150 mm (44.5 in)","","Glasslined","","","","","","521 mm (20.5 in)","Agitator","Glass Lined Parts",""
"232754","Glasslined Agitator Glass Lined Parts - IPP# 232754","https://ims.internationalprocessplants.com/inventory/equipment/detail/232754","16","Drive end for a 4RW","Re-glassed","76.2 mm (3 in)","","RW","3 Blade Retreat Curve","","","","","2,700 mm (107.3 in)","Pfaudler","Glasslined","","Yes","Counterclockwise","Yes","Stainless Steel Other","1,100 mm (44 in)","Agitator","Glass Lined Parts","1,900 L (500 gallons)"
"233505","Pfaudler RCI Glass-Lined Agitator &#x2013; 1,500-Gal Capacity - IPP# 233505","https://ims.internationalprocessplants.com/inventory/equipment/detail/233505","19","end for a 5 RW drive","Re-glassed","88.9 mm (3.5 in)","","RW","3 Blade Retreat Curve","Very Clean (VC)","Full Fire Polish (FF)","","","3,300 mm (129.5 in)","Pfaudler","Glasslined","RCI","Yes","Counter-Clockwise","Yes","Stainless Steel 316","1,100 mm (44 in)","Agitator","Glass Lined Parts","5,700 L (1,500 gallons)"
"233506","Glasslined Agitator Glass Lined Parts - IPP# 233506","https://ims.internationalprocessplants.com/inventory/equipment/detail/233506","16","4RW","Re-glassed","76.2 mm (3 in)","","RW","3 Blade Retreat Curve","","","","","1,950 mm (76 in)","Pfaudler","Glasslined","","Yes","Counterclockwise","Yes","Stainless Steel Other","1,100 mm (44 in)","Agitator","Glass Lined Parts","1,900 L (500 gallons)"
"233512","Glasslined Pfaudler Agitator Glass Lined Parts - IPP# 233512","https://ims.internationalprocessplants.com/inventory/equipment/detail/233512","13","5RW drive","Used","88.9 mm (3.5 in)","","","3 Blade Retreat Curve","","","","","3,300 mm (129.5 in)","Pfaudler","Glasslined","","","","Yes","Stainless Steel Other","1,100 mm (44 in)","Agitator","Glass Lined Parts","3,800 L (1,000 gallons)"
"233519","Glasslined Agitator Glass Lined Parts - IPP# 233519","https://ims.internationalprocessplants.com/inventory/equipment/detail/233519","19","5RW drive end","Re-glassed","88.9 mm (3.5 in)","","RW","3 Blade Retreat Curve","Very Clean (VC)","Full Fire Polish (FF)","","","3,300 mm (129.5 in)","Pfaudler","Glasslined","RCI","Yes","Counterclockwise","Yes","Stainless Steel 316","1,100 mm (44 in)","Agitator","Glass Lined Parts","3,800 L (1,000 gallons)"
"233523","Glasslined  Agitator Glass Lined Parts - IPP# 233523","https://ims.internationalprocessplants.com/inventory/equipment/detail/233523","18","Fits a 4 TW drive","Re-glassed","88.9 mm (3.5 in)","","TW","3 Blade Retreat Curve","Very Clean (VC)","Full Fire Polish (FF)","","","1,950 mm (76 in)","Pfaudler","Glasslined","","Yes","Counter-Clockwise","Yes","Stainless Steel 316","1,100 mm (44 in)","Agitator","Glass Lined Parts","1,900 L (500 gallons)"
"233541","Glasslined Agitator Glass Lined Parts - IPP# 233541","https://ims.internationalprocessplants.com/inventory/equipment/detail/233541","7","","Re-glassed","114.3 mm (4.5 in)","","","","","","","","","","Glasslined","RCI","","","","","","Agitator","Glass Lined Parts","15,150 L (4,000 gallons)"
"233545","Glasslined Agitator Glass Lined Parts - IPP# 233545","https://ims.internationalprocessplants.com/inventory/equipment/detail/233545","19","Drive end is a 3TW","Re-glassed","76.2 mm (3 in)","","TW","3 Blade Retreat Curve","Very Clean (VC)","Full Fire Polish (FF)","","","1,750 mm (69.5 in)","Pfaudler","Glasslined","RCI","Yes","Counter-Clockwise","Yes","Stainless Steel 316","762 mm (30 in)","Agitator","Glass Lined Parts","757 L (200 gallons)"
"233549","Glasslined Agitator Glass Lined Parts - IPP# 233549","https://ims.internationalprocessplants.com/inventory/equipment/detail/233549","19","4 TW drive end","Re-glassed","76.2 mm (3 in)","","TW","3 Blade Retreat Curve","Very Clean (VC)","Full Fire Polish (FF)","","","1,950 mm (76 in)","Pfaudler","Glasslined","RCI","Yes","Counter-Clockwise","Yes","Stainless Steel 316","1,100 mm (44 in)","Agitator","Glass Lined Parts","1,900 L (500 gallons)"
"233552","Glasslined Agitator Glass Lined Parts - IPP# 233552","https://ims.internationalprocessplants.com/inventory/equipment/detail/233552","7","impeller agitator","Re-glassed","","","","3 Blade Retreat Curve","","","","","","","Glasslined","","Yes","","","","","Agitator","Glass Lined Parts",""
"233555","Glasslined Agitator Glass Lined Parts - IPP# 233555","https://ims.internationalprocessplants.com/inventory/equipment/detail/233555","13","for a 6RW drive","Re-glassed","114.3 mm (4.5 in)","","RW","3 Blade Retreat Curve","","","","","4,150 mm (163.3 in)","","Glasslined","RCI","Yes","","","","1,350 mm (54 in)","Agitator","Glass Lined Parts","11,350 L (3,000 gallons)"
"233563","Glasslined Pfaudler Cryo-Lock Agitator Glass Lined Parts - IPP# 233563","https://ims.internationalprocessplants.com/inventory/equipment/detail/233563","15","Cryo-lock shaft with 7-8RW drive end","Re-glassed","139.7 mm (5.5 in)","","RW","Cryo-Lock","Very Clean (VC)","Full Fire Polish (FF)","","","5,150 mm (203 in)","Pfaudler","Glasslined","Cryo-Lock","Yes","","","","","Agitator","Glass Lined Parts","15,150 L (4,000 gallons)"
"233576","Glasslined Agitator Glass Lined Parts - IPP# 233576","https://ims.internationalprocessplants.com/inventory/equipment/detail/233576","7","","Used","","","","3 Blade Retreat Curve","","","","","","","Glasslined","RCI","","","","","","Agitator","Glass Lined Parts","568 L (150 gallons)"
"233695","Glasslined Agitator Glass Lined Parts - IPP# 233695","https://ims.internationalprocessplants.com/inventory/equipment/detail/233695","11","Fits 7/8 RW or 70555RW","Used","139.7 mm (5.5 in)","","","Cryo-Lock","","","","","5,350 mm (210.8 in)","Pfaudler","Glasslined","Cryo-Lock","","","","","","Agitator","Glass Lined Parts","30,300 L (8,000 gallons)"
"233718","Agitator Glass Lined Parts  Glasslined For Sale - IPP# 233718","https://ims.internationalprocessplants.com/inventory/equipment/detail/233718","9","","Used","76.2 mm (3 in)","","","3 Blade Retreat Curve","","","","","1,750 mm (69 in)","Pfaudler","Glasslined","","","","","","762 mm (30 in)","Agitator","Glass Lined Parts",""
"233865","Glasslined Agitator Glass Lined Parts - IPP# 233865","https://ims.internationalprocessplants.com/inventory/equipment/detail/233865","15","5DTW drive end","Re-glassed","88.9 mm (3.5 in)","","DTW","3 Blade Retreat Curve","","","","","3,650 mm (143 in)","","Glasslined","","Yes","Counterclockwise","Yes","Stainless Steel Other","1,100 mm (44 in)","Agitator","Glass Lined Parts","7,550 L (2,000 gallons)"
"233891","Glasslined Pfaudler Agitator Glass Lined Parts - IPP# 233891","https://ims.internationalprocessplants.com/inventory/equipment/detail/233891","15","2.5 SRW drive end","Re-glassed","63.5 mm (2.5 in)","","SRW","Cryo-Lock","","","","","2,550 mm (101 in)","Pfaudler","Glasslined","","Yes","","Yes","Stainless Steel 316","19,050 mm (750 in)","Agitator","Glass Lined Parts","2,850 L (750 gallons)"
"233892","Agitator Glass Lined Parts 1,900 L (500 gallons) Glasslined For Sale - IPP# 233892","https://ims.internationalprocessplants.com/inventory/equipment/detail/233892","14","2.5 SRW drive end","Re-glassed","63.5 mm (2.5 in)","","SRW","Cryo-Lock","","","","","2,050 mm (81 in)","Pfaudler","Glasslined","","Yes","","Yes","Stainless Steel 316","","Agitator","Glass Lined Parts","1,900 L (500 gallons)"
"233902","Glasslined Pfaudler Agitator Glass Lined Parts - IPP# 233902","https://ims.internationalprocessplants.com/inventory/equipment/detail/233902","17","6RW drive end","Re-glassed","114.3 mm (4.5 in)","","RW","3 Blade Retreat Curve","Very Clean (VC)","Full Fire Polish (FF)","","","4,150 mm (163.3 in)","Pfaudler","Glasslined","","Yes","Counterclockwise","Yes","Stainless Steel 316","1,350 mm (54 in)","Agitator","Glass Lined Parts",""
"233903","Glasslined Agitator Glass Lined Parts - IPP# 233903","https://ims.internationalprocessplants.com/inventory/equipment/detail/233903","12","","Re-glassed","76.2 mm (3 in)","","","3 Blade Retreat Curve","","","","","2,800 mm (110 in)","Pfaudler","Glasslined","RCI","Yes","","","","914 mm (36 in)","Agitator","Glass Lined Parts","2,850 L (750 gallons)"
"233904","Glasslined Agitator Glass Lined Parts - IPP# 233904","https://ims.internationalprocessplants.com/inventory/equipment/detail/233904","18","7RW drive end","Re-glassed","139.7 mm (5.5 in)","","RW","3 Blade Retreat Curve","Very Clean (VC)","Full Fire Polish (FF)","","","5,450 mm (214.4 in)","","Glasslined","RCI","Yes","Counterclockwise","Yes","Stainless Steel 316","1,350 mm (54 in)","Agitator","Glass Lined Parts","18,950 L (5,000 gallons)"
"233905","Glasslined Agitator Glass Lined Parts - IPP# 233905","https://ims.internationalprocessplants.com/inventory/equipment/detail/233905","11","","Re-glassed","88.9 mm (3.5 in)","","","3 Blade Retreat Curve","","","","","3,100 mm (122 in)","","Glasslined","RCI","Yes","","","","965 mm (38 in)","Agitator","Glass Lined Parts","3,800 L (1,000 gallons)"
"233906","Agitator Glass Lined Parts 7,550 L (2,000 gallons) Glasslined For Sale - IPP# 233906","https://ims.internationalprocessplants.com/inventory/equipment/detail/233906","10","","Re-glassed","88.9 mm (3.5 in)","","","3 Blade Retreat Curve","","","","","3,300 mm (129 in)","","Glasslined","","Yes","","","","914 mm (36 in)","Agitator","Glass Lined Parts","7,550 L (2,000 gallons)"
"233908","Glasslined Agitator Glass Lined Parts - IPP# 233908","https://ims.internationalprocessplants.com/inventory/equipment/detail/233908","19","5RW drive end","Re-glassed","88.9 mm (3.5 in)","","RW","3 Blade Retreat Curve","Very Clean (VC)","Full Fire Polish (FF)","","","2,800 mm (109.5 in)","Pfaudler","Glasslined","RCI","Yes","Counterclockwise","Yes","Stainless Steel 316","1,100 mm (44 in)","Agitator","Glass Lined Parts","2,850 L (750 gallons)"
"233910","Agitator Glass Lined Parts - IPP# 233910","https://ims.internationalprocessplants.com/inventory/equipment/detail/233910","19","Fits a 5 RW","Re-glassed","88.9 mm (3.5 in)","","RW","3 Blade Retreat Curve","Very Clean (VC)","Full Fire Polish (FF)","","","2,800 mm (109.5 in)","Pfaudler","Glasslined","RCI","Yes","Counterclockwise","Yes","Stainless Steel 316","1,100 mm (44 in)","Agitator","Glass Lined Parts","2,850 L (750 gallons)"
"233914","Glasslined Agitator Glass Lined Parts - IPP# 233914","https://ims.internationalprocessplants.com/inventory/equipment/detail/233914","11","","Re-glassed","114.3 mm (4.5 in)","","","3 Blade Retreat Curve","","","","","3,850 mm (152 in)","","Glasslined","RCI","Yes","","","","1,200 mm (48 in)","Agitator","Glass Lined Parts","7,550 L (2,000 gallons)"
"233915","Glasslined Agitator Glass Lined Parts - IPP# 233915","https://ims.internationalprocessplants.com/inventory/equipment/detail/233915","12","","Re-glassed","114.3 mm (4.5 in)","","","3 Blade Retreat Curve","","","","","3,050 mm (121 in)","Pfaudler","Glasslined","RCI","Yes","","","","1,150 mm (46 in)","Agitator","Glass Lined Parts","5,700 L (1,500 gallons)"
"233916","Glasslined Agitator Glass Lined Parts - IPP# 233916","https://ims.internationalprocessplants.com/inventory/equipment/detail/233916","11","","Re-glassed","114.3 mm (4.5 in)","","","3 Blade Retreat Curve","","","","","3,800 mm (150 in)","","Glasslined","RCI","Yes","","","","1,100 mm (44 in)","Agitator","Glass Lined Parts","7,550 L (2,000 gallons)"
"233918","Glasslined  Agitator Glass Lined Parts - IPP# 233918","https://ims.internationalprocessplants.com/inventory/equipment/detail/233918","19","6RW drive end","Re-glassed","114.3 mm (4.5 in)","","RW","3 Blade Retreat Curve","Very Clean (VC)","Full Fire Polish (FF)","","","4,150 mm (163.3 in)","Pfaudler","Glasslined","RCI","Yes","Counterclockwise","Yes","Stainless Steel 316","1,350 mm (54 in)","Agitator","Glass Lined Parts","11,350 L (3,000 gallons)"
"234944","Glasslined Agitator Glass Lined Parts - IPP# 234944","https://ims.internationalprocessplants.com/inventory/equipment/detail/234944","8","","Re-glassed","76.2 mm (3 in)","","","","","","","","2,300 mm (91 in)","","Glasslined","","","","","","457.2 mm (18 in)","Agitator","Glass Lined Parts","1,900 L (500 gallons)"
"234945","Glasslined Agitator Glass Lined Parts - IPP# 234945","https://ims.internationalprocessplants.com/inventory/equipment/detail/234945","7","","Re-glassed","","","","","","","","","","","Glasslined","RCI","Yes","","","","","Agitator","Glass Lined Parts","2,850 L (750 gallons)"
"234946","Glasslined Agitator Glass Lined Parts - IPP# 234946","https://ims.internationalprocessplants.com/inventory/equipment/detail/234946","19","Fits a 5RW drive","Re-glassed","88.9 mm (3.5 in)","","RW","3 Blade Retreat Curve","Very Clean (VC)","Full Fire Polish (FF)","","","3,300 mm (129.5 in)","Pfaudler","Glasslined","RCI","Yes","Counterclockwise","Yes","Stainless Steel 316","1,100 mm (44 in)","Agitator","Glass Lined Parts","5,700 L (1,500 gallons)"
"234959","Glasslined Agitator Glass Lined Parts - IPP# 234959","https://ims.internationalprocessplants.com/inventory/equipment/detail/234959","15","4 RW","Re-glassed","76.2 mm (3 in)","","RW","3 Blade Retreat Curve","","","","","2,100 mm (82.3 in)","","Glasslined","","Yes","Counterclockwise","Yes","Stainless Steel Other","914 mm (36 in)","Agitator","Glass Lined Parts","1,150 L (300 gallons)"
"234977","Glasslined Agitator Glass Lined Parts - IPP# 234977","https://ims.internationalprocessplants.com/inventory/equipment/detail/234977","7","","Good Used Glass","","","","Cryo-Lock","","","","","","Pfaudler","Glasslined","Cryo-Lock","","","","","","Agitator","Glass Lined Parts",""
"235276","Glasslined Agitator Glass Lined Parts - IPP# 235276","https://ims.internationalprocessplants.com/inventory/equipment/detail/235276","6","","Used","","","","","","","","","","","Glasslined","RCI","","","","","","Agitator","Glass Lined Parts","7,550 L (2,000 gallons)"
"235290","Glasslined Agitator Glass Lined Parts - IPP# 235290","https://ims.internationalprocessplants.com/inventory/equipment/detail/235290","9","","New","88.9 mm (3.5 in)","","","CBT","","","","","","","Glasslined","Cryo-Lock","","Clockwise","","","838 mm (33 in)","Agitator","Glass Lined Parts",""
"235502","Glasslined Agitator Glass Lined Parts - IPP# 235502","https://ims.internationalprocessplants.com/inventory/equipment/detail/235502","19","Fits a 3DTW drive","Re-glassed","76.2 mm (3 in)","","DTW","3 Blade Retreat Curve","Very Clean (VC)","Full Fire Polish (FF)","","","1,750 mm (69.5 in)","Pfaudler","Glasslined","EM series","Yes","Counterclockwise","Yes","Stainless Steel 316","762 mm (30 in)","Agitator","Glass Lined Parts","757 L (200 gallons)"
"235506","Glasslined Agitator Glass Lined Parts - IPP# 235506","https://ims.internationalprocessplants.com/inventory/equipment/detail/235506","8","","Re-glassed","","","","","","","","","1,550 mm (61.5 in)","Pfaudler","Glasslined","","Yes","","","","","Agitator","Glass Lined Parts","3,800 L (1,000 gallons)"
"235513","Agitator Glass Lined Parts 1,900 L (500 gallons) Glasslined For Sale - IPP# 235513","https://ims.internationalprocessplants.com/inventory/equipment/detail/235513","11","","Re-glassed","88.9 mm (3.5 in)","","","CBT","","","","","","Pfaudler","Glasslined","","Yes","Counterclockwise","","","584 mm (23 in)","Agitator","Glass Lined Parts","1,900 L (500 gallons)"
"235520","Agitator Glass Lined Parts 30,300 L (8,000 gallons) Glasslined For Sale - IPP# 235520","https://ims.internationalprocessplants.com/inventory/equipment/detail/235520","9","Three tier","Used","155.4 mm (6.1 in)","","","Cryo-Lock","","","","","5,850 mm (230 in)","","Glasslined","","","","","","","Agitator","Glass Lined Parts","30,300 L (8,000 gallons)"
"235521","Agitator Glass Lined Parts 30,300 L (8,000 gallons) Glasslined For Sale - IPP# 235521","https://ims.internationalprocessplants.com/inventory/equipment/detail/235521","10","Three tier","Used","155.4 mm (6.1 in)","Yes","","Cryo-Lock","","","","","5,850 mm (230 in)","","Glasslined","","","","","","","Agitator","Glass Lined Parts","30,300 L (8,000 gallons)"
"235522","Glasslined Pfaudler Agitator Glass Lined Parts - IPP# 235522","https://ims.internationalprocessplants.com/inventory/equipment/detail/235522","16","5RW","Re-glassed","88.9 mm (3.5 in)","","RW","3 Blade Retreat Curve","","","","","3,800 mm (150.5 in)","Pfaudler","Glasslined","","Yes","Counterclockwise","Yes","Stainless Steel Other","1,100 mm (44 in)","Agitator","Glass Lined Parts","7,550 L (2,000 gallons)"
"235523","Glasslined Agitator Glass Lined Parts - IPP# 235523","https://ims.internationalprocessplants.com/inventory/equipment/detail/235523","9","","Re-glassed","88.9 mm (3.5 in)","","","","","","","","2,700 mm (106.5 in)","","Glasslined","","Yes","","Yes","","914 mm (36 in)","Agitator","Glass Lined Parts",""
"235524","Glasslined Agitator Glass Lined Parts - IPP# 235524","https://ims.internationalprocessplants.com/inventory/equipment/detail/235524","9","","Re-glassed","114.3 mm (4.5 in)","","","","","","","","3,300 mm (129.5 in)","","Glasslined","","Yes","","","","1,100 mm (44 in)","Agitator","Glass Lined Parts","5,700 L (1,500 gallons)"
"235525","Glasslined Agitator Glass Lined Parts - IPP# 235525","https://ims.internationalprocessplants.com/inventory/equipment/detail/235525","9","","Re-glassed","114.3 mm (4.5 in)","","","","","","","","3,300 mm (129.5 in)","","Glasslined","","Yes","","","","1,100 mm (44 in)","Agitator","Glass Lined Parts","5,700 L (1,500 gallons)"
"235527","Glasslined Agitator Glass Lined Parts - IPP# 235527","https://ims.internationalprocessplants.com/inventory/equipment/detail/235527","17","5TW drive end","Re-glassed","88.9 mm (3.5 in)","","TW","3 Blade Retreat Curve","","","","","3,100 mm (122 in)","Pfaudler","Glasslined","RCI","Yes","Counterclockwise","Yes","Stainless Steel 316","1,100 mm (44 in)","Agitator","Glass Lined Parts","3,800 L (1,000 gallons)"
"235529","Glasslined Agitator Glass Lined Parts - IPP# 235529","https://ims.internationalprocessplants.com/inventory/equipment/detail/235529","19","Fits a 5RW","Re-glassed","88.9 mm (3.5 in)","","RW","Pitch Turbine","Very Clean (VC)","Full Fire Polish (FF)","","","3,800 mm (150.5 in)","Pfaudler","Glasslined","RCI","Yes","Counterclockwise","Yes","Stainless Steel 316","1,100 mm (44 in)","Agitator","Glass Lined Parts","7,550 L (2,000 gallons)"
"235531","Glasslined Agitator Glass Lined Parts - IPP# 235531","https://ims.internationalprocessplants.com/inventory/equipment/detail/235531","10","","Re-glassed","114.3 mm (4.5 in)","","","Pitch Turbine","","","","","","Pfaudler","Glasslined","","Yes","Counterclockwise","","","1,200 mm (48 in)","Agitator","Glass Lined Parts",""
"235534","Glasslined Agitator Glass Lined Parts - IPP# 235534","https://ims.internationalprocessplants.com/inventory/equipment/detail/235534","8","","Re-glassed","76.2 mm (3 in)","","","","","","","","2,700 mm (107 in)","","Glasslined","","Yes","","","","1,100 mm (44 in)","Agitator","Glass Lined Parts",""
"235538","Glasslined Agitator Glass Lined Parts - IPP# 235538","https://ims.internationalprocessplants.com/inventory/equipment/detail/235538","19","5RW","Re-glassed","88.9 mm (3.5 in)","","RW","3 Blade Retreat Curve","Very Clean (VC)","Full Fire Polish (FF)","","","2,800 mm (109.5 in)","Pfaudler","Glasslined","RCI","Yes","Counterclockwise","Yes","Stainless Steel 316","1,100 mm (44 in)","Agitator","Glass Lined Parts","2,850 L (750 gallons)"
"235539","Glasslined Agitator Glass Lined Parts - IPP# 235539","https://ims.internationalprocessplants.com/inventory/equipment/detail/235539","9","","Re-glassed","88.9 mm (3.5 in)","","","","","","","","2,600 mm (102 in)","","Glasslined","","Yes","","","","1,100 mm (44 in)","Agitator","Glass Lined Parts","1,900 L (500 gallons)"
"235545","Glasslined Agitator Glass Lined Parts - IPP# 235545","https://ims.internationalprocessplants.com/inventory/equipment/detail/235545","19","8RW drive end","Re-glassed","139.7 mm (5.5 in)","","RW","3 Blade Retreat Curve","Very Clean (VC)","Full Fire Polish (FF)","","","5,300 mm (209.5 in)","Pfaudler","Glasslined","RCI","Yes","Counter-Clockwise","Yes","Stainless Steel 316","1,650 mm (64 in)","Agitator","Glass Lined Parts","22,700 L (6,000 gallons)"
"235554","Glasslined Agitator Glass Lined Parts - IPP# 235554","https://ims.internationalprocessplants.com/inventory/equipment/detail/235554","9","","Re-glassed","139.7 mm (5.5 in)","","","","","","","","4,100 mm (162.3 in)","","Glasslined","","Yes","","","","1,500 mm (60 in)","Agitator","Glass Lined Parts","11,350 L (3,000 gallons)"
"235560","Glasslined Agitator Glass Lined Parts - IPP# 235560","https://ims.internationalprocessplants.com/inventory/equipment/detail/235560","9","","Used","584 mm (23 in)","","","Cryo-Lock","","","3.5","","","","Glasslined","CBT","","","","","","Agitator","Glass Lined Parts","1,900 L (500 gallons)"
"235562","Glasslined Agitator Glass Lined Parts - IPP# 235562","https://ims.internationalprocessplants.com/inventory/equipment/detail/235562","13","3TW drive end","Re-glassed","76.2 mm (3 in)","","TW","","","","","","1,950 mm (76 in)","Pfaudler","Glasslined","","Yes","Counterclockwise","","","1,100 mm (44 in)","Agitator","Glass Lined Parts","1,900 L (500 gallons)"
"235563","Glasslined Agitator Glass Lined Parts - IPP# 235563","https://ims.internationalprocessplants.com/inventory/equipment/detail/235563","10","","Re-glassed","76.2 mm (3 in)","","","","","","","","2,550 mm (101.3 in)","Pfaudler","Glasslined","","Yes","","","","1,100 mm (44 in)","Agitator","Glass Lined Parts","1,900 L (500 gallons)"
"235566","Glasslined Agitator Glass Lined Parts - IPP# 235566","https://ims.internationalprocessplants.com/inventory/equipment/detail/235566","9","","Re-glassed","76.2 mm (3 in)","","","","","","","","2,750 mm (107.5 in)","Pfaudler","Glasslined","","Yes","","","","","Agitator","Glass Lined Parts","1,900 L (500 gallons)"
"235567","Agitator Glass Lined Parts 568 L (150 gallons) Glasslined For Sale - IPP# 235567","https://ims.internationalprocessplants.com/inventory/equipment/detail/235567","17","3 TW","Re-glassed","76.2 mm (3 in)","","TW","3 Blade Retreat Curve","","","","","1,550 mm (61.5 in)","Pfaudler","Glasslined","EM","Yes","Counterclockwise","Yes","Stainless Steel 316","762 mm (30 in)","Agitator","Glass Lined Parts","568 L (150 gallons)"
"235579","Glasslined Agitator Glass Lined Parts - IPP# 235579","https://ims.internationalprocessplants.com/inventory/equipment/detail/235579","7","","Re-glassed","","","","","","","","","","Pfaudler","Glasslined","","Yes","","","","","Agitator","Glass Lined Parts","757 L (200 gallons)"
"235583","Glasslined Agitator Glass Lined Parts - IPP# 235583","https://ims.internationalprocessplants.com/inventory/equipment/detail/235583","7","","Re-glassed","","","","","","","","","","Pfaudler","Glasslined","","Yes","","","","","Agitator","Glass Lined Parts","5,700 L (1,500 gallons)"
"235584","Teflon Agitator Glass Lined Parts - IPP# 235584","https://ims.internationalprocessplants.com/inventory/equipment/detail/235584","9","","Re-glassed","76.2 mm (3 in)","","","","","","","","2,200 mm (87.5 in)","","Teflon","","Yes","","","","914 mm (36 in)","Agitator","Glass Lined Parts","1,900 L (500 gallons)"
"235585","Agitator Glass Lined Parts 7,550 L (2,000 gallons) Glasslined For Sale - IPP# 235585","https://ims.internationalprocessplants.com/inventory/equipment/detail/235585","10","","Re-glassed","88.9 mm (3.5 in)","","","Cryo-Lock","","","","","3,700 mm (146.3 in)","Pfaudler","Glasslined","","Yes","","","","","Agitator","Glass Lined Parts","7,550 L (2,000 gallons)"
"235594","Glasslined Agitator Glass Lined Parts - IPP# 235594","https://ims.internationalprocessplants.com/inventory/equipment/detail/235594","17","8RW","Re-glassed","139.7 mm (5.5 in)","","RW","Cryo-Lock","Very Clean (VC)","Full Fire Polish (FF)","","","4,900 mm (192.6 in)","Pfaudler","Glasslined","Cryo-Lock","Yes","","Yes","Stainless Steel 316","","Agitator","Glass Lined Parts","15,150 L (4,000 gallons)"
"235734","Agitator Glass Lined Parts  Glasslined For Sale - IPP# 235734","https://ims.internationalprocessplants.com/inventory/equipment/detail/235734","6","","Used","","","","","","","","","","Pfaudler","Glasslined","","","","","","737 mm (29 in)","Agitator","Glass Lined Parts",""
"235743","Glasslined Agitator Glass Lined Parts - IPP# 235743","https://ims.internationalprocessplants.com/inventory/equipment/detail/235743","8","","Used","114.3 mm (4.5 in)","","","Pitch Turbine","","","","","","","Glasslined","","","Clockwise","","","1,200 mm (48 in)","Agitator","Glass Lined Parts",""
"235761","Agitator Glass Lined Parts  Glasslined For Sale - IPP# 235761","https://ims.internationalprocessplants.com/inventory/equipment/detail/235761","9","","Re-glassed","88.9 mm (3.5 in)","","","CBT","","","","","","Pfaudler","Glasslined","","Yes","","","","838 mm (33 in)","Agitator","Glass Lined Parts",""
"235769","Glasslined Agitator Glass Lined Parts - IPP# 235769","https://ims.internationalprocessplants.com/inventory/equipment/detail/235769","6","","Re-glassed","","","","","","","","","","","Glasslined","","Yes","","","","","Agitator","Glass Lined Parts","1,900 L (500 gallons)"
"235772","Agitator Glass Lined Parts 1,150 L (300 gallons) Glasslined For Sale - IPP# 235772","https://ims.internationalprocessplants.com/inventory/equipment/detail/235772","9","","Re-glassed","76.2 mm (3 in)","","","","","","","","1,850 mm (73 in)","","Glasslined","","Yes","","","","914 mm (36 in)","Agitator","Glass Lined Parts","1,150 L (300 gallons)"
"235774","Agitator Glass Lined Parts 2,850 L (750 gallons) Glasslined For Sale - IPP# 235774","https://ims.internationalprocessplants.com/inventory/equipment/detail/235774","8","","Re-glassed","","","","Cryo-Lock","","","","","2,650 mm (103.8 in)","","Glasslined","","Yes","","","","","Agitator","Glass Lined Parts","2,850 L (750 gallons)"
"235810","Agitator Glass Lined Parts - IPP# 235810","https://ims.internationalprocessplants.com/inventory/equipment/detail/235810","6","","Re-glassed","114.3 mm (4.5 in)","","","","","","","","","","Glasslined","","Yes","","","","","Agitator","Glass Lined Parts",""
"235853","Glasslined Agitator Glass Lined Parts - IPP# 235853","https://ims.internationalprocessplants.com/inventory/equipment/detail/235853","7","","Used","","","","Cryo-Lock","","","","","","Pfaudler","Glasslined","Cryo-Lock","","","","","","Agitator","Glass Lined Parts",""
"235907","Glasslined Agitator Glass Lined Parts - IPP# 235907","https://ims.internationalprocessplants.com/inventory/equipment/detail/235907","9","","Used","127 mm (5 in)","Yes","","Cryo-Lock","","","","","5,250 mm (207 in)","","Glasslined","","","","","","","Agitator","Glass Lined Parts","18,950 L (5,000 gallons)"
"235908","Glasslined Agitator Glass Lined Parts - IPP# 235908","https://ims.internationalprocessplants.com/inventory/equipment/detail/235908","9","","Used","127 mm (5 in)","Yes","","Cryo-Lock","","","","","5,250 mm (207 in)","","Glasslined","","","","","","","Agitator","Glass Lined Parts","18,950 L (5,000 gallons)"
"235911","Glasslined Agitator Glass Lined Parts - IPP# 235911","https://ims.internationalprocessplants.com/inventory/equipment/detail/235911","19","DTW drive end","Re-glassed","38.1 mm (1.5 in)","","DTW","3 Blade Retreat Curve","Very Clean (VC)","Full Fire Polish (FF)","","","1,250 mm (49.9 in)","Pfaudler","Glasslined","ES","Yes","Counterclockwise","Yes","Stainless Steel 316","610 mm (24 in)","Agitator","Glass Lined Parts","26.5 L (7 gallons)"
"235912","Glasslined Agitator Glass Lined Parts - IPP# 235912","https://ims.internationalprocessplants.com/inventory/equipment/detail/235912","18","2.5 DTW","Re-glassed","38.1 mm (1.5 in)","","DTW","3 Blade Retreat Curve","Very Clean (VC)","Full Fire Polish (FF)","","","1,250 mm (49 in)","Pfaudler","Glasslined","","Yes","Counterclockwise","Yes","Stainless Steel 316","610 mm (24 in)","Agitator","Glass Lined Parts","283.9 L (75 gallons)"
"235913","Glasslined Agitator Glass Lined Parts - IPP# 235913","https://ims.internationalprocessplants.com/inventory/equipment/detail/235913","19","2.5 DTW drive end","Re-glassed","38.1 mm (1.5 in)","Yes","DTW","Pitch Turbine","Very Clean (VC)","Full Fire Polish (FF)","","Yes","1,350 mm (54 in)","Pfaudler","Glasslined","P and ES","Yes","Counterclockwise","","","362 mm (14.3 in)","Agitator","Glass Lined Parts","378.5 L (100 gallons)"
"235946","Agitator Glass Lined Parts 5,700 L (1,500 gallons) Glasslined For Sale - IPP# 235946","https://ims.internationalprocessplants.com/inventory/equipment/detail/235946","8","","Used","88.9 mm (3.5 in)","","","","","","","","3,300 mm (129.5 in)","","Glasslined","","","","","","914 mm (36 in)","Agitator","Glass Lined Parts","5,700 L (1,500 gallons)"
"235964","Glasslined Agitator Glass Lined Parts - IPP# 235964","https://ims.internationalprocessplants.com/inventory/equipment/detail/235964","8","","Used","101.6 mm (4 in)","","","3 Blade Retreat Curve","","","","","4,900 mm (193 in)","","Glasslined","","","","","","1,350 mm (54 in)","Agitator","Glass Lined Parts",""
"235965","Glasslined Agitator Glass Lined Parts - IPP# 235965","https://ims.internationalprocessplants.com/inventory/equipment/detail/235965","8","","Used","114.3 mm (4.5 in)","","","3 Blade Retreat Curve","","","","","4,900 mm (192 in)","","Glasslined","","","","","","1,200 mm (48 in)","Agitator","Glass Lined Parts",""
"235994","Agitator Glass Lined Parts  Glasslined For Sale - IPP# 235994","https://ims.internationalprocessplants.com/inventory/equipment/detail/235994","5","","Re-glassed","","","","","","","","","","","Glasslined","","Yes","","","","","Agitator","Glass Lined Parts",""
"235995","Agitator Glass Lined Parts  Glasslined For Sale - IPP# 235995","https://ims.internationalprocessplants.com/inventory/equipment/detail/235995","5","","Re-glassed","","","","","","","","","","","Glasslined","","Yes","","","","","Agitator","Glass Lined Parts",""
"235996","Glasslined Agitator Glass Lined Parts - IPP# 235996","https://ims.internationalprocessplants.com/inventory/equipment/detail/235996","19","2.5 DTW drive end","Re-glassed","38.1 mm (1.5 in)","","DTW","3 Blade Retreat Curve","Very Clean (VC)","Full Fire Polish (FF)","","","1,000 mm (39.8 in)","Pfaudler","Glasslined","P series","Yes","Counterclockwise","Yes","Stainless Steel 316","406.4 mm (16 in)","Agitator","Glass Lined Parts","113.6 L (30 gallons)"
"238201","Unused Agitator Glass Lined Parts 757 L (200 gallons) Glasslined For Sale - IPP# 238201","https://ims.internationalprocessplants.com/inventory/equipment/detail/238201","10","","Unused","76.2 mm (3 in)","","","3 Blade Retreat Curve","","","","","1,550 mm (61.5 in)","","Glasslined","","Yes","","","","762 mm (30 in)","Agitator","Glass Lined Parts","757 L (200 gallons)"
"238218","Unused Glasslined Pfaudler Agitator Glass Lined Parts - IPP# 238218","https://ims.internationalprocessplants.com/inventory/equipment/detail/238218","9","","Unused","139.7 mm (5.5 in)","","","Cryo-Lock","","","","","4,550 mm (180 in)","Pfaudler","Glasslined","","","","","","","Agitator","Glass Lined Parts","18,950 L (5,000 gallons)"
"238219","Unused Glasslined Agitator Glass Lined Parts - IPP# 238219","https://ims.internationalprocessplants.com/inventory/equipment/detail/238219","14","","Unused","139.7 mm (5.5 in)","","RW","Cryo-Lock","Very Clean (VC)","Full Fire Polish (FF)","4.5","","4,600 mm (180.5 in)","Pfaudler","Glasslined","","","","Yes","","","Agitator","Glass Lined Parts","18,950 L (5,000 gallons)"
"238224","Glasslined Agitator Glass Lined Parts - IPP# 238224","https://ims.internationalprocessplants.com/inventory/equipment/detail/238224","8","","Used","","Yes","","","","","","","4,850 mm (191 in)","DeDietrich","Glasslined","","","","","","","Agitator","Glass Lined Parts","18,950 L (5,000 gallons)"
"238225","Unused Glasslined Agitator Glass Lined Parts - IPP# 238225","https://ims.internationalprocessplants.com/inventory/equipment/detail/238225","9","","Unused","127 mm (5 in)","Yes","","","","","","","4,850 mm (190 in)","3V Tech","Glasslined","","","","","","","Agitator","Glass Lined Parts","18,950 L (5,000 gallons)"
"238226","Unused Glasslined Agitator Glass Lined Parts - IPP# 238226","https://ims.internationalprocessplants.com/inventory/equipment/detail/238226","9","","Unused","88.9 mm (3.5 in)","","","Glass-Loc","","","","","3,600 mm (142.5 in)","DeDietrich","Glasslined","","","","","","","Agitator","Glass Lined Parts","7,550 L (2,000 gallons)"
"238234","Unused Agitator Glass Lined Parts 22,700 L (6,000 gallons) Glasslined For Sale - IPP# 238234","https://ims.internationalprocessplants.com/inventory/equipment/detail/238234","7","","Unused","114.3 mm (4.5 in)","","","","","","","","","","Glasslined","","","","","","1,100 mm (43 in)","Agitator","Glass Lined Parts","22,700 L (6,000 gallons)"
"238235","Unused Agitator Glass Lined Parts 22,700 L (6,000 gallons) Glasslined For Sale - IPP# 238235","https://ims.internationalprocessplants.com/inventory/equipment/detail/238235","7","","Unused","114.3 mm (4.5 in)","","","","","","","","","","Glasslined","","","","","","1,100 mm (43 in)","Agitator","Glass Lined Parts","22,700 L (6,000 gallons)"
"238236","Unused Glasslined Agitator Glass Lined Parts - IPP# 238236","https://ims.internationalprocessplants.com/inventory/equipment/detail/238236","10","","Unused","114.3 mm (4.5 in)","","","Pitch Turbine","","","","","","Pfaudler","Glasslined","Cryo-Lock PBT","","","","","1,100 mm (43 in)","Agitator","Glass Lined Parts","22,700 L (6,000 gallons)"
"238241","Unused Glasslined Agitator Glass Lined Parts - IPP# 238241","https://ims.internationalprocessplants.com/inventory/equipment/detail/238241","10","","Unused","88.9 mm (3.5 in)","","","Cryo-Lock","","","","","","Pfaudler","Glasslined","Cryo-Lock","","","","","838 mm (33 in)","Agitator","Glass Lined Parts","7,550 L (2,000 gallons)"
"238242","Glasslined Agitator Glass Lined Parts - IPP# 238242","https://ims.internationalprocessplants.com/inventory/equipment/detail/238242","10","","Used","114.3 mm (4.5 in)","","","Cryo-Lock","","","","","","Pfaudler","Glasslined","Cryo-Lock VBT","","","","","1,100 mm (43 in)","Agitator","Glass Lined Parts","18,950 L (5,000 gallons)"
"238243","Unused Glasslined Agitator Glass Lined Parts - IPP# 238243","https://ims.internationalprocessplants.com/inventory/equipment/detail/238243","10","","Unused","114.3 mm (4.5 in)","","","Cryo-Lock","","","","","","Pfaudler","Glasslined","Cryo-Lock VBT","","","","","1,100 mm (43 in)","Agitator","Glass Lined Parts","18,950 L (5,000 gallons)"
"238244","Unused Glasslined Agitator Glass Lined Parts - IPP# 238244","https://ims.internationalprocessplants.com/inventory/equipment/detail/238244","10","","Unused","114.3 mm (4.5 in)","","","Cryo-Lock","","","","","","Pfaudler","Glasslined","Cryo-Lock VBT","","","","","1,100 mm (43 in)","Agitator","Glass Lined Parts","18,950 L (5,000 gallons)"
"238245","Unused Glasslined Agitator Glass Lined Parts - IPP# 238245","https://ims.internationalprocessplants.com/inventory/equipment/detail/238245","9","","Unused","127 mm (5 in)","","","Cryo-Lock","","","","","","3V Tech","Glasslined","","","","","","1,100 mm (43 in)","Agitator","Glass Lined Parts","22,700 L (6,000 gallons)"
"238246","Unused Glasslined Agitator Glass Lined Parts - IPP# 238246","https://ims.internationalprocessplants.com/inventory/equipment/detail/238246","9","","Unused","127 mm (5 in)","","","Cryo-Lock","","","","","","3V","Glasslined","","","","","","1,100 mm (43 in)","Agitator","Glass Lined Parts","22,700 L (6,000 gallons)"
"238247","Unused Glasslined Agitator Glass Lined Parts - IPP# 238247","https://ims.internationalprocessplants.com/inventory/equipment/detail/238247","9","","Unused","127 mm (5 in)","","","Cryo-Lock","","","","","","3V","Glasslined","","","","","","1,100 mm (43 in)","Agitator","Glass Lined Parts","22,700 L (6,000 gallons)"
"238248","Unused Glasslined Agitator Glass Lined Parts - IPP# 238248","https://ims.internationalprocessplants.com/inventory/equipment/detail/238248","10","","Unused","127 mm (5 in)","","","Cryo-Lock","","","","","","3V","Glasslined","Cryo-Lock VBT","","","","","1,100 mm (43 in)","Agitator","Glass Lined Parts","22,700 L (6,000 gallons)"
"238281","Unused Glasslined Agitator Glass Lined Parts - IPP# 238281","https://ims.internationalprocessplants.com/inventory/equipment/detail/238281","12","","Unused","117.3 mm (4.6 in)","","","CBT","Very Clean (VC)","Full Fire Polish (FF)","","","","3V Tech","Glasslined","Press Lock","","","","","1,100 mm (43 in)","Agitator","Glass Lined Parts","18,950 L (5,000 gallons)"
"238282","Unused Glasslined Agitator Glass Lined Parts - IPP# 238282","https://ims.internationalprocessplants.com/inventory/equipment/detail/238282","12","","Unused","109.5 mm (4.3 in)","","","CBT","Very Clean (VC)","Full Fire Polish (FF)","","","","3V Tech","Glasslined","Press Lock","","","","","838 mm (33 in)","Agitator","Glass Lined Parts","7,550 L (2,000 gallons)"
"238283","Unused Glasslined Agitator Glass Lined Parts - IPP# 238283","https://ims.internationalprocessplants.com/inventory/equipment/detail/238283","10","","Unused","69.9 mm (2.8 in)","","","CBT","","","","","","3V Tech","Glasslined","Press Lock","","","","","838 mm (33 in)","Agitator","Glass Lined Parts","7,550 L (2,000 gallons)"
"238284","Unused Glasslined Agitator Glass Lined Parts - IPP# 238284","https://ims.internationalprocessplants.com/inventory/equipment/detail/238284","12","","Unused","109.5 mm (4.3 in)","","","CBT","Very Clean (VC)","Full Fire Polish (FF)","","","","3V Tech","Glasslined","Press Lock","","","","","1,100 mm (43 in)","Agitator","Glass Lined Parts","18,950 L (5,000 gallons)"
"238288","Unused Glasslined Agitator Glass Lined Parts - IPP# 238288","https://ims.internationalprocessplants.com/inventory/equipment/detail/238288","9","","Unused","127 mm (5 in)","","","Pitch Turbine","","","","","","3V Tech","Glasslined","Press Lock","","","","","1,200 mm (47 in)","Agitator","Glass Lined Parts",""
"238289","Unused Glasslined Agitator Glass Lined Parts - IPP# 238289","https://ims.internationalprocessplants.com/inventory/equipment/detail/238289","9","","Unused","127 mm (5 in)","","","Pitch Turbine","","","","","","3V Tech","Glasslined","Press Lock","","","","","1,200 mm (47 in)","Agitator","Glass Lined Parts",""
"238341","Glasslined Agitator Glass Lined Parts - IPP# 238341","https://ims.internationalprocessplants.com/inventory/equipment/detail/238341","17","3 blade retreat curve agitator","Re-glassed","76.2 mm (3 in)","","Philadelphia","3 Blade Retreat Curve","Very Clean (VC)","Full Fire Polish (FF)","","","3,850 mm (152 in)","DeDietrich","Glasslined","62Q08","Yes","","","Glasslined","1,100 mm (44 in)","Agitator","Glass Lined Parts","2,000 L (528 gallons)"
"238343","Agitator Glass Lined Parts 1,900 L (500 gallons) Glasslined For Sale - IPP# 238343","https://ims.internationalprocessplants.com/inventory/equipment/detail/238343","15","","Re-glassed","76.2 mm (3 in)","","DTW","3 Blade Retreat Curve","Very Clean (VC)","Full Fire Polish (FF)","","","2,550 mm (101.3 in)","Pfaudler","Glasslined","","Yes","Counterclockwise","","","914 mm (36 in)","Agitator","Glass Lined Parts","1,900 L (500 gallons)"
"238345","Glasslined Glass Drives Agitator - IPP# 238345","https://ims.internationalprocessplants.com/inventory/equipment/detail/238345","12","Drive fits a 5 RW drive end","Re-glassed","","","DTW","3 Blade Retreat Curve","Very Clean (VC)","Full Fire Polish (FF)","","","","Pfaudler","Glasslined","","Yes","","","","","Agitator","Glass Lined Parts","1,900 L (500 gallons)"
"238381","Glasslined Agitator Glass Lined Parts - IPP# 238381","https://ims.internationalprocessplants.com/inventory/equipment/detail/238381","13","Size 5 RW","Re-glassed","88.9 mm (3.5 in)","","RW","3 Blade Retreat Curve","","","","","3,800 mm (150.5 in)","Pfaudler","Glasslined","","Yes","","","","1,100 mm (44 in)","Agitator","Glass Lined Parts","7,550 L (2,000 gallons)"
"238383","Glasslined Agitator Glass Lined Parts - IPP# 238383","https://ims.internationalprocessplants.com/inventory/equipment/detail/238383","13","dual flight Cryo-lock agitator, with 5 RW drive end","Re-glassed","88.9 mm (3.5 in)","","RW","Cryo-Lock","","","","","3,700 mm (146.5 in)","Pfaudler","Glasslined","Cryo-Lock","Yes","","","","","Agitator","Glass Lined Parts","7,550 L (2,000 gallons)"
"239003","Glasslined Agitator Glass Lined Parts - IPP# 239003","https://ims.internationalprocessplants.com/inventory/equipment/detail/239003","12","","Used","76.2 mm (3 in)","","DTW","3 Blade Retreat Curve","","","","","1,750 mm (69.5 in)","Pfaudler","Glasslined","RCI","","","","","762 mm (30 in)","Agitator","Glass Lined Parts","757 L (200 gallons)"
"239004","Agitator Glass Lined Parts  Glasslined For Sale - IPP# 239004","https://ims.internationalprocessplants.com/inventory/equipment/detail/239004","8","","Used","76.2 mm (3 in)","","","3 Blade Retreat Curve","","","","","1,750 mm (69.5 in)","","Glasslined","","","","","","762 mm (30 in)","Agitator","Glass Lined Parts",""
"239005","Agitator Glass Lined Parts  Glasslined For Sale - IPP# 239005","https://ims.internationalprocessplants.com/inventory/equipment/detail/239005","8","","Used","76.2 mm (3 in)","","","3 Blade Retreat Curve","","","","","1,550 mm (60.5 in)","","Glasslined","","","","","","762 mm (30 in)","Agitator","Glass Lined Parts",""
"239006","Glasslined Agitator Glass Lined Parts - IPP# 239006","https://ims.internationalprocessplants.com/inventory/equipment/detail/239006","12","","Used","76.2 mm (3 in)","","DTW","3 Blade Retreat Curve","","","","","1,950 mm (76.3 in)","Pfaudler","Glasslined","RCI","","","","","762 mm (30 in)","Agitator","Glass Lined Parts","1,900 L (500 gallons)"
"239007","Glasslined Pfaudler Agitator Glass Lined Parts - IPP# 239007","https://ims.internationalprocessplants.com/inventory/equipment/detail/239007","9","","Used","76.2 mm (3 in)","","","3 Blade Retreat Curve","","","","","2,200 mm (87 in)","Pfaudler","Glasslined","","","","","","914 mm (36 in)","Agitator","Glass Lined Parts",""
"239008","Agitator Glass Lined Parts 2,850 L (750 gallons) Glasslined For Sale - IPP# 239008","https://ims.internationalprocessplants.com/inventory/equipment/detail/239008","10","","Used","76.2 mm (3 in)","","","3 Blade Retreat Curve","","","","","2,650 mm (104.3 in)","Pfaudler","Glasslined","","","","","","914 mm (36 in)","Agitator","Glass Lined Parts","2,850 L (750 gallons)"
"239009","Agitator Glass Lined Parts 5,700 L (1,500 gallons) Glasslined For Sale - IPP# 239009","https://ims.internationalprocessplants.com/inventory/equipment/detail/239009","10","","Used","88.9 mm (3.5 in)","","","3 Blade Retreat Curve","","","","","2,700 mm (106 in)","Pfaudler","Glasslined","","","","","","914 mm (36 in)","Agitator","Glass Lined Parts","5,700 L (1,500 gallons)"
"239010","Glasslined Agitator Glass Lined Parts - IPP# 239010","https://ims.internationalprocessplants.com/inventory/equipment/detail/239010","12","RW drive end","Re-glassed","88.9 mm (3.5 in)","","RW","Cryo-Lock","","","","","3,200 mm (126.5 in)","Pfaudler","Glasslined","Cryo-Lock","","","","","","Agitator","Glass Lined Parts","3,800 L (1,000 gallons)"
"239012","Agitator Glass Lined Parts 5,700 L (1,500 gallons) Glasslined For Sale - IPP# 239012","https://ims.internationalprocessplants.com/inventory/equipment/detail/239012","9","","Used","88.9 mm (3.5 in)","","","","","","","","3,300 mm (129.5 in)","Pfaudler","Glasslined","","","","","","1,100 mm (44 in)","Agitator","Glass Lined Parts","5,700 L (1,500 gallons)"
"239013","Agitator Glass Lined Parts 2,850 L (750 gallons) Glasslined For Sale - IPP# 239013","https://ims.internationalprocessplants.com/inventory/equipment/detail/239013","9","","Used","88.9 mm (3.5 in)","","","","","","","","2,800 mm (109.5 in)","Pfaudler","Glasslined","","","","","","1,100 mm (44 in)","Agitator","Glass Lined Parts","2,850 L (750 gallons)"
"239014","Agitator Glass Lined Parts 5,700 L (1,500 gallons) Glasslined For Sale - IPP# 239014","https://ims.internationalprocessplants.com/inventory/equipment/detail/239014","10","RCI agitator","Used","88.9 mm (3.5 in)","","","","","","","","3,300 mm (129.5 in)","Pfaudler","Glasslined","","","","","","1,100 mm (44 in)","Agitator","Glass Lined Parts","5,700 L (1,500 gallons)"
"239025","Agitator Glass Lined Parts 75.7 L (20 gallons) Glasslined For Sale - IPP# 239025","https://ims.internationalprocessplants.com/inventory/equipment/detail/239025","9","","Used","38.1 mm (1.5 in)","","","3 Blade Retreat Curve","","","","","838 mm (33 in)","","Glasslined","","","","","","304.8 mm (12 in)","Agitator","Glass Lined Parts","75.7 L (20 gallons)"
"239029","Glasslined Pfaudler Agitator Glass Lined Parts - IPP# 239029","https://ims.internationalprocessplants.com/inventory/equipment/detail/239029","16","4TW","Re-glassed","76.2 mm (3 in)","","TW","3 Blade Retreat Curve","","","","","1,950 mm (76 in)","Pfaudler","Glasslined","","Yes","Counterclockwise","Yes","Stainless Steel Other","1,100 mm (44 in)","Agitator","Glass Lined Parts","1,900 L (500 gallons)"
"239030","Glasslined Pfaudler Agitator Glass Lined Parts - IPP# 239030","https://ims.internationalprocessplants.com/inventory/equipment/detail/239030","16","3DTW","Re-glassed","76.2 mm (3 in)","","DTW","3 Blade Retreat Curve","","","","","1,850 mm (73 in)","Pfaudler","Glasslined","","Yes","Counterclockwise","Yes","Stainless Steel Other","914 mm (36 in)","Agitator","Glass Lined Parts","1,150 L (300 gallons)"
"239041","Agitator Glass Lined Parts  Glasslined For Sale - IPP# 239041","https://ims.internationalprocessplants.com/inventory/equipment/detail/239041","4","","Used","","","","","","","","","","","Glasslined","","","","","","","Agitator","Glass Lined Parts",""
"239046","Agitator Glass Lined Parts 2,850 L (750 gallons) Glasslined For Sale - IPP# 239046","https://ims.internationalprocessplants.com/inventory/equipment/detail/239046","9","","Used","63.5 mm (2.5 in)","","","Cryo-Lock","","","","","2,550 mm (101 in)","Pfaudler","Glasslined","","","","","","","Agitator","Glass Lined Parts","2,850 L (750 gallons)"
"239047","Agitator Glass Lined Parts 1,900 L (500 gallons) Glasslined For Sale - IPP# 239047","https://ims.internationalprocessplants.com/inventory/equipment/detail/239047","14","CBT","Re-glassed","584 mm (23 in)","","","Cryo-Lock","","","3.5","","","Pfaudler","Glasslined","Cryo-Lock","Yes","Counterclockwise","","","584 mm (23 in)","Agitator","Glass Lined Parts","1,900 L (500 gallons)"
"239054","Glasslined Agitator Glass Lined Parts - IPP# 239054","https://ims.internationalprocessplants.com/inventory/equipment/detail/239054","10","","Used","69.9 mm (2.8 in)","","","3 Blade Retreat Curve","","","","","1,350 mm (52.9 in)","","Glasslined","RCI","","","","","610 mm (24 in)","Agitator","Glass Lined Parts","378.5 L (100 gallons)"
"239055","Glasslined Agitator Glass Lined Parts - IPP# 239055","https://ims.internationalprocessplants.com/inventory/equipment/detail/239055","10","","Used","88.9 mm (3.5 in)","","DTW","","","","","","1,550 mm (61.5 in)","","Glasslined","RCI","","","","","762 mm (30 in)","Agitator","Glass Lined Parts","378.5 L (100 gallons)"
"239056","Agitator Glass Lined Parts 757 L (200 gallons) Glasslined For Sale - IPP# 239056","https://ims.internationalprocessplants.com/inventory/equipment/detail/239056","10","","Used","88.9 mm (3.5 in)","","","3 Blade Retreat Curve","","","","","1,750 mm (69.5 in)","Pfaudler","Glasslined","","","","","","762 mm (30 in)","Agitator","Glass Lined Parts","757 L (200 gallons)"
"239057","Agitator Glass Lined Parts  Glasslined For Sale - IPP# 239057","https://ims.internationalprocessplants.com/inventory/equipment/detail/239057","9","","Used","76.2 mm (3 in)","","","3 Blade Retreat Curve","","","","","1,750 mm (69.5 in)","Pfaudler","Glasslined","","","","","","762 mm (30 in)","Agitator","Glass Lined Parts",""
"239075","Glasslined Agitator Glass Lined Parts - IPP# 239075","https://ims.internationalprocessplants.com/inventory/equipment/detail/239075","8","","Re-glassed","","","","Cryo-Lock","","","","","","Pfaudler","Glasslined","Cryo-Lock","","","","","","Agitator","Glass Lined Parts","7,550 L (2,000 gallons)"
"239076","Glasslined Agitator Glass Lined Parts - IPP# 239076","https://ims.internationalprocessplants.com/inventory/equipment/detail/239076","10","","Re-glassed","88.9 mm (3.5 in)","","","CBT","","","","","","Pfaudler","Glasslined","Cryo-Lock","","Clockwise","","","838 mm (33 in)","Agitator","Glass Lined Parts",""
"239085","Glasslined Agitator Glass Lined Parts - IPP# 239085","https://ims.internationalprocessplants.com/inventory/equipment/detail/239085","11","retreat curve agitator, RW drive end","Re-glassed","88.9 mm (3.5 in)","","RW","","","","","","2,800 mm (109.5 in)","","Glasslined","RCI","","","","","1,100 mm (44 in)","Agitator","Glass Lined Parts","2,850 L (750 gallons)"
"239090","Glasslined Agitator Glass Lined Parts - IPP# 239090","https://ims.internationalprocessplants.com/inventory/equipment/detail/239090","10","","Re-glassed","88.9 mm (3.5 in)","","","Cryo-Lock","","","","","3,700 mm (146.5 in)","Pfaudler","Glasslined","Cryo-Lock","","","","","","Agitator","Glass Lined Parts","7,550 L (2,000 gallons)"
"239098","Pfaudler 2,000-Gallon Glass-Lined Agitator &#x2013; 3-Blade Retreat Curve Design - IPP# 239098","https://ims.internationalprocessplants.com/inventory/equipment/detail/239098","19","Has a 5RW drive end","Re-glassed","88.9 mm (3.5 in)","","RW","3 Blade Retreat Curve","Very Clean (VC)","Full Fire Polish (FF)","","","3,800 mm (150.5 in)","Pfaudler","Glasslined","RCI","Yes","Counter-Clockwise","Yes","Stainless Steel 316","1,100 mm (44 in)","Agitator","Glass Lined Parts","7,550 L (2,000 gallons)"
"239109","Glasslined Agitator Glass Lined Parts - IPP# 239109","https://ims.internationalprocessplants.com/inventory/equipment/detail/239109","12","RCI agitator with a DTW drive end.","Used","88.9 mm (3.5 in)","","DTW","3 Blade Retreat Curve","","","","","3,100 mm (122 in)","","Glasslined","RCI","","","","","1,100 mm (44 in)","Agitator","Glass Lined Parts","3,800 L (1,000 gallons)"
"239110","Glasslined Agitator Glass Lined Parts - IPP# 239110","https://ims.internationalprocessplants.com/inventory/equipment/detail/239110","12","RCI agitator with a DTW drive end","Used","88.9 mm (3.5 in)","","DTW","3 Blade Retreat Curve","","","","","3,100 mm (122 in)","","Glasslined","RCI","","","","","1,100 mm (44 in)","Agitator","Glass Lined Parts","3,800 L (1,000 gallons)"
"239112","Glasslined Agitator Glass Lined Parts - IPP# 239112","https://ims.internationalprocessplants.com/inventory/equipment/detail/239112","9","RCI agitator","Re-glassed","69.9 mm (2.8 in)","","","","","","","","3,300 mm (129 in)","","Glasslined","","","","","","1,100 mm (44 in)","Agitator","Glass Lined Parts","3,800 L (1,000 gallons)"
"239113","Glasslined Agitator Glass Lined Parts - IPP# 239113","https://ims.internationalprocessplants.com/inventory/equipment/detail/239113","10","RCI agitator","Re-glassed","88.9 mm (3.5 in)","","RW","","","","","","3,300 mm (129 in)","","Glasslined","","","","","","1,100 mm (44 in)","Agitator","Glass Lined Parts","3,800 L (1,000 gallons)"
"239116","Glasslined  Agitator Glass Lined Parts - IPP# 239116","https://ims.internationalprocessplants.com/inventory/equipment/detail/239116","19","Fits a 3 or a 4 DTW drive end","Re-glassed","88.9 mm (3.5 in)","","DTW","3 Blade Retreat Curve","Very Clean (VC)","Full Fire Polish (FF)","","","2,550 mm (101 in)","Pfaudler","Glasslined","RCI","Yes","Counter-Clockwise","Yes","Stainless Steel 316","1,100 mm (44 in)","Agitator","Glass Lined Parts","2,850 L (750 gallons)"
"239134","Agitator Glass Lined Parts  Glasslined For Sale - IPP# 239134","https://ims.internationalprocessplants.com/inventory/equipment/detail/239134","10","RCI agitator with a size 3-4 DTW drive end","Used","76.2 mm (3 in)","","DTW","3 Blade Retreat Curve","","","","","1,900 mm (75.5 in)","","Glasslined","","","","","","1,100 mm (44 in)","Agitator","Glass Lined Parts",""
"239135","Agitator Glass Lined Parts 1,900 L (500 gallons) Glasslined For Sale - IPP# 239135","https://ims.internationalprocessplants.com/inventory/equipment/detail/239135","11","RCI agitator with 4 RW end","Used","76.2 mm (3 in)","","RW","3 Blade Retreat Curve","","","","","2,100 mm (82 in)","","Glasslined","","","","","","1,100 mm (44 in)","Agitator","Glass Lined Parts","1,900 L (500 gallons)"
"239136","Agitator Glass Lined Parts 3,800 L (1,000 gallons) Glasslined For Sale - IPP# 239136","https://ims.internationalprocessplants.com/inventory/equipment/detail/239136","12","RCI agitator with PTE 08 end","Used","88.9 mm (3.5 in)","","Philadelphia","","","","","","3,000 mm (119 in)","DeDietrich","Glasslined","","","","","Glasslined","1,100 mm (44 in)","Agitator","Glass Lined Parts","3,800 L (1,000 gallons)"
"239137","Agitator Glass Lined Parts 5,700 L (1,500 gallons) Glasslined For Sale - IPP# 239137","https://ims.internationalprocessplants.com/inventory/equipment/detail/239137","12","RCI agitator","Used","88.9 mm (3.5 in)","","DTW","3 Blade Retreat Curve","","","","","3,100 mm (122 in)","Pfaudler","Glasslined","","","","","","1,100 mm (44 in)","Agitator","Glass Lined Parts","5,700 L (1,500 gallons)"
"240000","Glasslined Agitator Glass Lined Parts - IPP# 240000","https://ims.internationalprocessplants.com/inventory/equipment/detail/240000","9","","Used","139.7 mm (5.5 in)","","","","","","","","4,200 mm (165.5 in)","Pfaudler","Glasslined","","","","","","1,500 mm (60 in)","Agitator","Glass Lined Parts","22,700 L (6,000 gallons)"
"240005","Agitator Glass Lined Parts  Glasslined For Sale - IPP# 240005","https://ims.internationalprocessplants.com/inventory/equipment/detail/240005","8","","Used","139.7 mm (5.5 in)","","","","","","","","4,200 mm (165.5 in)","Pfaudler","Glasslined","","","","","","1,500 mm (60 in)","Agitator","Glass Lined Parts",""
"240014","Glasslined Agitator Glass Lined Parts - IPP# 240014","https://ims.internationalprocessplants.com/inventory/equipment/detail/240014","9","","Used","139.7 mm (5.5 in)","","","","","","","","4,200 mm (165.5 in)","Pfaudler","Glasslined","","","","","","1,500 mm (60 in)","Agitator","Glass Lined Parts","22,700 L (6,000 gallons)"
"240019","Glasslined Agitator Glass Lined Parts - IPP# 240019","https://ims.internationalprocessplants.com/inventory/equipment/detail/240019","9","","Used","139.7 mm (5.5 in)","","","","","","","","4,200 mm (165.5 in)","Pfaudler","Glasslined","","","","","","1,500 mm (60 in)","Agitator","Glass Lined Parts","22,700 L (6,000 gallons)"
"240026","Glasslined Agitator Glass Lined Parts - IPP# 240026","https://ims.internationalprocessplants.com/inventory/equipment/detail/240026","15","5RW Drive end","Re-glassed","88.9 mm (3.5 in)","","RW","3 Blade Retreat Curve","","","","","2,800 mm (109.5 in)","","Glasslined","","Yes","Counterclockwise","Yes","Stainless Steel Other","1,100 mm (44 in)","Agitator","Glass Lined Parts","2,850 L (750 gallons)"
"240027","Glasslined Agitator Glass Lined Parts - IPP# 240027","https://ims.internationalprocessplants.com/inventory/equipment/detail/240027","9","","Re-glassed","88.9 mm (3.5 in)","","RW","","","","","","2,750 mm (109 in)","","Glasslined","","Yes","","","","","Agitator","Glass Lined Parts","2,850 L (750 gallons)"
"240113","Glasslined Agitator Glass Lined Parts - IPP# 240113","https://ims.internationalprocessplants.com/inventory/equipment/detail/240113","10","","Used","139.7 mm (5.5 in)","","","3 Blade Retreat Curve","","","","","4,200 mm (165.5 in)","Pfaudler","Glasslined","","","","","","1,500 mm (60 in)","Agitator","Glass Lined Parts","22,700 L (6,000 gallons)"
"240153","Glasslined Agitator Glass Lined Parts - IPP# 240153","https://ims.internationalprocessplants.com/inventory/equipment/detail/240153","9","","Re-glassed","88.9 mm (3.5 in)","","","","","","","","3,300 mm (129.5 in)","","Glasslined","","Yes","","","","1,100 mm (44 in)","Agitator","Glass Lined Parts","5,700 L (1,500 gallons)"
"240155","Glasslined Agitator Glass Lined Parts - IPP# 240155","https://ims.internationalprocessplants.com/inventory/equipment/detail/240155","8","","Used","76.2 mm (3 in)","","","","","","","","2,750 mm (107.5 in)","","Glasslined","","","","","","914 mm (36 in)","Agitator","Glass Lined Parts","1,900 L (500 gallons)"
"240160","Unused Glasslined  Agitator Glass Lined Parts - IPP# 240160","https://ims.internationalprocessplants.com/inventory/equipment/detail/240160","7","","Unused","88.9 mm (3.5 in)","","","Cryo-Lock","","","","","","","Glasslined","","","","","","838 mm (33 in)","Agitator","Glass Lined Parts",""
"240161","Glasslined Agitator Glass Lined Parts - IPP# 240161","https://ims.internationalprocessplants.com/inventory/equipment/detail/240161","16","three blade retreat curve agitator","Re-glassed","38.1 mm (1.5 in)","","DTW","3 Blade Retreat Curve","Very Clean (VC)","Full Fire Polish (FF)","","","1,500 mm (60 in)","Pfaudler","Glasslined","","Yes","","","Glasslined","610 mm (24 in)","Agitator","Glass Lined Parts","757 L (200 gallons)"
"240163","Glasslined Agitator Glass Lined Parts - IPP# 240163","https://ims.internationalprocessplants.com/inventory/equipment/detail/240163","11","","Good Used Glass","76.2 mm (3 in)","","DTW","3 Blade Retreat Curve","","","","","2,550 mm (100 in)","","Glasslined","RCI","","Counterclockwise","","","","Agitator","Glass Lined Parts","1,900 L (500 gallons)"
"240165","Glasslined Agitator Glass Lined Parts - IPP# 240165","https://ims.internationalprocessplants.com/inventory/equipment/detail/240165","12","PTE-08 Drive end","Used","76.2 mm (3 in)","","Philadelphia","3 Blade Retreat Curve","","","","","3,300 mm (129 in)","DeDietrich","Glasslined","","","","","","1,100 mm (44 in)","Agitator","Glass Lined Parts","3,800 L (1,000 gallons)"
"240166","Glasslined Agitator Glass Lined Parts - IPP# 240166","https://ims.internationalprocessplants.com/inventory/equipment/detail/240166","15","RCI 3blade agitator DTW ^ drive end","Re-glassed","63.5 mm (2.5 in)","","DTW","3 Blade Retreat Curve","Very Clean (VC)","Full Fire Polish (FF)","","","2,650 mm (105 in)","","Glasslined","RCI","Yes","","","","914 mm (36 in)","Agitator","Glass Lined Parts","1,900 L (500 gallons)"
"240223","Glasslined Agitator Glass Lined Parts - IPP# 240223","https://ims.internationalprocessplants.com/inventory/equipment/detail/240223","19","RCI Agitator","Re-glassed","38.1 mm (1.5 in)","","DTW","3 Blade Retreat Curve","Very Clean (VC)","Full Fire Polish (FF)","","","1,450 mm (56.5 in)","Pfaudler","Glasslined","P & ES","Yes","Counterclockwise","Yes","Stainless Steel 316","610 mm (24 in)","Agitator","Glass Lined Parts","378.5 L (100 gallons)"
"240224","Glasslined Agitator Glass Lined Parts - IPP# 240224","https://ims.internationalprocessplants.com/inventory/equipment/detail/240224","8","RCI Agitator","Re-glassed","","","","","","","","","2,550 mm (101 in)","","Glasslined","","Yes","","","","","Agitator","Glass Lined Parts","2,850 L (750 gallons)"
"240225","Glasslined Agitator Glass Lined Parts - IPP# 240225","https://ims.internationalprocessplants.com/inventory/equipment/detail/240225","18","5 RW drive","Re-glassed","88.9 mm (3.5 in)","","RW","3 Blade Retreat Curve","Very Clean (VC)","Full Fire Polish (FF)","","","2,800 mm (109.5 in)","","Glasslined","RCI","Yes","Counterclockwise","Yes","Stainless Steel 316","1,100 mm (44 in)","Agitator","Glass Lined Parts","2,850 L (750 gallons)"
"240232","Glasslined Agitator Glass Lined Parts - IPP# 240232","https://ims.internationalprocessplants.com/inventory/equipment/detail/240232","6","6 RW Agitator drive","Re-glassed","","","","","","","","","","","Glasslined","","Yes","","","","","Agitator","Glass Lined Parts",""
"240292","Glasslined  Agitator Glass Lined Parts - IPP# 240292","https://ims.internationalprocessplants.com/inventory/equipment/detail/240292","10","three blade retreat curve agitator.","Used","69.9 mm (2.8 in)","","","3 Blade Retreat Curve","","","","","2,550 mm (101 in)","","Glasslined","","","","","","1,100 mm (44 in)","Agitator","Glass Lined Parts","1,900 L (500 gallons)"
"240293","Glasslined  Agitator Glass Lined Parts - IPP# 240293","https://ims.internationalprocessplants.com/inventory/equipment/detail/240293","10","three blade retreat curve agitator.","Used","69.9 mm (2.8 in)","","","3 Blade Retreat Curve","","","","","1,550 mm (62 in)","","Glasslined","","","","","","762 mm (30 in)","Agitator","Glass Lined Parts","757 L (200 gallons)"
"240298","Agitator Glass Lined Parts 15,150 L (4,000 gallons) Glasslined For Sale - IPP# 240298","https://ims.internationalprocessplants.com/inventory/equipment/detail/240298","9","","Re-glassed","114.3 mm (4.5 in)","","","Cryo-Lock","","","","","4,000 mm (157 in)","","Glasslined","","Yes","","","","","Agitator","Glass Lined Parts","15,150 L (4,000 gallons)"
"240306","Glasslined EHW Thale Agitator Glass Lined Parts - IPP# 240306","https://ims.internationalprocessplants.com/inventory/equipment/detail/240306","8","","Used","101.6 mm (4 in)","","","Cryo-Lock","","","","","","EHW Thale","Glasslined","","","","","","864 mm (34 in)","Agitator","Glass Lined Parts",""
"240307","Glasslined EHW Thale Agitator Glass Lined Parts - IPP# 240307","https://ims.internationalprocessplants.com/inventory/equipment/detail/240307","8","","Used","101.6 mm (4 in)","","","Cryo-Lock","","","","","","EHW Thale","Glasslined","","","","","","813 mm (32 in)","Agitator","Glass Lined Parts",""
"240308","Glasslined  Agitator Glass Lined Parts - IPP# 240308","https://ims.internationalprocessplants.com/inventory/equipment/detail/240308","7","","Used","88.9 mm (3.5 in)","","","Cryo-Lock","","","","","","","Glasslined","","","","","","584 mm (23 in)","Agitator","Glass Lined Parts",""
"240324","Agitator Glass Lined Parts 1,900 L (500 gallons) Glasslined For Sale - IPP# 240324","https://ims.internationalprocessplants.com/inventory/equipment/detail/240324","9","","Re-glassed","88.9 mm (3.5 in)","","","","","","","","2,600 mm (102 in)","","Glasslined","","Yes","","","","1,100 mm (44 in)","Agitator","Glass Lined Parts","1,900 L (500 gallons)"
"240325","Glasslined  Agitator Glass Lined Parts - IPP# 240325","https://ims.internationalprocessplants.com/inventory/equipment/detail/240325","9","RCI agitator","Used","82.6 mm (3.3 in)","","","","","","","","3,100 mm (122 in)","","Glasslined","","","","","","1,150 mm (46 in)","Agitator","Glass Lined Parts","5,700 L (1,500 gallons)"
"240326","Glasslined  Agitator Glass Lined Parts - IPP# 240326","https://ims.internationalprocessplants.com/inventory/equipment/detail/240326","9","RCI agitator","Used","82.6 mm (3.3 in)","","","","","","","","2,600 mm (102 in)","","Glasslined","","","","","","1,200 mm (48 in)","Agitator","Glass Lined Parts","1,900 L (500 gallons)"
"240331","Glasslined  Agitator Glass Lined Parts - IPP# 240331","https://ims.internationalprocessplants.com/inventory/equipment/detail/240331","9","","Used","114.3 mm (4.5 in)","","","Cryo-Lock","","","","","","","Glasslined","","","Clockwise","","","1,050 mm (40.9 in)","Agitator","Glass Lined Parts","7,550 L (2,000 gallons)"
"240332","Glasslined Agitator Glass Lined Parts - IPP# 240332","https://ims.internationalprocessplants.com/inventory/equipment/detail/240332","8","","Re-glassed","114.3 mm (4.5 in)","","","Cryo-Lock","","","","","","","Glasslined","","","","","","1,050 mm (40.9 in)","Agitator","Glass Lined Parts","15,150 L (4,000 gallons)"
"240343","Agitator Glass Lined Parts 757 L (200 gallons) Glasslined For Sale - IPP# 240343","https://ims.internationalprocessplants.com/inventory/equipment/detail/240343","8","","Used","69.9 mm (2.8 in)","","","","","","","","1,500 mm (60 in)","","Glasslined","","","","","","864 mm (34 in)","Agitator","Glass Lined Parts","757 L (200 gallons)"
"240345","Glasslined Agitator Glass Lined Parts - IPP# 240345","https://ims.internationalprocessplants.com/inventory/equipment/detail/240345","8","","Used","76.2 mm (3 in)","","","","","","","","2,100 mm (82.5 in)","","Glasslined","","","","","","1,100 mm (44 in)","Agitator","Glass Lined Parts","1,900 L (500 gallons)"
"240348","Agitator Glass Lined Parts 1,150 L (300 gallons) Glasslined For Sale - IPP# 240348","https://ims.internationalprocessplants.com/inventory/equipment/detail/240348","11","","Needs Reglass","76.2 mm (3 in)","","DTW","3 Blade Retreat Curve","","Bad Glass (BG)","","","1,950 mm (76 in)","","Glasslined","","","","","","1,100 mm (44 in)","Agitator","Glass Lined Parts","1,150 L (300 gallons)"
"240349","Agitator Glass Lined Parts 5,700 L (1,500 gallons) Glasslined For Sale - IPP# 240349","https://ims.internationalprocessplants.com/inventory/equipment/detail/240349","8","","Used","88.9 mm (3.5 in)","","","","","","","","3,050 mm (121 in)","","Glasslined","","","","","","1,100 mm (44 in)","Agitator","Glass Lined Parts","5,700 L (1,500 gallons)"
"240350","Agitator Glass Lined Parts 2,850 L (750 gallons) Glasslined For Sale - IPP# 240350","https://ims.internationalprocessplants.com/inventory/equipment/detail/240350","8","","Used","88.9 mm (3.5 in)","","","","","","","","2,750 mm (109 in)","","Glasslined","","","","","","1,100 mm (44 in)","Agitator","Glass Lined Parts","2,850 L (750 gallons)"
"240351","Agitator Glass Lined Parts 378.5 L (100 gallons) Glasslined For Sale - IPP# 240351","https://ims.internationalprocessplants.com/inventory/equipment/detail/240351","8","","Used","50.8 mm (2 in)","","","","","","","","1,450 mm (56.5 in)","","Glasslined","","","","","","559 mm (22 in)","Agitator","Glass Lined Parts","378.5 L (100 gallons)"
"240367","Agitator Glass Lined Parts  Glasslined For Sale - IPP# 240367","https://ims.internationalprocessplants.com/inventory/equipment/detail/240367","6","","Used","85.6 mm (3.4 in)","","","","","","","","3,050 mm (121 in)","","Glasslined","","","","","","","Agitator","Glass Lined Parts",""
"240388","Glasslined Agitator Glass Lined Parts - IPP# 240388","https://ims.internationalprocessplants.com/inventory/equipment/detail/240388","7","","Used","66.5 mm (2.6 in)","","","","","","","","1,950 mm (76 in)","","Glasslined","","","","","","","Agitator","Glass Lined Parts","1,150 L (300 gallons)"
"240389","Glass-Lined 2,000-Gallon Pfaudler RCI Agitator - IPP# 240389","https://ims.internationalprocessplants.com/inventory/equipment/detail/240389","19","With a 5RW drive end","Re-glassed","88.9 mm (3.5 in)","","RW","3 Blade Retreat Curve","Very Clean (VC)","Full Fire Polish (FF)","","","3,800 mm (150.5 in)","Pfaudler","Glasslined","RCI","Yes","Counter-Clockwise","Yes","Stainless Steel 316","1,100 mm (44 in)","Agitator","Glass Lined Parts","7,550 L (2,000 gallons)"
"240391","Glasslined  Agitator Glass Lined Parts - IPP# 240391","https://ims.internationalprocessplants.com/inventory/equipment/detail/240391","7","","Used","88.9 mm (3.5 in)","","","","","","","","3,050 mm (120.5 in)","","Glasslined","","","","","","","Agitator","Glass Lined Parts","7,550 L (2,000 gallons)"
"240392","Glasslined DeDietrich Agitator Glass Lined Parts - IPP# 240392","https://ims.internationalprocessplants.com/inventory/equipment/detail/240392","9","","Used","68.1 mm (2.7 in)","","","","","","","","3,350 mm (131.9 in)","DeDietrich","Glasslined","","","","","","1,100 mm (44 in)","Agitator","Glass Lined Parts","5,700 L (1,500 gallons)"
"240395","Glasslined Agitator Glass Lined Parts - IPP# 240395","https://ims.internationalprocessplants.com/inventory/equipment/detail/240395","6","","Re-glassed","139.7 mm (5.5 in)","","","","","","","","","","Glasslined","","Yes","","","","","Agitator","Glass Lined Parts",""
"240401","Glasslined Pfaudler Agitator Glass Lined Parts - IPP# 240401","https://ims.internationalprocessplants.com/inventory/equipment/detail/240401","10","","Used","79.2 mm (3.1 in)","","","","","","","","3,100 mm (122 in)","Pfaudler","Glasslined","","Yes","","","","1,100 mm (44 in)","Agitator","Glass Lined Parts","5,700 L (1,500 gallons)"
"240406","Glasslined Pfaudler Agitator Glass Lined Parts - IPP# 240406","https://ims.internationalprocessplants.com/inventory/equipment/detail/240406","14","2.5 DTW drive end","Re-glassed","38.1 mm (1.5 in)","","DTW","3 Blade Retreat Curve","","","","","857 mm (33.8 in)","Pfaudler","Glasslined","","Yes","Counterclockwise","","","406.4 mm (16 in)","Agitator","Glass Lined Parts","75.7 L (20 gallons)"
"240410","Unused Glasslined  Agitator Glass Lined Parts - IPP# 240410","https://ims.internationalprocessplants.com/inventory/equipment/detail/240410","7","","Unused","76.2 mm (3 in)","","","","","","","","1,300 mm (51.5 in)","","Glasslined","","","","","","","Agitator","Glass Lined Parts","757 L (200 gallons)"
"240411","Glasslined Agitator Glass Lined Parts - IPP# 240411","https://ims.internationalprocessplants.com/inventory/equipment/detail/240411","9","cone bottom agitator with second tier pitch blades.","Unused","69.9 mm (2.8 in)","","","","","","","Yes","2,150 mm (85 in)","","Glasslined","","","","","","","Agitator","Glass Lined Parts","1,150 L (300 gallons)"
"240421","Glasslined Agitator Glass Lined Parts - IPP# 240421","https://ims.internationalprocessplants.com/inventory/equipment/detail/240421","9","","Used","76.2 mm (3 in)","","","3 Blade Retreat Curve","","","","","3,850 mm (152.1 in)","","Glasslined","","","","","","1,100 mm (44 in)","Agitator","Glass Lined Parts","7,550 L (2,000 gallons)"
"240423","Glasslined Agitator Glass Lined Parts - IPP# 240423","https://ims.internationalprocessplants.com/inventory/equipment/detail/240423","8","","Re-glassed","69.9 mm (2.8 in)","","","Cryo-Lock","","","","","3,000 mm (117.5 in)","","Glasslined","","Yes","","","","","Agitator","Glass Lined Parts",""
"240424","Agitator Glass Lined Parts  Glasslined For Sale - IPP# 240424","https://ims.internationalprocessplants.com/inventory/equipment/detail/240424","8","","Re-glassed","101.6 mm (4 in)","","","Cryo-Lock","","","","","","","Glasslined","","Yes","","","","838 mm (33 in)","Agitator","Glass Lined Parts",""
"240434","Glasslined Agitator Glass Lined Parts - IPP# 240434","https://ims.internationalprocessplants.com/inventory/equipment/detail/240434","6","","Used","","","","Cryo-Lock","","","","","","","Glasslined","","","","","","584 mm (23 in)","Agitator","Glass Lined Parts",""
"240435","Agitator Glass Lined Parts  Glasslined For Sale - IPP# 240435","https://ims.internationalprocessplants.com/inventory/equipment/detail/240435","5","","Used","","","","","","","","","","","Glasslined","","","","","","584 mm (23 in)","Agitator","Glass Lined Parts",""
"240436","Agitator Glass Lined Parts  Glasslined For Sale - IPP# 240436","https://ims.internationalprocessplants.com/inventory/equipment/detail/240436","5","","Used","","","","","","","","","","","Glasslined","","","","","","737 mm (29 in)","Agitator","Glass Lined Parts",""
"240437","Agitator Glass Lined Parts  Glasslined For Sale - IPP# 240437","https://ims.internationalprocessplants.com/inventory/equipment/detail/240437","5","","Used","","","","","","","","","","","Glasslined","","","","","","737 mm (29 in)","Agitator","Glass Lined Parts",""
"240438","Agitator Glass Lined Parts  Glasslined For Sale - IPP# 240438","https://ims.internationalprocessplants.com/inventory/equipment/detail/240438","5","","Used","","","","","","","","","","","Glasslined","","","","","","838 mm (33 in)","Agitator","Glass Lined Parts",""
"240439","Agitator Glass Lined Parts  Glasslined For Sale - IPP# 240439","https://ims.internationalprocessplants.com/inventory/equipment/detail/240439","5","","Used","","","","","","","","","","","Glasslined","","","","","","838 mm (33 in)","Agitator","Glass Lined Parts",""
"240440","Agitator Glass Lined Parts  Glasslined For Sale - IPP# 240440","https://ims.internationalprocessplants.com/inventory/equipment/detail/240440","5","","Used","","","","","","","","","","","Glasslined","","","","","","838 mm (33 in)","Agitator","Glass Lined Parts",""
"240532","Glasslined Agitator Glass Lined Parts - IPP# 240532","https://ims.internationalprocessplants.com/inventory/equipment/detail/240532","16","2.5 DTW drive end","Re-glassed","38.1 mm (1.5 in)","","DTW","3 Blade Retreat Curve","","","","","1,000 mm (39.8 in)","","Glasslined","P Series","Yes","Counterclockwise","Yes","Stainless Steel 316","406.4 mm (16 in)","Agitator","Glass Lined Parts","113.6 L (30 gallons)"
"240572","Glasslined Agitator Glass Lined Parts - IPP# 240572","https://ims.internationalprocessplants.com/inventory/equipment/detail/240572","9","","Re-glassed","104.6 mm (4.1 in)","","","","","","","","4,950 mm (195 in)","","Glasslined","","Yes","","","","1,350 mm (54 in)","Agitator","Glass Lined Parts","15,150 L (4,000 gallons)"
"240574","Glasslined Agitator Glass Lined Parts - IPP# 240574","https://ims.internationalprocessplants.com/inventory/equipment/detail/240574","7","RCI Agitator","Re-glassed","","","","","","","","","","","Glasslined","","Yes","","","","","Agitator","Glass Lined Parts","2,850 L (750 gallons)"
"240575","Glasslined Agitator Glass Lined Parts - IPP# 240575","https://ims.internationalprocessplants.com/inventory/equipment/detail/240575","7","RCI Agitator","Re-glassed","","","","","","","","","","","Glasslined","","Yes","","","","","Agitator","Glass Lined Parts","5,700 L (1,500 gallons)"
"240592","Glasslined Agitator Glass Lined Parts - IPP# 240592","https://ims.internationalprocessplants.com/inventory/equipment/detail/240592","8","","Used","76.2 mm (3 in)","","","","","","","","1,700 mm (66 in)","","Glasslined","","","","","","914 mm (36 in)","Agitator","Glass Lined Parts","757 L (200 gallons)"
"240593","Glasslined Agitator Glass Lined Parts - IPP# 240593","https://ims.internationalprocessplants.com/inventory/equipment/detail/240593","19","3 DTW drive end","Re-glassed","76.2 mm (3 in)","","DTW","3 Blade Retreat Curve","Very Clean (VC)","Full Fire Polish (FF)","","","1,550 mm (61.5 in)","Pfaudler","Glasslined","EM series","Yes","Counterclockwise","Yes","Stainless Steel 316","762 mm (30 in)","Agitator","Glass Lined Parts","568 L (150 gallons)"
"240594","Unused Agitator Glass Lined Parts 7,550 L (2,000 gallons) Glasslined For Sale - IPP# 240594","https://ims.internationalprocessplants.com/inventory/equipment/detail/240594","9","curve blade turbine agitator","Unused","813 mm (32 in)","","","CBT","","","","","","","Glasslined","","Yes","","","","","Agitator","Glass Lined Parts","7,550 L (2,000 gallons)"
"240595","Unused Agitator Glass Lined Parts 15,150 L (4,000 gallons) Glasslined For Sale - IPP# 240595","https://ims.internationalprocessplants.com/inventory/equipment/detail/240595","9","curved blade turbine agitator","Unused","1,050 mm (41 in)","","","CBT","","","","","","","Glasslined","","Yes","","","","","Agitator","Glass Lined Parts","15,150 L (4,000 gallons)"
"240596","Unused Agitator Glass Lined Parts 3,800 L (1,000 gallons) Glasslined For Sale - IPP# 240596","https://ims.internationalprocessplants.com/inventory/equipment/detail/240596","9","Pitch blade turbine agitator","Unused","686 mm (27 in)","","","Cryo-Lock","","","","","","","Glasslined","","Yes","","","","","Agitator","Glass Lined Parts","3,800 L (1,000 gallons)"
"240597","Unused Agitator Glass Lined Parts 3,800 L (1,000 gallons) Glasslined For Sale - IPP# 240597","https://ims.internationalprocessplants.com/inventory/equipment/detail/240597","9","Pitch blade turbine agitator.","Unused","686 mm (27 in)","","","Cryo-Lock","","","","","","","Glasslined","","Yes","","","","","Agitator","Glass Lined Parts","3,800 L (1,000 gallons)"
"240598","Unused Agitator Glass Lined Parts 18,950 L (5,000 gallons) Glasslined For Sale - IPP# 240598","https://ims.internationalprocessplants.com/inventory/equipment/detail/240598","9","Pitch blade turbine agitator","Unused","1,100 mm (43 in)","","","Cryo-Lock","","","","","","","Glasslined","","Yes","","","","","Agitator","Glass Lined Parts","18,950 L (5,000 gallons)"
"240599","Unused Agitator Glass Lined Parts 18,950 L (5,000 gallons) Glasslined For Sale - IPP# 240599","https://ims.internationalprocessplants.com/inventory/equipment/detail/240599","9","Pitch blade turbine agitator","Unused","1,100 mm (43 in)","","","Cryo-Lock","","","","","","","Glasslined","","Yes","","","","","Agitator","Glass Lined Parts","18,950 L (5,000 gallons)"
"240600","Glasslined Agitator Glass Lined Parts - IPP# 240600","https://ims.internationalprocessplants.com/inventory/equipment/detail/240600","10","DTW agitator","Re-glassed","76.2 mm (3 in)","","","","","","","","1,750 mm (69 in)","","Glasslined","","Yes","","","","762 mm (30 in)","Agitator","Glass Lined Parts","757 L (200 gallons)"
"240601","Glasslined Agitator Glass Lined Parts - IPP# 240601","https://ims.internationalprocessplants.com/inventory/equipment/detail/240601","10","DTW agitator","Re-glassed","76.2 mm (3 in)","","","","","","","","1,750 mm (69.5 in)","","Glasslined","","Yes","","","","762 mm (30 in)","Agitator","Glass Lined Parts","757 L (200 gallons)"
"240602","Agitator Glass Lined Parts 7,550 L (2,000 gallons) Glasslined For Sale - IPP# 240602","https://ims.internationalprocessplants.com/inventory/equipment/detail/240602","9","","Re-glassed","88.9 mm (3.5 in)","","","Cryo-Lock","","","","","3,700 mm (146.5 in)","","Glasslined","","Yes","","","","","Agitator","Glass Lined Parts","7,550 L (2,000 gallons)"
"240606","Glasslined Agitator Glass Lined Parts - IPP# 240606","https://ims.internationalprocessplants.com/inventory/equipment/detail/240606","9","","Re-glassed","88.9 mm (3.5 in)","","","Cryo-Lock","","","","","","Pfaudler","Glasslined","","Yes","","","","838 mm (33 in)","Agitator","Glass Lined Parts",""
"240616","Glasslined Pfaudler Agitator Glass Lined Parts - IPP# 240616","https://ims.internationalprocessplants.com/inventory/equipment/detail/240616","9","","Used","139.7 mm (5.5 in)","","","Cryo-Lock","","","","","4,600 mm (180.5 in)","Pfaudler","Glasslined","","","","","","","Agitator","Glass Lined Parts","15,150 L (4,000 gallons)"
"240621","Glasslined Agitator Glass Lined Parts - IPP# 240621","https://ims.internationalprocessplants.com/inventory/equipment/detail/240621","8","three blade agitator.","Needs Reglass","","","","3 Blade Retreat Curve","","","","","","","Glasslined","","","","","","1,100 mm (44 in)","Agitator","Glass Lined Parts","1,900 L (500 gallons)"
"240640","Agitator Glass Lined Parts 2,850 L (750 gallons) Glasslined For Sale - IPP# 240640","https://ims.internationalprocessplants.com/inventory/equipment/detail/240640","9","","Used","88.9 mm (3.5 in)","","","Anchor","","","","","2,850 mm (113 in)","","Glasslined","","","","","","1,300 mm (51 in)","Agitator","Glass Lined Parts","2,850 L (750 gallons)"
"240643","Agitator Glass Lined Parts  Glasslined For Sale - IPP# 240643","https://ims.internationalprocessplants.com/inventory/equipment/detail/240643","8","","Re-glassed","88.9 mm (3.5 in)","","","Cryo-Lock","","","","","","","Glasslined","","Yes","","","","1,100 mm (44 in)","Agitator","Glass Lined Parts",""
"240645","Agitator Glass Lined Parts 378.5 L (100 gallons) Glasslined For Sale - IPP# 240645","https://ims.internationalprocessplants.com/inventory/equipment/detail/240645","9","RCI agitator","Used","38.1 mm (1.5 in)","","","","","","","","1,450 mm (56.5 in)","","Glasslined","","","","","","610 mm (24 in)","Agitator","Glass Lined Parts","378.5 L (100 gallons)"
"240649","Glasslined Agitator Glass Lined Parts - IPP# 240649","https://ims.internationalprocessplants.com/inventory/equipment/detail/240649","9","RCI agitator","Re-glassed","","","","","","","","","1,750 mm (69.5 in)","","Glasslined","","Yes","","","","762 mm (30 in)","Agitator","Glass Lined Parts","757 L (200 gallons)"
"240650","Glasslined Agitator Glass Lined Parts - IPP# 240650","https://ims.internationalprocessplants.com/inventory/equipment/detail/240650","9","RCI agitator","Re-glassed","","","","","","","","","1,750 mm (69.5 in)","","Glasslined","","Yes","","","","762 mm (30 in)","Agitator","Glass Lined Parts","757 L (200 gallons)"
"240651","Glasslined Agitator Glass Lined Parts - IPP# 240651","https://ims.internationalprocessplants.com/inventory/equipment/detail/240651","19","RCI agitator","Re-glassed","76.2 mm (3 in)","","DTW","3 Blade Retreat Curve","Very Clean (VC)","Full Fire Polish (FF)","","","1,850 mm (73 in)","Pfaudler","Glasslined","EL series","Yes","Counterclockwise","Yes","Stainless Steel 316","914 mm (36 in)","Agitator","Glass Lined Parts","1,150 L (300 gallons)"
"240654","Glasslined Agitator Glass Lined Parts - IPP# 240654","https://ims.internationalprocessplants.com/inventory/equipment/detail/240654","8","","Used","54 mm (2.1 in)","","","","","","","","1,250 mm (49.5 in)","","Glasslined","","","","","","610 mm (24 in)","Agitator","Glass Lined Parts","378.5 L (100 gallons)"
"240655","Glasslined Agitator Glass Lined Parts - IPP# 240655","https://ims.internationalprocessplants.com/inventory/equipment/detail/240655","17","2.5 DTW drive end","Re-glassed","34.9 mm (1.38 in)","","DTW","3 Blade Retreat Curve","Very Clean (VC)","Full Fire Polish (FF)","","","1,100 mm (44.3 in)","Pfaudler","Glasslined","P Series","Yes","Counterclockwise","","","508 mm (20 in)","Agitator","Glass Lined Parts","189.3 L (50 gallons)"
"240656","Glasslined Agitator Glass Lined Parts - IPP# 240656","https://ims.internationalprocessplants.com/inventory/equipment/detail/240656","8","","Used","38.1 mm (1.5 in)","","","","","","","","1,250 mm (49.5 in)","","Glasslined","","","","","","508 mm (20 in)","Agitator","Glass Lined Parts","378.5 L (100 gallons)"
"240662","Agitator Glass Lined Parts 7,550 L (2,000 gallons) Glasslined For Sale - IPP# 240662","https://ims.internationalprocessplants.com/inventory/equipment/detail/240662","9","","Re-glassed","66.7 mm (2.6 in)","","","","","","","","3,850 mm (151.5 in)","","Glasslined","","Yes","","","","1,100 mm (44 in)","Agitator","Glass Lined Parts","7,550 L (2,000 gallons)"
"240663","Agitator Glass Lined Parts 7,550 L (2,000 gallons) Glasslined For Sale - IPP# 240663","https://ims.internationalprocessplants.com/inventory/equipment/detail/240663","17","5RW drive end","Re-glassed","88.9 mm (3.5 in)","","RW","3 Blade Retreat Curve","","","","","3,800 mm (150.5 in)","Pfaudler","Glasslined","RCI","Yes","Counterclockwise","Yes","Stainless Steel 316","1,100 mm (44 in)","Agitator","Glass Lined Parts","7,550 L (2,000 gallons)"
"240664","Agitator Glass Lined Parts 5,700 L (1,500 gallons) Glasslined For Sale - IPP# 240664","https://ims.internationalprocessplants.com/inventory/equipment/detail/240664","9","","Re-glassed","85.6 mm (3.4 in)","","","","","","","","3,100 mm (122 in)","","Glasslined","","Yes","","","","1,100 mm (44 in)","Agitator","Glass Lined Parts","5,700 L (1,500 gallons)"
"240665","Glasslined Agitator Glass Lined Parts - IPP# 240665","https://ims.internationalprocessplants.com/inventory/equipment/detail/240665","9","","Re-glassed","66.5 mm (2.6 in)","","","","","","","","3,300 mm (129.5 in)","","Glasslined","","Yes","","","","1,100 mm (44 in)","Agitator","Glass Lined Parts","5,700 L (1,500 gallons)"
"240677","Glasslined Agitator Glass Lined Parts - IPP# 240677","https://ims.internationalprocessplants.com/inventory/equipment/detail/240677","10","RCI Agitator","Used","76.2 mm (3 in)","","","","","","","","2,700 mm (107 in)","Pfaudler","Glasslined","","","","","","914 mm (36 in)","Agitator","Glass Lined Parts","1,900 L (500 gallons)"
"240678","Glasslined Agitator Glass Lined Parts - IPP# 240678","https://ims.internationalprocessplants.com/inventory/equipment/detail/240678","10","RCI Agitator","Re-glassed","76.2 mm (3 in)","","","","","","","","2,700 mm (107 in)","Pfaudler","Glasslined","","Yes","","","","914 mm (36 in)","Agitator","Glass Lined Parts",""
"240680","Glasslined Agitator Glass Lined Parts - IPP# 240680","https://ims.internationalprocessplants.com/inventory/equipment/detail/240680","19","Fits a 5DTW","Re-glassed","88.9 mm (3.5 in)","","DTW","3 Blade Retreat Curve","Very Clean (VC)","Full Fire Polish (FF)","","","3,650 mm (143 in)","Pfaudler","Glasslined","RCI","Yes","Counter-Clockwise","Yes","Stainless Steel 316","1,100 mm (44 in)","Agitator","Glass Lined Parts","7,550 L (2,000 gallons)"
"240681","Glasslined Agitator Glass Lined Parts - IPP# 240681","https://ims.internationalprocessplants.com/inventory/equipment/detail/240681","8","RCI Agitator","Used","76.2 mm (3 in)","","","","","","","","1,750 mm (69.5 in)","","Glasslined","","","","","","914 mm (36 in)","Agitator","Glass Lined Parts",""
"240682","Glasslined Agitator Glass Lined Parts - IPP# 240682","https://ims.internationalprocessplants.com/inventory/equipment/detail/240682","9","RCI Agitator","Re-glassed","76.2 mm (3 in)","","","","","","","","2,700 mm (107 in)","","Glasslined","","Yes","","","","914 mm (36 in)","Agitator","Glass Lined Parts",""
"240683","Glasslined Agitator Glass Lined Parts - IPP# 240683","https://ims.internationalprocessplants.com/inventory/equipment/detail/240683","10","RCI Agitator","Re-glassed","88.9 mm (3.5 in)","","","","","","","","3,650 mm (143 in)","","Glasslined","","Yes","","","","1,100 mm (44 in)","Agitator","Glass Lined Parts","7,550 L (2,000 gallons)"
"240684","Glasslined Agitator Glass Lined Parts - IPP# 240684","https://ims.internationalprocessplants.com/inventory/equipment/detail/240684","10","RCI Agitator","Re-glassed","88.9 mm (3.5 in)","","","","","","","","3,300 mm (129.5 in)","","Glasslined","","Yes","","","","1,100 mm (44 in)","Agitator","Glass Lined Parts","5,700 L (1,500 gallons)"
"240685","Glasslined Agitator Glass Lined Parts - IPP# 240685","https://ims.internationalprocessplants.com/inventory/equipment/detail/240685","9","RCI Agitator","Re-glassed","88.9 mm (3.5 in)","","","","","","","","3,650 mm (143 in)","","Glasslined","","Yes","","","","1,100 mm (44 in)","Agitator","Glass Lined Parts",""
"240686","Glasslined Agitator Glass Lined Parts - IPP# 240686","https://ims.internationalprocessplants.com/inventory/equipment/detail/240686","10","Cryo-lock agitator shaft","Re-glassed","88.9 mm (3.5 in)","","","Cryo-Lock","","","","","3,700 mm (146.5 in)","","Glasslined","","Yes","","","","","Agitator","Glass Lined Parts","7,550 L (2,000 gallons)"
"240689","Glasslined Agitator Glass Lined Parts - IPP# 240689","https://ims.internationalprocessplants.com/inventory/equipment/detail/240689","18","Fits a 5TW drive end","Re-glassed","88.9 mm (3.5 in)","","TW","3 Blade Retreat Curve","Very Clean (VC)","Full Fire Polish (FF)","","","3,650 mm (143 in)","","Glasslined","RCI","Yes","Counter-Clockwise","Yes","Stainless Steel 316","1,100 mm (44 in)","Agitator","Glass Lined Parts","7,550 L (2,000 gallons)"
"240690","Glasslined Agitator Glass Lined Parts - IPP# 240690","https://ims.internationalprocessplants.com/inventory/equipment/detail/240690","9","","Re-glassed","38.1 mm (1.5 in)","","","","","","","","1,450 mm (56.5 in)","","Glasslined","RCI","","","","","508 mm (20 in)","Agitator","Glass Lined Parts","378.5 L (100 gallons)"
"240732","Glasslined Agitator Glass Lined Parts - IPP# 240732","https://ims.internationalprocessplants.com/inventory/equipment/detail/240732","10","RCI agitator","Re-glassed","139.7 mm (5.5 in)","","","","","","","","4,600 mm (182 in)","","Glasslined","","Yes","","","","1,350 mm (54 in)","Agitator","Glass Lined Parts","15,150 L (4,000 gallons)"
"240733","Glasslined Agitator Glass Lined Parts - IPP# 240733","https://ims.internationalprocessplants.com/inventory/equipment/detail/240733","9","RCI agitator","Re-glassed","139.7 mm (5.5 in)","","","","","","","","4,600 mm (182 in)","","Glasslined","","","","","","1,350 mm (54 in)","Agitator","Glass Lined Parts","15,150 L (4,000 gallons)"
"240744","Glasslined Agitator Glass Lined Parts - IPP# 240744","https://ims.internationalprocessplants.com/inventory/equipment/detail/240744","8","","Used","63.5 mm (2.5 in)","","","","","","","","2,400 mm (94 in)","","Glasslined","","","","","","914 mm (36 in)","Agitator","Glass Lined Parts","1,900 L (500 gallons)"
"240746","Glasslined Agitator Glass Lined Parts - IPP# 240746","https://ims.internationalprocessplants.com/inventory/equipment/detail/240746","8","","Used","76.2 mm (3 in)","","","","","","","","2,550 mm (101.3 in)","","Glasslined","","","","","","914 mm (36 in)","Agitator","Glass Lined Parts","2,850 L (750 gallons)"
"240747","Glasslined Agitator Glass Lined Parts - IPP# 240747","https://ims.internationalprocessplants.com/inventory/equipment/detail/240747","10","agitator R-48 series","Used","88.9 mm (3.5 in)","","","","","","","","2,400 mm (94 in)","Pfaudler","Glasslined","","","","","","914 mm (36 in)","Agitator","Glass Lined Parts","1,900 L (500 gallons)"
"240748","Glasslined Agitator Glass Lined Parts - IPP# 240748","https://ims.internationalprocessplants.com/inventory/equipment/detail/240748","8","","Used","38.1 mm (1.5 in)","","","","","","","","857 mm (33.8 in)","","Glasslined","","","","","","254 mm (10 in)","Agitator","Glass Lined Parts","75.7 L (20 gallons)"
"240750","Agitator Glass Lined Parts 3,800 L (1,000 gallons) Glasslined For Sale - IPP# 240750","https://ims.internationalprocessplants.com/inventory/equipment/detail/240750","13","CBT","Re-glassed","737 mm (29 in)","","","Cryo-Lock","","","2.5 Inch","","","Pfaudler","Glasslined","Cryo-Lock","Yes","","","","737 mm (29 in)","Agitator","Glass Lined Parts","3,800 L (1,000 gallons)"
"240752","Glasslined Agitator Glass Lined Parts - IPP# 240752","https://ims.internationalprocessplants.com/inventory/equipment/detail/240752","9","","Used","88.9 mm (3.5 in)","","","Cryo-Lock","","","","","","Pfaudler","Glasslined","Cryo-Lock","","","","","","Agitator","Glass Lined Parts","7,550 L (2,000 gallons)"
"240760","Unused Glasslined DTW Agitator Glass Lined Parts - IPP# 240760","https://ims.internationalprocessplants.com/inventory/equipment/detail/240760","9","","Unused","88.9 mm (3.5 in)","","","","","","","","3,100 mm (122 in)","","Glasslined","DTW","","","","","1,100 mm (44 in)","Agitator","Glass Lined Parts","3,800 L (1,000 gallons)"
"240766","Agitator Glass Lined Parts 757 L (200 gallons) Glasslined For Sale - IPP# 240766","https://ims.internationalprocessplants.com/inventory/equipment/detail/240766","10","RCI agitator","Used","76.2 mm (3 in)","","","","","","","","1,550 mm (61.5 in)","Pfaudler","Glasslined","","","","","","762 mm (30 in)","Agitator","Glass Lined Parts","757 L (200 gallons)"
"240774","Glasslined Agitator Glass Lined Parts - IPP# 240774","https://ims.internationalprocessplants.com/inventory/equipment/detail/240774","9","Fits a 4RW drive","Re-glassed","","","RW","","","","","","","","Glasslined","RCI","Yes","","","","","Agitator","Glass Lined Parts","1,900 L (500 gallons)"
"240792","Glasslined Pfaudler Agitator Glass Lined Parts - IPP# 240792","https://ims.internationalprocessplants.com/inventory/equipment/detail/240792","12","RCI agitator 5 RW Drive end","Re-glassed","88.9 mm (3.5 in)","","RW","","","","","","3,250 mm (127.5 in)","Pfaudler","Glasslined","","Yes","","","","1,100 mm (44 in)","Agitator","Glass Lined Parts","3,800 L (1,000 gallons)"
"240796","Agitator Glass Lined Parts 1,150 L (300 gallons) Glasslined For Sale - IPP# 240796","https://ims.internationalprocessplants.com/inventory/equipment/detail/240796","15","3 DTW","Used","76.2 mm (3 in)","","DTW","Cryo-Lock","","","","","1,850 mm (73 in)","Pfaudler","Glasslined","","","Counterclockwise","Yes","Stainless Steel Other","914 mm (36 in)","Agitator","Glass Lined Parts","1,150 L (300 gallons)"
"240797","Glasslined Agitator Glass Lined Parts - IPP# 240797","https://ims.internationalprocessplants.com/inventory/equipment/detail/240797","7","","Used","1,100 mm (43 in)","","","Cryo-Lock","","","","","","Pfaudler","Glasslined","","","","","","","Agitator","Glass Lined Parts",""
"240799","Glasslined Agitator Glass Lined Parts - IPP# 240799","https://ims.internationalprocessplants.com/inventory/equipment/detail/240799","10","","Re-glassed","838 mm (33 in)","","","Cryo-Lock","","","","","","Pfaudler","Glasslined","Cryo-Lock","","Clockwise","","","","Agitator","Glass Lined Parts","7,550 L (2,000 gallons)"
"240801","Glasslined Agitator Glass Lined Parts - IPP# 240801","https://ims.internationalprocessplants.com/inventory/equipment/detail/240801","11","","Re-glassed","1,050 mm (41 in)","","","Cryo-Lock","","","4.5" diameter","","","Pfaudler","Glasslined","Cryo-Lock","","Clockwise","","","","Agitator","Glass Lined Parts","15,150 L (4,000 gallons)"
"240805","Glasslined Agitator Glass Lined Parts - IPP# 240805","https://ims.internationalprocessplants.com/inventory/equipment/detail/240805","13","Fits a 2.5 DTW drive","Used","38.1 mm (1.5 in)","","DTW","3 Blade Retreat Curve","","","","","1,100 mm (44 in)","Pfaudler","Glasslined","RCI","","","","","508 mm (20 in)","Agitator","Glass Lined Parts","189.3 L (50 gallons)"
"240807","Glasslined Agitator Glass Lined Parts - IPP# 240807","https://ims.internationalprocessplants.com/inventory/equipment/detail/240807","13","with a 2.5 DTW drive end","Used","38.1 mm (1.5 in)","","DTW","3 Blade Retreat Curve","","","","","1,200 mm (47.5 in)","Pfaudler","Glasslined","RCI","","","","","508 mm (20 in)","Agitator","Glass Lined Parts","378.5 L (100 gallons)"
"240808","Glasslined Agitator Glass Lined Parts - IPP# 240808","https://ims.internationalprocessplants.com/inventory/equipment/detail/240808","10","","Used","1,100 mm (43 in)","","","Pitch Turbine","","","3.5"","","","Pfaudler","Glasslined","Cryo-Lock","","Clockwise","","","","Agitator","Glass Lined Parts",""
"240809","Glasslined Agitator Glass Lined Parts - IPP# 240809","https://ims.internationalprocessplants.com/inventory/equipment/detail/240809","10","","Used","1,100 mm (43 in)","","","Pitch Turbine","","","3.5"","","","Pfaudler","Glasslined","","","Clockwise","","","","Agitator","Glass Lined Parts","15,150 L (4,000 gallons)"
"240812","Glasslined Agitator Glass Lined Parts - IPP# 240812","https://ims.internationalprocessplants.com/inventory/equipment/detail/240812","12","DTW Drive end","Needs Reglass","88.9 mm (3.5 in)","","DTW","3 Blade Retreat Curve","","","","","3,850 mm (151 in)","","Glasslined","RCI","","","","","1,100 mm (44 in)","Agitator","Glass Lined Parts","7,550 L (2,000 gallons)"
"240824","Glasslined Agitator Glass Lined Parts - IPP# 240824","https://ims.internationalprocessplants.com/inventory/equipment/detail/240824","16","3 DTW","Re-glassed","76.2 mm (3 in)","","DTW","3 Blade Retreat Curve","","","","","1,750 mm (69.5 in)","Pfaudler","Glasslined","","Yes","Counterclockwise","Yes","Stainless Steel Other","762 mm (30 in)","Agitator","Glass Lined Parts","757 L (200 gallons)"
"240835","Glasslined Agitator Glass Lined Parts - IPP# 240835","https://ims.internationalprocessplants.com/inventory/equipment/detail/240835","10","","Used","76.2 mm (3 in)","","","CBT","","","","","","Pfaudler","Glasslined","Cryo-Lock","","","","","838 mm (33 in)","Agitator","Glass Lined Parts","7,550 L (2,000 gallons)"
"240836","Glasslined Agitator Glass Lined Parts - IPP# 240836","https://ims.internationalprocessplants.com/inventory/equipment/detail/240836","12","4 DTW drive end","Used","76.2 mm (3 in)","","DTW","Cryo-Lock","","","","","3,000 mm (118.8 in)","Pfaudler","Glasslined","Cryo-Lock","","","","","","Agitator","Glass Lined Parts","3,800 L (1,000 gallons)"
"240839","Glasslined Agitator Glass Lined Parts - IPP# 240839","https://ims.internationalprocessplants.com/inventory/equipment/detail/240839","12","5RW drive end","Re-glassed","76.2 mm (3 in)","","RW","Cryo-Lock","","","","","3,200 mm (126.4 in)","Pfaudler","Glasslined","Cryo-Lock","","","","","","Agitator","Glass Lined Parts","3,800 L (1,000 gallons)"
"240842","Glasslined Agitator Glass Lined Parts - IPP# 240842","https://ims.internationalprocessplants.com/inventory/equipment/detail/240842","7","","Re-glassed","","","","CBT","","","","","","Pfaudler","Glasslined","Cryo-Lock","","","","","","Agitator","Glass Lined Parts",""
"240843","Glasslined Agitator Glass Lined Parts - IPP# 240843","https://ims.internationalprocessplants.com/inventory/equipment/detail/240843","12","5 RW drive end","Re-glassed","76.2 mm (3 in)","","RW","Cryo-Lock","","","","","3,200 mm (126.4 in)","Pfaudler","Glasslined","Cryo-Lock","","","","","","Agitator","Glass Lined Parts","3,800 L (1,000 gallons)"
"240846","Glasslined Agitator Glass Lined Parts - IPP# 240846","https://ims.internationalprocessplants.com/inventory/equipment/detail/240846","12","Has a 5 RW drive end","Used","76.2 mm (3 in)","","RW","Cryo-Lock","","","","","3,000 mm (118.4 in)","Pfaudler","Glasslined","Cryo-Lock","","","","","","Agitator","Glass Lined Parts","3,800 L (1,000 gallons)"
"240893","Glasslined Agitator Glass Lined Parts - IPP# 240893","https://ims.internationalprocessplants.com/inventory/equipment/detail/240893","19","2.5 DTW drive end","Re-glassed","38.1 mm (1.5 in)","","DTW","3 Blade Retreat Curve","Very Clean (VC)","Full Fire Polish (FF)","","","1,000 mm (39.8 in)","Pfaudler","Glasslined","P Series","Yes","Counterclockwise","Yes","Stainless Steel 316","406.4 mm (16 in)","Agitator","Glass Lined Parts","113.6 L (30 gallons)"
"245548","New Agitator Glass Lined Parts 3,800 L (1,000 gallons) Glasslined For Sale - IPP# 245548","https://ims.internationalprocessplants.com/inventory/equipment/detail/245548","13","cryo-lock 4 blade turbine","New","88.9 mm (3.5 in)","","","Cryo-Lock","Very Clean (VC)","Full Fire Polish (FF)","","","","Pfaudler","Glasslined","","","Clockwise","","","838 mm (33 in)","Agitator","Glass Lined Parts","3,800 L (1,000 gallons)"
"245549","New Glasslined Pfaudler Agitator Glass Lined Parts - IPP# 245549","https://ims.internationalprocessplants.com/inventory/equipment/detail/245549","13","","New","38.1 mm (1.5 in)","","DTW","3 Blade Retreat Curve","Very Clean (VC)","Full Fire Polish (FF)","","","1,450 mm (56.5 in)","Pfaudler","Glasslined","","","","","","610 mm (24 in)","Agitator","Glass Lined Parts","378.5 L (100 gallons)"
"245551","Glasslined  Agitator Glass Lined Parts - IPP# 245551","https://ims.internationalprocessplants.com/inventory/equipment/detail/245551","8","","Re-glassed","1,100 mm (44 in)","","","3 Blade Retreat Curve","","","","","3,300 mm (129.5 in)","","Glasslined","","","","","","","Agitator","Glass Lined Parts","3,800 L (1,000 gallons)"
"245571","Unused Glasslined Pfaudler Agitator Glass Lined Parts - IPP# 245571","https://ims.internationalprocessplants.com/inventory/equipment/detail/245571","14","Cryolock shaft only","Unused","88.9 mm (3.5 in)","","SRW","Cryo-Lock","Very Clean (VC)","Full Fire Polish (FF)","3.5","","3,200 mm (126.3 in)","Pfaudler","Glasslined","","","","","","","Agitator","Glass Lined Parts","3,800 L (1,000 gallons)"
"245572","Glasslined Agitator Glass Lined Parts - IPP# 245572","https://ims.internationalprocessplants.com/inventory/equipment/detail/245572","12","","Needs Reglass","38.1 mm (1.5 in)","","DTW","3 Blade Retreat Curve","","","","","781 mm (30.8 in)","","Glasslined","RCI","","Counterclockwise","","","304.8 mm (12 in)","Agitator","Glass Lined Parts","37.9 L (10 gallons)"
"245579","Glasslined Agitator Glass Lined Parts - IPP# 245579","https://ims.internationalprocessplants.com/inventory/equipment/detail/245579","11","","Re-glassed","38.1 mm (1.5 in)","","","3 Blade Retreat Curve","","","","","1,000 mm (39.5 in)","","Glasslined","RCI","","Counterclockwise","","","508 mm (20 in)","Agitator","Glass Lined Parts","189.3 L (50 gallons)"
"245659","Glasslined Agitator Glass Lined Parts - IPP# 245659","https://ims.internationalprocessplants.com/inventory/equipment/detail/245659","14","RW drive end","Good Used Glass","76.2 mm (3 in)","","RW","3 Blade Retreat Curve","","","","","3,250 mm (127.5 in)","","Glasslined","RCI","","Counterclockwise","Yes","","1,100 mm (44 in)","Agitator","Glass Lined Parts","3,800 L (1,000 gallons)"
"245669","Glasslined Agitator Glass Lined Parts - IPP# 245669","https://ims.internationalprocessplants.com/inventory/equipment/detail/245669","15","Special length","Good Used Glass","76.2 mm (3 in)","","DTW","3 Blade Retreat Curve","","","","Yes","2,200 mm (86 in)","","Glasslined","RCI","Yes","Counterclockwise","","","914 mm (36 in)","Agitator","Glass Lined Parts","1,900 L (500 gallons)"
"245689","New Glasslined Pfaudler Agitator Glass Lined Parts - IPP# 245689","https://ims.internationalprocessplants.com/inventory/equipment/detail/245689","14","For 10 gallon","New","38.1 mm (1.5 in)","","DTW","3 Blade Retreat Curve","Very Clean (VC)","Full Fire Polish (FF)","","","781 mm (30.8 in)","Pfaudler","Glasslined","","","","","","304.8 mm (12 in)","Agitator","Glass Lined Parts","37.9 L (10 gallons)"
"246273","Glasslined Agitator Glass Lined Parts - IPP# 246273","https://ims.internationalprocessplants.com/inventory/equipment/detail/246273","12","63Q12 Lightnin drive end","Used","","Yes","Lightnin","Glass-Loc","","","","","3,650 mm (143 in)","DeDietrich","Glasslined","Glass-Loc","","","","","","Agitator","Glass Lined Parts","11,350 L (3,000 gallons)"
"246282","Glasslined Agitator Glass Lined Parts - IPP# 246282","https://ims.internationalprocessplants.com/inventory/equipment/detail/246282","13","63Q12 lightnin drive end","Used","","","Lightnin","Glass-Loc","","","","","3,650 mm (143 in)","DeDietrich","Glasslined","Glass Loc","","","Yes","Glasslined","","Agitator","Glass Lined Parts","11,350 L (3,000 gallons)"
"246298","Glasslined Agitator Glass Lined Parts - IPP# 246298","https://ims.internationalprocessplants.com/inventory/equipment/detail/246298","14","","Re-glassed","139.7 mm (5.5 in)","","RW","Cryo-Lock","","","4.5"","","4,900 mm (192 in)","Pfaudler","Glasslined","Cryo-Lock","","","Yes","Stainless Steel 304","","Agitator","Glass Lined Parts","15,150 L (4,000 gallons)"
"246300","Glasslined Agitator Glass Lined Parts - IPP# 246300","https://ims.internationalprocessplants.com/inventory/equipment/detail/246300","15","For a 7 and 8 RW","Re-glassed","139.7 mm (5.5 in)","","RW","Cryo-Lock","","","4.5","","4,900 mm (192 in)","Pfaudler","Glasslined","Cryo-Lock","","","Yes","Stainless Steel 304","","Agitator","Glass Lined Parts","15,150 L (4,000 gallons)"
"246302","Glasslined Agitator Glass Lined Parts - IPP# 246302","https://ims.internationalprocessplants.com/inventory/equipment/detail/246302","16","for 7 RW or 8 RW","Re-glassed","139.7 mm (5.5 in)","","RW","Cryo-Lock","","","4.5","","4,900 mm (192 in)","Pfaudler","Glasslined","Cryo-Lock","","","Yes","Stainless Steel 304","127 mm (5 in)","Agitator","Glass Lined Parts","15,150 L (4,000 gallons)"
"246454","Glasslined Agitator Glass Lined Parts - IPP# 246454","https://ims.internationalprocessplants.com/inventory/equipment/detail/246454","13","","Re-glassed","38.1 mm (1.5 in)","","DTW","3 Blade Retreat Curve","","","","","857 mm (33.8 in)","Pfaudler","Glasslined","RCI","","Counterclockwise","","","406.4 mm (16 in)","Agitator","Glass Lined Parts","75.7 L (20 gallons)"
"246459","Glasslined Agitator Glass Lined Parts - IPP# 246459","https://ims.internationalprocessplants.com/inventory/equipment/detail/246459","13","","Re-glassed","76.2 mm (3 in)","","Philadelphia","3 Blade Retreat Curve","","","","","3,450 mm (136 in)","DeDietrich","Glasslined","RCI","","Counterclockwise","","","1,100 mm (44 in)","Agitator","Glass Lined Parts","3,800 L (1,000 gallons)"
"246477","Unused Glasslined Agitator Glass Lined Parts - IPP# 246477","https://ims.internationalprocessplants.com/inventory/equipment/detail/246477","10","","Unused","","","RW","3 Blade Retreat Curve","","","","","3,300 mm (129.5 in)","Pfaudler","Glasslined","","","","","","1,100 mm (44 in)","Agitator","Glass Lined Parts","3,800 L (1,000 gallons)"
"246506","New Glasslined UGE UA-300 Cryo-Lock Agitator Glass Lined Parts - IPP# 246506","https://ims.internationalprocessplants.com/inventory/equipment/detail/246506","7","","New","","","","","","","","","","UGE","Glasslined","UA-300 Cryo-Lock","","","","","","Agitator","Glass Lined Parts","1,150 L (300 gallons)"
"246615","Glasslined Agitator Glass Lined Parts - IPP# 246615","https://ims.internationalprocessplants.com/inventory/equipment/detail/246615","8","4 RW drive end.","Re-glassed","","","RW","","","","","","","Pfaudler","Glasslined","Cryo-Lock","","","","","","Agitator","Glass Lined Parts",""
"246664","Glasslined Agitator Glass Lined Parts - IPP# 246664","https://ims.internationalprocessplants.com/inventory/equipment/detail/246664","12","","Re-glassed","38.1 mm (1.5 in)","","DTW","3 Blade Retreat Curve","","","","","781 mm (30.8 in)","Pfaudler","Glasslined","RCI","","","","","304.8 mm (12 in)","Agitator","Glass Lined Parts","37.9 L (10 gallons)"
"246675","Glasslined Agitator Glass Lined Parts - IPP# 246675","https://ims.internationalprocessplants.com/inventory/equipment/detail/246675","14","","Re-glassed","38.1 mm (1.5 in)","","DTW","3 Blade Retreat Curve","Very Clean (VC)","Full Fire Polish (FF)","","","1,050 mm (41.9 in)","Pfaudler","Glasslined","RCI","","","","","610 mm (24 in)","Agitator","Glass Lined Parts","189.3 L (50 gallons)"
"246680","Agitator Glass Lined Parts - IPP# 246680","https://ims.internationalprocessplants.com/inventory/equipment/detail/246680","8","","Re-glassed","","","DTW","3 Blade Retreat Curve","","","","","","","","RCI","","","","","1,100 mm (44 in)","Agitator","Glass Lined Parts","3,800 L (1,000 gallons)"
"246682","Agitator Glass Lined Parts   For Sale - IPP# 246682","https://ims.internationalprocessplants.com/inventory/equipment/detail/246682","3","","Needs Reglass","","","","","","","","","","","","","","","","","","Agitator","Glass Lined Parts",""
"246685","Agitator Glass Lined Parts  Glasslined For Sale - IPP# 246685","https://ims.internationalprocessplants.com/inventory/equipment/detail/246685","4","","Needs Reglass","","","","","","","","","","","Glasslined","","","","","","","Agitator","Glass Lined Parts",""
"246844","Glasslined Agitator Glass Lined Parts - IPP# 246844","https://ims.internationalprocessplants.com/inventory/equipment/detail/246844","15","4 RW Drive End","Re-glassed","55.6 mm (2.2 in)","","RW","3 Blade Retreat Curve","","Bad Glass (BG)","","","2,700 mm (105.8 in)","DeDietrich","Glasslined","RCI","","Counter-Clockwise","","","914 mm (36 in)","Agitator","Glass Lined Parts","1,900 L (500 gallons)"
"246846","Glasslined Agitator Glass Lined Parts - IPP# 246846","https://ims.internationalprocessplants.com/inventory/equipment/detail/246846","11","","Re-glassed","","","DTW","3 Blade Retreat Curve","","Bad Glass (BG)","","","2,550 mm (101.3 in)","","Glasslined","RCI","","","","","1,100 mm (44 in)","Agitator","Glass Lined Parts","2,850 L (750 gallons)"
"246847","Agitator Glass Lined Parts - IPP# 246847","https://ims.internationalprocessplants.com/inventory/equipment/detail/246847","14","PTE-6 drive end","Re-glassed","55.6 mm (2.2 in)","","Philadelphia","3 Blade Retreat Curve","","Bad Glass (BG)","","","2,700 mm (106.8 in)","DeDietrich","Glasslined","RCI","","","","","1,100 mm (44 in)","Agitator","Glass Lined Parts","2,850 L (750 gallons)"
"246848","Agitator Glass Lined Parts - IPP# 246848","https://ims.internationalprocessplants.com/inventory/equipment/detail/246848","13","","Re-glassed","55.6 mm (2.2 in)","","Philadelphia","3 Blade Retreat Curve","","Bad Glass (BG)","","","2,700 mm (106.8 in)","DeDietrich","Glasslined","RCI","","","","","1,100 mm (44 in)","Agitator","Glass Lined Parts","2,850 L (750 gallons)"
"246849","Agitator Glass Lined Parts - IPP# 246849","https://ims.internationalprocessplants.com/inventory/equipment/detail/246849","12","","Re-glassed","114.3 mm (4.5 in)","","DTW","3 Blade Retreat Curve","","Bad Glass (BG)","","","3,550 mm (140 in)","","Glasslined","RCI","","","","","1,100 mm (44 in)","Agitator","Glass Lined Parts","7,550 L (2,000 gallons)"
"246851","Agitator Glass Lined Parts - IPP# 246851","https://ims.internationalprocessplants.com/inventory/equipment/detail/246851","12","","Re-glassed","88.9 mm (3.5 in)","","DTW","3 Blade Retreat Curve","","Bad Glass (BG)","","","3,100 mm (122 in)","","Glasslined","RCI","","","","","1,100 mm (44 in)","Agitator","Glass Lined Parts","5,700 L (1,500 gallons)"
"246919","Glasslined Pfaudler Agitator Glass Lined Parts - IPP# 246919","https://ims.internationalprocessplants.com/inventory/equipment/detail/246919","14","","Re-glassed","76.2 mm (3 in)","","","CBT","Very Clean (VC)","Full Fire Polish (FF)","3.5","","","Pfaudler","Glasslined","","Yes","Counterclockwise","","","838 mm (33 in)","Agitator","Glass Lined Parts","5,700 L (1,500 gallons)"
"246997","Agitator Glass Lined Parts   For Sale - IPP# 246997","https://ims.internationalprocessplants.com/inventory/equipment/detail/246997","3","","Re-glassed","","","","","","","","","","","","","","","","","","Agitator","Glass Lined Parts",""
"247020","Glasslined Agitator Glass Lined Parts - IPP# 247020","https://ims.internationalprocessplants.com/inventory/equipment/detail/247020","13","","Needs Reglass","76.2 mm (3 in)","","DTW","3 Blade Retreat Curve","","Bad Glass (BG)","","","1,800 mm (71 in)","Pfaudler","Glasslined","RCI","","","","","914 mm (36 in)","Agitator","Glass Lined Parts","1,150 L (300 gallons)"
"247021","Glasslined Agitator Glass Lined Parts - IPP# 247021","https://ims.internationalprocessplants.com/inventory/equipment/detail/247021","12","","Re-glassed","76.2 mm (3 in)","","DTW","3 Blade Retreat Curve","","Bad Glass (BG)","","","1,950 mm (76 in)","","Glasslined","RCI","","","","","1,100 mm (44 in)","Agitator","Glass Lined Parts","1,150 L (300 gallons)"
"247023","Glasslined Agitator Glass Lined Parts - IPP# 247023","https://ims.internationalprocessplants.com/inventory/equipment/detail/247023","12","","Re-glassed","76.2 mm (3 in)","","RW","3 Blade Retreat Curve","","Bad Glass (BG)","","","2,100 mm (82.5 in)","","Glasslined","RCI","","","","","1,100 mm (44 in)","Agitator","Glass Lined Parts","2,850 L (750 gallons)"
"247024","Glasslined Agitator Glass Lined Parts - IPP# 247024","https://ims.internationalprocessplants.com/inventory/equipment/detail/247024","12","","Re-glassed","38.1 mm (1.5 in)","","Philadelphia","3 Blade Retreat Curve","","Bad Glass (BG)","","","1,400 mm (55 in)","","Glasslined","RCI","","","","","610 mm (24 in)","Agitator","Glass Lined Parts","568 L (150 gallons)"
"247026","Glasslined Agitator Glass Lined Parts - IPP# 247026","https://ims.internationalprocessplants.com/inventory/equipment/detail/247026","9","","Re-glassed","","","","3 Blade Retreat Curve","","","","","1,250 mm (50 in)","","Glasslined","RCI","","","","","610 mm (24 in)","Agitator","Glass Lined Parts","189.3 L (50 gallons)"
"247027","Glasslined Agitator Glass Lined Parts - IPP# 247027","https://ims.internationalprocessplants.com/inventory/equipment/detail/247027","19","5 RW drive end","Re-glassed","88.9 mm (3.5 in)","","RW","3 Blade Retreat Curve","Very Clean (VC)","Full Fire Polish (FF)","","","2,800 mm (109.5 in)","Pfaudler","Glasslined","RCI","Yes","Counterclockwise","Yes","Stainless Steel 316","1,100 mm (44 in)","Agitator","Glass Lined Parts","2,850 L (750 gallons)"
"247028","Glasslined Agitator Glass Lined Parts - IPP# 247028","https://ims.internationalprocessplants.com/inventory/equipment/detail/247028","10","","Re-glassed","76.2 mm (3 in)","","","3 Blade Retreat Curve","","","","","1,350 mm (53 in)","","Glasslined","RCI","","","","","610 mm (24 in)","Agitator","Glass Lined Parts","189.3 L (50 gallons)"
"247029","Glasslined Agitator Glass Lined Parts - IPP# 247029","https://ims.internationalprocessplants.com/inventory/equipment/detail/247029","11","","Re-glassed","88.9 mm (3.5 in)","","DTW","3 Blade Retreat Curve","","","","","3,100 mm (122 in)","","Glasslined","RCI","","","","","1,100 mm (44 in)","Agitator","Glass Lined Parts","5,700 L (1,500 gallons)"
"247030","Glasslined Agitator Glass Lined Parts - IPP# 247030","https://ims.internationalprocessplants.com/inventory/equipment/detail/247030","12","","Re-glassed","88.9 mm (3.5 in)","","DTW","3 Blade Retreat Curve","","Bad Glass (BG)","","","3,650 mm (143 in)","","Glasslined","RCI","","","","","1,100 mm (44 in)","Agitator","Glass Lined Parts","757 L (200 gallons)"
"247066","Agitator Glass Lined Parts 1,900 L (500 gallons) Glasslined For Sale - IPP# 247066","https://ims.internationalprocessplants.com/inventory/equipment/detail/247066","10","500 gallon Cryo-lock agitator shaft with 3525SRW drive end and 2.5" hub","Needs Reglass","63.5 mm (2.5 in)","","SRW","Cryo-Lock","","","","","","Pfaudler","Glasslined","","","","","","","Agitator","Glass Lined Parts","1,900 L (500 gallons)"
"247067","Agitator Glass Lined Parts  Glasslined For Sale - IPP# 247067","https://ims.internationalprocessplants.com/inventory/equipment/detail/247067","5","","Needs Reglass","","","","","","","","","","Pfaudler","Glasslined","","","","","","","Agitator","Glass Lined Parts",""
"247078","Agitator Glass Lined Parts - IPP# 247078","https://ims.internationalprocessplants.com/inventory/equipment/detail/247078","4","","Needs Reglass","","","","","","","","","","","Glasslined","","","","","","","Agitator","Glass Lined Parts",""
"247088","Agitator Glass Lined Parts - IPP# 247088","https://ims.internationalprocessplants.com/inventory/equipment/detail/247088","12","","Needs Reglass","38.1 mm (1.5 in)","","DTW","3 Blade Retreat Curve","","","","","1,450 mm (56.5 in)","Pfaudler","Glasslined","","","Counterclockwise","","","610 mm (24 in)","Agitator","Glass Lined Parts","378.5 L (100 gallons)"
"247099","Agitator Glass Lined Parts - IPP# 247099","https://ims.internationalprocessplants.com/inventory/equipment/detail/247099","19","Fits a 5RW","Re-glassed","88.9 mm (3.5 in)","","RW","3 Blade Retreat Curve","Very Clean (VC)","Full Fire Polish (FF)","","","3,300 mm (129.5 in)","Pfaudler","Glasslined","RCI","Yes","Counter-Clockwise","Yes","Stainless Steel 316","1,100 mm (44 in)","Agitator","Glass Lined Parts","3,800 L (1,000 gallons)"
"247100","Agitator Glass Lined Parts - IPP# 247100","https://ims.internationalprocessplants.com/inventory/equipment/detail/247100","10","","Needs Reglass","76.2 mm (3 in)","","","3 Blade Retreat Curve","","Bad Glass (BG)","","","2,550 mm (101 in)","","","","","Counterclockwise","","","914 mm (36 in)","Agitator","Glass Lined Parts","1,900 L (500 gallons)"
"247126","Agitator Glass Lined Parts - IPP# 247126","https://ims.internationalprocessplants.com/inventory/equipment/detail/247126","17","2.5 DTW drive end","Re-glassed","38.1 mm (1.5 in)","","DTW","3 Blade Retreat Curve","Very Clean (VC)","Full Fire Polish (FF)","","","1,450 mm (57 in)","Pfaudler","Glasslined","P & ES 100","Yes","Counter-Clockwise","","","610 mm (24 in)","Agitator","Glass Lined Parts","378.5 L (100 gallons)"
"247151","Agitator Glass Lined Parts - IPP# 247151","https://ims.internationalprocessplants.com/inventory/equipment/detail/247151","12","","Needs Reglass","88.9 mm (3.5 in)","","Philadelphia","3 Blade Retreat Curve","","","","","2,700 mm (106.8 in)","Pfaudler","Glasslined","","","Counterclockwise","","","1,100 mm (44 in)","Agitator","Glass Lined Parts","2,850 L (750 gallons)"
"247152","Agitator Glass Lined Parts - IPP# 247152","https://ims.internationalprocessplants.com/inventory/equipment/detail/247152","12","","Needs Reglass","76.2 mm (3 in)","","DTW","3 Blade Retreat Curve","","","","","1,750 mm (69.5 in)","Pfaudler","Glasslined","","","Counterclockwise","","","762 mm (30 in)","Agitator","Glass Lined Parts","757 L (200 gallons)"
"247153","Agitator Glass Lined Parts - IPP# 247153","https://ims.internationalprocessplants.com/inventory/equipment/detail/247153","11","","Needs Reglass","76.2 mm (3 in)","","DTW","3 Blade Retreat Curve","","","","","2,200 mm (87.5 in)","Pfaudler","","","","Counterclockwise","","","914 mm (36 in)","Agitator","Glass Lined Parts","1,900 L (500 gallons)"
"247154","Agitator Glass Lined Parts - IPP# 247154","https://ims.internationalprocessplants.com/inventory/equipment/detail/247154","12","","Needs Reglass","76.2 mm (3 in)","","RW","3 Blade Retreat Curve","","","","","2,100 mm (82 in)","Pfaudler","Glasslined","","","Counterclockwise","","","1,100 mm (44 in)","Agitator","Glass Lined Parts","1,900 L (500 gallons)"
"247155","Agitator Glass Lined Parts - IPP# 247155","https://ims.internationalprocessplants.com/inventory/equipment/detail/247155","11","","Needs Reglass","76.2 mm (3 in)","","DTW","3 Blade Retreat Curve","","","","","2,100 mm (82 in)","","Glasslined","","","Counterclockwise","","","1,100 mm (44 in)","Agitator","Glass Lined Parts","1,900 L (500 gallons)"
"247156","Agitator Glass Lined Parts - IPP# 247156","https://ims.internationalprocessplants.com/inventory/equipment/detail/247156","10","","Needs Reglass","76.2 mm (3 in)","","DTW","3 Blade Retreat Curve","","","","","2,550 mm (101.3 in)","","","","","Counterclockwise","","","914 mm (36 in)","Agitator","Glass Lined Parts","1,900 L (500 gallons)"
"247193","Agitator Glass Lined Parts - IPP# 247193","https://ims.internationalprocessplants.com/inventory/equipment/detail/247193","12","","Needs Reglass","88.9 mm (3.5 in)","","DTW","3 Blade Retreat Curve","","","3.5","","3,550 mm (139 in)","Pfaudler","Glasslined","","","Clockwise","","","","Agitator","Glass Lined Parts","7,550 L (2,000 gallons)"
"247278","Agitator Glass Lined Parts - IPP# 247278","https://ims.internationalprocessplants.com/inventory/equipment/detail/247278","11","","Needs Reglass","88.9 mm (3.5 in)","","DTW","3 Blade Retreat Curve","","","","","3,100 mm (122 in)","","Glasslined","","","Counterclockwise","","","1,100 mm (44 in)","Agitator","Glass Lined Parts","5,700 L (1,500 gallons)"
"247282","Agitator Glass Lined Parts - IPP# 247282","https://ims.internationalprocessplants.com/inventory/equipment/detail/247282","11","","Needs Reglass","88.9 mm (3.5 in)","","DTW","3 Blade Retreat Curve","","","","","3,100 mm (122 in)","","Glasslined","","","Counterclockwise","","","1,100 mm (44 in)","Agitator","Glass Lined Parts","5,700 L (1,500 gallons)"
"247284","Agitator Glass Lined Parts - IPP# 247284","https://ims.internationalprocessplants.com/inventory/equipment/detail/247284","10","","Needs Reglass","76.2 mm (3 in)","","DTW","3 Blade Retreat Curve","","","","","2,550 mm (101.3 in)","","","","","Counterclockwise","","","914 mm (36 in)","Agitator","Glass Lined Parts","2,850 L (750 gallons)"
"247285","Agitator Glass Lined Parts - IPP# 247285","https://ims.internationalprocessplants.com/inventory/equipment/detail/247285","10","","Needs Reglass","","","Philadelphia","3 Blade Retreat Curve","","","","","2,700 mm (105.8 in)","","Glasslined","","","Counterclockwise","","","914 mm (36 in)","Agitator","Glass Lined Parts","1,900 L (500 gallons)"
"247286","Agitator Glass Lined Parts - IPP# 247286","https://ims.internationalprocessplants.com/inventory/equipment/detail/247286","12","","Needs Reglass","88.9 mm (3.5 in)","","DTW","3 Blade Retreat Curve","","","","","3,650 mm (143 in)","DeDietrich","Glasslined","","","Counter-Clockwise","","","1,100 mm (44 in)","Agitator","Glass Lined Parts","7,550 L (2,000 gallons)"
"247287","Agitator Glass Lined Parts - IPP# 247287","https://ims.internationalprocessplants.com/inventory/equipment/detail/247287","11","","Needs Reglass","","","Philadelphia","3 Blade Retreat Curve","","","","","3,300 mm (129.1 in)","DeDietrich","Glasslined","","","Counterclockwise","","","1,100 mm (44 in)","Agitator","Glass Lined Parts","5,700 L (1,500 gallons)"
"247288","Agitator Glass Lined Parts - IPP# 247288","https://ims.internationalprocessplants.com/inventory/equipment/detail/247288","11","","Needs Reglass","","","Philadelphia","3 Blade Retreat Curve","","","","","3,850 mm (150.9 in)","DeDietrich","Glasslined","","","Counterclockwise","","","1,100 mm (44 in)","Agitator","Glass Lined Parts","7,550 L (2,000 gallons)"
"247290","Agitator Glass Lined Parts - IPP# 247290","https://ims.internationalprocessplants.com/inventory/equipment/detail/247290","11","","Needs Reglass","38.1 mm (1.5 in)","","DTW","3 Blade Retreat Curve","","","","","1,450 mm (56.5 in)","","Glasslined","","","Counterclockwise","","","610 mm (24 in)","Agitator","Glass Lined Parts","378.5 L (100 gallons)"
"247591","Agitator Glass Lined Parts - IPP# 247591","https://ims.internationalprocessplants.com/inventory/equipment/detail/247591","12","","Needs Reglass","57.2 mm (2.3 in)","","Philadelphia","3 Blade Retreat Curve","","Bad Glass (BG)","","","2,550 mm (100 in)","","Glasslined","","","Counter-Clockwise","","","914 mm (36 in)","Agitator","Glass Lined Parts","1,900 L (500 gallons)"
"247592","Agitator Glass Lined Parts - IPP# 247592","https://ims.internationalprocessplants.com/inventory/equipment/detail/247592","13","","Needs Reglass","57.2 mm (2.3 in)","","Philadelphia","3 Blade Retreat Curve","","Bad Glass (BG)","","","2,650 mm (105 in)","","Glasslined","","","Counter-Clockwise","Yes","","914 mm (36 in)","Agitator","Glass Lined Parts","1,900 L (500 gallons)"
"247593","Agitator Glass Lined Parts - IPP# 247593","https://ims.internationalprocessplants.com/inventory/equipment/detail/247593","12","","Needs Reglass","114.3 mm (4.5 in)","","DTW","3 Blade Retreat Curve","","","","","3,700 mm (146 in)","Pfaudler","Glasslined","","","Counter-Clockwise","","","1,100 mm (44 in)","Agitator","Glass Lined Parts","7,550 L (2,000 gallons)"
"247594","Agitator Glass Lined Parts - IPP# 247594","https://ims.internationalprocessplants.com/inventory/equipment/detail/247594","12","","Needs Reglass","76.2 mm (3 in)","","Lightnin","3 Blade Retreat Curve","","Bad Glass (BG)","","","3,700 mm (145 in)","","Glasslined","","","Counter-Clockwise","","","1,100 mm (44 in)","Agitator","Glass Lined Parts","7,550 L (2,000 gallons)"
"248070","Agitator Glass Lined Parts - IPP# 248070","https://ims.internationalprocessplants.com/inventory/equipment/detail/248070","13","","Re-glassed","76.2 mm (3 in)","","RW","3 Blade Retreat Curve","Very Clean (VC)","Full Fire Polish (FF)","","","2,750 mm (107.5 in)","","","","Yes","","Yes","","1,100 mm (44 in)","Agitator","Glass Lined Parts","2,850 L (750 gallons)"
"248196","Agitator Glass Lined Parts - IPP# 248196","https://ims.internationalprocessplants.com/inventory/equipment/detail/248196","11","","Needs Reglass","88.9 mm (3.5 in)","","RW","3 Blade Retreat Curve","","","","","3,800 mm (150.5 in)","","Glasslined","","","Counter-Clockwise","","","1,100 mm (44 in)","Agitator","Glass Lined Parts","7,550 L (2,000 gallons)"
"248293","Agitator Glass Lined Parts - IPP# 248293","https://ims.internationalprocessplants.com/inventory/equipment/detail/248293","9","","Needs Reglass","76.2 mm (3 in)","","DTW","3 Blade Retreat Curve","","","","","1,750 mm (69.5 in)","","Glasslined","","","","","","610 mm (24 in)","Agitator","Glass Lined Parts",""
"248294","Agitator Glass Lined Parts - IPP# 248294","https://ims.internationalprocessplants.com/inventory/equipment/detail/248294","9","","Needs Reglass","95.3 mm (3.8 in)","","","3 Blade Retreat Curve","","","","","2,400 mm (94 in)","","Glasslined","","","","","","762 mm (30 in)","Agitator","Glass Lined Parts","1,150 L (300 gallons)"
"248296","Agitator Glass Lined Parts - IPP# 248296","https://ims.internationalprocessplants.com/inventory/equipment/detail/248296","8","","Needs Reglass","50.8 mm (2 in)","","","3 Blade Retreat Curve","","","","","737 mm (29 in)","","Glasslined","","","","","","406.4 mm (16 in)","Agitator","Glass Lined Parts",""
"248297","Agitator Glass Lined Parts - IPP# 248297","https://ims.internationalprocessplants.com/inventory/equipment/detail/248297","9","","Needs Reglass","69.9 mm (2.8 in)","","","3 Blade Retreat Curve","","","","","1,400 mm (55 in)","","Glasslined","","","","","","508 mm (20 in)","Agitator","Glass Lined Parts","757 L (200 gallons)"
"248298","Agitator Glass Lined Parts - IPP# 248298","https://ims.internationalprocessplants.com/inventory/equipment/detail/248298","8","","Needs Reglass","95.3 mm (3.8 in)","","","","","","","","3,400 mm (133 in)","","Glasslined","","","","","","914 mm (36 in)","Agitator","Glass Lined Parts","3,800 L (1,000 gallons)"
"248299","Agitator Glass Lined Parts - IPP# 248299","https://ims.internationalprocessplants.com/inventory/equipment/detail/248299","8","","Needs Reglass","88.9 mm (3.5 in)","","","3 Blade Retreat Curve","","","","","1,950 mm (76.5 in)","","Glasslined","","","","","","762 mm (30 in)","Agitator","Glass Lined Parts",""
"248300","Agitator Glass Lined Parts - IPP# 248300","https://ims.internationalprocessplants.com/inventory/equipment/detail/248300","8","","Needs Reglass","88.9 mm (3.5 in)","","","","","","","","1,950 mm (76.5 in)","","Glasslined","","","","","","914 mm (36 in)","Agitator","Glass Lined Parts","1,150 L (300 gallons)"
"248301","Agitator Glass Lined Parts - IPP# 248301","https://ims.internationalprocessplants.com/inventory/equipment/detail/248301","9","","Needs Reglass","82.6 mm (3.3 in)","","DTW","","","","","","1,500 mm (58.3 in)","","Glasslined","","","","","","355.6 mm (14 in)","Agitator","Glass Lined Parts","757 L (200 gallons)"
"248302","Agitator Glass Lined Parts - IPP# 248302","https://ims.internationalprocessplants.com/inventory/equipment/detail/248302","8","","Needs Reglass","88.9 mm (3.5 in)","","","","","","","","2,050 mm (81 in)","","Glasslined","","","","","","762 mm (30 in)","Agitator","Glass Lined Parts","1,150 L (300 gallons)"
"248363","Glasslined  Agitator Glass Lined Parts - IPP# 248363","https://ims.internationalprocessplants.com/inventory/equipment/detail/248363","9","","Used","76.2 mm (3 in)","","DTW","3 Blade Retreat Curve","","","","","1,300 mm (51.5 in)","","Glasslined","","","","","","508 mm (20 in)","Agitator","Glass Lined Parts",""
"248364","Glasslined  Agitator Glass Lined Parts - IPP# 248364","https://ims.internationalprocessplants.com/inventory/equipment/detail/248364","10","","Used","76.2 mm (3 in)","","DTW","3 Blade Retreat Curve","","","","","1,300 mm (51.5 in)","","Glasslined","","","Counter-Clockwise","","","508 mm (20 in)","Agitator","Glass Lined Parts",""
"248365","Glasslined  Agitator Glass Lined Parts - IPP# 248365","https://ims.internationalprocessplants.com/inventory/equipment/detail/248365","11","3-4 DTW","Used","76.2 mm (3 in)","","DTW","3 Blade Retreat Curve","","","","","1,300 mm (52 in)","","Glasslined","","","Counter-Clockwise","","","508 mm (20 in)","Agitator","Glass Lined Parts",""
"248366","Glasslined  Agitator Glass Lined Parts - IPP# 248366","https://ims.internationalprocessplants.com/inventory/equipment/detail/248366","9","","Used","114.3 mm (4.5 in)","","","3 Blade Retreat Curve","","","","","1,800 mm (71.5 in)","","Glasslined","","","Counter-Clockwise","","","914 mm (36 in)","Agitator","Glass Lined Parts",""
"248367","Glasslined  Agitator Glass Lined Parts - IPP# 248367","https://ims.internationalprocessplants.com/inventory/equipment/detail/248367","4","","Used","","","","","","","","","","","Glasslined","","","","","","","Agitator","Glass Lined Parts",""
"248368","Agitator Glass Lined Parts  Glasslined For Sale - IPP# 248368","https://ims.internationalprocessplants.com/inventory/equipment/detail/248368","4","","Used","","","","","","","","","","","Glasslined","","","","","","","Agitator","Glass Lined Parts",""
"248369","Agitator Glass Lined Parts  Glasslined For Sale - IPP# 248369","https://ims.internationalprocessplants.com/inventory/equipment/detail/248369","4","","Used","","","","","","","","","","","Glasslined","","","","","","","Agitator","Glass Lined Parts",""
"248370","Agitator Glass Lined Parts  Glasslined For Sale - IPP# 248370","https://ims.internationalprocessplants.com/inventory/equipment/detail/248370","4","","Used","","","","","","","","","","","Glasslined","","","","","","","Agitator","Glass Lined Parts",""
"25086","Agitator Glass Lined Parts 7,550 L (2,000 gallons) Glasslined For Sale - IPP# 25086","https://ims.internationalprocessplants.com/inventory/equipment/detail/25086","16","5RW drive end","Re-glassed","88.9 mm (3.5 in)","","RW","3 Blade Retreat Curve","","","","","3,800 mm (150.5 in)","Pfaudler","Glasslined","","Yes","Counterclockwise","Yes","Stainless Steel Other","1,100 mm (44 in)","Agitator","Glass Lined Parts","7,550 L (2,000 gallons)"
"25134","Agitator Glass Lined Parts  Glasslined For Sale - IPP# 25134","https://ims.internationalprocessplants.com/inventory/equipment/detail/25134","10","anchor agit. MB drive end.","Re-glassed","88.9 mm (3.5 in)","","","Anchor","","","","","1,700 mm (66 in)","","Glasslined","","Yes","","","","1,000 mm (40 in)","Agitator","Glass Lined Parts",""
"25176","Glasslined Pfaudler Agitator Glass Lined Parts - IPP# 25176","https://ims.internationalprocessplants.com/inventory/equipment/detail/25176","16","3TW","Re-glassed","76.2 mm (3 in)","","TW","3 Blade Retreat Curve","","","","","1,550 mm (61.5 in)","Pfaudler","Glasslined","","Yes","Counterclockwise","Yes","Stainless Steel Other","762 mm (30 in)","Agitator","Glass Lined Parts","568 L (150 gallons)"
"33401","Agitator Glass Lined Parts 3,800 L (1,000 gallons) Glasslined For Sale - IPP# 33401","https://ims.internationalprocessplants.com/inventory/equipment/detail/33401","12","","Re-glassed","88.9 mm (3.5 in)","","","3 Blade Retreat Curve","","","","","2,950 mm (116 in)","Pfaudler","Glasslined","","Yes","","Yes","","813 mm (32 in)","Agitator","Glass Lined Parts","3,800 L (1,000 gallons)"
"34380","Glasslined Agitator Glass Lined Parts - IPP# 34380","https://ims.internationalprocessplants.com/inventory/equipment/detail/34380","14","2.5 DTW drive","Re-glassed","38.1 mm (1.5 in)","","DTW","3 Blade Retreat Curve","","","","","1,100 mm (44.3 in)","Pfaudler","Glasslined","","Yes","Counterclockwise","","","508 mm (20 in)","Agitator","Glass Lined Parts","189.3 L (50 gallons)"
"35345","Agitator Glass Lined Parts  Glasslined For Sale - IPP# 35345","https://ims.internationalprocessplants.com/inventory/equipment/detail/35345","9","","Re-glassed","101.6 mm (4 in)","","","3 Blade Retreat Curve","","","","","3,300 mm (129 in)","","Glasslined","","Yes","","","","1,200 mm (46.5 in)","Agitator","Glass Lined Parts",""
"35466","Agitator Glass Lined Parts 75.7 L (20 gallons) Glasslined For Sale - IPP# 35466","https://ims.internationalprocessplants.com/inventory/equipment/detail/35466","14","2.5 DTW drive end","Re-glassed","38.1 mm (1.5 in)","","DTW","3 Blade Retreat Curve","","","","","857 mm (33.8 in)","Pfaudler","Glasslined","","Yes","Counterclockwise","","","406.4 mm (16 in)","Agitator","Glass Lined Parts","75.7 L (20 gallons)"
"35467","Glasslined Agitator Glass Lined Parts - IPP# 35467","https://ims.internationalprocessplants.com/inventory/equipment/detail/35467","10","","Re-glassed","76.2 mm (3 in)","","","","","","","","1,000 mm (40 in)","Pfaudler","Glasslined","","Yes","","","","381 mm (15 in)","Agitator","Glass Lined Parts","189.3 L (50 gallons)"
"35468","Agitator Glass Lined Parts 189.3 L (50 gallons) Glasslined For Sale - IPP# 35468","https://ims.internationalprocessplants.com/inventory/equipment/detail/35468","11","For a DTW drive","Re-glassed","50.8 mm (2 in)","","","3 Blade Retreat Curve","","","","","914 mm (36 in)","","Glasslined","","Yes","","","","508 mm (20 in)","Agitator","Glass Lined Parts","189.3 L (50 gallons)"
"35558","Agitator Glass Lined Parts  Glasslined For Sale - IPP# 35558","https://ims.internationalprocessplants.com/inventory/equipment/detail/35558","9","","Re-glassed","76.2 mm (3 in)","","","3 Blade Retreat Curve","","","","","1,550 mm (61 in)","","Glasslined","","Yes","","","","813 mm (32 in)","Agitator","Glass Lined Parts",""
"38795","Glasslined Agitator Glass Lined Parts - IPP# 38795","https://ims.internationalprocessplants.com/inventory/equipment/detail/38795","12","","Re-glassed","133.4 mm (5.3 in)","","","3 Blade Retreat Curve","","","","Yes","4,350 mm (172 in)","Pfaudler","Glasslined","","Yes","","","","1,100 mm (44 in)","Agitator","Glass Lined Parts","11,350 L (3,000 gallons)"
"42634","Agitator Glass Lined Parts 189.3 L (50 gallons) Glasslined For Sale - IPP# 42634","https://ims.internationalprocessplants.com/inventory/equipment/detail/42634","10","","Re-glassed","50.8 mm (2 in)","","","3 Blade Retreat Curve","","","","","914 mm (36 in)","","Glasslined","","Yes","","","","508 mm (20 in)","Agitator","Glass Lined Parts","189.3 L (50 gallons)"
"43358","Glasslined DeDietrich Agitator Glass Lined Parts - IPP# 43358","https://ims.internationalprocessplants.com/inventory/equipment/detail/43358","10","","Used","88.9 mm (3.5 in)","","","3 Blade Retreat Curve","","","","","3,300 mm (130 in)","DeDietrich","Glasslined","","","","","","1,100 mm (44 in)","Agitator","Glass Lined Parts","3,800 L (1,000 gallons)"
"43686","Agitator Glass Lined Parts 283.9 L (75 gallons) Glasslined For Sale - IPP# 43686","https://ims.internationalprocessplants.com/inventory/equipment/detail/43686","11","","Re-glassed","50.8 mm (2 in)","","","3 Blade Retreat Curve","","","","","1,100 mm (43 in)","Pfaudler","Glasslined","","Yes","","","","508 mm (20 in)","Agitator","Glass Lined Parts","283.9 L (75 gallons)"
"44501","Agitator Glass Lined Parts 11,350 L (3,000 gallons) Glasslined For Sale - IPP# 44501","https://ims.internationalprocessplants.com/inventory/equipment/detail/44501","13","impellor agitator","Re-glassed","114.3 mm (4.5 in)","","","3 Blade Retreat Curve","","","","","4,000 mm (157 in)","DeDietrich","Glasslined","","Yes","","Yes","","1,350 mm (54 in)","Agitator","Glass Lined Parts","11,350 L (3,000 gallons)"
"44526","Glasslined Pfaudler Agitator Glass Lined Parts - IPP# 44526","https://ims.internationalprocessplants.com/inventory/equipment/detail/44526","12","Pfaudler glass lined 3-blade retreat curve agit. 3 1/4" seal area for a mech seal. For RW drive.","Used","88.9 mm (3.5 in)","","","3 Blade Retreat Curve","","","","","3,050 mm (120 in)","Pfaudler","Glasslined","","","","Yes","","1,100 mm (44 in)","Agitator","Glass Lined Parts","5,700 L (1,500 gallons)"
"45454","Agitator Glass Lined Parts 1,150 L (300 gallons) Glasslined For Sale - IPP# 45454","https://ims.internationalprocessplants.com/inventory/equipment/detail/45454","12","anchor agit","Used","76.2 mm (3 in)","","","Anchor","","","","","1,850 mm (73 in)","Pfaudler","Glasslined","","","","Yes","","914 mm (36 in)","Agitator","Glass Lined Parts","1,150 L (300 gallons)"
"45952","Agitator Glass Lined Parts 7,550 L (2,000 gallons) Glasslined For Sale - IPP# 45952","https://ims.internationalprocessplants.com/inventory/equipment/detail/45952","10","","Used","88.9 mm (3.5 in)","","","3 Blade Retreat Curve","","","","","3,150 mm (124 in)","","Glasslined","","","","Yes","","1,100 mm (44 in)","Agitator","Glass Lined Parts","7,550 L (2,000 gallons)"
"47865","Agitator Glass Lined Parts 189.3 L (50 gallons) Glasslined For Sale - IPP# 47865","https://ims.internationalprocessplants.com/inventory/equipment/detail/47865","10","","Re-glassed","50.8 mm (2 in)","","","3 Blade Retreat Curve","","","","","940 mm (37 in)","","Glasslined","","Yes","","","","508 mm (20 in)","Agitator","Glass Lined Parts","189.3 L (50 gallons)"
"48256","Agitator Glass Lined Parts 11,350 L (3,000 gallons) Glasslined For Sale - IPP# 48256","https://ims.internationalprocessplants.com/inventory/equipment/detail/48256","12","impellor agitator","Re-glassed","108 mm (4.3 in)","","","3 Blade Retreat Curve","","","","","3,800 mm (150 in)","DeDietrich","Glasslined","","Yes","","","","1,350 mm (54 in)","Agitator","Glass Lined Parts","11,350 L (3,000 gallons)"
"48451","Agitator Glass Lined Parts 11,350 L (3,000 gallons) Glasslined For Sale - IPP# 48451","https://ims.internationalprocessplants.com/inventory/equipment/detail/48451","11","","Used","88.9 mm (3.5 in)","","","3 Blade Retreat Curve","","","","","3,850 mm (151 in)","Pfaudler","Glasslined","","","","Yes","","1,400 mm (56 in)","Agitator","Glass Lined Parts","11,350 L (3,000 gallons)"
"48877","Agitator Glass Lined Parts  Glasslined For Sale - IPP# 48877","https://ims.internationalprocessplants.com/inventory/equipment/detail/48877","11","","Re-glassed","88.9 mm (3.5 in)","","","3 Blade Retreat Curve","","","","","3,050 mm (120 in)","Pfaudler","Glasslined","","Yes","","Yes","","914 mm (36 in)","Agitator","Glass Lined Parts",""
"705364","Agitator Glass Lined Parts  Glasslined For Sale - IPP# 705364","https://ims.internationalprocessplants.com/inventory/equipment/detail/705364","9","","Used","50 mm (1.97 in)","","","3 Blade Retreat Curve","","","","","1,400 mm (55.1 in)","DeDietrich","Glasslined","","","","","","460 mm (18.1 in)","Agitator","Glass Lined Parts",""
"706543","Unused Agitator Glass Lined Parts 12,500 L (3,300 gallons) Glasslined For Sale - IPP# 706543","https://ims.internationalprocessplants.com/inventory/equipment/detail/706543","11","","Unused","135 mm (5.3 in)","","","3 Blade Retreat Curve","","","","","4,500 mm (177.6 in)","Pfaudler","Glasslined","","","","Yes","","1,100 mm (43.3 in)","Agitator","Glass Lined Parts","12,500 L (3,300 gallons)"
"706544","Unused Agitator Glass Lined Parts 15,150 L (4,000 gallons) Glasslined For Sale - IPP# 706544","https://ims.internationalprocessplants.com/inventory/equipment/detail/706544","10","","Unused","180 mm (7.1 in)","","","3 Blade Retreat Curve","","","","","4,900 mm (192.9 in)","DeDietrich","Glasslined","","","","","","1,200 mm (47.2 in)","Agitator","Glass Lined Parts","15,150 L (4,000 gallons)"
"706545","Unused Agitator Glass Lined Parts 15,150 L (4,000 gallons) Glasslined For Sale - IPP# 706545","https://ims.internationalprocessplants.com/inventory/equipment/detail/706545","10","","Unused","110 mm (4.3 in)","","","3 Blade Retreat Curve","","","","","3,150 mm (124.8 in)","","Glasslined","","","","","Carbon Steel","110 mm (4.3 in)","Agitator","Glass Lined Parts","15,150 L (4,000 gallons)"
"706546","Unused Agitator Glass Lined Parts 8,000 L (2,100 gallons) Glasslined For Sale - IPP# 706546","https://ims.internationalprocessplants.com/inventory/equipment/detail/706546","10","","Unused","110 mm (4.3 in)","","","3 Blade Retreat Curve","","","","","4,050 mm (159.1 in)","","Glasslined","","","","","Carbon Steel","800 mm (31.5 in)","Agitator","Glass Lined Parts","8,000 L (2,100 gallons)"
"706547","Unused Agitator Glass Lined Parts  Glasslined For Sale - IPP# 706547","https://ims.internationalprocessplants.com/inventory/equipment/detail/706547","9","","Unused","105 mm (4.1 in)","","","3 Blade Retreat Curve","","","","","3,200 mm (127 in)","","Glasslined","","","","","Carbon Steel","1,000 mm (39.4 in)","Agitator","Glass Lined Parts",""
"706548","Glasslined  Agitator Glass Lined Parts - IPP# 706548","https://ims.internationalprocessplants.com/inventory/equipment/detail/706548","9","","Used","160 mm (6.3 in)","","","3 Blade Retreat Curve","","","","","6,200 mm (243.3 in)","","Glasslined","","","","","Carbon Steel","1.1 mm (0.04 in)","Agitator","Glass Lined Parts",""
"706549","Unused Agitator Glass Lined Parts 2,000 L (528 gallons) Glasslined For Sale - IPP# 706549","https://ims.internationalprocessplants.com/inventory/equipment/detail/706549","11","","Unused","95 mm (3.7 in)","","","3 Blade Retreat Curve","","","","","2,650 mm (104.3 in)","Pfaudler","Glasslined","","","","","Carbon Steel","800 mm (31.5 in)","Agitator","Glass Lined Parts","2,000 L (528 gallons)"
"706550","Agitator Glass Lined Parts 1,150 L (300 gallons) Glasslined For Sale - IPP# 706550","https://ims.internationalprocessplants.com/inventory/equipment/detail/706550","10","","Used","85 mm (3.3 in)","","","3 Blade Retreat Curve","","","","","1,850 mm (72.8 in)","","Glasslined","","","","","Carbon Steel","600 mm (23.6 in)","Agitator","Glass Lined Parts","1,150 L (300 gallons)"
"706552","Agitator Glass Lined Parts 3,800 L (1,000 gallons) Glasslined For Sale - IPP# 706552","https://ims.internationalprocessplants.com/inventory/equipment/detail/706552","9","","Used","96 mm (3.8 in)","","","3 Blade Retreat Curve","","","","","2,700 mm (106.7 in)","","Glasslined","","","","","","850 mm (33.5 in)","Agitator","Glass Lined Parts","3,800 L (1,000 gallons)"
"706553","Agitator Glass Lined Parts 1,150 L (300 gallons) Glasslined For Sale - IPP# 706553","https://ims.internationalprocessplants.com/inventory/equipment/detail/706553","10","","Used","96 mm (3.8 in)","","","3 Blade Retreat Curve","","","","","2,100 mm (82.7 in)","","Glasslined","","","","","Carbon Steel","780 mm (30.7 in)","Agitator","Glass Lined Parts","1,150 L (300 gallons)"
"706554","Unused Agitator Glass Lined Parts 3,000 L (793 gallons) Glasslined For Sale - IPP# 706554","https://ims.internationalprocessplants.com/inventory/equipment/detail/706554","10","","Unused","104 mm (4.1 in)","","","3 Blade Retreat Curve","","","","","2,050 mm (81.5 in)","DeDietrich","Glasslined","","","","","","680 mm (26.8 in)","Agitator","Glass Lined Parts","3,000 L (793 gallons)"
"706555","Unused Agitator Glass Lined Parts 1,900 L (500 gallons) Glasslined For Sale - IPP# 706555","https://ims.internationalprocessplants.com/inventory/equipment/detail/706555","9","","Unused","104 mm (4.1 in)","","","","","","","","1,800 mm (70.1 in)","DeDietrich","Glasslined","","","","","","740 mm (29.1 in)","Agitator","Glass Lined Parts","1,900 L (500 gallons)"
"706556","Unused Agitator Glass Lined Parts  Glasslined For Sale - IPP# 706556","https://ims.internationalprocessplants.com/inventory/equipment/detail/706556","10","","Unused","98 mm (3.9 in)","","","3 Blade Retreat Curve","","","","","2,400 mm (95 in)","Pfaudler","Glasslined","","","","","Carbon Steel","840 mm (33.1 in)","Agitator","Glass Lined Parts",""
"706557","Unused Agitator Glass Lined Parts 4,000 L (1,050 gallons) Glasslined For Sale - IPP# 706557","https://ims.internationalprocessplants.com/inventory/equipment/detail/706557","10","","Unused","116 mm (4.6 in)","","","3 Blade Retreat Curve","","","","","3,050 mm (120.1 in)","","Glasslined","","","","","Carbon Steel","1,000 mm (39.4 in)","Agitator","Glass Lined Parts","4,000 L (1,050 gallons)"
"706558","Unused Agitator Glass Lined Parts  Glasslined For Sale - IPP# 706558","https://ims.internationalprocessplants.com/inventory/equipment/detail/706558","9","","Unused","85 mm (3.3 in)","","","3 Blade Retreat Curve","","","","","1,500 mm (59.1 in)","DeDietrich","Glasslined","","","","","","680 mm (26.8 in)","Agitator","Glass Lined Parts",""
"706560","Unused Agitator Glass Lined Parts 1,900 L (500 gallons) Glasslined For Sale - IPP# 706560","https://ims.internationalprocessplants.com/inventory/equipment/detail/706560","10","","Unused","116 mm (4.6 in)","","","3 Blade Retreat Curve","","","","","2,300 mm (90.6 in)","","Glasslined","","","","","Carbon Steel","760 mm (29.9 in)","Agitator","Glass Lined Parts","1,900 L (500 gallons)"
"706561","Unused Agitator Glass Lined Parts 1,800 L (475.6 gallons) Glasslined For Sale - IPP# 706561","https://ims.internationalprocessplants.com/inventory/equipment/detail/706561","10","","Unused","96 mm (3.8 in)","","","3 Blade Retreat Curve","","","","","1,850 mm (72.4 in)","","Glasslined","","","","","Carbon Steel","650 mm (25.6 in)","Agitator","Glass Lined Parts","1,800 L (475.6 gallons)"
"706562","Unused Agitator Glass Lined Parts  Glasslined For Sale - IPP# 706562","https://ims.internationalprocessplants.com/inventory/equipment/detail/706562","8","","Unused","110 mm (4.3 in)","","","3 Blade Retreat Curve","","","","","2,700 mm (106.7 in)","","Glasslined","","","","","","850 mm (33.5 in)","Agitator","Glass Lined Parts",""
"706563","Unused Agitator Glass Lined Parts 5,700 L (1,500 gallons) Glasslined For Sale - IPP# 706563","https://ims.internationalprocessplants.com/inventory/equipment/detail/706563","9","","Unused","110 mm (4.3 in)","","","3 Blade Retreat Curve","","","","","3,650 mm (144.5 in)","","Glasslined","","","","","","930 mm (36.6 in)","Agitator","Glass Lined Parts","5,700 L (1,500 gallons)"
"706567","Agitator Glass Lined Parts 1,800 L (475.6 gallons) Glasslined For Sale - IPP# 706567","https://ims.internationalprocessplants.com/inventory/equipment/detail/706567","10","","Used","90 mm (3.5 in)","","","3 Blade Retreat Curve","","","","","2,250 mm (88.6 in)","","Glasslined","","","","","Carbon Steel","700 mm (27.6 in)","Agitator","Glass Lined Parts","1,800 L (475.6 gallons)"
"706568","Unused Agitator Glass Lined Parts 15,150 L (4,000 gallons) Glasslined For Sale - IPP# 706568","https://ims.internationalprocessplants.com/inventory/equipment/detail/706568","9","","Unused","135 mm (5.3 in)","","","3 Blade Retreat Curve","","","","","4,950 mm (194.9 in)","","Glasslined","","","","","","1 mm (0.04 in)","Agitator","Glass Lined Parts","15,150 L (4,000 gallons)"
"706569","Unused Agitator Glass Lined Parts 3,000 L (793 gallons) Glasslined For Sale - IPP# 706569","https://ims.internationalprocessplants.com/inventory/equipment/detail/706569","11","","Unused","96 mm (3.8 in)","","","3 Blade Retreat Curve","","","","","2,700 mm (106.3 in)","Pfaudler","Glasslined","","","","","Carbon Steel","840 mm (33.1 in)","Agitator","Glass Lined Parts","3,000 L (793 gallons)"
"706570","Unused Agitator Glass Lined Parts 5,700 L (1,500 gallons) Glasslined For Sale - IPP# 706570","https://ims.internationalprocessplants.com/inventory/equipment/detail/706570","10","","Unused","116 mm (4.6 in)","","","3 Blade Retreat Curve","","","","","3,100 mm (122.8 in)","","Glasslined","","","","","Carbon Steel","1 mm (0.04 in)","Agitator","Glass Lined Parts","5,700 L (1,500 gallons)"
"706571","Unused Agitator Glass Lined Parts 4,000 L (1,050 gallons) Glasslined For Sale - IPP# 706571","https://ims.internationalprocessplants.com/inventory/equipment/detail/706571","10","","Unused","115 mm (4.5 in)","","","3 Blade Retreat Curve","","","","","2,800 mm (110.6 in)","","Glasslined","","","","","Carbon Steel","900 mm (35.4 in)","Agitator","Glass Lined Parts","4,000 L (1,050 gallons)"
"706572","Unused Agitator Glass Lined Parts 4,000 L (1,050 gallons) Glasslined For Sale - IPP# 706572","https://ims.internationalprocessplants.com/inventory/equipment/detail/706572","10","","Unused","110 mm (4.3 in)","","","3 Blade Retreat Curve","","","","","3,000 mm (117.1 in)","","Glasslined","","","","","Carbon Steel","900 mm (35.4 in)","Agitator","Glass Lined Parts","4,000 L (1,050 gallons)"
"706573","Unused Agitator Glass Lined Parts  Glasslined For Sale - IPP# 706573","https://ims.internationalprocessplants.com/inventory/equipment/detail/706573","10","3-blade retreat curve glass agitator shaft","Unused","88 mm (3.5 in)","","","3 Blade Retreat Curve","","","","","2,900 mm (114.6 in)","Pfaudler","Glasslined","","","","","","800 mm (31.5 in)","Agitator","Glass Lined Parts",""
"706774","Unused Agitator Glass Lined Parts 10,000 L (2,650 gallons) Glasslined For Sale - IPP# 706774","https://ims.internationalprocessplants.com/inventory/equipment/detail/706774","10","","Unused","140 mm (5.5 in)","","","3 Blade Retreat Curve","","","","","4,050 mm (159.4 in)","","Glasslined","","","","Yes","","1,300 mm (52 in)","Agitator","Glass Lined Parts","10,000 L (2,650 gallons)"
"706776","Unused Glasslined Pfaudler Agitator Glass Lined Parts - IPP# 706776","https://ims.internationalprocessplants.com/inventory/equipment/detail/706776","9","","Unused","180 mm (7.1 in)","","","3 Blade Retreat Curve","","","","","4,300 mm (169.3 in)","Pfaudler","Glasslined","","","","","","1,300 mm (52 in)","Agitator","Glass Lined Parts",""
"706778","Unused Glasslined EHW Thale Agitator Glass Lined Parts - IPP# 706778","https://ims.internationalprocessplants.com/inventory/equipment/detail/706778","10","","Unused","100 mm (3.9 in)","","","Anchor","","","","","2,800 mm (110.2 in)","EHW Thale","Glasslined","","","","","","1,200 mm (47.2 in)","Agitator","Glass Lined Parts","3,050 L (800 gallons)"
"706782","Unused Glasslined  Agitator Glass Lined Parts - IPP# 706782","https://ims.internationalprocessplants.com/inventory/equipment/detail/706782","9","glass anchor agitator","Unused","95 mm (3.7 in)","","","Anchor","","","","","1,600 mm (63.2 in)","","Glasslined","","","","","","700 mm (27.6 in)","Agitator","Glass Lined Parts",""
"706789","Unused Agitator Glass Lined Parts 3,000 L (793 gallons) Glasslined For Sale - IPP# 706789","https://ims.internationalprocessplants.com/inventory/equipment/detail/706789","10","","Unused","142 mm (5.6 in)","","","3 Blade Retreat Curve","","","","","2,050 mm (80.7 in)","DeDietrich","Glasslined","","","","","","1,100 mm (42.5 in)","Agitator","Glass Lined Parts","3,000 L (793 gallons)"
"706790","Agitator Glass Lined Parts 800 L (211.3 gallons) Glasslined For Sale - IPP# 706790","https://ims.internationalprocessplants.com/inventory/equipment/detail/706790","9","","Used","62 mm (2.4 in)","","","3 Blade Retreat Curve","","","","","1,300 mm (51.8 in)","","Glasslined","","","","","","560 mm (22 in)","Agitator","Glass Lined Parts","800 L (211.3 gallons)"
"706791","Agitator Glass Lined Parts 800 L (211.3 gallons) Glasslined For Sale - IPP# 706791","https://ims.internationalprocessplants.com/inventory/equipment/detail/706791","10","","Used","62 mm (2.4 in)","","","3 Blade Retreat Curve","","","","","1,300 mm (51.8 in)","","Glasslined","","","","","Carbon Steel","560 mm (22 in)","Agitator","Glass Lined Parts","800 L (211.3 gallons)"
"71292","Glasslined Agitator Glass Lined Parts - IPP# 71292","https://ims.internationalprocessplants.com/inventory/equipment/detail/71292","16","5TW","Re-glassed","88.9 mm (3.5 in)","","TW","3 Blade Retreat Curve","","","","","3,100 mm (122 in)","Pfaudler","Glasslined","","Yes","Counterclockwise","Yes","Stainless Steel Other","1,100 mm (44 in)","Agitator","Glass Lined Parts","3,800 L (1,000 gallons)"
"71600","Glasslined Agitator Glass Lined Parts - IPP# 71600","https://ims.internationalprocessplants.com/inventory/equipment/detail/71600","14","2.5TW drive end","Re-glassed","38.1 mm (1.5 in)","","TW","3 Blade Retreat Curve","","","","","1,450 mm (56.5 in)","DeDietrich","Glasslined","","Yes","Counterclockwise","","","610 mm (24 in)","Agitator","Glass Lined Parts","378.5 L (100 gallons)"
"71662","Glasslined Agitator Glass Lined Parts - IPP# 71662","https://ims.internationalprocessplants.com/inventory/equipment/detail/71662","19","4 RW drive End","Re-glassed","88.9 mm (3.5 in)","","RW","3 Blade Retreat Curve","Very Clean (VC)","Full Fire Polish (FF)","","","2,700 mm (107.3 in)","Pfaudler","Glasslined","RCI","Yes","Counterclockwise","Yes","Stainless Steel 316","914 mm (36 in)","Agitator","Glass Lined Parts","1,900 L (500 gallons)"
"74946","Agitator Glass Lined Parts 5,700 L (1,500 gallons) Glasslined For Sale - IPP# 74946","https://ims.internationalprocessplants.com/inventory/equipment/detail/74946","13","63Q10 end","Re-glassed","92.1 mm (3.6 in)","","","3 Blade Retreat Curve","","","","","3,450 mm (136.8 in)","Pfaudler","Glasslined","","Yes","Counterclockwise","","","1,100 mm (44 in)","Agitator","Glass Lined Parts","5,700 L (1,500 gallons)"
"77791","Agitator Glass Lined Parts 189.3 L (50 gallons) Glasslined For Sale - IPP# 77791","https://ims.internationalprocessplants.com/inventory/equipment/detail/77791","10","","Re-glassed","50.8 mm (2 in)","","","3 Blade Retreat Curve","","","","","1,100 mm (43 in)","","Glasslined","","Yes","","","","508 mm (20 in)","Agitator","Glass Lined Parts","189.3 L (50 gallons)"
"77792","Agitator Glass Lined Parts 757 L (200 gallons) Glasslined For Sale - IPP# 77792","https://ims.internationalprocessplants.com/inventory/equipment/detail/77792","16","2.5 DTW drive","Re-glassed","38.1 mm (1.5 in)","","DTW","3 Blade Retreat Curve","","","","","1,800 mm (70.5 in)","Pfaudler","Glasslined","","Yes","Counterclockwise","Yes","Stainless Steel Other","508 mm (20 in)","Agitator","Glass Lined Parts","757 L (200 gallons)"
"77958","Agitator Glass Lined Parts 113.6 L (30 gallons) Glasslined For Sale - IPP# 77958","https://ims.internationalprocessplants.com/inventory/equipment/detail/77958","10","","Re-glassed","63.5 mm (2.5 in)","","","3 Blade Retreat Curve","","","","","965 mm (38 in)","","Glasslined","","Yes","","","","406.4 mm (16 in)","Agitator","Glass Lined Parts","113.6 L (30 gallons)"
"78224","Agitator Glass Lined Parts 189.3 L (50 gallons) Glasslined For Sale - IPP# 78224","https://ims.internationalprocessplants.com/inventory/equipment/detail/78224","10","","Re-glassed","50.8 mm (2 in)","","","3 Blade Retreat Curve","","","","","914 mm (36 in)","","Glasslined","","Yes","","","","508 mm (20 in)","Agitator","Glass Lined Parts","189.3 L (50 gallons)"
"78225","Agitator Glass Lined Parts 189.3 L (50 gallons) Glasslined For Sale - IPP# 78225","https://ims.internationalprocessplants.com/inventory/equipment/detail/78225","10","","Re-glassed","50.8 mm (2 in)","","","3 Blade Retreat Curve","","","","","914 mm (36 in)","","Glasslined","","Yes","","","","508 mm (20 in)","Agitator","Glass Lined Parts","189.3 L (50 gallons)"
"78458","Agitator Glass Lined Parts 189.3 L (50 gallons) Glasslined For Sale - IPP# 78458","https://ims.internationalprocessplants.com/inventory/equipment/detail/78458","10","","Re-glassed","50.8 mm (2 in)","","","3 Blade Retreat Curve","","","","","914 mm (36 in)","","Glasslined","","Yes","","","","508 mm (20 in)","Agitator","Glass Lined Parts","189.3 L (50 gallons)"
"79285","Glasslined Pfaudler Agitator Glass Lined Parts - IPP# 79285","https://ims.internationalprocessplants.com/inventory/equipment/detail/79285","11","","Re-glassed","88.9 mm (3.5 in)","","","3 Blade Retreat Curve","","","","","2,550 mm (101 in)","Pfaudler","Glasslined","","Yes","","","","914 mm (36 in)","Agitator","Glass Lined Parts","1,900 L (500 gallons)"
"7987","Glasslined Agitator Glass Lined Parts - IPP# 7987","https://ims.internationalprocessplants.com/inventory/equipment/detail/7987","17","RCI with 3 DTW drive end","Re-glassed","76.2 mm (3 in)","","DTW","3 Blade Retreat Curve","","","","","1,750 mm (69.5 in)","Pfaudler","Glasslined","RCI","Yes","Counterclockwise","Yes","Stainless Steel 316","762 mm (30 in)","Agitator","Glass Lined Parts","757 L (200 gallons)"
"81045","Glasslined Agitator Glass Lined Parts - IPP# 81045","https://ims.internationalprocessplants.com/inventory/equipment/detail/81045","17","5 TW drive end","Re-glassed","88.9 mm (3.5 in)","","TW","3 Blade Retreat Curve","","","","","2,600 mm (102 in)","Pfaudler","Glasslined","RCI","Yes","Counterclockwise","Yes","Stainless Steel Other","1,100 mm (44 in)","Agitator","Glass Lined Parts","2,850 L (750 gallons)"
"81354","Glasslined Agitator Glass Lined Parts - IPP# 81354","https://ims.internationalprocessplants.com/inventory/equipment/detail/81354","16","5RW drive end","Re-glassed","88.9 mm (3.5 in)","","RW","3 Blade Retreat Curve","","","","","2,800 mm (109.5 in)","Pfaudler","Glasslined","","Yes","Counterclockwise","Yes","Stainless Steel Other","1,100 mm (44 in)","Agitator","Glass Lined Parts","2,850 L (750 gallons)"
"81413","Agitator Glass Lined Parts  Glasslined For Sale - IPP# 81413","https://ims.internationalprocessplants.com/inventory/equipment/detail/81413","8","","Used","76.2 mm (3 in)","","","3 Blade Retreat Curve","","","","","1,950 mm (76 in)","","Glasslined","","","","","","1,850 mm (72 in)","Agitator","Glass Lined Parts",""
"82540","Agitator Glass Lined Parts 2,850 L (750 gallons) Glasslined For Sale - IPP# 82540","https://ims.internationalprocessplants.com/inventory/equipment/detail/82540","11","","Re-glassed","88.9 mm (3.5 in)","","","3 Blade Retreat Curve","","","","","2,600 mm (102 in)","Pfaudler","Glasslined","","Yes","","","","1,100 mm (44 in)","Agitator","Glass Lined Parts","2,850 L (750 gallons)"
"82542","Agitator Glass Lined Parts 2,850 L (750 gallons) Glasslined For Sale - IPP# 82542","https://ims.internationalprocessplants.com/inventory/equipment/detail/82542","14","5RW","Re-glassed","88.9 mm (3.5 in)","","RW","3 Blade Retreat Curve","","","","","2,800 mm (109.5 in)","Pfaudler","Glasslined","","Yes","Counterclockwise","","","1,100 mm (44 in)","Agitator","Glass Lined Parts","2,850 L (750 gallons)"
"82676","Agitator Glass Lined Parts 2,000 L (528 gallons) Glasslined For Sale - IPP# 82676","https://ims.internationalprocessplants.com/inventory/equipment/detail/82676","9","Btm part of 2-pc anchor agit","Used","","","","Anchor","","","","","","Pfaudler (Germany)","Glasslined","E Series","","","","","","Agitator","Glass Lined Parts","2,000 L (528 gallons)"
"82943","Agitator Glass Lined Parts 3,800 L (1,000 gallons) Glasslined For Sale - IPP# 82943","https://ims.internationalprocessplants.com/inventory/equipment/detail/82943","12","","Re-glassed","88.9 mm (3.5 in)","","","3 Blade Retreat Curve","","","","","2,750 mm (108 in)","Pfaudler","Glasslined","R66 Series","Yes","","","","1,100 mm (44 in)","Agitator","Glass Lined Parts","3,800 L (1,000 gallons)"
"83926","Glasslined Agitator Glass Lined Parts - IPP# 83926","https://ims.internationalprocessplants.com/inventory/equipment/detail/83926","16","5RW drive","Re-glassed","88.9 mm (3.5 in)","","RW","3 Blade Retreat Curve","","","","","2,800 mm (109.5 in)","Pfaudler","Glasslined","","Yes","Counterclockwise","Yes","Stainless Steel Other","1,100 mm (44 in)","Agitator","Glass Lined Parts","2,850 L (750 gallons)"
"85247","Agitator Glass Lined Parts 2,850 L (750 gallons) Glasslined For Sale - IPP# 85247","https://ims.internationalprocessplants.com/inventory/equipment/detail/85247","12","","Re-glassed","88.9 mm (3.5 in)","","","Anchor","","","","","2,700 mm (106 in)","Pfaudler","Glasslined","","Yes","","","Hastelloy - Other","965 mm (38 in)","Agitator","Glass Lined Parts","2,850 L (750 gallons)"
"86977","Glasslined Pfaudler Agitator Glass Lined Parts - IPP# 86977","https://ims.internationalprocessplants.com/inventory/equipment/detail/86977","10","","Re-glassed","152.4 mm (6 in)","","","Cryo-Lock","","","","","5,200 mm (205.5 in)","Pfaudler","Glasslined","","Yes","","","","","Agitator","Glass Lined Parts","30,300 L (8,000 gallons)"
"88253","Agitator Glass Lined Parts 3,800 L (1,000 gallons) Glasslined For Sale - IPP# 88253","https://ims.internationalprocessplants.com/inventory/equipment/detail/88253","11","","Re-glassed","101.6 mm (4 in)","","","3 Blade Retreat Curve","","","","","3,300 mm (129 in)","DeDietrich","Glasslined","","Yes","","","","1,150 mm (44.5 in)","Agitator","Glass Lined Parts","3,800 L (1,000 gallons)"
"88262","Agitator Glass Lined Parts 11,350 L (3,000 gallons) Glasslined For Sale - IPP# 88262","https://ims.internationalprocessplants.com/inventory/equipment/detail/88262","11","","Used","120.7 mm (4.8 in)","","","3 Blade Retreat Curve","","","","","3,850 mm (151 in)","Pfaudler","Glasslined","","Yes","","","","1,350 mm (54 in)","Agitator","Glass Lined Parts","11,350 L (3,000 gallons)"
"88268","Glasslined Agitator Glass Lined Parts - IPP# 88268","https://ims.internationalprocessplants.com/inventory/equipment/detail/88268","17","3 DTW drive end","Re-glassed","76.2 mm (3 in)","","DTW","3 Blade Retreat Curve","","","","","1,950 mm (76 in)","Pfaudler","Glasslined","RCI","Yes","Counterclockwise","Yes","Stainless Steel 316","914 mm (36 in)","Agitator","Glass Lined Parts","1,150 L (300 gallons)"
"88660","Glasslined Agitator Glass Lined Parts - IPP# 88660","https://ims.internationalprocessplants.com/inventory/equipment/detail/88660","19","5 RW","Re-glassed","88.9 mm (3.5 in)","","RW","3 Blade Retreat Curve","Very Clean (VC)","Full Fire Polish (FF)","","","2,800 mm (109.5 in)","Pfaudler","Glasslined","RCI","Yes","Counterclockwise","Yes","Stainless Steel 316","1,100 mm (44 in)","Agitator","Glass Lined Parts","2,850 L (750 gallons)"
"88684","Glasslined Pfaudler Agitator Glass Lined Parts - IPP# 88684","https://ims.internationalprocessplants.com/inventory/equipment/detail/88684","15","5RW","Re-glassed","88.9 mm (3.5 in)","","RW","Cryo-Lock","","","","","3,200 mm (126.3 in)","Pfaudler","Glasslined","","Yes","","Yes","Stainless Steel Other","838 mm (33 in)","Agitator","Glass Lined Parts","5,700 L (1,500 gallons)"
"88725","Agitator Glass Lined Parts 2,850 L (750 gallons) Glasslined For Sale - IPP# 88725","https://ims.internationalprocessplants.com/inventory/equipment/detail/88725","10","","Used","88.9 mm (3.5 in)","","","3 Blade Retreat Curve","","","","","2,600 mm (102 in)","Pfaudler","Glasslined","","","","","","1,100 mm (44 in)","Agitator","Glass Lined Parts","2,850 L (750 gallons)"
"88951","Agitator Glass Lined Parts 1,900 L (500 gallons) Glasslined For Sale - IPP# 88951","https://ims.internationalprocessplants.com/inventory/equipment/detail/88951","16","4RW drive end","Re-glassed","76.2 mm (3 in)","","RW","3 Blade Retreat Curve","","","","","2,100 mm (82.5 in)","DeDietrich","Glasslined","","Yes","Counterclockwise","Yes","Stainless Steel Other","1,100 mm (44 in)","Agitator","Glass Lined Parts","1,900 L (500 gallons)"
"89307","Agitator Glass Lined Parts 5,700 L (1,500 gallons) Glasslined For Sale - IPP# 89307","https://ims.internationalprocessplants.com/inventory/equipment/detail/89307","10","","Re-glassed","88.9 mm (3.5 in)","","","Cryo-Lock","","","","","3,000 mm (118 in)","Pfaudler","Glasslined","","Yes","","","","","Agitator","Glass Lined Parts","5,700 L (1,500 gallons)"
"89374","Agitator Glass Lined Parts 4,000 L (1,050 gallons) Glasslined For Sale - IPP# 89374","https://ims.internationalprocessplants.com/inventory/equipment/detail/89374","6","","Used","","","","","","","","","","Pfaudler (Germany)","Glasslined","","","","","","","Agitator","Glass Lined Parts","4,000 L (1,050 gallons)"
"89408","Agitator Glass Lined Parts 1,900 L (500 gallons) Glasslined For Sale - IPP# 89408","https://ims.internationalprocessplants.com/inventory/equipment/detail/89408","9","","Re-glassed","101.6 mm (4 in)","","","3 Blade Retreat Curve","","","","","2,400 mm (95 in)","","Glasslined","","","","","","1,000 mm (40 in)","Agitator","Glass Lined Parts","1,900 L (500 gallons)"
"89518","Agitator Glass Lined Parts 2,850 L (750 gallons) Glasslined For Sale - IPP# 89518","https://ims.internationalprocessplants.com/inventory/equipment/detail/89518","11","","Re-glassed","88.9 mm (3.5 in)","","","3 Blade Retreat Curve","","","","","2,900 mm (114 in)","Pfaudler","Glasslined","","Yes","","","","1,100 mm (44 in)","Agitator","Glass Lined Parts","2,850 L (750 gallons)"
"89660","Glasslined Pfaudler Agitator Glass Lined Parts - IPP# 89660","https://ims.internationalprocessplants.com/inventory/equipment/detail/89660","12","RCI agitator with a 6DTW drive end","Used","152.4 mm (6 in)","","DTW","3 Blade Retreat Curve","","","","","3,800 mm (150 in)","Pfaudler","Glasslined","","","","","","1,350 mm (54 in)","Agitator","Glass Lined Parts","11,350 L (3,000 gallons)"
"91916","Agitator Glass Lined Parts 2,850 L (750 gallons) Glasslined For Sale - IPP# 91916","https://ims.internationalprocessplants.com/inventory/equipment/detail/91916","12","","Re-glassed","76.2 mm (3 in)","","","3 Blade Retreat Curve","","","","","2,750 mm (108 in)","Pfaudler","Glasslined","","Yes","","Yes","","1,100 mm (44 in)","Agitator","Glass Lined Parts","2,850 L (750 gallons)"
"91982","Glasslined Pfaudler Agitator Glass Lined Parts - IPP# 91982","https://ims.internationalprocessplants.com/inventory/equipment/detail/91982","14","5RW drive end","Re-glassed","88.9 mm (3.5 in)","","RW","3 Blade Retreat Curve","","","","","2,800 mm (109.5 in)","Pfaudler","Glasslined","","Yes","Counterclockwise","","","1,100 mm (44 in)","Agitator","Glass Lined Parts","2,850 L (750 gallons)"
"92090","Pfaudler Glass-Lined Agitator RCI &#x2013; 4,000 Gallon Capacity - IPP# 92090","https://ims.internationalprocessplants.com/inventory/equipment/detail/92090","20","End is for a 7-8 TW drive","Re-glassed","127 mm (5 in)","","TW","3 Blade Retreat Curve","Very Clean (VC)","Full Fire Polish (FF)","","Yes","4,650 mm (183 in)","Pfaudler","Glasslined","RCI","Yes","Counter-Clockwise","Yes","Stainless Steel 316","1,350 mm (54 in)","Agitator","Glass Lined Parts","15,150 L (4,000 gallons)"
"92592","Pfaudler RCI Glass-Lined Agitator for 1,000-Gallon Reactor Vessel - IPP# 92592","https://ims.internationalprocessplants.com/inventory/equipment/detail/92592","19","Has a 5 RW drive end","Re-glassed","88.9 mm (3.5 in)","","RW","3 Blade Retreat Curve","Very Clean (VC)","Full Fire Polish (FF)","","","3,300 mm (129.5 in)","Pfaudler","Glasslined","RCI","Yes","Counter-Clockwise","Yes","Stainless Steel 316","1,100 mm (44 in)","Agitator","Glass Lined Parts","3,800 L (1,000 gallons)"
"92680","Unused Agitator Glass Lined Parts 1,600 L (422.7 gallons) Glasslined For Sale - IPP# 92680","https://ims.internationalprocessplants.com/inventory/equipment/detail/92680","7","","Unused","","","","Anchor","","","","","","DeDietrich","Glasslined","","","","","","","Agitator","Glass Lined Parts","1,600 L (422.7 gallons)"
"92683","Unused Agitator Glass Lined Parts 8,000 L (2,100 gallons) Glasslined For Sale - IPP# 92683","https://ims.internationalprocessplants.com/inventory/equipment/detail/92683","7","","Unused","","","","Anchor","","","","","","Pfaudler","Glasslined","","","","","","","Agitator","Glass Lined Parts","8,000 L (2,100 gallons)"
"92684","Unused Agitator Glass Lined Parts  Glasslined For Sale - IPP# 92684","https://ims.internationalprocessplants.com/inventory/equipment/detail/92684","9","","Unused","114.3 mm (4.5 in)","","","3 Blade Retreat Curve","","","","","3,000 mm (118 in)","Pfaudler","Glasslined","","","","","","965 mm (38 in)","Agitator","Glass Lined Parts",""
"92688","Unused Agitator Glass Lined Parts  Glasslined For Sale - IPP# 92688","https://ims.internationalprocessplants.com/inventory/equipment/detail/92688","8","","Unused","114.3 mm (4.5 in)","","","","","","","","3,050 mm (120 in)","Pfaudler","Glasslined","","","","","","1,100 mm (44 in)","Agitator","Glass Lined Parts",""
"92689","Unused Agitator Glass Lined Parts  Glasslined For Sale - IPP# 92689","https://ims.internationalprocessplants.com/inventory/equipment/detail/92689","6","","Unused","","","","3 Blade Retreat Curve","","","","","","Pfaudler","Glasslined","","","","","","","Agitator","Glass Lined Parts",""
"92693","Unused Agitator Glass Lined Parts  Glasslined For Sale - IPP# 92693","https://ims.internationalprocessplants.com/inventory/equipment/detail/92693","6","","Unused","","","","3 Blade Retreat Curve","","","","","","Pfaudler","Glasslined","","","","","","","Agitator","Glass Lined Parts",""
"92694","Unused Agitator Glass Lined Parts 4,000 L (1,050 gallons) Glasslined For Sale - IPP# 92694","https://ims.internationalprocessplants.com/inventory/equipment/detail/92694","7","","Unused","","","","Anchor","","","","","","Pfaudler","Glasslined","","","","","","","Agitator","Glass Lined Parts","4,000 L (1,050 gallons)"
"92698","Unused Agitator Glass Lined Parts  Glasslined For Sale - IPP# 92698","https://ims.internationalprocessplants.com/inventory/equipment/detail/92698","9","","Unused","114.3 mm (4.5 in)","","","3 Blade Retreat Curve","","","","","3,050 mm (120 in)","Pfaudler","Glasslined","","","","","","1,100 mm (44 in)","Agitator","Glass Lined Parts",""
"92859","Agitator Glass Lined Parts  Glasslined For Sale - IPP# 92859","https://ims.internationalprocessplants.com/inventory/equipment/detail/92859","9","","Re-glassed","88.9 mm (3.5 in)","","","Anchor","","","","","1,350 mm (52.5 in)","Pfaudler","Glasslined","","","","","","813 mm (32 in)","Agitator","Glass Lined Parts",""
"93647","Unused Agitator Glass Lined Parts  Glasslined For Sale - IPP# 93647","https://ims.internationalprocessplants.com/inventory/equipment/detail/93647","8","","Unused","88.9 mm (3.5 in)","","","","","","","","2,900 mm (114 in)","Pfaudler","Glasslined","","","","","","1,050 mm (41 in)","Agitator","Glass Lined Parts",""
"93651","Unused Agitator Glass Lined Parts  Glasslined For Sale - IPP# 93651","https://ims.internationalprocessplants.com/inventory/equipment/detail/93651","8","","Unused","95.3 mm (3.8 in)","","","","","","","","1,650 mm (65 in)","Pfaudler","Glasslined","","","","","","762 mm (30 in)","Agitator","Glass Lined Parts",""
"94461","Unused Agitator Glass Lined Parts 800 L (211.3 gallons) Glasslined For Sale - IPP# 94461","https://ims.internationalprocessplants.com/inventory/equipment/detail/94461","8","","Unused","80 mm (3.1 in)","","","Anchor","","","","","1,300 mm (51.2 in)","","Glasslined","","","","","","","Agitator","Glass Lined Parts","800 L (211.3 gallons)"
"94462","Unused Agitator Glass Lined Parts  Glasslined For Sale - IPP# 94462","https://ims.internationalprocessplants.com/inventory/equipment/detail/94462","5","","Unused","700 mm (27.6 in)","","","","","","","","","","Glasslined","","","","","","","Agitator","Glass Lined Parts",""
"94566","Agitator Glass Lined Parts  Glasslined For Sale - IPP# 94566","https://ims.internationalprocessplants.com/inventory/equipment/detail/94566","8","","Used","101.6 mm (4 in)","","","3 Blade Retreat Curve","","","","","2,850 mm (113 in)","","Glasslined","","","","","","1,150 mm (46 in)","Agitator","Glass Lined Parts",""
"95229","Glasslined Pfaudler Agitator Glass Lined Parts - IPP# 95229","https://ims.internationalprocessplants.com/inventory/equipment/detail/95229","10","","Used","76.2 mm (3 in)","","","3 Blade Retreat Curve","","","","","1,950 mm (76 in)","Pfaudler","Glasslined","","","","","","1,100 mm (44 in)","Agitator","Glass Lined Parts","1,900 L (500 gallons)"
"96099","Glasslined Agitator Glass Lined Parts - IPP# 96099","https://ims.internationalprocessplants.com/inventory/equipment/detail/96099","16","5RW drive end","Re-glassed","88.9 mm (3.5 in)","","RW","3 Blade Retreat Curve","","","","","2,800 mm (109.5 in)","Pfaudler","Glasslined","","Yes","Counterclockwise","Yes","Stainless Steel Other","1,100 mm (44 in)","Agitator","Glass Lined Parts","2,850 L (750 gallons)"
"96167","Glasslined Pfaudler Agitator Glass Lined Parts - IPP# 96167","https://ims.internationalprocessplants.com/inventory/equipment/detail/96167","9","","Used","88.9 mm (3.5 in)","","","","","","","","2,100 mm (82.5 in)","Pfaudler","Glasslined","","","","","","1,100 mm (44 in)","Agitator","Glass Lined Parts","1,900 L (500 gallons)"
"96525","Agitator Glass Lined Parts 1,150 L (300 gallons) Glasslined For Sale - IPP# 96525","https://ims.internationalprocessplants.com/inventory/equipment/detail/96525","10","","Used","76.2 mm (3 in)","","","3 Blade Retreat Curve","","","","","1,850 mm (72 in)","Pfaudler","Glasslined","","","","","","914 mm (36 in)","Agitator","Glass Lined Parts","1,150 L (300 gallons)"
"98268","Agitator Glass Lined Parts 189.3 L (50 gallons) Glasslined For Sale - IPP# 98268","https://ims.internationalprocessplants.com/inventory/equipment/detail/98268","10","","Used","50.8 mm (2 in)","","","3 Blade Retreat Curve","","","","","1,150 mm (46 in)","","Glasslined","","","","Yes","","559 mm (22 in)","Agitator","Glass Lined Parts","189.3 L (50 gallons)"
"98272","Unused Agitator Glass Lined Parts  Glasslined For Sale - IPP# 98272","https://ims.internationalprocessplants.com/inventory/equipment/detail/98272","10","","Unused","115 mm (4.5 in)","","","3 Blade Retreat Curve","","","","","3,450 mm (135 in)","Pfaudler (Germany)","Glasslined","","Yes","","","","900 mm (35.4 in)","Agitator","Glass Lined Parts",""
"98276","Unused Agitator Glass Lined Parts  Glasslined For Sale - IPP# 98276","https://ims.internationalprocessplants.com/inventory/equipment/detail/98276","10","3-blade impellor agit.","Unused","140 mm (5.5 in)","","","","","","","","3,850 mm (152.4 in)","Pfaudler","Glasslined","","Yes","","","","1,250 mm (50 in)","Agitator","Glass Lined Parts",""
"98287","Unused Agitator Glass Lined Parts  Glasslined For Sale - IPP# 98287","https://ims.internationalprocessplants.com/inventory/equipment/detail/98287","10","","Unused","105 mm (4.1 in)","","","3 Blade Retreat Curve","","","","","3,200 mm (126 in)","Pfaudler (Germany)","Glasslined","","Yes","","","","960 mm (37.8 in)","Agitator","Glass Lined Parts",""
"98289","Unused Agitator Glass Lined Parts  Glasslined For Sale - IPP# 98289","https://ims.internationalprocessplants.com/inventory/equipment/detail/98289","11","","Unused","101.6 mm (4 in)","","","3 Blade Retreat Curve","","","","","1,800 mm (70 in)","Pfaudler (Germany)","Glasslined","T1200G","Yes","","","","813 mm (32 in)","Agitator","Glass Lined Parts",""
"98297","Unused Agitator Glass Lined Parts  Glasslined For Sale - IPP# 98297","https://ims.internationalprocessplants.com/inventory/equipment/detail/98297","6","","Unused","","","","3 Blade Retreat Curve","","","","","","","Glasslined","","Yes","","","","","Agitator","Glass Lined Parts",""
"98563","Glasslined Pfaudler Agitator Glass Lined Parts - IPP# 98563","https://ims.internationalprocessplants.com/inventory/equipment/detail/98563","12","","Re-glassed","88.9 mm (3.5 in)","","","3 Blade Retreat Curve","","","","","3,100 mm (123 in)","Pfaudler","Glasslined","","Yes","","Yes","","1,100 mm (44 in)","Agitator","Glass Lined Parts","3,800 L (1,000 gallons)"
"98682","Unused Agitator Glass Lined Parts 3,950 L (1,050 gallons) Glasslined For Sale - IPP# 98682","https://ims.internationalprocessplants.com/inventory/equipment/detail/98682","11","","Unused","114.3 mm (4.5 in)","","","3 Blade Retreat Curve","","","","","3,050 mm (120 in)","Pfaudler","Glasslined","","","","Yes","","1,000 mm (40 in)","Agitator","Glass Lined Parts","3,950 L (1,050 gallons)"
"98683","Unused Agitator Glass Lined Parts 3,950 L (1,050 gallons) Glasslined For Sale - IPP# 98683","https://ims.internationalprocessplants.com/inventory/equipment/detail/98683","10","","Unused","114.3 mm (4.5 in)","","","3 Blade Retreat Curve","","","","","3,050 mm (120 in)","Pfaudler","Glasslined","","","","","","1,000 mm (40 in)","Agitator","Glass Lined Parts","3,950 L (1,050 gallons)"
"98685","Unused Agitator Glass Lined Parts  Glasslined For Sale - IPP# 98685","https://ims.internationalprocessplants.com/inventory/equipment/detail/98685","10","","Unused","88.9 mm (3.5 in)","","","3 Blade Retreat Curve","","","","","2,900 mm (114 in)","Pfaudler","Glasslined","","Yes","","","","800 mm (31.5 in)","Agitator","Glass Lined Parts",""
"98686","Agitator Glass Lined Parts 2,000 L (525 gallons) Glasslined For Sale - IPP# 98686","https://ims.internationalprocessplants.com/inventory/equipment/detail/98686","11","","Used","88.9 mm (3.5 in)","","","3 Blade Retreat Curve","","","","","2,650 mm (104 in)","Pfaudler","Glasslined","","","","Yes","","940 mm (37 in)","Agitator","Glass Lined Parts","2,000 L (525 gallons)"
"98687","Unused Agitator Glass Lined Parts  Glasslined For Sale - IPP# 98687","https://ims.internationalprocessplants.com/inventory/equipment/detail/98687","9","","Unused","95.3 mm (3.8 in)","","","3 Blade Retreat Curve","","","","","1,650 mm (65 in)","Pfaudler","Glasslined","","","","","","762 mm (30 in)","Agitator","Glass Lined Parts",""
"98695","Agitator Glass Lined Parts 1,200 L (317 gallons) Glasslined For Sale - IPP# 98695","https://ims.internationalprocessplants.com/inventory/equipment/detail/98695","12","","Re-glassed","88.9 mm (3.5 in)","","","3 Blade Retreat Curve","","","","","2,400 mm (94 in)","Pfaudler","Glasslined","","Yes","","Yes","","813 mm (32 in)","Agitator","Glass Lined Parts","1,200 L (317 gallons)"
"98935","Glasslined Agitator Glass Lined Parts - IPP# 98935","https://ims.internationalprocessplants.com/inventory/equipment/detail/98935","19","2.5 DTW drive end","Re-glassed","38.1 mm (1.5 in)","","DTW","3 Blade Retreat Curve","Very Clean (VC)","Full Fire Polish (FF)","","","1,000 mm (39.8 in)","Pfaudler","Glasslined","P Series","Yes","Counterclockwise","Yes","Stainless Steel 316","406.4 mm (16 in)","Agitator","Glass Lined Parts","113.6 L (30 gallons)"
