"stock_number","title","url","attribute_count","Capacity","Clad","Condition","Head Material","Heat Exchanger Tube Capacity","Heat Transfer Surface Area","Length","Manufacturer","Material","Model","Nozzle Schedule","Orientation","Shell Diameter","Shell Material","Shell Pressure","Shell Temperature","Shell-side Passes","Subtype","TEMA Type","Tube Diameter","Tube Length","Tube Material","Tube Number","Tube Pressure","Tube Temperature","Tube Thickness","Tube Type","Tube-side Passes","Tubesheet Material","Type","Vacuum"
"100407","Shell and Tube Heat Exchanger 16.8 m&#xB2; (180.8 ft&#xB2;) Stainless Steel 304 For Sale - IPP# 100407","https://ims.internationalprocessplants.com/inventory/equipment/detail/100407","21","","","Used","Stainless Steel 304","","16.8 m&#xB2; (180.8 ft&#xB2;)","","Exchangeurs De Chaleur S.A.G.","Stainless Steel 304","","- Openings: - Tube side: 2-75mm, 1-12mm - Shell side: 1-150mm, 1-75mm","Vertical","300 mm (11.8 in)","Stainless Steel 304","6 bar (87 psi)","100 °C (212 °F)","","Shell and Tube","","12.7 mm (0.5 in)","1,850 mm (72 in)","Stainless Steel 304","56","1 bar (14.5 psi)","100 °C (212 °F)","","","4","Stainless Steel 304","Heat Exchanger",""
"102501","Shell and Tube Heat Exchanger 3.8 m&#xB2; (41.2 ft&#xB2;)  For Sale - IPP# 102501","https://ims.internationalprocessplants.com/inventory/equipment/detail/102501","23","","","Used","Carbon Steel","","3.8 m&#xB2; (41.2 ft&#xB2;)","2,700 mm (107 in)","Carborundum","","","- Tube side openings: 2-1 1/2" - Shell side openings: 2-1 1/2"","Vertical","203.2 mm (8 in)","Carbon Steel","7.9 bar (115 psi)","176.7 °C (350 °F)","1","Shell and Tube","","12.7 mm (0.5 in)","2,300 mm (90 in)","","42","7.9 bar (115 psi)","176.7 °C (350 °F)","1.52 mm (0.06 in)","","1","Teflon","Heat Exchanger","Yes"
"105527","Unused Carbon Steel Johnson Hunt LTD BEU Shell and Tube Heat Exchanger - IPP# 105527","https://ims.internationalprocessplants.com/inventory/equipment/detail/105527","23","","","Unused","Carbon Steel","","6.4 m&#xB2; (69 ft&#xB2;)","","Johnson Hunt LTD","Carbon Steel","BEU","","Horizontal","254 mm (10 in)","Carbon Steel","9 bar (131 psi)","200 °C (392 °F)","1","Shell and Tube","","19.1 mm (0.75 in)","2,450 mm (96 in)","Carbon Steel","44","9 bar (131 psi)","200 °C (392 °F)","2 mm (0.08 in)","","2","Carbon Steel","Heat Exchanger",""
"105533","Unused Carbon Steel Johnson Hunt LTD AEM Shell and Tube Heat Exchanger - IPP# 105533","https://ims.internationalprocessplants.com/inventory/equipment/detail/105533","24","","","Unused","Carbon Steel","","1.58 m&#xB2; (17 ft&#xB2;)","","Johnson Hunt LTD","Carbon Steel","AEM","","Horizontal","152.4 mm (6 in)","Carbon Steel","26 bar (377 psi)","190 °C (374 °F)","1","Shell and Tube","","19.1 mm (0.75 in)","1,850 mm (72 in)","Carbon Steel","11","26 bar (377 psi)","190 °C (374 °F)","2 mm (0.08 in)","","1","Carbon Steel","Heat Exchanger","Yes"
"105534","Unused Carbon Steel Johnson Hunt LTD AEM Shell and Tube Heat Exchanger - IPP# 105534","https://ims.internationalprocessplants.com/inventory/equipment/detail/105534","23","","","Unused","Carbon Steel","","1.95 m&#xB2; (21 ft&#xB2;)","","Johnson Hunt LTD","Carbon Steel","AEM","","Horizontal","152.4 mm (6 in)","Carbon Steel","9 bar (131 psi)","200 °C (392 °F)","1","Shell and Tube","","19.1 mm (0.75 in)","2,450 mm (96 in)","Carbon Steel","14","9 bar (131 psi)","200 °C (392 °F)","2 mm (0.08 in)","","2","Carbon Steel","Heat Exchanger",""
"105535","Unused Carbon Steel Johnson Hunt LTD AEM Shell and Tube Heat Exchanger - IPP# 105535","https://ims.internationalprocessplants.com/inventory/equipment/detail/105535","24","","","Unused","Carbon Steel","","1.95 m&#xB2; (21 ft&#xB2;)","","Johnson Hunt LTD","Carbon Steel","AEM","","Horizontal","152.4 mm (6 in)","Carbon Steel","55.5 bar (805 psi)","260 °C (500 °F)","1","Shell and Tube","","19.1 mm (0.75 in)","1,850 mm (72 in)","Carbon Steel","18","21 bar (305 psi)","260 °C (500 °F)","2 mm (0.08 in)","","2","Carbon Steel","Heat Exchanger","Yes"
"105538","Unused Carbon Steel Johnson Hunt LTD AEM Shell and Tube Heat Exchanger - IPP# 105538","https://ims.internationalprocessplants.com/inventory/equipment/detail/105538","24","","","Unused","Carbon Steel","","5.2 m&#xB2; (56 ft&#xB2;)","","Johnson Hunt LTD","Carbon Steel","AEM","","Horizontal","203.2 mm (8 in)","Carbon Steel","33 bar (479 psi)","260 °C (500 °F)","1","Shell and Tube","","19.1 mm (0.75 in)","2,450 mm (96 in)","Carbon Steel","37","33 bar (479 psi)","260 °C (500 °F)","2 mm (0.08 in)","","1","Carbon Steel","Heat Exchanger","Yes"
"105541","Unused Carbon Steel Johnson Hunt LTD AEM Shell and Tube Heat Exchanger - IPP# 105541","https://ims.internationalprocessplants.com/inventory/equipment/detail/105541","24","","","Unused","Carbon Steel","","10.3 m&#xB2; (111 ft&#xB2;)","","Johnson Hunt LTD","Carbon Steel","AEM","","Horizontal","254 mm (10 in)","Carbon Steel","9 bar (131 psi)","150 °C (302 °F)","1","Shell and Tube","","19.1 mm (0.75 in)","3,650 mm (144 in)","Carbon Steel","48","9 bar (131 psi)","150 °C (302 °F)","2 mm (0.08 in)","","4","Carbon Steel","Heat Exchanger","Yes"
"105543","Unused Carbon Steel Johnson Hunt LTD BEU Shell and Tube Heat Exchanger - IPP# 105543","https://ims.internationalprocessplants.com/inventory/equipment/detail/105543","23","","","Unused","Carbon Steel","","1.95 m&#xB2; (21 ft&#xB2;)","","Johnson Hunt LTD","Carbon Steel","BEU","","Horizontal","203.2 mm (8 in)","Carbon Steel","9 bar (131 psi)","200 °C (392 °F)","1","Shell and Tube","","25.4 mm (1 in)","3,050 mm (120 in)","Carbon Steel","8","21.6 bar (313 psi)","200 °C (392 °F)","","","2","Carbon Steel","Heat Exchanger","Yes"
"109022","Stainless Steel 304 Shell and Tube Heat Exchanger - IPP# 109022","https://ims.internationalprocessplants.com/inventory/equipment/detail/109022","17","","","Used","Stainless Steel 304","","19.3 m&#xB2; (208 ft&#xB2;)","3,500 mm (138 in)","","Stainless Steel 304","","Openings include: Two shell openings inlet and outlet are 4". Vapor head, has one 8" nozzle, Discharge head has one offset 6" nozzle.","Horizontal","","Stainless Steel 304","","","","Shell and Tube","","19.1 mm (0.75 in)","2,850 mm (111.6 in)","Stainless Steel 304","114","","","1.27 mm (0.05 in)","Straight Tube","","Stainless Steel 304","Heat Exchanger",""
"111004","Graphite  Shell and Tube Heat Exchanger - IPP# 111004","https://ims.internationalprocessplants.com/inventory/equipment/detail/111004","14","","","Used","","","76.6 m&#xB2; (824 ft&#xB2;)","5,700 mm (224 in)","","Graphite","","Shell 2-8" at opposite sides; Head 1-12", Head 1-3", 1-10".","Vertical","813 mm (32 in)","Graphite","","","","Shell and Tube","","19.1 mm (0.75 in)","5,700 mm (224 in)","Graphite","224","","","","","","","Heat Exchanger",""
"111289","Carbon Steel Shell and Tube Heat Exchanger - IPP# 111289","https://ims.internationalprocessplants.com/inventory/equipment/detail/111289","16","","","Used","","","12.9 m&#xB2; (139 ft&#xB2;)","1,400 mm (56 in)","Metaullics Systems","Carbon Steel","MB20 size 7","Openings: Top head - 1-4", bottom head 1-4". Shell 2-1", 2-2"","Vertical","508 mm (20 in)","Carbon Steel","6.9 bar (100 psi)","232.2 °C (450 °F)","","Shell and Tube","","","","","","6.9 bar (100 psi)","232.2 °C (450 °F)","","","","","Heat Exchanger",""
"112028","Shell and Tube Heat Exchanger 141.4 m&#xB2; (1,500 ft&#xB2;) Stainless Steel 316 For Sale - IPP# 112028","https://ims.internationalprocessplants.com/inventory/equipment/detail/112028","19","","","Used","Stainless Steel 316","","141.4 m&#xB2; (1,500 ft&#xB2;)","3,200 mm (126 in)","","Stainless Steel 316","","Openings: Tube side - 1-6" 1-8"; Shell side - 2-6".","Horizontal","","Carbon Steel","4.1 bar (60 psi)","93.3 °C (200 °F)","","Shell and Tube","","25.4 mm (1 in)","2,900 mm (114 in)","Stainless Steel 316","612","1.03 bar (15 psi)","93.3 °C (200 °F)","","","","Stainless Steel 316","Heat Exchanger",""
"112029","Shell and Tube Heat Exchanger 141.4 m&#xB2; (1,500 ft&#xB2;) Stainless Steel 316 For Sale - IPP# 112029","https://ims.internationalprocessplants.com/inventory/equipment/detail/112029","21","","","Used","Stainless Steel 316","","141.4 m&#xB2; (1,500 ft&#xB2;)","3,200 mm (126 in)","Alabama Heat Exchanger, Inc.","Stainless Steel 316","","Openings: Tube side - 1-6" 1-8"; Shell side - 2-6".","Horizontal","1,200 mm (48 in)","Carbon Steel","4.1 bar (60 psi)","93.3 °C (200 °F)","","Shell and Tube","","25.4 mm (1 in)","2,900 mm (114 in)","Stainless Steel 316","612","1.03 bar (15 psi)","93.3 °C (200 °F)","","","","Stainless Steel 316","Heat Exchanger",""
"112032","Stainless Steel 316 Baeurle &amp; Morris Shell and Tube Heat Exchanger - IPP# 112032","https://ims.internationalprocessplants.com/inventory/equipment/detail/112032","17","","","Used","Stainless Steel 316","","111.5 m&#xB2; (1,200 ft&#xB2;)","3,200 mm (126 in)","Baeuerle and Morris Inc.","Stainless Steel 316","","Openings: Tube side - 1-18", 2-12", 1-6"; Shell side - 2-6"","Horizontal","914 mm (36 in)","Carbon Steel","2.8 bar (40 psi)","","","Shell and Tube","","","3,200 mm (126 in)","Stainless Steel 316","","","","","","","Stainless Steel 316","Heat Exchanger","Yes"
"112185","Shell and Tube Heat Exchanger 55.7 m&#xB2; (600 ft&#xB2;) Graphite For Sale - IPP# 112185","https://ims.internationalprocessplants.com/inventory/equipment/detail/112185","11","","","Used","","","55.7 m&#xB2; (600 ft&#xB2;)","3,550 mm (140 in)","","Graphite","","Openings: Tube side - 1-10", 1-6"; Shell side 2-3".","Horizontal","457.2 mm (18 in)","Carbon Steel","","","","Shell and Tube","","","","Graphite","","","","","","","","Heat Exchanger",""
"112191","Carbon Steel Rubicon Shell and Tube Heat Exchanger - IPP# 112191","https://ims.internationalprocessplants.com/inventory/equipment/detail/112191","24","","","Used","Carbon Steel","","22.7 m&#xB2; (244 ft&#xB2;)","3,650 mm (144 in)","Rubicon","Carbon Steel","","openings: Tube side - 2-6", Shell side 1-6", 1-4".","Horizontal","304.8 mm (12 in)","Carbon Steel","5.2 bar (75 psi)","204.4 °C (400 °F)","1","Shell and Tube","","19.1 mm (0.75 in)","","Stainless Steel 304","69","10.3 bar (150 psi)","-53.9 °C (-65 °F)","406.4 mm (16 in)","U-Tube","1","Stainless Steel 304","Heat Exchanger",""
"112241","Shell and Tube Heat Exchanger 44.6 m&#xB2; (480 ft&#xB2;) Graphite For Sale - IPP# 112241","https://ims.internationalprocessplants.com/inventory/equipment/detail/112241","11","","","Used","","","44.6 m&#xB2; (480 ft&#xB2;)","3,800 mm (150 in)","","Graphite","","Openings: Head 1-4",head 1-6", shell 2-6"","Horizontal","610 mm (24 in)","Carbon Steel","","","","Shell and Tube","","","","Graphite","","","","","","","","Heat Exchanger",""
"112242","Stainless Steel 304 Shell and Tube Heat Exchanger - IPP# 112242","https://ims.internationalprocessplants.com/inventory/equipment/detail/112242","16","","","Used","Carbon Steel","","10.4 m&#xB2; (112 ft&#xB2;)","","Doyle and Roth","Stainless Steel 304","","","Horizontal","","Stainless Steel 316","3.4 bar (50 psi)","165.6 °C (330 °F)","","Shell and Tube","","","","Stainless Steel 304","","10.3 bar (150 psi)","204.4 °C (400 °F)","","U-Tube","","Stainless Steel 304","Heat Exchanger",""
"112258","Shell and Tube Heat Exchanger 92.9 m&#xB2; (1,000 ft&#xB2;) Graphite For Sale - IPP# 112258","https://ims.internationalprocessplants.com/inventory/equipment/detail/112258","10","","","Used","","","92.9 m&#xB2; (1,000 ft&#xB2;)","3,650 mm (144 in)","","Graphite","","","Horizontal","457.2 mm (18 in)","Carbon Steel","","","","Shell and Tube","","","","Graphite","","","","","","","","Heat Exchanger",""
"200836","Shell and Tube Heat Exchanger 4 m&#xB2; (43.1 ft&#xB2;) Graphite For Sale - IPP# 200836","https://ims.internationalprocessplants.com/inventory/equipment/detail/200836","15","","","Used","","","4 m&#xB2; (43.1 ft&#xB2;)","3,000 mm (119.1 in)","GAB Neumann","Graphite","","product nozzles are 120 and 110 mm, service nozzles are 21,3 mm, cooling medium nozzles are Two 60,3 mm.","Vertical","1,950 mm (76.3 in)","Carbon Steel","6 bar (87 psi)","165 °C (329 °F)","","Shell and Tube","","","","","","3 bar (43.5 psi)","","","","","","Heat Exchanger","Yes"
"201258","Shell and Tube Heat Exchanger 28.8 m&#xB2; (310 ft&#xB2;) Stainless Steel Austenitic For Sale - IPP# 201258","https://ims.internationalprocessplants.com/inventory/equipment/detail/201258","21","","","Used","Carbon Steel","","28.8 m&#xB2; (310 ft&#xB2;)","","Preiss","Stainless Steel Austenitic","","openings: 1 - head with 2-100mm, 1 - head with no openings, shell: 2-250mm, 1-80mm","Horizontal","400 mm (15.7 in)","Stainless Steel 316","6 bar (87 psi)","200 °C (392 °F)","","Shell and Tube","","21 mm (0.83 in)","4,950 mm (194.9 in)","Stainless Steel Austenitic","88","6 bar (87 psi)","200 °C (392 °F)","","","2","Stainless Steel Austenitic","Heat Exchanger",""
"201525","Carbon Steel Southern Heat Exchanger Shell and Tube Heat Exchanger - IPP# 201525","https://ims.internationalprocessplants.com/inventory/equipment/detail/201525","22","","","Used","Carbon Steel","","126.3 m&#xB2; (1,350 ft&#xB2;)","","Southern Heat Exchanger","Carbon Steel","","Openings: Tube side- 2-6", shell side- 2-6"","Horizontal","686 mm (27 in)","Carbon Steel","10.3 bar (150 psi)","204.4 °C (400 °F)","1","Shell and Tube","","19.1 mm (0.75 in)","","Carbon Steel","276","10.3 bar (150 psi)","204.4 °C (400 °F)","","U-Tube","4","Carbon Steel","Heat Exchanger",""
"201578","Monel Shell and Tube Heat Exchanger - IPP# 201578","https://ims.internationalprocessplants.com/inventory/equipment/detail/201578","22","","","Used","Carbon Steel","","107.6 m&#xB2; (1,150 ft&#xB2;)","4,550 mm (180 in)","Southern Heat Exchanger","Monel","","- Openings: shell side- 2-6", tube side- 1-16", 1-10"","Horizontal","813 mm (32 in)","Carbon Steel","10.3 bar (150 psi)","260 °C (500 °F)","","Shell and Tube","","25.4 mm (1 in)","3,650 mm (144 in)","Monel","456","10.3 bar (150 psi)","260 °C (500 °F)","2.8 mm (0.11 in)","","","Monel","Heat Exchanger",""
"201615","Inconel LJE Brunner Corp. Shell and Tube Heat Exchanger - IPP# 201615","https://ims.internationalprocessplants.com/inventory/equipment/detail/201615","18","","","Used","","","17.5 m&#xB2; (188 ft&#xB2;)","4,100 mm (162 in)","LJE Brunner Corp.","Inconel","","Openings: Tube side: 2-4", shell 1-2", 1-3"","","355.6 mm (14 in)","","13.8 bar (200 psi)","343.3 °C (650 °F)","","Shell and Tube","","25.4 mm (1 in)","3,650 mm (144 in)","Inconel","60","4.5 bar (65 psi)","343.3 °C (650 °F)","16.5 mm (0.65 in)","","","","Heat Exchanger",""
"201670","Carbon Steel Southern Heat Exchanger BEM Shell and Tube Heat Exchanger - IPP# 201670","https://ims.internationalprocessplants.com/inventory/equipment/detail/201670","25","","","Used","Carbon Steel","","125.4 m&#xB2; (1,350 ft&#xB2;)","3,950 mm (156 in)","Southern Heat Exchanger","Carbon Steel","BEM","Openings: shell side (1) 2", (1) 3", tube side (1) 12", (1) 4".","Vertical","914 mm (36 in)","Carbon Steel","31 bar (450 psi)","260 °C (500 °F)","","Shell and Tube","","25.4 mm (1 in)","2,450 mm (96 in)","Carbon Steel","645","3.4 bar (50 psi)","260 °C (500 °F)","2.8 mm (0.11 in)","Straight Tube","","Carbon Steel","Heat Exchanger","Yes"
"202768","Shell and Tube Heat Exchanger 18.6 m&#xB2; (200.2 ft&#xB2;) Stainless Steel 316 For Sale - IPP# 202768","https://ims.internationalprocessplants.com/inventory/equipment/detail/202768","20","","","Used","Stainless Steel 316","","18.6 m&#xB2; (200.2 ft&#xB2;)","6,100 mm (240.9 in)","Les Usines de Melle SA","Stainless Steel 316","M19-2","openings: 1-head with 1-100mm, 1-15mm, 1-head with 1-100mm, 1-25mm, shell: 2-80mm,","Vertical","315 mm (12.4 in)","Stainless Steel 316","70 bar (1,000 psi)","","","Shell and Tube","","22 mm (0.87 in)","5,000 mm (196.9 in)","Stainless Steel 316","54","70 bar (1,000 psi)","","","","","Stainless Steel 316","Heat Exchanger",""
"203180","Hastelloy - C276 Southern Heat Exchanger Shell and Tube Heat Exchanger - IPP# 203180","https://ims.internationalprocessplants.com/inventory/equipment/detail/203180","23","","","Used","Hastelloy - C276","","8.1 m&#xB2; (87 ft&#xB2;)","","Southern Heat Exchanger","Hastelloy - C276","","- Openings: Shell (1) 6", (1) 2", (1) 1"; One Head - (1) 3", (1) 1"; Other Head (1) 3"","Horizontal","152.4 mm (6 in)","Carbon Steel","13.8 bar (200 psi)","204.4 °C (400 °F)","","Shell and Tube","","19.1 mm (0.75 in)","4,800 mm (189 in)","Hastelloy - C276","28","3.4 bar (50 psi)","204.4 °C (400 °F)","1.02 mm (0.04 in)","Straight Tube","","Hastelloy - C276","Heat Exchanger","Yes"
"203186","Titanium Shell and Tube Heat Exchanger - IPP# 203186","https://ims.internationalprocessplants.com/inventory/equipment/detail/203186","20","","","Used","Teflon","","17.5 m&#xB2; (188 ft&#xB2;)","5,950 mm (234 in)","Nooter","Titanium","","- Openings: Shell Side - (2) 10"; One head has (2) 4", (1) 3/4" nipple on second head","Horizontal","355.6 mm (14 in)","Carbon Steel","5.2 bar (75 psi)","171.1 °C (340 °F)","","Shell and Tube","","25.4 mm (1 in)","","Titanium","72","5.2 bar (75 psi)","171.1 °C (340 °F)","","","","","Heat Exchanger","Yes"
"203547","Shell and Tube Heat Exchanger 13.9 m&#xB2; (150 ft&#xB2;) Stainless Steel Other For Sale - IPP# 203547","https://ims.internationalprocessplants.com/inventory/equipment/detail/203547","16","","","Used","Stainless Steel Other","","13.9 m&#xB2; (150 ft&#xB2;)","","","Stainless Steel Other","","- Tube nozzle size: 3", - Shell nozzle sizes: 4" inlet, 2" outlet","Horizontal","","Carbon Steel","10.3 bar (150 psi)","185 °C (365 °F)","","Shell and Tube","","254 mm (10 in)","3,050 mm (120 in)","Stainless Steel Other","","10.3 bar (150 psi)","185 °C (365 °F)","","","","","Heat Exchanger",""
"203557","Shell and Tube Heat Exchanger 51.1 m&#xB2; (550 ft&#xB2;) Stainless Steel 304 For Sale - IPP# 203557","https://ims.internationalprocessplants.com/inventory/equipment/detail/203557","17","","","Used","Stainless Steel 304","","51.1 m&#xB2; (550 ft&#xB2;)","","","Stainless Steel 304","","Openings: one head has (2) 6"; shell has (1) 6", (1) 1.5"","Horizontal","508 mm (20 in)","Carbon Steel","","","6","Shell and Tube","","","3,050 mm (120 in)","Stainless Steel 304","","10.3 bar (150 psi)","185 °C (365 °F)","","","6","Stainless Steel 304","Heat Exchanger",""
"203631","Shell and Tube Heat Exchanger 15.4 m&#xB2; (166 ft&#xB2;) Stainless Steel 316 For Sale - IPP# 203631","https://ims.internationalprocessplants.com/inventory/equipment/detail/203631","21","","","Used","Stainless Steel 316","","15.4 m&#xB2; (166 ft&#xB2;)","2,750 mm (108 in)","ITT Standard","Stainless Steel 316","SSCF-C4P","Inlet and outlet are 2" threaded. Shell side nozzles are 3" threaded.","Horizontal","203.2 mm (8 in)","Carbon Steel","15.5 bar (225 psi)","232.2 °C (450 °F)","","Shell and Tube","","9.4 mm (0.37 in)","","Stainless Steel 316","210","10.3 bar (150 psi)","232.2 °C (450 °F)","","U-Tube","","","Heat Exchanger",""
"203648","Pfaudler Shell and Tube Heat Exchanger Tantalum &amp; Glass Lined - IPP# 203648","https://ims.internationalprocessplants.com/inventory/equipment/detail/203648","20","","","Used","Glasslined","","7.9 m&#xB2; (85 ft&#xB2;)","","Pfaudler","Tantalum","","","Horizontal","610 mm (24 in)","Glasslined","3.4 bar (50 psi)","218.3 °C (425 °F)","","Shell and Tube","","19.1 mm (0.75 in)","5,500 mm (216 in)","Tantalum","18","20.7 bar (300 psi)","218.3 °C (425 °F)","","U-Tube","","","Heat Exchanger","Yes"
"203649","Tantalum Pfaudler (Chemetics) Shell and Tube Heat Exchanger - IPP# 203649","https://ims.internationalprocessplants.com/inventory/equipment/detail/203649","20","","","Used","Glasslined","","7.9 m&#xB2; (85 ft&#xB2;)","","Pfaudler (Chemetics)","Tantalum","","","Horizontal","610 mm (24 in)","Glasslined","3.4 bar (50 psi)","218.3 °C (425 °F)","","Shell and Tube","","19.1 mm (0.75 in)","5,500 mm (216 in)","Tantalum","18","20.7 bar (300 psi)","218.3 °C (425 °F)","","U-Tube","","","Heat Exchanger","Yes"
"203785","Glasslined J.D. Cousins, Inc. DMCH 12/110 Shell and Tube Heat Exchanger - IPP# 203785","https://ims.internationalprocessplants.com/inventory/equipment/detail/203785","17","","","Used","Glasslined","","9.3 m&#xB2; (100 ft&#xB2;)","","J.D. Cousins, Inc.","Glasslined","DMCH 12/110","","","304.8 mm (12 in)","Carbon Steel","5.2 bar (75 psi)","148.9 °C (300 °F)","","Shell and Tube","","12.7 mm (0.5 in)","1,850 mm (72 in)","Glasslined","","5.2 bar (75 psi)","148.9 °C (300 °F)","","","","","Heat Exchanger",""
"204115","Shell and Tube Heat Exchanger 6.4 m&#xB2; (68.9 ft&#xB2;) Graphite For Sale - IPP# 204115","https://ims.internationalprocessplants.com/inventory/equipment/detail/204115","13","","","Used","","","6.4 m&#xB2; (68.9 ft&#xB2;)","","VICARB","Graphite","FTA 20","- Heat 1 opening: 1-100mm - Heat 2 opening: 1-100mm - Shell opening: 2-100mm","Horizontal","","Carbon Steel","4 bar (58 psi)","","","Shell and Tube","","","","Graphite","","4 bar (58 psi)","","","","","","Heat Exchanger",""
"204117","Graphite Shell and Tube Heat Exchanger - IPP# 204117","https://ims.internationalprocessplants.com/inventory/equipment/detail/204117","16","","","Used","","","10 m&#xB2; (107.6 ft&#xB2;)","","Sigri","Graphite","SD63-0720","openings: heads: 2-50mm, shell: 1-40mm, 1-30mm, 1-50mm","Horizontal","","Carbon Steel","2 bar (29 psi)","100 °C (212 °F)","","Shell and Tube","","","","Graphite","","5 bar (72.5 psi)","25 °C (77 °F)","","","","","Heat Exchanger","Yes"
"204122","Shell and Tube Heat Exchanger 4.6 m&#xB2; (49.5 ft&#xB2;) Graphite For Sale - IPP# 204122","https://ims.internationalprocessplants.com/inventory/equipment/detail/204122","14","","","Used","","","4.6 m&#xB2; (49.5 ft&#xB2;)","","Sigri","Graphite","","- Openings: Heads - 2-200mm, Shell - 2-25mm","Horizontal","","Carbon Steel","6 bar (87 psi)","165 °C (329 °F)","","Shell and Tube","","","","Graphite","","2 bar (29 psi)","165 °C (329 °F)","","","","","Heat Exchanger",""
"204123","Shell and Tube Heat Exchanger 1.5 m&#xB2; (16.1 ft&#xB2;) Graphite For Sale - IPP# 204123","https://ims.internationalprocessplants.com/inventory/equipment/detail/204123","15","","","Used","","","1.5 m&#xB2; (16.1 ft&#xB2;)","","Sigri","Graphite","","openings: heads: 3-40mm, shell: 3-30mm","Horizontal","","Carbon Steel","6 bar (87 psi)","165 °C (329 °F)","","Shell and Tube","","","","Graphite","","2 bar (29 psi)","165 °C (329 °F)","","","","","Heat Exchanger","Yes"
"204124","Shell and Tube Heat Exchanger 1.8 m&#xB2; (19.4 ft&#xB2;) Graphite For Sale - IPP# 204124","https://ims.internationalprocessplants.com/inventory/equipment/detail/204124","15","","","Used","","","1.8 m&#xB2; (19.4 ft&#xB2;)","","Sigri","Graphite","","- Openings: - Heads: 3 openings of 40mm, 1 opening of 25mm - Shell: 2 openings of 40mm, 1 opening of 25mm","Horizontal","","Carbon Steel","6 bar (87 psi)","165 °C (329 °F)","","Shell and Tube","","","","Graphite","","2 bar (29 psi)","165 °C (329 °F)","","","","","Heat Exchanger","Yes"
"204125","Graphite Shell and Tube Heat Exchanger - IPP# 204125","https://ims.internationalprocessplants.com/inventory/equipment/detail/204125","18","107 L (28.3 gallons)","","Used","Graphite","36 L (9.5 gallons)","12.1 m&#xB2; (130 ft&#xB2;)","2,700 mm (106.3 in)","VICARB","Graphite","FTA20/24/26","tube side: (2) DN50; shell side: (1) DN50, (2) DN100","Horizontal","300 mm (11.8 in)","Carbon Steel","6 bar (87 psi)","","","Shell and Tube","","","","Graphite","","6 bar (87 psi)","","","","","","Heat Exchanger",""
"204133","Shell and Tube Heat Exchanger 23.3 m&#xB2; (250.8 ft&#xB2;) Graphite For Sale - IPP# 204133","https://ims.internationalprocessplants.com/inventory/equipment/detail/204133","12","","","Used","","","23.3 m&#xB2; (250.8 ft&#xB2;)","","VICARB","Graphite","","- Openings: Heads - 2-250mm, Shell - 2-150mm, 1-25mm","Horizontal","","Carbon Steel","6 bar (87 psi)","","","Shell and Tube","","","","Graphite","","6 bar (87 psi)","","","","","","Heat Exchanger",""
"204135","Shell and Tube Heat Exchanger 23.1 m&#xB2; (248.6 ft&#xB2;) Graphite For Sale - IPP# 204135","https://ims.internationalprocessplants.com/inventory/equipment/detail/204135","15","","","Used","","","23.1 m&#xB2; (248.6 ft&#xB2;)","","Sigri","Graphite","","- Openings: Heads - 1-300mm, 2-40mm; Shell - 1-75mm, 2-40mm","Horizontal","","Carbon Steel","0.14 bar (2 psi)","73.9 °C (165 °F)","","Shell and Tube","","","","Graphite","","6 bar (87 psi)","165 °C (329 °F)","","","","","Heat Exchanger","Yes"
"204137","Shell and Tube Heat Exchanger 4 m&#xB2; (43.1 ft&#xB2;) Graphite For Sale - IPP# 204137","https://ims.internationalprocessplants.com/inventory/equipment/detail/204137","17","","","Used","","","4 m&#xB2; (43.1 ft&#xB2;)","","VICARB","Graphite","C.F.T","- Tube side openings: (2) DN100, (1) DN40 - Shell side openings: (2) DN100, (1) DN40","Horizontal","","Carbon Steel","5 bar (72.5 psi)","","","Shell and Tube","","20 mm (0.79 in)","2,650 mm (104.3 in)","Graphite","24","5 bar (72.5 psi)","","6 mm (0.24 in)","","","","Heat Exchanger",""
"204138","Graphite VICARB Shell and Tube Heat Exchanger - IPP# 204138","https://ims.internationalprocessplants.com/inventory/equipment/detail/204138","19","","","Used","","","25 m&#xB2; (269.1 ft&#xB2;)","","VICARB","Graphite","","openings tube side (1) DN50, (1) DN150, (1) DN250, openings shell side (1) DN25, (2) DN150","Horizontal","","Carbon Steel","10 bar (145 psi)","200 °C (392 °F)","","Shell and Tube","","22 mm (0.87 in)","2,750 mm (107.6 in)","Graphite","118","5 bar (72.5 psi)","200 °C (392 °F)","5 mm (0.2 in)","","","","Heat Exchanger","Yes"
"204139","Shell and Tube Heat Exchanger 4 m&#xB2; (43.1 ft&#xB2;) Graphite For Sale - IPP# 204139","https://ims.internationalprocessplants.com/inventory/equipment/detail/204139","18","","","Used","","","4 m&#xB2; (43.1 ft&#xB2;)","","VICARB","Graphite","","openings tube side (2) DN100, (1) DN40, openings shell side (2) DN100, (1) DN40,","Horizontal","","Carbon Steel","6 bar (87 psi)","165 °C (329 °F)","","Shell and Tube","","20 mm (0.79 in)","2,650 mm (104.3 in)","Graphite","24","6 bar (87 psi)","165 °C (329 °F)","6 mm (0.24 in)","","","","Heat Exchanger",""
"204140","Shell and Tube Heat Exchanger 1.75 m&#xB2; (18.8 ft&#xB2;) Graphite For Sale - IPP# 204140","https://ims.internationalprocessplants.com/inventory/equipment/detail/204140","16","","","Used","","","1.75 m&#xB2; (18.8 ft&#xB2;)","","VICARB","Graphite","","openings tube side (1) DN25, (1) DN50, (1) DN65, openings shell side (1) DN25, (2) DN50","Horizontal","","Carbon Steel","4 bar (58 psi)","","","Shell and Tube","","20 mm (0.79 in)","2,650 mm (104.3 in)","Graphite","8","4 bar (58 psi)","","6 mm (0.24 in)","","","","Heat Exchanger",""
"204141","Shell and Tube Heat Exchanger 1.75 m&#xB2; (18.8 ft&#xB2;) Graphite For Sale - IPP# 204141","https://ims.internationalprocessplants.com/inventory/equipment/detail/204141","16","","","Used","","","1.75 m&#xB2; (18.8 ft&#xB2;)","","VICARB","Graphite","","- Tube side openings: (1) DN25, (1) DN50, (1) DN65 - Shell side openings: (1) DN25, (2) DN50","Horizontal","","Carbon Steel","4 bar (58 psi)","","","Shell and Tube","","20 mm (0.79 in)","2,650 mm (104.3 in)","Graphite","8","4 bar (58 psi)","","6 mm (0.24 in)","","","","Heat Exchanger",""
"204144","Shell and Tube Heat Exchanger 20 m&#xB2; (215.3 ft&#xB2;) Graphite For Sale - IPP# 204144","https://ims.internationalprocessplants.com/inventory/equipment/detail/204144","19","","","Used","","","20 m&#xB2; (215.3 ft&#xB2;)","","VICARB","Graphite","FAISCEAU.TUB","openings tube side: (3) DN50, openings shell side: (2) DN100, (1) DN25","Vertical","","Carbon Steel","3.5 bar (50.8 psi)","160 °C (320 °F)","","Shell and Tube","","20 mm (0.79 in)","3,000 mm (118.1 in)","Graphite","92","3.5 bar (50.8 psi)","160 °C (320 °F)","6 mm (0.24 in)","","","","Heat Exchanger",""
"204145","Shell and Tube Heat Exchanger 13.5 m&#xB2; (145.3 ft&#xB2;) Graphite For Sale - IPP# 204145","https://ims.internationalprocessplants.com/inventory/equipment/detail/204145","19","","","Used","","","13.5 m&#xB2; (145.3 ft&#xB2;)","","SGL TECHNIK GmbH","Graphite","RS 77-1-6126.1","- Openings tube side: (2) DN150, (1) DN32 - Openings shell side: (2) DN100, (1) DN40","Horizontal","","Carbon Steel","6 bar (87 psi)","170 °C (338 °F)","","Shell and Tube","","32 mm (1.26 in)","2,600 mm (102.8 in)","Graphite","61","6 bar (87 psi)","170 °C (338 °F)","5 mm (0.2 in)","","","","Heat Exchanger",""
"204146","Graphite VICARB FAISCEAUTUB Shell and Tube Heat Exchanger - IPP# 204146","https://ims.internationalprocessplants.com/inventory/equipment/detail/204146","18","","","Used","","","7 m&#xB2; (75.3 ft&#xB2;)","","VICARB","Graphite","FAISCEAUTUB","- Tube side openings: (3) DN50 - Shell side openings: (1) DN25, (2) DN100","Vertical","","Carbon Steel","3.5 bar (50.8 psi)","160 °C (320 °F)","","Shell and Tube","","20 mm (0.79 in)","2,350 mm (92.1 in)","Graphite","43","3.5 bar (50.8 psi)","160 °C (320 °F)","","","","","Heat Exchanger",""
"204147","Shell and Tube Heat Exchanger 3.6 m&#xB2; (38.8 ft&#xB2;) Graphite For Sale - IPP# 204147","https://ims.internationalprocessplants.com/inventory/equipment/detail/204147","16","","","Used","","","3.6 m&#xB2; (38.8 ft&#xB2;)","","G.A.B NEUMANN GmbH","Graphite","GAB1-09-09-1","Shell openings: (1) DN25 (2) DN50 - Tube side openings: (2) DN80","Horizontal","","Carbon Steel","6 bar (87 psi)","165 °C (329 °F)","","Shell and Tube","","","","Graphite","","3 bar (43.5 psi)","165 °C (329 °F)","","","","","Heat Exchanger","Yes"
"204501","Shell and Tube Heat Exchanger 92.9 m&#xB2; (1,000 ft&#xB2;) Graphite For Sale - IPP# 204501","https://ims.internationalprocessplants.com/inventory/equipment/detail/204501","14","","","Used","","","92.9 m&#xB2; (1,000 ft&#xB2;)","8,100 mm (318.1 in)","Sigri","Graphite","RS 77-2-3631/01","- Tube Side Openings: (1) 50mm, (2) 150mm - Shell Side Openings: (2) 200mm","Vertical","","","3 bar (43.5 psi)","50 °C (122 °F)","","Shell and Tube","","","","","","6 bar (87 psi)","90 °C (194 °F)","","","","","Heat Exchanger",""
"204520","Shell and Tube Heat Exchanger 1.58 m&#xB2; (17 ft&#xB2;) Stainless Steel Austenitic For Sale - IPP# 204520","https://ims.internationalprocessplants.com/inventory/equipment/detail/204520","18","","","Used","Stainless Steel Austenitic","","1.58 m&#xB2; (17 ft&#xB2;)","1,850 mm (72 in)","Herbert Richter","Stainless Steel Austenitic","","Tubeside openings 1 x head = 2-50mm; 1 x head with no openings, Shell openings 1-80mm, 1-50mm, 1- 25mm.","","400 mm (15.7 in)","Stainless Steel Austenitic","6 bar (87 psi)","150 °C (302 °F)","","Shell and Tube","","","1,500 mm (59.1 in)","Stainless Steel Austenitic","","7 bar (101.5 psi)","150 °C (302 °F)","","","","","Heat Exchanger","Yes"
"204562","Shell and Tube Heat Exchanger 7.4 m&#xB2; (80 ft&#xB2;) Stainless Steel Austenitic For Sale - IPP# 204562","https://ims.internationalprocessplants.com/inventory/equipment/detail/204562","19","","","Used","Stainless Steel Austenitic","","7.4 m&#xB2; (80 ft&#xB2;)","6,550 mm (257.1 in)","Wilhelm Schmitz","Stainless Steel Austenitic","","Tube openings 1 x bonnet head with 2-80mm, 1 x dished head with 1- 25mm; Shell openings 2-80mm.","Horizontal","168 mm (6.6 in)","Carbon Steel","6 bar (87 psi)","300 °C (572 °F)","","Shell and Tube","","","6,000 mm (236.2 in)","Stainless Steel Austenitic","","10 bar (145 psi)","300 °C (572 °F)","","","","","Heat Exchanger","Yes"
"205012","Copper Frick CO. Shell and Tube Heat Exchanger - IPP# 205012","https://ims.internationalprocessplants.com/inventory/equipment/detail/205012","22","","","Used","Carbon Steel","","145.6 m&#xB2; (1,550 ft&#xB2;)","3,550 mm (140.4 in)","Frick CO.","Copper","","","Horizontal","508 mm (20 in)","Carbon Steel","10.3 bar (150 psi)","93.3 °C (200 °F)","","Shell and Tube","","21.1 mm (0.83 in)","3,350 mm (132 in)","Copper","622","20.7 bar (300 psi)","93.3 °C (200 °F)","0.76 mm (0.03 in)","Straight Tube","","","Heat Exchanger","Yes"
"205677","Stainless Steel Other Graham Shell and Tube Heat Exchanger - IPP# 205677","https://ims.internationalprocessplants.com/inventory/equipment/detail/205677","24","","","Used","Stainless Steel 321","","83.8 m&#xB2; (902 ft&#xB2;)","5,600 mm (221 in)","Graham","Stainless Steel Other","","Tube nozzles are 6", shell side nozzles are one 18" and two 2"","Horizontal","","Stainless Steel 321","10.3 bar (150 psi)","101.7 °C (215 °F)","","Shell and Tube","","19.1 mm (0.75 in)","3,350 mm (132.8 in)","Stainless Steel Other","292","10.3 bar (150 psi)","65.6 °C (150 °F)","1.52 mm (0.06 in)","Straight Tube","3","Stainless Steel Other","Heat Exchanger","Yes"
"205678","Stainless Steel 304 Graham Shell and Tube Heat Exchanger - IPP# 205678","https://ims.internationalprocessplants.com/inventory/equipment/detail/205678","24","","","Used","Carbon Steel","","162.6 m&#xB2; (1,750 ft&#xB2;)","4,850 mm (191.8 in)","Graham","Stainless Steel 304","","Channel in & out two are 8", one 6" vapor out, one 14" vapor inlet, two 3/4" Vent and drain","Horizontal","762 mm (30 in)","Stainless Steel 304","10.3 bar (150 psi)","65.6 °C (150 °F)","","Shell and Tube","","19.1 mm (0.75 in)","4,850 mm (191 in)","Stainless Steel 304","561","10.3 bar (150 psi)","65.6 °C (150 °F)","36.5 mm (1.44 in)","Straight Tube","","Stainless Steel 304","Heat Exchanger","Yes"
"205679","Shell and Tube Heat Exchanger 5.4 m&#xB2; (58 ft&#xB2;) Stainless Steel 304 For Sale - IPP# 205679","https://ims.internationalprocessplants.com/inventory/equipment/detail/205679","23","","","Used","Stainless Steel 304","","5.4 m&#xB2; (58 ft&#xB2;)","1,700 mm (67 in)","Monticello Exchanger","Stainless Steel 304","10-60 BEU","Openings: Shell- (2) 3"; Head (2) 1.5"","Horizontal","254 mm (10 in)","Carbon Steel","10.3 bar (150 psi)","200 °C (392 °F)","","Shell and Tube","","15.7 mm (0.62 in)","3,250 mm (128 in)","Stainless Steel 304","34","10.3 bar (150 psi)","200 °C (392 °F)","","U-Tube","","","Heat Exchanger","Yes"
"205688","Atlas Shell and Tube Heat Exchanger - IPP# 205688","https://ims.internationalprocessplants.com/inventory/equipment/detail/205688","22","","","Used","Alloy 20","","63.8 m&#xB2; (687 ft&#xB2;)","4,300 mm (170 in)","Atlas","","","- Openings: Top head (1) 20"; Shell - (1) 2", (1) 8"; Bottom Head - (1) 3" - Vent and drain: Two 1/2" vent & drain","Vertical","660 mm (26 in)","Carbon Steel","10.3 bar (150 psi)","232.2 °C (450 °F)","","Shell and Tube","","25.4 mm (1 in)","3,000 mm (118.5 in)","","268","10.3 bar (150 psi)","232.2 °C (450 °F)","1.52 mm (0.06 in)","Straight Tube","","Alloy 20","Heat Exchanger","Yes"
"205689","Stainless Steel 316 Graham Shell and Tube Heat Exchanger - IPP# 205689","https://ims.internationalprocessplants.com/inventory/equipment/detail/205689","23","","","Used","Stainless Steel 316","","176.5 m&#xB2; (1,900 ft&#xB2;)","7,450 mm (293 in)","Graham","Stainless Steel 316","","- Openings: One head (1) 12"; Shell - (2) 20"; Other Head - (1) 12"","Horizontal","762 mm (30 in)","Stainless Steel 316","5.2 bar (75 psi)","121.1 °C (250 °F)","","Shell and Tube","","19.1 mm (0.75 in)","6,100 mm (240 in)","Stainless Steel 316","484","7.9 bar (115 psi)","121.1 °C (250 °F)","1.52 mm (0.06 in)","","","Stainless Steel 316","Heat Exchanger","Yes"
"205691","Shell and Tube Heat Exchanger 2.6 m&#xB2; (28 ft&#xB2;) Carbon Steel For Sale - IPP# 205691","https://ims.internationalprocessplants.com/inventory/equipment/detail/205691","24","","","Used","Carbon Steel","","2.6 m&#xB2; (28 ft&#xB2;)","4,150 mm (163 in)","Atlas","Carbon Steel","","- Inlets: One inlet 4", three inlets/outlets 2" - Vents & Drains: Four are 3/4".","Horizontal","228.6 mm (9 in)","Carbon Steel","10.3 bar (150 psi)","232.2 °C (450 °F)","","Shell and Tube","","25.4 mm (1 in)","3,650 mm (143 in)","Carbon Steel","9","10.3 bar (150 psi)","232.2 °C (450 °F)","2.5 mm (0.1 in)","Straight Tube","","Carbon Steel","Heat Exchanger","Yes"
"205703","Graphite Shell and Tube Heat Exchanger - IPP# 205703","https://ims.internationalprocessplants.com/inventory/equipment/detail/205703","23","","","Used","Graphite","","53 m&#xB2; (571 ft&#xB2;)","5,950 mm (234.4 in)","Karbate","Graphite","","Shell side nozzles are two 6". Tube side nozzles are one 12", and one 3", one 2".","Horizontal","","Carbon Steel","5.2 bar (75 psi)","170 °C (338 °F)","1","Shell and Tube","","31.8 mm (1.25 in)","4,800 mm (188.8 in)","Graphite","109","5.2 bar (75 psi)","170 °C (338 °F)","9.4 mm (0.37 in)","Straight Tube","1","","Heat Exchanger",""
"205713","Graphite Shell and Tube Heat Exchanger - IPP# 205713","https://ims.internationalprocessplants.com/inventory/equipment/detail/205713","19","","","Used","","","7 m&#xB2; (75 ft&#xB2;)","2,550 mm (99.5 in)","Carbone","Graphite","14" E01 PY11C 75A6 P75-55","- Shell nozzle quantity: Three (3) - Shell nozzle dimensions: Two (2) at 2", one at 4"","Horizontal","","Graphite","5.2 bar (75 psi)","176.7 °C (350 °F)","","Shell and Tube","","22.1 mm (0.87 in)","1,850 mm (72 in)","Graphite","55","5.2 bar (75 psi)","176.7 °C (350 °F)","","","","","Heat Exchanger",""
"205770","Stainless Steel 316 Shell and Tube Heat Exchanger - IPP# 205770","https://ims.internationalprocessplants.com/inventory/equipment/detail/205770","24","","","Used","Stainless Steel 316","","10.9 m&#xB2; (117 ft&#xB2;)","2,400 mm (95 in)","Atlas","Stainless Steel 316","","- Nozzles: Two 8" nozzles, Two 2" nozzles, One 4" vent, Two 0.75" drains","Vertical","273.1 mm (10.8 in)","Carbon Steel","10.3 bar (150 psi)","232.2 °C (450 °F)","","Shell and Tube","","19.1 mm (0.75 in)","2,400 mm (95 in)","Stainless Steel 316","76","10.3 bar (150 psi)","232.2 °C (450 °F)","1.52 mm (0.06 in)","Straight Tube","","Stainless Steel 316","Heat Exchanger","Yes"
"205778","Copper ITT Standard Corporation Shell and Tube Heat Exchanger - IPP# 205778","https://ims.internationalprocessplants.com/inventory/equipment/detail/205778","22","","","Used","","","4.1 m&#xB2; (44 ft&#xB2;)","2,950 mm (117 in)","ITT Standard Corporation","Copper","","- Openings: - One Head: (2) 2 inches - Shell: (1) 4 inches, (2) 1 inch.","Horizontal","152.4 mm (6 in)","Carbon Steel","10.3 bar (150 psi)","190.6 °C (375 °F)","","Shell and Tube","","19.1 mm (0.75 in)","1,850 mm (72 in)","Copper","12","10.3 bar (150 psi)","190.6 °C (375 °F)","0.76 mm (0.03 in)","U-Tube","","Carbon Steel","Heat Exchanger",""
"205967","Stainless Steel 304 Manning &amp; Lewis Shell and Tube Heat Exchanger - IPP# 205967","https://ims.internationalprocessplants.com/inventory/equipment/detail/205967","17","","","Used","Stainless Steel 304","","7.9 m&#xB2; (85 ft&#xB2;)","304.8 mm (12 in)","Manning & Lewis","Stainless Steel 304","","- Shell side piping inlet/outlet: 2" - Tube side piping inlet/outlet: 1.5" - Drains: 3/4" NPT","Horizontal","","Stainless Steel 304","4.1 bar (60 psi)","65.6 °C (150 °F)","","Shell and Tube","","","","Stainless Steel 304","","10.3 bar (150 psi)","65.6 °C (150 °F)","","","","Stainless Steel 304","Heat Exchanger",""
"205968","Stainless Steel 304 Camden Copper Works Shell and Tube Heat Exchanger - IPP# 205968","https://ims.internationalprocessplants.com/inventory/equipment/detail/205968","22","","","Used","Stainless Steel 304","","7.9 m&#xB2; (85 ft&#xB2;)","3,650 mm (144 in)","Camden Copper Works","Stainless Steel 304","","Shell side inlet/outlet 2" , Tube side inlet/outlet 1.5"","Horizontal","","Stainless Steel 304","4.1 bar (60 psi)","65.6 °C (150 °F)","","Shell and Tube","","19.1 mm (0.75 in)","3,350 mm (132 in)","Stainless Steel 304","36","10.3 bar (150 psi)","65.6 °C (150 °F)","1.52 mm (0.06 in)","","8","Stainless Steel 304","Heat Exchanger",""
"205969","Stainless Steel 304 Doyle &amp; Roth Shell and Tube Heat Exchanger - IPP# 205969","https://ims.internationalprocessplants.com/inventory/equipment/detail/205969","22","","","Used","Stainless Steel 304","","7.9 m&#xB2; (85 ft&#xB2;)","4,550 mm (180 in)","Doyle & Roth","Stainless Steel 304","","- Shell side inlet & outlet: 4" flange - Tube side inlet & outlet: 3" flange","Horizontal","","Stainless Steel 304","5.2 bar (75 psi)","65.6 °C (150 °F)","","Shell and Tube","","19.1 mm (0.75 in)","4,250 mm (168 in)","Stainless Steel 304","22","10.3 bar (150 psi)","65.6 °C (150 °F)","2 mm (0.08 in)","U-Tube","","Stainless Steel 304","Heat Exchanger",""
"205972","Stainless Steel 316 Manning &amp; Lewis Shell and Tube Heat Exchanger - IPP# 205972","https://ims.internationalprocessplants.com/inventory/equipment/detail/205972","21","","","Used","Stainless Steel 304","","8 m&#xB2; (86 ft&#xB2;)","3,650 mm (144 in)","Manning & Lewis","Stainless Steel 316","","- Tube side inlet/outlet size: 1.5" - Shell side inlet/outlet size: 2" - Drains: 3/4" NPT.","Horizontal","","Stainless Steel 304","4.1 bar (60 psi)","65.6 °C (150 °F)","","Shell and Tube","","19.1 mm (0.75 in)","3,350 mm (132 in)","Stainless Steel 316","40","10.3 bar (150 psi)","65.6 °C (150 °F)","1.6 mm (0.06 in)","Straight Tube","","","Heat Exchanger",""
"205997","Tantalum Titanium Industrial Shell and Tube Heat Exchanger - IPP# 205997","https://ims.internationalprocessplants.com/inventory/equipment/detail/205997","11","","","Used","","","20.2 m&#xB2; (217 ft&#xB2;)","4,450 mm (176 in)","Titanium Industrial","Tantalum","","","Horizontal","","","","","","Shell and Tube","","","2,450 mm (96 in)","Tantalum","","","","","","","","Heat Exchanger","Yes"
"206105","Hastelloy - Other Ohmstede Shell and Tube Heat Exchanger - IPP# 206105","https://ims.internationalprocessplants.com/inventory/equipment/detail/206105","26","","","Used","Stainless Steel 304","","106.9 m&#xB2; (1,150 ft&#xB2;)","3,150 mm (124.8 in)","Ohmstede","Hastelloy - C22","","- Shell nozzles: 1.5", 6"","Vertical","762 mm (30 in)","Carbon Steel","15.5 bar (225 psi)","232.2 °C (450 °F)","1","Shell and Tube","","25.4 mm (1 in)","3,250 mm (128 in)","Hastelloy - C22","426","1.38 bar (20 psi)","232.2 °C (450 °F)","1.52 mm (0.06 in)","Straight Tube","1","Carbon Steel","Heat Exchanger","Yes"
"206106","Hastelloy - Other Clad Albach Cembell Shell and Tube Heat Exchanger - IPP# 206106","https://ims.internationalprocessplants.com/inventory/equipment/detail/206106","29","","Yes","Used","Carbon Steel","","107.7 m&#xB2; (1,150 ft&#xB2;)","3,150 mm (124 in)","Albach Cembell","Hastelloy - Other","29-129 BEM","shell nozzles 1.5",6","Vertical","762 mm (30 in)","Carbon Steel","15.5 bar (225 psi)","232.2 °C (450 °F)","1","Shell and Tube","BEM","25.4 mm (1 in)","3,250 mm (128 in)","Hastelloy - C22","426","1.38 bar (20 psi)","232.2 °C (450 °F)","1.52 mm (0.06 in)","Straight Tube","1","Carbon Steel","Heat Exchanger","Yes"
"206262","Monel ITT Standard BSM 12x120 Shell and Tube Heat Exchanger - IPP# 206262","https://ims.internationalprocessplants.com/inventory/equipment/detail/206262","17","","","Used","Monel","","22.1 m&#xB2; (238 ft&#xB2;)","3,050 mm (120 in)","ITT Standard","Monel","BSM 12x120","- Openings: Tube Side - (2) 3"","Vertical","","Carbon Steel","10.3 bar (150 psi)","148.9 °C (300 °F)","","Shell and Tube","","","","Monel","","10.3 bar (150 psi)","148.9 °C (300 °F)","","","","","Heat Exchanger",""
"206264","Plastic Silicon Carbide 1004.5.SC Shell and Tube Heat Exchanger - IPP# 206264","https://ims.internationalprocessplants.com/inventory/equipment/detail/206264","15","","","Used","","","4.6 m&#xB2; (50 ft&#xB2;)","1,200 mm (48 in)","Silicon Carbide","Plastic","1004.5.SC","","","254 mm (10 in)","Plastic","6.9 bar (100 psi)","176.7 °C (350 °F)","","Shell and Tube","","","","Plastic","","6.9 bar (100 psi)","176.7 °C (350 °F)","","","","","Heat Exchanger",""
"206283","Shell and Tube Heat Exchanger 8.3 m&#xB2; (89 ft&#xB2;) Graphite For Sale - IPP# 206283","https://ims.internationalprocessplants.com/inventory/equipment/detail/206283","15","","","Used","","","8.3 m&#xB2; (89 ft&#xB2;)","","Metaullics","Graphite","","","","","Carbon Steel","5.2 bar (75 psi)","171.1 °C (340 °F)","","Shell and Tube","","19.1 mm (0.75 in)","2,300 mm (90 in)","Graphite","50","5.2 bar (75 psi)","171.1 °C (340 °F)","","","","","Heat Exchanger",""
"207019","Stainless Steel 316 Shell and Tube Heat Exchanger - IPP# 207019","https://ims.internationalprocessplants.com/inventory/equipment/detail/207019","17","","","Used","","","6.4 m&#xB2; (69 ft&#xB2;)","2,600 mm (102 in)","Yula","Stainless Steel 316","CV-20-120AS","Shell Openings: One 4" and three 1" - Tube Openings: Two 2" sanitary pipe connections.","Horizontal","","Carbon Steel","13.1 bar (190 psi)","176.7 °C (350 °F)","","Shell and Tube","","","","Stainless Steel 316","","10.3 bar (150 psi)","176.7 °C (350 °F)","","U-Tube","","","Heat Exchanger",""
"207024","Stainless Steel 316 Yuba(SPX) Shell and Tube Heat Exchanger - IPP# 207024","https://ims.internationalprocessplants.com/inventory/equipment/detail/207024","17","","","Used","Carbon Steel","","110.9 m&#xB2; (1,200 ft&#xB2;)","3,650 mm (144 in)","Yuba(SPX)","Stainless Steel 316","","- Shell side openings: one 12", one 3" - Tube side openings: two 4", two 1"","Horizontal","","Stainless Steel 316","2.1 bar (30 psi)","93.3 °C (200 °F)","","Shell and Tube","","","","Stainless Steel 316","","5.2 bar (75 psi)","93.3 °C (200 °F)","","","","","Heat Exchanger","Yes"
"207095","Carbon Steel Shell and Tube Heat Exchanger - IPP# 207095","https://ims.internationalprocessplants.com/inventory/equipment/detail/207095","12","","","Used","","","16.7 m&#xB2; (180 ft&#xB2;)","3,350 mm (132 in)","Graham","Carbon Steel","","","","","","1.38 bar (20 psi)","287.8 °C (550 °F)","","Shell and Tube","","","","","","5.2 bar (75 psi)","65.6 °C (150 °F)","","","","","Heat Exchanger","Yes"
"207464","Stainless Steel 316 Shell and Tube Heat Exchanger - IPP# 207464","https://ims.internationalprocessplants.com/inventory/equipment/detail/207464","22","","","Used","Stainless Steel 316","","7.9 m&#xB2; (85 ft&#xB2;)","3,050 mm (120 in)","Ketema","Stainless Steel 316","I-R-2/BEU/","","Horizontal","","Stainless Steel 316","10.3 bar (150 psi)","204.4 °C (400 °F)","","Shell and Tube","","15.7 mm (0.62 in)","","Stainless Steel 316","57","10.3 bar (150 psi)","-28.9 °C (-20 °F)","1.2 mm (0.05 in)","U-Tube","","Stainless Steel 316","Heat Exchanger","Yes"
"207488","Stainless Steel 316 ITT Standard Shell and Tube Heat Exchanger - IPP# 207488","https://ims.internationalprocessplants.com/inventory/equipment/detail/207488","13","","","Used","","","1.86 m&#xB2; (20 ft&#xB2;)","914 mm (36 in)","ITT Standard","Stainless Steel 316","","","Horizontal","247.7 mm (9.8 in)","","15.5 bar (225 psi)","232.2 °C (450 °F)","","Shell and Tube","","","","","","10.3 bar (150 psi)","232.2 °C (450 °F)","","","","","Heat Exchanger",""
"207489","Shell and Tube Heat Exchanger 5.6 m&#xB2; (60 ft&#xB2;) Stainless Steel 321 For Sale - IPP# 207489","https://ims.internationalprocessplants.com/inventory/equipment/detail/207489","13","","","Used","Carbon Steel","","5.6 m&#xB2; (60 ft&#xB2;)","1,800 mm (70 in)","","Stainless Steel 321","","","Horizontal","","Carbon Steel","","","","Shell and Tube","","","","Stainless Steel 321","","4.1 bar (60 psi)","23.9 °C (75 °F)","","","","Stainless Steel Other","Heat Exchanger",""
"207548","Shell and Tube Heat Exchanger 1.95 m&#xB2; (21 ft&#xB2;) Stainless Steel 316 For Sale - IPP# 207548","https://ims.internationalprocessplants.com/inventory/equipment/detail/207548","14","","","Used","Carbon Steel","","1.95 m&#xB2; (21 ft&#xB2;)","1,500 mm (60 in)","Croll Reynolds","Stainless Steel 316","6","Openings include: Shell - (2) 3"; Bottom Head - (1) 2"; Top Head - (2) 1.5".","","","Stainless Steel 316","","","","Shell and Tube","","","","Stainless Steel 316","","10.3 bar (150 psi)","148.9 °C (300 °F)","","","","","Heat Exchanger",""
"207570","Copper/Brass Shell and Tube Heat Exchanger - IPP# 207570","https://ims.internationalprocessplants.com/inventory/equipment/detail/207570","20","","","Used","Carbon Steel","","43.8 m&#xB2; (471 ft&#xB2;)","5,700 mm (224 in)","API Ketema","Copper/Brass","","","Horizontal","762 mm (30 in)","","10.3 bar (150 psi)","176.7 °C (350 °F)","","Shell and Tube","","25.4 mm (1 in)","1,850 mm (72 in)","Copper/Brass","300","5.2 bar (75 psi)","148.9 °C (300 °F)","1.02 mm (0.04 in)","","","Carbon Steel","Heat Exchanger",""
"207571","Shell and Tube Heat Exchanger 124 m&#xB2; (1,350 ft&#xB2;) Copper/Brass For Sale - IPP# 207571","https://ims.internationalprocessplants.com/inventory/equipment/detail/207571","20","","","Used","Carbon Steel","","124 m&#xB2; (1,350 ft&#xB2;)","4,250 mm (168 in)","API Ketema","Copper/Brass","","","Horizontal","610 mm (24 in)","Carbon Steel","10.3 bar (150 psi)","176.7 °C (350 °F)","","Shell and Tube","","19.1 mm (0.75 in)","4,250 mm (168 in)","Copper/Brass","486","5.2 bar (75 psi)","148.9 °C (300 °F)","1.02 mm (0.04 in)","","","","Heat Exchanger",""
"207572","Shell and Tube Heat Exchanger 171.9 m&#xB2; (1,850 ft&#xB2;) Copper/Brass For Sale - IPP# 207572","https://ims.internationalprocessplants.com/inventory/equipment/detail/207572","22","","","Used","Carbon Steel","","171.9 m&#xB2; (1,850 ft&#xB2;)","5,700 mm (224 in)","API Ketema","Copper/Brass","AEW","Openings: Tube Side - (2) 12", (2) 1.5" drains; Shell side - (2) 6", (2) 1.5"","Horizontal","762 mm (30 in)","Carbon Steel","10.3 bar (150 psi)","176.7 °C (350 °F)","","Shell and Tube","","19.1 mm (0.75 in)","3,800 mm (150 in)","Copper/Brass","750","5.2 bar (75 psi)","148.9 °C (300 °F)","1.02 mm (0.04 in)","","","","Heat Exchanger",""
"207843","Shell and Tube Heat Exchanger 195.6 m&#xB2; (2,100 ft&#xB2;) Stainless Steel Other For Sale - IPP# 207843","https://ims.internationalprocessplants.com/inventory/equipment/detail/207843","21","","","Used","Carbon Steel","","195.6 m&#xB2; (2,100 ft&#xB2;)","3,950 mm (156 in)","Hughes & Anderson","Stainless Steel Other","","- Tube nozzles: Two 6" - Shell nozzles: One 16" and one 20"","Horizontal","","Stainless Steel Other","1.03 bar (15 psi)","148.9 °C (300 °F)","1","Shell and Tube","","19.1 mm (0.75 in)","","Stainless Steel Other","1,100","6.9 bar (100 psi)","93.3 °C (200 °F)","1.52 mm (0.06 in)","","10","","Heat Exchanger",""
"207854","Shell and Tube Heat Exchanger 556 m&#xB2; (6,000 ft&#xB2;) Stainless Steel 316 For Sale - IPP# 207854","https://ims.internationalprocessplants.com/inventory/equipment/detail/207854","21","","","Used","Carbon Steel","","556 m&#xB2; (6,000 ft&#xB2;)","4,150 mm (163 in)","Cust-O-Fab","Stainless Steel 316","","- Nozzle schedule as follows: Shell inlet One 36", shell outlet one 4", channel inlet/outlet are two 6"","Horizontal","","Stainless Steel 316","5.2 bar (75 psi)","232.2 °C (450 °F)","","Shell and Tube","","19.1 mm (0.75 in)","3,050 mm (120 in)","Stainless Steel 316","1,248","5.2 bar (75 psi)","93.3 °C (200 °F)","1.52 mm (0.06 in)","","","Stainless Steel 316","Heat Exchanger",""
"207866","Shell and Tube Heat Exchanger 3.2 m&#xB2; (34 ft&#xB2;) Stainless Steel 316 For Sale - IPP# 207866","https://ims.internationalprocessplants.com/inventory/equipment/detail/207866","16","","","Used","","","3.2 m&#xB2; (34 ft&#xB2;)","914 mm (36 in)","American Standard","Stainless Steel 316","","","Horizontal","152.4 mm (6 in)","","15.5 bar (225 psi)","65.6 °C (150 °F)","","Shell and Tube","","9.4 mm (0.37 in)","","","116","10.3 bar (150 psi)","232.2 °C (450 °F)","0.51 mm (0.02 in)","","","","Heat Exchanger",""
"207968","Shell and Tube Heat Exchanger 458.8 m&#xB2; (4,950 ft&#xB2;) Stainless Steel 304 For Sale - IPP# 207968","https://ims.internationalprocessplants.com/inventory/equipment/detail/207968","24","","","Used","Stainless Steel 304","","458.8 m&#xB2; (4,950 ft&#xB2;)","8,550 mm (336 in)","O'Neils Welding and Fab","Stainless Steel 304","NEN","- Openings: Shell (2) 14"; Heads - (2) 18"","Horizontal","1,050 mm (42 in)","Carbon Steel","11.7 bar (170 psi)","260 °C (500 °F)","","Shell and Tube","","19.1 mm (0.75 in)","6,100 mm (240 in)","Stainless Steel 304","1,286","42.5 bar (616 psi)","204.4 °C (400 °F)","1.52 mm (0.06 in)","","1","","Heat Exchanger","Yes"
"207970","Shell and Tube Heat Exchanger 855 m&#xB2; (9,200 ft&#xB2;) Stainless Steel Austenitic For Sale - IPP# 207970","https://ims.internationalprocessplants.com/inventory/equipment/detail/207970","26","","Yes","Used","Stainless Steel 304","","855 m&#xB2; (9,200 ft&#xB2;)","9,100 mm (358 in)","Hunt Tool","Stainless Steel Austenitic","CEN","- Shell Openings: (2) 12" - Head Openings: (1) 24", (1) 26"","Horizontal","1,250 mm (49 in)","Carbon Steel","60.7 bar (880 psi)","343.3 °C (650 °F)","1","Shell and Tube","","19.1 mm (0.75 in)","6,100 mm (240 in)","Stainless Steel Austenitic","2,343","18.6 bar (270 psi)","376.7 °C (710 °F)","1.52 mm (0.06 in)","","1","Stainless Steel 304","Heat Exchanger",""
"208225","Shell and Tube Heat Exchanger 3 m&#xB2; (32.3 ft&#xB2;) Graphite For Sale - IPP# 208225","https://ims.internationalprocessplants.com/inventory/equipment/detail/208225","10","15 L (4 gallons)","","Used","","","3 m&#xB2; (32.3 ft&#xB2;)","","GAB Neumann","Graphite","N-B-3.0","","","","","","80 °C (176 °F)","","Shell and Tube","","","","","","","80 °C (176 °F)","","","","","Heat Exchanger",""
"208282","Shell and Tube Heat Exchanger 2.5 m&#xB2; (26.9 ft&#xB2;) Graphite For Sale - IPP# 208282","https://ims.internationalprocessplants.com/inventory/equipment/detail/208282","15","14 L (3.7 gallons)","","Used","","","2.5 m&#xB2; (26.9 ft&#xB2;)","","GAB Neumann","Graphite","N-B-2,5","- Openings: 3-50mm, 1-100mm","Vertical","","","3 bar (43.5 psi)","80 °C (176 °F)","","Shell and Tube","","","","","","3 bar (43.5 psi)","165 °C (329 °F)","","","","","Heat Exchanger","Yes"
"208284","Shell and Tube Heat Exchanger 2.5 m&#xB2; (26.9 ft&#xB2;) Graphite For Sale - IPP# 208284","https://ims.internationalprocessplants.com/inventory/equipment/detail/208284","15","14 L (3.7 gallons)","","Used","","","2.5 m&#xB2; (26.9 ft&#xB2;)","","GAB Neumann","Graphite","N-B-2,5","- Openings: 3-50 mm, 1-100 mm","Vertical","","","3 bar (43.5 psi)","165 °C (329 °F)","","Shell and Tube","","","","","","3 bar (43.5 psi)","80 °C (176 °F)","","","","","Heat Exchanger","Yes"
"208392","Shell and Tube Heat Exchanger 25 m&#xB2; (269.1 ft&#xB2;) Stainless Steel Austenitic For Sale - IPP# 208392","https://ims.internationalprocessplants.com/inventory/equipment/detail/208392","16","79 L (20.9 gallons)","","Used","Stainless Steel Austenitic","","25 m&#xB2; (269.1 ft&#xB2;)","","Gerhardt Rau Regenstauf","Stainless Steel Austenitic","","","Horizontal","","Carbon Steel","13 bar (188.5 psi)","80 °C (176 °F)","","Shell and Tube","","","","Stainless Steel Austenitic","","6 bar (87 psi)","80 °C (176 °F)","","","","","Heat Exchanger","Yes"
"208481","Shell and Tube Heat Exchanger 4 m&#xB2; (43.1 ft&#xB2;) Graphite For Sale - IPP# 208481","https://ims.internationalprocessplants.com/inventory/equipment/detail/208481","13","","","Used","","","4 m&#xB2; (43.1 ft&#xB2;)","","GAB Neuman","Graphite","GAB 2-04-16","","Horizontal","","","6 bar (87 psi)","180 °C (356 °F)","","Shell and Tube","","","","","","3 bar (43.5 psi)","180 °C (356 °F)","","","","","Heat Exchanger","Yes"
"208514","Shell and Tube Heat Exchanger 762 m&#xB2; (8,200 ft&#xB2;) Stainless Steel 304 For Sale - IPP# 208514","https://ims.internationalprocessplants.com/inventory/equipment/detail/208514","21","","","Used","Stainless Steel 304","","762 m&#xB2; (8,200 ft&#xB2;)","6,100 mm (240 in)","Roberts","Stainless Steel 304","","","Horizontal","","Carbon Steel","2.8 bar (40 psi)","93.3 °C (200 °F)","1","Shell and Tube","","38.1 mm (1.5 in)","","Stainless Steel 304","1,044","2.1 bar (30 psi)","107.2 °C (225 °F)","1.52 mm (0.06 in)","","2","","Heat Exchanger","Yes"
"208536","Shell and Tube Heat Exchanger 142.4 m&#xB2; (1,550 ft&#xB2;) Stainless Steel 316 For Sale - IPP# 208536","https://ims.internationalprocessplants.com/inventory/equipment/detail/208536","23","","","Used","Stainless Steel 316","","142.4 m&#xB2; (1,550 ft&#xB2;)","9,150 mm (360 in)","Industrial Alloy Fabricators","Stainless Steel 316","","","Vertical","686 mm (27 in)","Stainless Steel 316","2.1 bar (30 psi)","135 °C (275 °F)","","Shell and Tube","","38.1 mm (1.5 in)","9,150 mm (360 in)","Stainless Steel 316","130","2.1 bar (30 psi)","135 °C (275 °F)","1.27 mm (0.05 in)","Straight Tube","","Stainless Steel 316","Heat Exchanger","Yes"
"209742","Stainless Steel 316 Shell and Tube Heat Exchanger - IPP# 209742","https://ims.internationalprocessplants.com/inventory/equipment/detail/209742","22","","","Used","Stainless Steel 316","","5.9 m&#xB2; (63 ft&#xB2;)","1,850 mm (72 in)","Monticello Tank Co.","Stainless Steel 316","","- Nozzles: Shell has two 2" nozzles, Head has two 2" nozzles with two 1" drains.","Horizontal","","Carbon Steel","12.8 bar (185 psi)","232.2 °C (450 °F)","","Shell and Tube","","9.4 mm (0.37 in)","","Stainless Steel 316","72","10.5 bar (152 psi)","232.2 °C (450 °F)","1.02 mm (0.04 in)","U-Tube","","Stainless Steel 316","Heat Exchanger","Yes"
"209744","Stainless Steel 316 Shell and Tube Heat Exchanger - IPP# 209744","https://ims.internationalprocessplants.com/inventory/equipment/detail/209744","22","","","Used","Stainless Steel 316","","5.9 m&#xB2; (64 ft&#xB2;)","1,800 mm (70 in)","Monticello Tank Co.","Stainless Steel 316","","- Shell nozzles: Two, 2" - Head nozzles: Two, 2" and two 1" drains.","Horizontal","","Carbon Steel","12.4 bar (180 psi)","232.2 °C (450 °F)","","Shell and Tube","","9.4 mm (0.37 in)","","Stainless Steel 316","72","10.3 bar (150 psi)","232.2 °C (450 °F)","1.02 mm (0.04 in)","U-Tube","","Stainless Steel 316","Heat Exchanger","Yes"
"209913","Shell and Tube Heat Exchanger 7 m&#xB2; (75 ft&#xB2;) Stainless Steel 316 For Sale - IPP# 209913","https://ims.internationalprocessplants.com/inventory/equipment/detail/209913","22","","","Used","","","7 m&#xB2; (75 ft&#xB2;)","4,050 mm (159.6 in)","Filtration transfer ltd","Stainless Steel 316","B.E.M.","- Openings: tubeside: 2-38mm, 2-19mm, shellside: 2-38mm, 2-19mm","Vertical","273 mm (10.7 in)","Stainless Steel 304","6.4 bar (92.4 psi)","25 °C (77 °F)","","Shell and Tube","","20 mm (0.79 in)","3,000 mm (117.2 in)","Stainless Steel 316","40","5.2 bar (75.6 psi)","40 °C (104 °F)","","","4","Stainless Steel 304","Heat Exchanger",""
"209914","Stainless Steel 316 Filtration transfer ltd B.E.M. Shell and Tube Heat Exchanger - IPP# 209914","https://ims.internationalprocessplants.com/inventory/equipment/detail/209914","22","","","Used","","","7 m&#xB2; (75 ft&#xB2;)","4,050 mm (159.6 in)","Filtration transfer ltd","Stainless Steel 316","B.E.M.","- Openings: tubeside - 2-38mm, 2-19mm; shellside - 2-38mm, 2-19mm","Vertical","273 mm (10.7 in)","Stainless Steel 304","6.4 bar (92.4 psi)","25 °C (77 °F)","","Shell and Tube","","20 mm (0.79 in)","3,000 mm (117.2 in)","Stainless Steel 316","40","5.2 bar (75.6 psi)","40 °C (104 °F)","","","4","Stainless Steel 304","Heat Exchanger",""
"209915","Shell and Tube Heat Exchanger 7 m&#xB2; (75 ft&#xB2;) Stainless Steel 316 For Sale - IPP# 209915","https://ims.internationalprocessplants.com/inventory/equipment/detail/209915","22","","","Used","","","7 m&#xB2; (75 ft&#xB2;)","4,050 mm (159.6 in)","Filtration transfer ltd","Stainless Steel 316","B.E.M.","- Openings: tubeside - 2-38mm, 2-19mm; shellside - 2-38mm, 2-19mm","Vertical","273 mm (10.7 in)","Stainless Steel 304","6.4 bar (92.4 psi)","25 °C (77 °F)","","Shell and Tube","","20 mm (0.79 in)","3,000 mm (117.2 in)","Stainless Steel 316","40","5.2 bar (75.6 psi)","40 °C (104 °F)","","","4","Stainless Steel 304","Heat Exchanger",""
"209916","Shell and Tube Heat Exchanger 7 m&#xB2; (75 ft&#xB2;) Stainless Steel 316 For Sale - IPP# 209916","https://ims.internationalprocessplants.com/inventory/equipment/detail/209916","22","","","Used","","","7 m&#xB2; (75 ft&#xB2;)","4,050 mm (159.6 in)","Filtration transfer ltd","Stainless Steel 316","B.E.M.","- Openings: tubeside - 2-38mm, 2-19mm; shellside - 2-38mm, 2-19mm","Vertical","273 mm (10.7 in)","Stainless Steel 304","6.4 bar (92.4 psi)","25 °C (77 °F)","","Shell and Tube","","20 mm (0.79 in)","3,000 mm (117.2 in)","Stainless Steel 316","40","5.2 bar (75.6 psi)","40 °C (104 °F)","","","4","Stainless Steel 304","Heat Exchanger",""
"209943","Stainless Steel 316 Filtration transfer ltd B.E.M Shell and Tube Heat Exchanger - IPP# 209943","https://ims.internationalprocessplants.com/inventory/equipment/detail/209943","24","","","Used","Carbon Steel","","27.8 m&#xB2; (299.2 ft&#xB2;)","3,450 mm (135.3 in)","Filtration transfer ltd","Stainless Steel 316","B.E.M","- Openings: tubeside - 2-100mm, 1-19mm; shellside - 1-200mm, 1-75mm, 1-50mm","Horizontal","441 mm (17.4 in)","Stainless Steel 304","3.8 bar (55.3 psi)","235 °C (455 °F)","","Shell and Tube","","20 mm (0.79 in)","2,450 mm (96 in)","Stainless Steel 316","194","5.2 bar (75.6 psi)","60 °C (140 °F)","","","2","Stainless Steel 304","Heat Exchanger","Yes"
"209944","Stainless Steel 316 Filtration transfer ltd B.E.M. Shell and Tube Heat Exchanger - IPP# 209944","https://ims.internationalprocessplants.com/inventory/equipment/detail/209944","24","","","Used","Carbon Steel","","27.8 m&#xB2; (299.2 ft&#xB2;)","3,450 mm (135.3 in)","Filtration transfer ltd","Stainless Steel 316","B.E.M.","- Shell dimensions: 441mm I.D x 3436mm total length - Openings: Tubeside - 2-100mm, 1-19mm; Shellside - 1-200mm, 1-75mm, 1-50mm","Horizontal","441 mm (17.4 in)","Stainless Steel 304","3.8 bar (55.3 psi)","235 °C (455 °F)","","Shell and Tube","","20 mm (0.79 in)","2,450 mm (96 in)","Stainless Steel 316","194","5.2 bar (75.3 psi)","60 °C (140 °F)","","","2","Stainless Steel 304","Heat Exchanger","Yes"
"209945","Shell and Tube Heat Exchanger 18 m&#xB2; (193.8 ft&#xB2;) Graphite For Sale - IPP# 209945","https://ims.internationalprocessplants.com/inventory/equipment/detail/209945","15","","","Used","","","18 m&#xB2; (193.8 ft&#xB2;)","2,150 mm (85.2 in)","Graphite equipment ltd","Graphite","","","Horizontal","500 mm (19.7 in)","Carbon Steel","4.8 bar (69.5 psi)","180 °C (356 °F)","","Shell and Tube","","","","","","6.2 bar (89.5 psi)","60 °C (140 °F)","","","","","Heat Exchanger","Yes"
"209952","Stainless Steel 316 Hunt Thermal Engineering Ltd B.E.M Shell and Tube Heat Exchanger - IPP# 209952","https://ims.internationalprocessplants.com/inventory/equipment/detail/209952","22","","","Used","Carbon Steel","","33.5 m&#xB2; (361 ft&#xB2;)","2,750 mm (109.1 in)","Hunt Thermal Engineering Ltd","Stainless Steel 316","B.E.M","","Horizontal","465 mm (18.3 in)","Carbon Steel","6 bar (87 psi)","100 °C (212 °F)","","Shell and Tube","","20 mm (0.79 in)","1,800 mm (71.3 in)","Stainless Steel 316","152","3.7 bar (53.7 psi)","100 °C (212 °F)","","","1","","Heat Exchanger","Yes"
"209953","Shell and Tube Heat Exchanger 33.5 m&#xB2; (361 ft&#xB2;) Stainless Steel 316 For Sale - IPP# 209953","https://ims.internationalprocessplants.com/inventory/equipment/detail/209953","22","","","Used","Stainless Steel 316","","33.5 m&#xB2; (361 ft&#xB2;)","2,750 mm (109.1 in)","Johnson Hunt LTD","Stainless Steel 316","B.E.M","","Horizontal","465 mm (18.3 in)","Carbon Steel","6 bar (87 psi)","-12 °C (10.4 °F)","","Shell and Tube","","20 mm (0.79 in)","1,800 mm (71.3 in)","Stainless Steel 316","152","3.7 bar (53.7 psi)","100 °C (212 °F)","","","1","","Heat Exchanger","Yes"
"210212","Stainless Steel 316 Rubicon W86 BUG - 84HDTS Shell and Tube Heat Exchanger - IPP# 210212","https://ims.internationalprocessplants.com/inventory/equipment/detail/210212","25","","","Used","Stainless Steel 316","","2.3 m&#xB2; (25 ft&#xB2;)","2,400 mm (95 in)","Rubicon","Stainless Steel 316","W86 BUG - 84HDTS","- Openings: Head - (2) 1"; Shell - (2) 2" and 2 0.75" drain/vents","Horizontal","165.1 mm (6.5 in)","Carbon Steel","10.3 bar (150 psi)","204.4 °C (400 °F)","","Shell and Tube","","19.1 mm (0.75 in)","2,200 mm (86 in)","Stainless Steel 316","9","10.3 bar (150 psi)","204.4 °C (400 °F)","1.02 mm (0.04 in)","U-Tube","","Stainless Steel 316","Heat Exchanger","Yes"
"210227","Unused Shell and Tube Heat Exchanger   For Sale - IPP# 210227","https://ims.internationalprocessplants.com/inventory/equipment/detail/210227","4","","","Unused","","","","","Carbone","","","","","","","","","","Shell and Tube","","","","","","","","","","","","Heat Exchanger",""
"210658","Shell and Tube Heat Exchanger 485.6 m&#xB2; (5,250 ft&#xB2;) Stainless Steel 316 For Sale - IPP# 210658","https://ims.internationalprocessplants.com/inventory/equipment/detail/210658","22","","","Used","Stainless Steel 316","","485.6 m&#xB2; (5,250 ft&#xB2;)","8,800 mm (346 in)","Industrial Alloy","Stainless Steel 316","","Shell nozzles are 10' and 16". Tube nozzles are two 28".","Horizontal","1,450 mm (58 in)","Carbon Steel","10.6 bar (154 psi)","204.4 °C (400 °F)","","Shell and Tube","","38.1 mm (1.5 in)","6,100 mm (240 in)","Stainless Steel 316","674","3.6 bar (52 psi)","148.9 °C (300 °F)","2 mm (0.08 in)","","","","Heat Exchanger","Yes"
"210661","Shell and Tube Heat Exchanger 371.1 m&#xB2; (4,000 ft&#xB2;) Stainless Steel 316 For Sale - IPP# 210661","https://ims.internationalprocessplants.com/inventory/equipment/detail/210661","25","","","Used","Carbon Steel","","371.1 m&#xB2; (4,000 ft&#xB2;)","8,450 mm (332 in)","O'Neals Welding","Stainless Steel 316","","Shell nozzles are five 18"on the top and five 6" on the bottom., tube nozzles are two 20".","Horizontal","838 mm (33 in)","Stainless Steel 316","6 bar (87 psi)","204.4 °C (400 °F)","1","Shell and Tube","","19.1 mm (0.75 in)","6,100 mm (240 in)","Stainless Steel 316","1,040","6 bar (87 psi)","260 °C (500 °F)","1.52 mm (0.06 in)","","1","Stainless Steel 316","Heat Exchanger","Yes"
"210743","Shell and Tube Heat Exchanger 13.9 m&#xB2; (150 ft&#xB2;) Carbon Steel For Sale - IPP# 210743","https://ims.internationalprocessplants.com/inventory/equipment/detail/210743","17","","","Used","Carbon Steel","","13.9 m&#xB2; (150 ft&#xB2;)","2,350 mm (92 in)","TACO","Carbon Steel","","- Shell nozzles: Two 8" - Tube nozzles: Two 4"","Horizontal","","Carbon Steel","10.3 bar (150 psi)","190.6 °C (375 °F)","","Shell and Tube","","","1,650 mm (65 in)","Carbon Steel","","10.3 bar (150 psi)","190.6 °C (375 °F)","","","","","Heat Exchanger",""
"210746","Stainless Steel 316 Ametek MAHTR-4-B-SS Shell and Tube Heat Exchanger - IPP# 210746","https://ims.internationalprocessplants.com/inventory/equipment/detail/210746","22","","","Used","Carbon Steel","","0.93 m&#xB2; (10 ft&#xB2;)","1,050 mm (42 in)","Ametek","Stainless Steel 316","MAHTR-4-B-SS","Shell nozzles are (2) 1.5", Tube nozzlea are (2) 3/4".","Horizontal","","Carbon Steel","16.5 bar (240 psi)","204.4 °C (400 °F)","","Shell and Tube","","9.4 mm (0.37 in)","","Stainless Steel 316","38","13.8 bar (200 psi)","204.4 °C (400 °F)","0.76 mm (0.03 in)","U-Tube","","Stainless Steel 316","Heat Exchanger",""
"210761","Stainless Steel 316 Yula WC-4C-96BS Shell and Tube Heat Exchanger - IPP# 210761","https://ims.internationalprocessplants.com/inventory/equipment/detail/210761","22","","","Used","Stainless Steel 316","","5.2 m&#xB2; (56 ft&#xB2;)","2,850 mm (113 in)","Yula","Stainless Steel 316","WC-4C-96BS","Nozzles on heads and shell are 2" with four 1" vent & drains","Horizontal","","Carbon Steel","10.3 bar (150 psi)","176.7 °C (350 °F)","","Shell and Tube","","19.1 mm (0.75 in)","2,400 mm (95 in)","Stainless Steel 316","36","10.3 bar (150 psi)","176.7 °C (350 °F)","1.52 mm (0.06 in)","Straight Tube","","","Heat Exchanger",""
"210762","Stainless Steel 316 Shell and Tube Heat Exchanger - IPP# 210762","https://ims.internationalprocessplants.com/inventory/equipment/detail/210762","11","","","Used","Carbon Steel","","","3,300 mm (130 in)","","Stainless Steel 316","","- Shell Nozzles: 8" and 3" - Head Nozzles: Two 8"","Horizontal","","Stainless Steel 316","","","","Shell and Tube","","","2,400 mm (95 in)","Stainless Steel 316","","","","","","","","Heat Exchanger",""
"210788","Stainless Steel 316 Shell and Tube Heat Exchanger - IPP# 210788","https://ims.internationalprocessplants.com/inventory/equipment/detail/210788","22","","","Used","Stainless Steel 316","","20.8 m&#xB2; (224 ft&#xB2;)","3,250 mm (128 in)","Yula","Stainless Steel 316","WCV-6E-120AS","- Shell Nozzles: Two 4" - Tube Nozzles: Two 2" sanitary fittings - Vent and Drain: 1"","Horizontal","","Carbon Steel","10.3 bar (150 psi)","148.9 °C (300 °F)","","Shell and Tube","","15.7 mm (0.62 in)","","Stainless Steel 316","69","10.3 bar (150 psi)","148.9 °C (300 °F)","0.76 mm (0.03 in)","U-Tube","","Stainless Steel 316","Heat Exchanger",""
"210791","Stainless Steel 316 ITT Standard Shell and Tube Heat Exchanger - IPP# 210791","https://ims.internationalprocessplants.com/inventory/equipment/detail/210791","20","","","Used","MISC","","3.2 m&#xB2; (34 ft&#xB2;)","1,000 mm (40 in)","ITT Standard","Stainless Steel 316","","- Nozzles: 2" on shell and heads","Horizontal","","Stainless Steel 316","15.5 bar (225 psi)","232.2 °C (450 °F)","","Shell and Tube","","9.4 mm (0.37 in)","","Stainless Steel 316","116","10.3 bar (150 psi)","232.2 °C (450 °F)","0.51 mm (0.02 in)","","","Stainless Steel 316","Heat Exchanger",""
"210792","Shell and Tube Heat Exchanger 3.2 m&#xB2; (34 ft&#xB2;) Stainless Steel 316 For Sale - IPP# 210792","https://ims.internationalprocessplants.com/inventory/equipment/detail/210792","21","","","Used","MISC","","3.2 m&#xB2; (34 ft&#xB2;)","1,000 mm (40 in)","ITT Standard","Stainless Steel 316","","- Nozzles: 2" on shell and heads","Horizontal","","Stainless Steel 316","15.5 bar (225 psi)","232.2 °C (450 °F)","4","Shell and Tube","","9.4 mm (0.37 in)","","Stainless Steel 316","116","10.3 bar (150 psi)","232.2 °C (450 °F)","0.51 mm (0.02 in)","","","Stainless Steel 316","Heat Exchanger",""
"210800","Stainless Steel 316 ITT Standard Shell and Tube Heat Exchanger - IPP# 210800","https://ims.internationalprocessplants.com/inventory/equipment/detail/210800","21","","","Used","MISC","","2.6 m&#xB2; (28 ft&#xB2;)","914 mm (36 in)","ITT Standard","Stainless Steel 316","","- Nozzles: 2" on shell and heads.","Horizontal","","Stainless Steel 316","15.5 bar (225 psi)","232.2 °C (450 °F)","","Shell and Tube","","9.4 mm (0.37 in)","","Stainless Steel 316","116","10.3 bar (150 psi)","232.2 °C (450 °F)","0.51 mm (0.02 in)","Straight Tube","","Stainless Steel 316","Heat Exchanger",""
"210814","Stainless Steel 316 Shell and Tube Heat Exchanger - IPP# 210814","https://ims.internationalprocessplants.com/inventory/equipment/detail/210814","26","","","Refurbished/Rebuilt","Carbon Steel","","65.6 m&#xB2; (706 ft&#xB2;)","3,350 mm (131 in)","Manning & Lewis","Stainless Steel 316","","- Shell openings: one 12" and three 2" - Tube openings: two 8"","Horizontal","610 mm (24 in)","Stainless Steel 316","10.3 bar (150 psi)","176.7 °C (350 °F)","1","Shell and Tube","","19.1 mm (0.75 in)","2,450 mm (96 in)","Stainless Steel 316","444","10.3 bar (150 psi)","176.7 °C (350 °F)","1.52 mm (0.06 in)","Straight Tube","1","Stainless Steel 316","Heat Exchanger","Yes"
"210822","Hastelloy - C22 Shell and Tube Heat Exchanger - IPP# 210822","https://ims.internationalprocessplants.com/inventory/equipment/detail/210822","24","","","Used","Carbon Steel","","0.74 m&#xB2; (8 ft&#xB2;)","2,300 mm (90 in)","Yula","Hastelloy - C22","WC-1AA-72BS","- Nozzle Sizes: Four 1" shell nozzles, two 2" tube nozzles, two 1" vent and drains","Horizontal","","Hastelloy - C22","10.3 bar (150 psi)","176.7 °C (350 °F)","1","Shell and Tube","","19.1 mm (0.75 in)","1,850 mm (72 in)","Hastelloy - C22","7","10.3 bar (150 psi)","176.7 °C (350 °F)","19.1 mm (0.75 in)","Straight Tube","1","","Heat Exchanger",""
"210842","Shell and Tube Heat Exchanger 152.3 m&#xB2; (1,650 ft&#xB2;) Stainless Steel 304 For Sale - IPP# 210842","https://ims.internationalprocessplants.com/inventory/equipment/detail/210842","18","","","Used","Stainless Steel 316","","152.3 m&#xB2; (1,650 ft&#xB2;)","8,550 mm (336 in)","Whiting Metals","Stainless Steel 304","","- Vapour inlet size: 24" - Steam inlet size: 16" - Bottom opening size: 10" - Tapered outlet size: 16"","Vertical","","Stainless Steel 304","","","","Shell and Tube","","38.1 mm (1.5 in)","7,300 mm (288 in)","Stainless Steel 304","174","","","3 mm (0.12 in)","Straight Tube","","Stainless Steel 304","Heat Exchanger",""
"210844","Shell and Tube Heat Exchanger 48.1 m&#xB2; (518 ft&#xB2;) Stainless Steel 304 For Sale - IPP# 210844","https://ims.internationalprocessplants.com/inventory/equipment/detail/210844","17","","","Used","Carbon Steel","","48.1 m&#xB2; (518 ft&#xB2;)","7,900 mm (312 in)","","Stainless Steel 304","","- Inlets: 16" and 12" at the top - Outlet: 8" tapered outlet at the bottom, with two 2" and a 4" nozzle at the bottom","Vertical","","Stainless Steel 304","","","","Shell and Tube","","38.1 mm (1.5 in)","7,300 mm (288 in)","Stainless Steel 304","55","","","3 mm (0.12 in)","Straight Tube","","Stainless Steel 304","Heat Exchanger",""
"210849","Shell and Tube Heat Exchanger 294 m&#xB2; (3,150 ft&#xB2;) Stainless Steel 304 For Sale - IPP# 210849","https://ims.internationalprocessplants.com/inventory/equipment/detail/210849","19","","","Used","Carbon Steel","","294 m&#xB2; (3,150 ft&#xB2;)","8,050 mm (316 in)","Whiting Metals","Stainless Steel 304","","- Nozzles: Two 10" bottom side nozzles, four 1.5" bottom nozzles, one 24" top side opening","Vertical","","Carbon Steel","","","","Shell and Tube","","38.1 mm (1.5 in)","","Stainless Steel 304","288","6.2 bar (90 psi)","48.9 °C (120 °F)","1.02 mm (0.04 in)","Straight Tube","","Stainless Steel 304","Heat Exchanger",""
"210959","Shell and Tube Heat Exchanger 100.8 m&#xB2; (1,100 ft&#xB2;) Stainless Steel 304 For Sale - IPP# 210959","https://ims.internationalprocessplants.com/inventory/equipment/detail/210959","21","568 L (150 gallons)","","Used","Stainless Steel 304","","100.8 m&#xB2; (1,100 ft&#xB2;)","4,850 mm (191 in)","Manning and Lewis","Stainless Steel 304","","- Shell side nozzles: two 4" with 1" vents and drains - Tube side nozzles: 2" and 1.5" with 1/2 " vent and drains.","Horizontal","","Carbon Steel","","176.7 °C (350 °F)","","Shell and Tube","","19.1 mm (0.75 in)","","Stainless Steel 304","402","10.3 bar (150 psi)","176.7 °C (350 °F)","1.52 mm (0.06 in)","Straight Tube","","Stainless Steel 304","Heat Exchanger",""
"211513","Shell and Tube Heat Exchanger 40 m&#xB2; (430.6 ft&#xB2;) Stainless Steel 316 For Sale - IPP# 211513","https://ims.internationalprocessplants.com/inventory/equipment/detail/211513","19","","","Used","Carbon Steel","","40 m&#xB2; (430.6 ft&#xB2;)","2,800 mm (110.2 in)","K&#xFC;hni AG","Stainless Steel 316","","Shell side openings: (1) 110 mm, (1) 55 mm, (1) 265 mm - Tubeside openings: 2 heads each with (1) 105 mm.","","630 mm (24.8 in)","Stainless Steel 316","3.2 bar (46.4 psi)","","","Shell and Tube","","24 mm (0.94 in)","2,500 mm (98.4 in)","Stainless Steel 316","192","3.2 bar (46.4 psi)","","","","4","","Heat Exchanger","Yes"
"211516","Shell and Tube Heat Exchanger 3 m&#xB2; (32.3 ft&#xB2;) Graphite For Sale - IPP# 211516","https://ims.internationalprocessplants.com/inventory/equipment/detail/211516","21","","","Used","","","3 m&#xB2; (32.3 ft&#xB2;)","2,300 mm (90.9 in)","VICARB","Graphite","","- Openings: 1-head with 2-50mm, 1-head with 1-100mm, shell: 2-100mm, 1-25mm","Horizontal","285 mm (11.2 in)","Carbon Steel","3.5 bar (50.8 psi)","160 °C (320 °F)","","Shell and Tube","","32 mm (1.26 in)","1,800 mm (70.5 in)","Graphite","24","5.3 bar (76.1 psi)","160 °C (320 °F)","12 mm (0.47 in)","","","","Heat Exchanger","Yes"
"211517","Shell and Tube Heat Exchanger 1.1 m&#xB2; (11.8 ft&#xB2;) Stainless Steel Other For Sale - IPP# 211517","https://ims.internationalprocessplants.com/inventory/equipment/detail/211517","10","","","Used","Stainless Steel Other","","1.1 m&#xB2; (11.8 ft&#xB2;)","","","Stainless Steel Other","","- Openings: - Shell side: (2) DN 50 and (1) DN 25 - Tube side: (2) DN 25","Horizontal","","Carbon Steel","","","","Shell and Tube","","","","Stainless Steel Other","","","","","","","","Heat Exchanger",""
"211519","Shell and Tube Heat Exchanger 4 m&#xB2; (43.1 ft&#xB2;) Graphite For Sale - IPP# 211519","https://ims.internationalprocessplants.com/inventory/equipment/detail/211519","20","","","Used","","","4 m&#xB2; (43.1 ft&#xB2;)","3,500 mm (138.7 in)","VICARB","Graphite","","- Openings: - Tube Side: 2-100mm - Shell Side: 2-100mm, 1-40mm","Horizontal","285 mm (11.2 in)","Carbon Steel","3.5 bar (50.8 psi)","160 °C (320 °F)","","Shell and Tube","","32 mm (1.26 in)","2,950 mm (115.7 in)","Graphite","24","5.2 bar (75.4 psi)","160 °C (320 °F)","12 mm (0.47 in)","","","","Heat Exchanger",""
"211520","Shell and Tube Heat Exchanger 2.5 m&#xB2; (26.9 ft&#xB2;) Graphite For Sale - IPP# 211520","https://ims.internationalprocessplants.com/inventory/equipment/detail/211520","10","","","Used","","","2.5 m&#xB2; (26.9 ft&#xB2;)","","VICARB","Graphite","","","","","","6 bar (87 psi)","170 °C (338 °F)","","Shell and Tube","","","","","","6 bar (87 psi)","130 °C (266 °F)","","","","","Heat Exchanger",""
"211523","Shell and Tube Heat Exchanger 4 m&#xB2; (43.1 ft&#xB2;) Graphite For Sale - IPP# 211523","https://ims.internationalprocessplants.com/inventory/equipment/detail/211523","20","","","Used","","","4 m&#xB2; (43.1 ft&#xB2;)","3,500 mm (138.7 in)","VICARB","Graphite","","- Openings: - Tube side: (2) 100 mm - Shell side: (2) 100 mm, (1) 40mm","Vertical","285 mm (11.2 in)","Carbon Steel","3.5 bar (50.8 psi)","160 °C (320 °F)","","Shell and Tube","","32 mm (1.26 in)","2,950 mm (115.7 in)","Graphite","24","5.3 bar (76.1 psi)","160 °C (320 °F)","12 mm (0.47 in)","","","","Heat Exchanger",""
"211525","Shell and Tube Heat Exchanger 23.2 m&#xB2; (250 ft&#xB2;) Graphite For Sale - IPP# 211525","https://ims.internationalprocessplants.com/inventory/equipment/detail/211525","20","","","Used","","","23.2 m&#xB2; (250 ft&#xB2;)","3,700 mm (145.8 in)","Vicarb","Graphite","","Openings: Tube Side - 1- 40mm, 2- 250mm; Shell - 2- 150mm, 1- 4 mm","Horizontal","632 mm (24.9 in)","Carbon Steel","3.5 bar (50.8 psi)","160 °C (320 °F)","","Shell and Tube","","32 mm (1.26 in)","3,000 mm (118.1 in)","Graphite","140","5.3 bar (76.1 psi)","160 °C (320 °F)","12 mm (0.47 in)","","","","Heat Exchanger",""
"211526","Shell and Tube Heat Exchanger 7 m&#xB2; (75.3 ft&#xB2;) Graphite For Sale - IPP# 211526","https://ims.internationalprocessplants.com/inventory/equipment/detail/211526","20","","","Used","","","7 m&#xB2; (75.3 ft&#xB2;)","3,000 mm (117.7 in)","VICARB","Graphite","","- Openings: (2) 150 mm, (1) 50mm tube side; (2) 100 mm, (1) 25mm Shell side","Horizontal","370 mm (14.6 in)","Carbon Steel","3.5 bar (50.8 psi)","160 °C (320 °F)","","Shell and Tube","","32 mm (1.26 in)","1,750 mm (68.5 in)","Graphite","43","3.5 bar (50.8 psi)","160 °C (320 °F)","12 mm (0.47 in)","","","","Heat Exchanger",""
"211528","Shell and Tube Heat Exchanger 7 m&#xB2; (75.3 ft&#xB2;) Graphite For Sale - IPP# 211528","https://ims.internationalprocessplants.com/inventory/equipment/detail/211528","20","","","Used","","","7 m&#xB2; (75.3 ft&#xB2;)","3,000 mm (117.7 in)","VICARB","Graphite","","- Openings: (2) 50 mm tube side; (2) 100 mm, (1) 25mm Shell side","Horizontal","370 mm (14.6 in)","Carbon Steel","3.5 bar (50.8 psi)","160 °C (320 °F)","","Shell and Tube","","32 mm (1.26 in)","1,750 mm (68.5 in)","Graphite","43","3.5 bar (50.8 psi)","160 °C (320 °F)","12 mm (0.47 in)","","","","Heat Exchanger",""
"211529","Shell and Tube Heat Exchanger 29.9 m&#xB2; (322 ft&#xB2;) Graphite For Sale - IPP# 211529","https://ims.internationalprocessplants.com/inventory/equipment/detail/211529","19","","","Used","","","29.9 m&#xB2; (322 ft&#xB2;)","3,650 mm (143.7 in)","VICARB","Graphite","","- Openings: - Tube side: 1-150mm, 1-50mm, 1-250mm - Shell side: 2-150mm, 1-25mm","Horizontal","632 mm (24.9 in)","Carbon Steel","3.5 bar (50.8 psi)","160 °C (320 °F)","","Shell and Tube","","32 mm (1.26 in)","2,900 mm (113.3 in)","Graphite","140","5.3 bar (76.1 psi)","160 °C (320 °F)","","","","","Heat Exchanger",""
"211530","Shell and Tube Heat Exchanger 4.2 m&#xB2; (45.2 ft&#xB2;) Graphite For Sale - IPP# 211530","https://ims.internationalprocessplants.com/inventory/equipment/detail/211530","20","","","Used","","","4.2 m&#xB2; (45.2 ft&#xB2;)","3,500 mm (138.7 in)","VICARB","Graphite","","- Openings: (2) 100 mm tube side; (2) 100 mm, (1) 40 mm shell side","Horizontal","285 mm (11.2 in)","Carbon Steel","3.5 bar (50.8 psi)","160 °C (320 °F)","","Shell and Tube","","32 mm (1.26 in)","2,950 mm (115.7 in)","Graphite","34","5.3 bar (76.1 psi)","160 °C (320 °F)","12 mm (0.47 in)","","","","Heat Exchanger",""
"211552","Shell and Tube Heat Exchanger 25 m&#xB2; (269 ft&#xB2;) Graphite For Sale - IPP# 211552","https://ims.internationalprocessplants.com/inventory/equipment/detail/211552","21","","","Used","","","25 m&#xB2; (269 ft&#xB2;)","3,800 mm (149.6 in)","VICARB","Graphite","","Openings tube side 1- 50mm, 1- 150mm, 1- 250mm, Shell 2- 150mm, 1- 50mm.","Horizontal","575 mm (22.6 in)","Carbon Steel","10 bar (145 psi)","200 °C (392 °F)","","Shell and Tube","","32 mm (1.26 in)","2,750 mm (107.6 in)","Graphite","118","5 bar (72.5 psi)","200 °C (392 °F)","12 mm (0.47 in)","","","","Heat Exchanger","Yes"
"211553","Shell and Tube Heat Exchanger 25 m&#xB2; (269 ft&#xB2;) Graphite For Sale - IPP# 211553","https://ims.internationalprocessplants.com/inventory/equipment/detail/211553","21","","","Used","","","25 m&#xB2; (269 ft&#xB2;)","3,800 mm (149.6 in)","VICARB","Graphite","","- Openings: - Tube side: 1- 50mm, 1- 150mm, 1- 250mm - Shell: 2- 150mm, 1- 50mm","Horizontal","575 mm (22.6 in)","Carbon Steel","10 bar (145 psi)","200 °C (392 °F)","","Shell and Tube","","32 mm (1.26 in)","2,750 mm (107.6 in)","Graphite","118","5 bar (72.5 psi)","200 °C (392 °F)","12 mm (0.47 in)","","","","Heat Exchanger","Yes"
"211564","Shell and Tube Heat Exchanger 3 m&#xB2; (32.3 ft&#xB2;) Graphite For Sale - IPP# 211564","https://ims.internationalprocessplants.com/inventory/equipment/detail/211564","20","","","Used","","","3 m&#xB2; (32.3 ft&#xB2;)","2,300 mm (90.9 in)","VICARB","Graphite","","- Tube Side Openings: (1) 50 mm, (1) 100 mm - Shell Side Openings: (2) 100 mm, (1) 25 mm","Horizontal","285 mm (11.2 in)","Carbon Steel","3.5 bar (50.8 psi)","160 °C (320 °F)","","Shell and Tube","","32 mm (1.26 in)","1,800 mm (70.5 in)","Graphite","24","3.5 bar (50.8 psi)","71.1 °C (160 °F)","12 mm (0.47 in)","","","","Heat Exchanger",""
"211568","Shell and Tube Heat Exchanger 10 m&#xB2; (107.6 ft&#xB2;) Graphite For Sale - IPP# 211568","https://ims.internationalprocessplants.com/inventory/equipment/detail/211568","21","","","Used","","","10 m&#xB2; (107.6 ft&#xB2;)","3,750 mm (147.3 in)","VICARB","Graphite","CFT","- Tube side openings: (2) 150mm - Shell openings: (2) 100mm, (1) 40mm","Vertical","420 mm (16.5 in)","Carbon Steel","6 bar (87 psi)","165 °C (329 °F)","","Shell and Tube","","32 mm (1.26 in)","3,000 mm (117.5 in)","Graphite","50","6 bar (87 psi)","165 °C (329 °F)","12 mm (0.47 in)","","","","Heat Exchanger",""
"211569","Shell and Tube Heat Exchanger 10 m&#xB2; (107.6 ft&#xB2;) Graphite For Sale - IPP# 211569","https://ims.internationalprocessplants.com/inventory/equipment/detail/211569","21","","","Used","","","10 m&#xB2; (107.6 ft&#xB2;)","3,750 mm (147.3 in)","VICARB","Graphite","CFT","- Opening sizes: Tube side - (2) 150mm; Shell - (2) 100mm, (1) 40mm","Vertical","420 mm (16.5 in)","Carbon Steel","6 bar (87 psi)","165 °C (329 °F)","","Shell and Tube","","32 mm (1.26 in)","3,000 mm (117.5 in)","Graphite","50","6 bar (87 psi)","165 °C (329 °F)","12 mm (0.47 in)","","","","Heat Exchanger",""
"211570","Shell and Tube Heat Exchanger 10 m&#xB2; (107.6 ft&#xB2;) Graphite For Sale - IPP# 211570","https://ims.internationalprocessplants.com/inventory/equipment/detail/211570","17","","","Used","","","10 m&#xB2; (107.6 ft&#xB2;)","3,700 mm (144.7 in)","VICARB","Graphite","","- Openings: Tube side (2) 150 mm each head; Shell side (20) 100 mm","","420 mm (16.5 in)","Carbon Steel","6 bar (87 psi)","","","Shell and Tube","","32 mm (1.26 in)","3,000 mm (117.5 in)","Graphite","60","6 bar (87 psi)","","12 mm (0.47 in)","","","","Heat Exchanger",""
"211571","Shell and Tube Heat Exchanger 10 m&#xB2; (107.6 ft&#xB2;) Graphite For Sale - IPP# 211571","https://ims.internationalprocessplants.com/inventory/equipment/detail/211571","18","","","Used","","","10 m&#xB2; (107.6 ft&#xB2;)","3,700 mm (144.7 in)","VICARB","Graphite","","- Openings: Tube side (2) 150 mm each head; Shell side (20) 100 mm","Vertical","420 mm (16.5 in)","Carbon Steel","6 bar (87 psi)","","","Shell and Tube","","32 mm (1.26 in)","3,000 mm (117.5 in)","Graphite","60","6 bar (87 psi)","","12 mm (0.47 in)","","","","Heat Exchanger",""
"211573","Shell and Tube Heat Exchanger 30 m&#xB2; (322.9 ft&#xB2;) Stainless Steel Austenitic For Sale - IPP# 211573","https://ims.internationalprocessplants.com/inventory/equipment/detail/211573","20","","","Used","Stainless Steel Other","","30 m&#xB2; (322.9 ft&#xB2;)","","Greub","Stainless Steel Austenitic","","- Openings: - (2) 40 mm tube side - (2) 100 mm outer tube","Horizontal","","","2 bar (29 psi)","200 °C (392 °F)","","Shell and Tube","","40 mm (1.57 in)","2,500 mm (97.8 in)","Stainless Steel Austenitic","6","8 bar (116 psi)","200 °C (392 °F)","","U-Tube","","Stainless Steel 316","Heat Exchanger","Yes"
"211576","Shell and Tube Heat Exchanger 22 m&#xB2; (236.8 ft&#xB2;) Graphite For Sale - IPP# 211576","https://ims.internationalprocessplants.com/inventory/equipment/detail/211576","16","","","Used","","","22 m&#xB2; (236.8 ft&#xB2;)","","SGL TECHNIK GmbH","Graphite","RS77/1/13928.1","Openings: - Head 1: 1-250mm - Head 2: 1-150mm - Shell: 2-150mm, 1-50mm","Horizontal","570 mm (22.4 in)","Carbon Steel","6 bar (87 psi)","170 °C (338 °F)","","Shell and Tube","","","","Graphite","","6 bar (87 psi)","170 °C (338 °F)","","","","","Heat Exchanger",""
"211582","Shell and Tube Heat Exchanger 4 m&#xB2; (43.1 ft&#xB2;) Graphite For Sale - IPP# 211582","https://ims.internationalprocessplants.com/inventory/equipment/detail/211582","20","","","Used","","","4 m&#xB2; (43.1 ft&#xB2;)","3,500 mm (137.5 in)","VICARB","Graphite","","Shell openings: (2) 100 mm tube side; (2) 100 mm, (1) 40 mm shell side","Horizontal","285 mm (11.2 in)","Carbon Steel","6 bar (87 psi)","200 °C (392 °F)","","Shell and Tube","","32 mm (1.26 in)","2,950 mm (115.7 in)","Graphite","24","6 bar (87 psi)","200 °C (392 °F)","12 mm (0.47 in)","","","","Heat Exchanger",""
"211590","Shell and Tube Heat Exchanger 4 m&#xB2; (43.1 ft&#xB2;) Graphite For Sale - IPP# 211590","https://ims.internationalprocessplants.com/inventory/equipment/detail/211590","20","","","Used","","","4 m&#xB2; (43.1 ft&#xB2;)","3,500 mm (137.5 in)","VICARB","Graphite","","Tube Side Openings: (2) 100 mm - Shell Side Openings: (2) 100 mm, (1) 40mm","Vertical","285 mm (11.2 in)","Carbon Steel","6 bar (87 psi)","200 °C (392 °F)","","Shell and Tube","","32 mm (1.26 in)","2,950 mm (115.7 in)","Graphite","24","6 bar (87 psi)","200 °C (392 °F)","12 mm (0.47 in)","","","","Heat Exchanger",""
"211599","Shell and Tube Heat Exchanger 4 m&#xB2; (43.1 ft&#xB2;) Graphite For Sale - IPP# 211599","https://ims.internationalprocessplants.com/inventory/equipment/detail/211599","20","","","Used","","","4 m&#xB2; (43.1 ft&#xB2;)","3,500 mm (138.7 in)","VICARB","Graphite","","- Openings: (2) 100 mm tube side; Shell Side - (2) 100 mm, (1) 40mm Shell side","Horizontal","285 mm (11.2 in)","Carbon Steel","5 bar (72.5 psi)","200 °C (392 °F)","","Shell and Tube","","32 mm (1.26 in)","2,950 mm (115.7 in)","Graphite","24","6 bar (87 psi)","200 °C (392 °F)","12 mm (0.47 in)","","","","Heat Exchanger",""
"211600","Shell and Tube Heat Exchanger 4 m&#xB2; (43.1 ft&#xB2;) Graphite For Sale - IPP# 211600","https://ims.internationalprocessplants.com/inventory/equipment/detail/211600","20","","","Used","","","4 m&#xB2; (43.1 ft&#xB2;)","3,500 mm (138.7 in)","VICARB","Graphite","","- Tube side openings: (2) 100 mm - Shell side openings: (2) 100 mm, (1) 40mm","Horizontal","285 mm (11.2 in)","Carbon Steel","6 bar (87 psi)","200 °C (392 °F)","","Shell and Tube","","32 mm (1.26 in)","2,950 mm (115.7 in)","Graphite","24","6 bar (87 psi)","200 °C (392 °F)","12 mm (0.47 in)","","","","Heat Exchanger",""
"211602","Shell and Tube Heat Exchanger 10 m&#xB2; (107.6 ft&#xB2;) Graphite For Sale - IPP# 211602","https://ims.internationalprocessplants.com/inventory/equipment/detail/211602","21","","","Used","","","10 m&#xB2; (107.6 ft&#xB2;)","3,000 mm (117.5 in)","VICARB","Graphite","FTA","- Openings: Tube side (2) 150mm; Shell side (2) 100mm","Vertical","420 mm (16.5 in)","Carbon Steel","6 bar (87 psi)","165 °C (329 °F)","","Shell and Tube","","31.8 mm (1.25 in)","3,000 mm (117.5 in)","Graphite","60","6 bar (87 psi)","165 °C (329 °F)","9.4 mm (0.37 in)","","","","Heat Exchanger",""
"211622","Shell and Tube Heat Exchanger 1.3 m&#xB2; (14 ft&#xB2;) Stainless Steel Other For Sale - IPP# 211622","https://ims.internationalprocessplants.com/inventory/equipment/detail/211622","19","","","Used","Stainless Steel Other","","1.3 m&#xB2; (14 ft&#xB2;)","1,600 mm (63.4 in)","Chematec AG","Stainless Steel Other","","- Openings: - Service side: (2) 25 mm for cooling fluid - Process side: (1) 100 mm vacuum/non condensable gas outlet, (1) 100 mm vapor inlet - Bottom head: (1) 100 mm condensate outlet","Vertical","362 mm (14.3 in)","Stainless Steel Other","4.8 bar (69.6 psi)","","","Shell and Tube","","58 mm (2.3 in)","330 mm (13 in)","Stainless Steel Other","1","8 bar (116 psi)","","","","","Stainless Steel Other","Heat Exchanger",""
"211623","Shell and Tube Heat Exchanger 1.3 m&#xB2; (14 ft&#xB2;) Stainless Steel Other For Sale - IPP# 211623","https://ims.internationalprocessplants.com/inventory/equipment/detail/211623","19","","","Used","Stainless Steel Other","","1.3 m&#xB2; (14 ft&#xB2;)","1,600 mm (63.4 in)","Chematec AG","Stainless Steel Other","","- Openings: - Service side: (2) 25 mm for cooling fluid - Process side: (1) 100 mm vacuum/non condensable gas outlet, (1) 100 mm vapor inlet - Bottom head: (1) 100 mm condensate outlet","Vertical","362 mm (14.3 in)","Stainless Steel Other","4.8 bar (69.6 psi)","","","Shell and Tube","","58 mm (2.3 in)","330 mm (13 in)","Stainless Steel Other","1","8 bar (116 psi)","","","","","Stainless Steel Other","Heat Exchanger",""
"211624","Shell and Tube Heat Exchanger 1.3 m&#xB2; (14 ft&#xB2;) Stainless Steel Other For Sale - IPP# 211624","https://ims.internationalprocessplants.com/inventory/equipment/detail/211624","19","","","Used","Stainless Steel Other","","1.3 m&#xB2; (14 ft&#xB2;)","1,600 mm (63.4 in)","Chematec AG","Stainless Steel Other","","- Openings: - Service side: (2) 25 mm for cooling fluid - Process side: (1) 100 mm vacuum/non condensable gas outlet, (1) 100 mm vapor inlet - Bottom head: (1) 100 mm condensate outlet","Vertical","362 mm (14.3 in)","Stainless Steel Other","4.8 bar (69.6 psi)","","","Shell and Tube","","58 mm (2.3 in)","330 mm (13 in)","Stainless Steel Other","1","8 bar (116 psi)","","","","","Stainless Steel Other","Heat Exchanger",""
"211625","Shell and Tube Heat Exchanger 1.25 m&#xB2; (13.5 ft&#xB2;) Graphite For Sale - IPP# 211625","https://ims.internationalprocessplants.com/inventory/equipment/detail/211625","19","","","Used","","","1.25 m&#xB2; (13.5 ft&#xB2;)","1,950 mm (76.8 in)","VICARB","Graphite","","- Tube side openings: (1) 100 mm, (1) 100 mm - Shell side openings: (2) 40mm","Vertical","400 mm (15.7 in)","Carbon Steel","6 bar (87 psi)","180 °C (356 °F)","","Shell and Tube","","100 mm (3.9 in)","1,600 mm (63.5 in)","Graphite","5","6 bar (87 psi)","180 °C (356 °F)","","","","","Heat Exchanger",""
"211700","Shell and Tube Heat Exchanger 10 m&#xB2; (107.6 ft&#xB2;) Graphite For Sale - IPP# 211700","https://ims.internationalprocessplants.com/inventory/equipment/detail/211700","13","","","Used","","","10 m&#xB2; (107.6 ft&#xB2;)","","SGL","Graphite","","","Horizontal","","Carbon Steel","5 bar (72.5 psi)","22 °C (71.6 °F)","","Shell and Tube","","","","Graphite","","1.6 bar (23.2 psi)","80 °C (176 °F)","","","","","Heat Exchanger",""
"211701","Shell and Tube Heat Exchanger 4.9 m&#xB2; (52.7 ft&#xB2;) Graphite For Sale - IPP# 211701","https://ims.internationalprocessplants.com/inventory/equipment/detail/211701","20","","","Used","","","4.9 m&#xB2; (52.7 ft&#xB2;)","4,700 mm (184.6 in)","Sigri","Graphite","RS77-2-1340.13","- Openings: (2) 25mm on tube side","Vertical","250 mm (9.8 in)","Carbon Steel","10 bar (145 psi)","180 °C (356 °F)","","Shell and Tube","","37 mm (1.46 in)","4,000 mm (157.5 in)","Graphite","13","6 bar (87 psi)","180 °C (356 °F)","","","","","Heat Exchanger",""
"211971","Shell and Tube Heat Exchanger 15.7 m&#xB2; (169 ft&#xB2;) Stainless Steel Austenitic For Sale - IPP# 211971","https://ims.internationalprocessplants.com/inventory/equipment/detail/211971","22","","","Used","Stainless Steel Austenitic","","15.7 m&#xB2; (169 ft&#xB2;)","2,650 mm (103.4 in)","Dynamite Nobel","Stainless Steel Austenitic","","- Openings: - Tubeside dished head: 1-300mm - Bonnet head: 2-50mm - Shell: 2-50mm, 1-15mm","Vertical","500 mm (19.7 in)","Stainless Steel Austenitic","8 bar (116 psi)","300 °C (572 °F)","","Shell and Tube","","25 mm (0.98 in)","1,500 mm (59.1 in)","Stainless Steel Austenitic","148","8 bar (116 psi)","300 °C (572 °F)","2.3 mm (0.09 in)","","","","Heat Exchanger","Yes"
"212448","Shell and Tube Heat Exchanger 25.7 m&#xB2; (276.6 ft&#xB2;) Tantalum For Sale - IPP# 212448","https://ims.internationalprocessplants.com/inventory/equipment/detail/212448","22","","","Used","Glasslined","","25.7 m&#xB2; (276.6 ft&#xB2;)","3,700 mm (145.8 in)","Comtec","Tantalum","","- Openings: (1) DN40, (2) DN100, (1) DN150","Horizontal","","Carbon Steel","4 bar (58 psi)","40 °C (104 °F)","","Shell and Tube","","19.5 mm (0.77 in)","2,600 mm (102.4 in)","Tantalum","179","4 bar (58 psi)","170 °C (338 °F)","","Straight Tube","","Carbon Steel","Heat Exchanger","Yes"
"212449","Tantalum Comtec Shell and Tube Heat Exchanger - IPP# 212449","https://ims.internationalprocessplants.com/inventory/equipment/detail/212449","19","","","Used","Glasslined","","5.1 m&#xB2; (54.9 ft&#xB2;)","","Comtec","Tantalum","","- Openings: - (4) DN80/PN10 - (2) DN200/PN10 - (2) DN100/PN16 - (1) DN40/PN16 - (1) DN150/PN16","Horizontal","","Carbon Steel","4 bar (58 psi)","40 °C (104 °F)","","Shell and Tube","","19.5 mm (0.77 in)","3,400 mm (134 in)","Tantalum","","4 bar (58 psi)","170 °C (338 °F)","0.04 mm (0.002 in)","","","","Heat Exchanger","Yes"
"212739","Unused Shell and Tube Heat Exchanger 975 m&#xB2; (10,500 ft&#xB2;) Carbon Steel For Sale - IPP# 212739","https://ims.internationalprocessplants.com/inventory/equipment/detail/212739","24","","","Unused","Carbon Steel","","975 m&#xB2; (10,500 ft&#xB2;)","8,050 mm (316 in)","Worsham Enterprises","Carbon Steel","AETR","- Openings: Shell - (1) 18", x(1) 20"; Heads (2) 16"","Horizontal","1,250 mm (49 in)","Carbon Steel","12.8 bar (185 psi)","110 °C (230 °F)","","Shell and Tube","","19.1 mm (0.75 in)","6,100 mm (240 in)","Carbon Steel","2,819","5.2 bar (75 psi)","65.6 °C (150 °F)","21.6 mm (0.85 in)","","2","Carbon Steel","Heat Exchanger",""
"212740","Unused Shell and Tube Heat Exchanger 975 m&#xB2; (10,500 ft&#xB2;) Carbon Steel For Sale - IPP# 212740","https://ims.internationalprocessplants.com/inventory/equipment/detail/212740","24","","","Unused","Carbon Steel","","975 m&#xB2; (10,500 ft&#xB2;)","8,050 mm (316 in)","Worsham Enterprises","Carbon Steel","AETR","- Openings: Shell - (1) 18", x(1) 20"; Heads (2) 16"","Horizontal","1,250 mm (49 in)","Carbon Steel","12.8 bar (185 psi)","110 °C (230 °F)","","Shell and Tube","","19.1 mm (0.75 in)","6,100 mm (240 in)","Carbon Steel","2,819","5.2 bar (75 psi)","65.6 °C (150 °F)","2 mm (0.08 in)","","2","Carbon Steel","Heat Exchanger",""
"212821","Shell and Tube Heat Exchanger 1,050 m&#xB2; (11,300 ft&#xB2;) Carbon Steel For Sale - IPP# 212821","https://ims.internationalprocessplants.com/inventory/equipment/detail/212821","23","","","Used","Carbon Steel","","1,050 m&#xB2; (11,300 ft&#xB2;)","","Heatran","Carbon Steel","","- Shell nozzles: (2) 16" - Tube nozzles: (2) 16"","Horizontal","1,050 mm (41 in)","Carbon Steel","179.3 bar (2,600 psi)","315.6 °C (600 °F)","1","Shell and Tube","","15.7 mm (0.62 in)","11,600 mm (456 in)","Carbon Steel","1,850","179.3 bar (2,600 psi)","315.6 °C (600 °F)","1.52 mm (0.06 in)","","1","Carbon Steel","Heat Exchanger",""
"212822","Shell and Tube Heat Exchanger 1,050 m&#xB2; (11,300 ft&#xB2;) Carbon Steel For Sale - IPP# 212822","https://ims.internationalprocessplants.com/inventory/equipment/detail/212822","23","","","Used","Carbon Steel","","1,050 m&#xB2; (11,300 ft&#xB2;)","","Heatran","Carbon Steel","","- Shell nozzles: (2) 16" - Tube nozzles: (2) 16"","Horizontal","1,050 mm (41 in)","Carbon Steel","179.3 bar (2,600 psi)","315.6 °C (600 °F)","1","Shell and Tube","","15.7 mm (0.62 in)","11,600 mm (456 in)","Carbon Steel","1,850","179.3 bar (2,600 psi)","315.6 °C (600 °F)","1.52 mm (0.06 in)","","1","Carbon Steel","Heat Exchanger",""
"212823","Shell and Tube Heat Exchanger 553 m&#xB2; (5,950 ft&#xB2;) Carbon Steel For Sale - IPP# 212823","https://ims.internationalprocessplants.com/inventory/equipment/detail/212823","22","","","Used","Carbon Steel","","553 m&#xB2; (5,950 ft&#xB2;)","","Heatran","Carbon Steel","","- Nozzle sizes: Shell (2) 16", tube (2) 16"","Horizontal","889 mm (35 in)","Carbon Steel","179.3 bar (2,600 psi)","315.6 °C (600 °F)","1","Shell and Tube","","15.7 mm (0.62 in)","8,550 mm (336 in)","Carbon Steel","1,300","179.3 bar (2,600 psi)","315.6 °C (600 °F)","1.52 mm (0.06 in)","","1","","Heat Exchanger",""
"212825","Shell and Tube Heat Exchanger 491.5 m&#xB2; (5,300 ft&#xB2;) Carbon Steel For Sale - IPP# 212825","https://ims.internationalprocessplants.com/inventory/equipment/detail/212825","22","","","Used","Carbon Steel","","491.5 m&#xB2; (5,300 ft&#xB2;)","","Struthers Wells","Carbon Steel","","","Horizontal","1,050 mm (42 in)","Carbon Steel","6.9 bar (100 psi)","260 °C (500 °F)","1","Shell and Tube","","19.1 mm (0.75 in)","6,100 mm (240 in)","Carbon Steel","1,280","179.3 bar (2,600 psi)","315.6 °C (600 °F)","2.8 mm (0.11 in)","","2","Carbon Steel","Heat Exchanger",""
"212961","Tantalum Astro Cosmos Shell and Tube Heat Exchanger - IPP# 212961","https://ims.internationalprocessplants.com/inventory/equipment/detail/212961","18","","","Used","Tantalum","","7 m&#xB2; (75 ft&#xB2;)","2,400 mm (94 in)","Astro Cosmos","Tantalum","","Shell side openings are two 2", tube side in is 3" tube side out is 1".","Vertical","","Carbon Steel","10.3 bar (150 psi)","204.4 °C (400 °F)","","Shell and Tube","","","228.6 mm (9 in)","Tantalum","","10.3 bar (150 psi)","204.4 °C (400 °F)","","","","","Heat Exchanger","Yes"
"213100","Stainless Steel Other Shell and Tube Heat Exchanger - IPP# 213100","https://ims.internationalprocessplants.com/inventory/equipment/detail/213100","11","","","Used","Stainless Steel Other","","9.3 m&#xB2; (100 ft&#xB2;)","1,500 mm (60 in)","","Stainless Steel Other","","Openings include: Heads (1) 4", (1) 2"; Shell (2) 3".","Horizontal","","Carbon Steel","","","","Shell and Tube","","","","Stainless Steel Other","","","","","","","","Heat Exchanger",""
"213102","Graphite Carbone of America Corp K 110/35 Shell and Tube Heat Exchanger - IPP# 213102","https://ims.internationalprocessplants.com/inventory/equipment/detail/213102","13","","","Used","","","9.3 m&#xB2; (100 ft&#xB2;)","","Carbone of America Corp","Graphite","K 110/35","","","","","5.2 bar (75 psi)","182.2 °C (360 °F)","8","Shell and Tube","","","","","","5.2 bar (75 psi)","182.2 °C (360 °F)","","","1","","Heat Exchanger",""
"213193","Stainless Steel Other Shell and Tube Heat Exchanger - IPP# 213193","https://ims.internationalprocessplants.com/inventory/equipment/detail/213193","12","","","Used","Stainless Steel Other","","9.5 m&#xB2; (102 ft&#xB2;)","","","Stainless Steel Other","","Openings: One Head (1) 6", (1) 8"; Other Head (1) 2".","Vertical","","Carbon Steel","","","","Shell and Tube","","304.8 mm (12 in)","2,450 mm (96 in)","Stainless Steel Other","","","","","","","","Heat Exchanger",""
"213333","Hastelloy - C276 Vulcan Manufacturing Company Shell and Tube Heat Exchanger - IPP# 213333","https://ims.internationalprocessplants.com/inventory/equipment/detail/213333","23","","","Used","Hastelloy - C276","","74 m&#xB2; (796 ft&#xB2;)","4,650 mm (184 in)","Vulcan Manufacturing Company","Hastelloy - C276","","Openings: Shell - (1) 4", (1) 2"; One Head (1) 8", (1) 2"; Other head - (1)16", (1) 1"","Horizontal","584 mm (23 in)","Carbon Steel","15.5 bar (225 psi)","260 °C (500 °F)","","Shell and Tube","","31.8 mm (1.25 in)","4,800 mm (188 in)","Hastelloy - C276","155","2.4 bar (35 psi)","260 °C (500 °F)","2 mm (0.08 in)","","1","Hastelloy - C276","Heat Exchanger",""
"213696","Stainless Steel 304 Shell and Tube Heat Exchanger - IPP# 213696","https://ims.internationalprocessplants.com/inventory/equipment/detail/213696","25","","","Used","Carbon Steel","","469.2 m&#xB2; (5,050 ft&#xB2;)","7,250 mm (285 in)","Conrad","Stainless Steel 304","AHU","- Nozzles: 16"","Horizontal","1,250 mm (49 in)","Carbon Steel","3.2 bar (47 psi)","143.3 °C (290 °F)","","Shell and Tube","","19.1 mm (0.75 in)","12,200 mm (480 in)","Stainless Steel 304","660","41.8 bar (606 psi)","183.3 °C (362 °F)","10.7 mm (0.42 in)","U-Tube","1","Stainless Steel 304","Heat Exchanger",""
"213972","Stainless Steel 316 Yula Shell and Tube Heat Exchanger - IPP# 213972","https://ims.internationalprocessplants.com/inventory/equipment/detail/213972","23","","","Used","Stainless Steel 316","","30 m&#xB2; (323 ft&#xB2;)","1,350 mm (54 in)","Yula","Stainless Steel 316","","Openings include: Shell - (2) 1.5"; Tube Side -Bottom head, 3" side bottom & 3" center bottom, Top has an 8" center nozzle with 90 degrees elbow.","Vertical","508 mm (20 in)","Carbon Steel","6.9 bar (100 psi)","65.6 °C (150 °F)","","Shell and Tube","","15.7 mm (0.62 in)","54 mm (2.1 in)","Stainless Steel 316","440","1.03 bar (15 psi)","121.1 °C (250 °F)","1.6 mm (0.06 in)","","","Carbon Steel","Heat Exchanger","Yes"
"214066","Glasslined Shell and Tube Heat Exchanger - IPP# 214066","https://ims.internationalprocessplants.com/inventory/equipment/detail/214066","21","","","Used","Stainless Steel 304","","8 m&#xB2; (86.1 ft&#xB2;)","3,300 mm (130.9 in)","Schott (Duran)","Glasslined","R0B 80/300/S/3","(2)","","20 mm (0.79 in)","Glasslined","1 bar (14.5 psi)","150 °C (302 °F)","","Shell and Tube","","1 mm (0.04 in)","2,900 mm (114.2 in)","Glasslined","","3 bar (43.5 psi)","20 °C (68 °F)","","Straight Tube","","","Heat Exchanger","Yes"
"214073","Shell and Tube Heat Exchanger 198 m&#xB2; (2,150 ft&#xB2;) Stainless Steel Austenitic For Sale - IPP# 214073","https://ims.internationalprocessplants.com/inventory/equipment/detail/214073","14","","","Used","","","198 m&#xB2; (2,150 ft&#xB2;)","","K. LEY Germany","Stainless Steel Austenitic","","","Vertical","","Stainless Steel Austenitic","6 bar (87 psi)","350 °C (662 °F)","","Shell and Tube","","","","Stainless Steel Austenitic","","6 bar (87 psi)","350 °C (662 °F)","","","","","Heat Exchanger","Yes"
"214074","Shell and Tube Heat Exchanger 153 m&#xB2; (1,650 ft&#xB2;) Stainless Steel Austenitic For Sale - IPP# 214074","https://ims.internationalprocessplants.com/inventory/equipment/detail/214074","14","","","Used","","","153 m&#xB2; (1,650 ft&#xB2;)","","Schleifenbaum & Weber KG-Germany","Stainless Steel Austenitic","","","Vertical","","Stainless Steel Austenitic","6 bar (87 psi)","350 °C (662 °F)","","Shell and Tube","","","","Stainless Steel Austenitic","","6 bar (87 psi)","350 °C (662 °F)","","","","","Heat Exchanger","Yes"
"214075","Glasslined Shell and Tube Heat Exchanger - IPP# 214075","https://ims.internationalprocessplants.com/inventory/equipment/detail/214075","15","","","Used","Stainless Steel 304","","6.3 m&#xB2; (67.8 ft&#xB2;)","","Schott (Duran)","Glasslined","ROB 63/300/S/3","","","","Glasslined","0.85 bar (12.3 psi)","150 °C (302 °F)","","Shell and Tube","","","","Glasslined","","3 bar (43.5 psi)","15 °C (59 °F)","","","","","Heat Exchanger","Yes"
"214085","Shell and Tube Heat Exchanger 40 m&#xB2; (430.6 ft&#xB2;) Stainless Steel Austenitic For Sale - IPP# 214085","https://ims.internationalprocessplants.com/inventory/equipment/detail/214085","20","","","Used","","","40 m&#xB2; (430.6 ft&#xB2;)","","K. LEY Germany","Stainless Steel Austenitic","","- Shell openings: 1-100mm, 4-50mm","Vertical","600 mm (23.6 in)","Stainless Steel Austenitic","6 bar (87 psi)","-350 °C (-598 °F)","","Shell and Tube","","25 mm (0.98 in)","2,500 mm (98.4 in)","Stainless Steel Austenitic","208","16 bar (232.1 psi)","350 °C (662 °F)","2 mm (0.08 in)","","","","Heat Exchanger","Yes"
"214086","Shell and Tube Heat Exchanger 20 m&#xB2; (215.3 ft&#xB2;) Stainless Steel 321 For Sale - IPP# 214086","https://ims.internationalprocessplants.com/inventory/equipment/detail/214086","20","","","Used","Stainless Steel 321","","20 m&#xB2; (215.3 ft&#xB2;)","","Paul Schwingel GmbH","Stainless Steel 321","","","Vertical","500 mm (19.7 in)","Stainless Steel 321","6.2 bar (89.9 psi)","250 °C (482 °F)","","Shell and Tube","","30 mm (1.18 in)","2,500 mm (98.6 in)","Stainless Steel Austenitic","110","6.2 bar (89.9 psi)","250 °C (482 °F)","2.5 mm (0.1 in)","","","","Heat Exchanger","Yes"
"214088","Shell and Tube Heat Exchanger 21.2 m&#xB2; (228.2 ft&#xB2;) Stainless Steel Austenitic For Sale - IPP# 214088","https://ims.internationalprocessplants.com/inventory/equipment/detail/214088","15","","","Used","","","21.2 m&#xB2; (228.2 ft&#xB2;)","","WIEGAND GMBH-Germany","Stainless Steel Austenitic","","- Openings: - Heat 1: (1) 150mm - Head 2: (1) 100mm &#x2B; (1) 40mm &#x2B; (1) 25mm - Shell: (2) 15mm &#x2B; (2) 80mm","Vertical","","Stainless Steel Austenitic","6.2 bar (89.9 psi)","200 °C (392 °F)","","Shell and Tube","","","","Stainless Steel Austenitic","","6.2 bar (89.9 psi)","200 °C (392 °F)","","","","","Heat Exchanger","Yes"
"214091","Shell and Tube Heat Exchanger 38 m&#xB2; (409 ft&#xB2;) Stainless Steel Austenitic For Sale - IPP# 214091","https://ims.internationalprocessplants.com/inventory/equipment/detail/214091","21","","","Used","","","38 m&#xB2; (409 ft&#xB2;)","","GESSNER","Stainless Steel Austenitic","","- Openings: Shell 2-150mm, 1-80mm","Vertical","500 mm (19.7 in)","Stainless Steel Austenitic","6 bar (87 psi)","250 °C (482 °F)","","Shell and Tube","","25 mm (0.98 in)","2,450 mm (97.2 in)","Stainless Steel Austenitic","196","6 bar (87 psi)","250 °C (482 °F)","2 mm (0.08 in)","","4","","Heat Exchanger","Yes"
"214092","Stainless Steel 316 Shell and Tube Heat Exchanger by LANDRUF Rohrtechnik GmbH - IPP# 214092","https://ims.internationalprocessplants.com/inventory/equipment/detail/214092","19","","","Used","","","12.8 m&#xB2; (137.8 ft&#xB2;)","","LANDRUF Rohrtechnik GmbH","Stainless Steel 316","","","Horizontal","300 mm (11.8 in)","Stainless Steel 316","28 bar (406.1 psi)","280 °C (536 °F)","","Shell and Tube","","25 mm (0.98 in)","2,500 mm (98.4 in)","Stainless Steel 316","60","20 bar (290.1 psi)","280 °C (536 °F)","2 mm (0.08 in)","","","","Heat Exchanger","Yes"
"214093","Shell and Tube Heat Exchanger 180 m&#xB2; (1,950 ft&#xB2;) Stainless Steel 316 For Sale - IPP# 214093","https://ims.internationalprocessplants.com/inventory/equipment/detail/214093","20","","","Used","","","180 m&#xB2; (1,950 ft&#xB2;)","","Schleifenbaum & Weber KG-Germany","Stainless Steel 316","","- Shell openings: 1-100mm, 2-20mm, 1-230mm","Vertical","1,200 mm (47.2 in)","Stainless Steel 316","20 bar (290.1 psi)","250 °C (482 °F)","","Shell and Tube","","25 mm (0.98 in)","2,500 mm (98.4 in)","Stainless Steel 316","920","6 bar (87 psi)","250 °C (482 °F)","2 mm (0.08 in)","","","","Heat Exchanger","Yes"
"214096","Shell and Tube Heat Exchanger 183 m&#xB2; (1,950 ft&#xB2;) Stainless Steel Austenitic For Sale - IPP# 214096","https://ims.internationalprocessplants.com/inventory/equipment/detail/214096","20","","","Used","","","183 m&#xB2; (1,950 ft&#xB2;)","","K. LEY Germany","Stainless Steel Austenitic","","- Openings (shell): 1-500mm, 1-150mm, 2-200mm, 2-15mm","Vertical","1,200 mm (47.2 in)","Carbon Steel","6 bar (87 psi)","200 °C (392 °F)","","Shell and Tube","","25 mm (0.98 in)","2,500 mm (98.3 in)","Stainless Steel Austenitic","940","6 bar (87 psi)","200 °C (392 °F)","2 mm (0.08 in)","","","","Heat Exchanger","Yes"
"214098","Shell and Tube Heat Exchanger 147 m&#xB2; (1,600 ft&#xB2;) Stainless Steel Austenitic For Sale - IPP# 214098","https://ims.internationalprocessplants.com/inventory/equipment/detail/214098","20","","","Used","","","147 m&#xB2; (1,600 ft&#xB2;)","","Kosik","Stainless Steel Austenitic","","openings tubeside: 1-600mm, 1-300mm, shell: 1-200mm, 1-50mm, 1-20mm","Horizontal","1,100 mm (43.3 in)","Stainless Steel Austenitic","6 bar (87 psi)","200 °C (392 °F)","","Shell and Tube","","25.2 mm (0.99 in)","2,500 mm (98.3 in)","Stainless Steel Austenitic","752","6 bar (87 psi)","200 °C (392 °F)","2 mm (0.08 in)","","","","Heat Exchanger","Yes"
"214101","Shell and Tube Heat Exchanger 38 m&#xB2; (409 ft&#xB2;) Stainless Steel Austenitic For Sale - IPP# 214101","https://ims.internationalprocessplants.com/inventory/equipment/detail/214101","19","","","Used","","","38 m&#xB2; (409 ft&#xB2;)","","Landruf","Stainless Steel Austenitic","","- Shell openings: 2-80mm, 1-300mm - Compensation ring: 2-15mm","","600 mm (23.6 in)","Stainless Steel Austenitic","6 bar (87 psi)","300 °C (572 °F)","","Shell and Tube","","25 mm (0.98 in)","2,500 mm (98.4 in)","Stainless Steel Austenitic","196","6 bar (87 psi)","300 °C (572 °F)","2 mm (0.08 in)","","","","Heat Exchanger","Yes"
"214131","Shell and Tube Heat Exchanger 40.7 m&#xB2; (438.1 ft&#xB2;) Stainless Steel 316 For Sale - IPP# 214131","https://ims.internationalprocessplants.com/inventory/equipment/detail/214131","18","","","Used","Carbon Steel","","40.7 m&#xB2; (438.1 ft&#xB2;)","","","Stainless Steel 316","","","Horizontal","655 mm (25.8 in)","Stainless Steel 316","","150 °C (302 °F)","","Shell and Tube","","25.4 mm (1 in)","2,500 mm (98.7 in)","Stainless Steel 316","208","5 bar (72.5 psi)","68 °C (154.4 °F)","1.65 mm (0.06 in)","","","","Heat Exchanger","Yes"
"214132","Shell and Tube Heat Exchanger 85 m&#xB2; (915 ft&#xB2;) Stainless Steel Austenitic For Sale - IPP# 214132","https://ims.internationalprocessplants.com/inventory/equipment/detail/214132","18","","","Used","Carbon Steel","","85 m&#xB2; (915 ft&#xB2;)","","Papilllon","Stainless Steel Austenitic","","","Vertical","800 mm (31.5 in)","Stainless Steel Austenitic","3 bar (43.5 psi)","143 °C (289.4 °F)","","Shell and Tube","","32 mm (1.26 in)","2,700 mm (106.7 in)","Stainless Steel Austenitic","313","","185 °C (365 °F)","","","","","Heat Exchanger","Yes"
"214142","Shell and Tube Heat Exchanger 10.1 m&#xB2; (108.5 ft&#xB2;) Stainless Steel Austenitic For Sale - IPP# 214142","https://ims.internationalprocessplants.com/inventory/equipment/detail/214142","18","","","Used","Carbon Steel","","10.1 m&#xB2; (108.5 ft&#xB2;)","","Gerharb & Rauh","Stainless Steel Austenitic","","- Openings: Shell side: 3-75mm; tube side: 2-50 mm","Horizontal","","Stainless Steel Austenitic","16 bar (232.1 psi)","60 °C (140 °F)","","Shell and Tube","","20.5 mm (0.81 in)","3,000 mm (118.1 in)","Stainless Steel Austenitic","52","3 bar (43.5 psi)","150 °C (302 °F)","","","","","Heat Exchanger",""
"214206","Stainless Steel 316 All-Weld Shell and Tube Heat Exchanger - IPP# 214206","https://ims.internationalprocessplants.com/inventory/equipment/detail/214206","22","","","Used","Stainless Steel 316","","195.5 m&#xB2; (2,100 ft&#xB2;)","7,300 mm (288 in)","All-Weld","Stainless Steel 316","","- Openings: Shell side - (2) 4"; One Head - (1) 16"; other head (2)6"","Horizontal","711 mm (28 in)","Carbon Steel","6.9 bar (100 psi)","65.6 °C (150 °F)","","Shell and Tube","","25.4 mm (1 in)","6,100 mm (240 in)","Stainless Steel 316","462","3.4 bar (50 psi)","148.9 °C (300 °F)","1.52 mm (0.06 in)","","","Stainless Steel 316","Heat Exchanger",""
"214213","Stainless Steel 316 All-Weld Shell and Tube Heat Exchanger - IPP# 214213","https://ims.internationalprocessplants.com/inventory/equipment/detail/214213","22","","","Used","Stainless Steel 316","","195.5 m&#xB2; (2,100 ft&#xB2;)","7,300 mm (288 in)","All-Weld","Stainless Steel 316","","- Openings: Shell side - (2) 4"; One Head - (1) 16"; other head (2)6".","Horizontal","711 mm (28 in)","Carbon Steel","6.9 bar (100 psi)","65.6 °C (150 °F)","","Shell and Tube","","25.4 mm (1 in)","6,100 mm (240 in)","Stainless Steel 316","462","3.4 bar (50 psi)","148.9 °C (300 °F)","1.52 mm (0.06 in)","","","Stainless Steel 316","Heat Exchanger",""
"214336","Tantalum Cosmos Metalurgical (Camarillo CA) BEM 12-1-72 Shell and Tube Heat Exchanger - IPP# 214336","https://ims.internationalprocessplants.com/inventory/equipment/detail/214336","23","","","Used","Tantalum","","9.3 m&#xB2; (100 ft&#xB2;)","2,400 mm (94.5 in)","Cosmos Metalurgical (Camarillo CA)","Tantalum","BEM 12-1-72","- Nozzles: Shell side has two 4" nozzles with 1" reducing flanges - Inlet/outlet: Tube side inlet is 4", tube side outlet is 3" with a 1" drain.","Horizontal","304.8 mm (12 in)","Carbon Steel","10.3 bar (150 psi)","204.4 °C (400 °F)","","Shell and Tube","","19.1 mm (0.75 in)","1,850 mm (72 in)","Tantalum","84","10.3 bar (150 psi)","204.4 °C (400 °F)","","","","Tantalum","Heat Exchanger","Yes"
"214337","Stainless Steel 304 Worsham Shell and Tube Heat Exchanger - IPP# 214337","https://ims.internationalprocessplants.com/inventory/equipment/detail/214337","27","","","Used","Stainless Steel 304","","160.7 m&#xB2; (1,750 ft&#xB2;)","3,550 mm (140.4 in)","Worsham Enterprises","Stainless Steel 304","AEL","Nozzle schedule as follows: Shell side one 6" at expansion joint, one 3" at expansion joint, one 3" and two 1" NPT (vent & Drain). Radius head has one 6" nozzle, Cone head has a 10" nozzle orientated down and a 12" nozzle at the end of cone with a butterfly valve","","864 mm (34 in)","Carbon Steel","5.2 bar (75 psi)","232.2 °C (450 °F)","1","Shell and Tube","AEL","25.4 mm (1 in)","3,600 mm (141 in)","Stainless Steel 304","558","5.2 bar (75 psi)","232.2 °C (450 °F)","1.65 mm (0.07 in)","Straight Tube","1","Stainless Steel 304","Heat Exchanger","Yes"
"214873","Unused Shell and Tube Heat Exchanger 481.6 m&#xB2; (5,200 ft&#xB2;) Stainless Steel 304 For Sale - IPP# 214873","https://ims.internationalprocessplants.com/inventory/equipment/detail/214873","25","","","Unused","Stainless Steel 304","","481.6 m&#xB2; (5,200 ft&#xB2;)","9,150 mm (360 in)","Metler","Stainless Steel 304","NEN","Openings include: (2) 16", (1) 14", (1) 8", (1) 3"","Horizontal","1,300 mm (51 in)","Stainless Steel 304","6.9 bar (100 psi)","176.7 °C (350 °F)","","Shell and Tube","","38.1 mm (1.5 in)","9,150 mm (360 in)","Stainless Steel 304","440","6.9 bar (100 psi)","176.7 °C (350 °F)","1.02 mm (0.04 in)","","2","Stainless Steel 304","Heat Exchanger","Yes"
"215083","Shell and Tube Heat Exchanger 13.5 m&#xB2; (145.3 ft&#xB2;) Stainless Steel 316 For Sale - IPP# 215083","https://ims.internationalprocessplants.com/inventory/equipment/detail/215083","20","","","Used","Carbon Steel","","13.5 m&#xB2; (145.3 ft&#xB2;)","1,750 mm (69.8 in)","Langfields Ltd","Stainless Steel 316","","- Openings: - Tubeside: 2-50mm, 2-12mm sockets - Shell side: 1-150mm, 2-50mm","Horizontal","552 mm (21.7 in)","Stainless Steel Other","2 bar (29 psi)","170 °C (338 °F)","","Shell and Tube","","50 mm (1.97 in)","1,750 mm (69.8 in)","Stainless Steel 316","56","7 bar (101.5 psi)","100 °C (212 °F)","","","","","Heat Exchanger",""
"215085","Shell and Tube Heat Exchanger 12 m&#xB2; (129.2 ft&#xB2;) Stainless Steel 316 For Sale - IPP# 215085","https://ims.internationalprocessplants.com/inventory/equipment/detail/215085","17","","","Used","Carbon Steel","","12 m&#xB2; (129.2 ft&#xB2;)","1,800 mm (70.9 in)","DCL Hull ltd","Stainless Steel 316","","- Tube side openings: 2-50mm - Shell side openings: 1-150mm, 2-50mm, 1-25mm","Horizontal","380 mm (15 in)","Stainless Steel 316","","","","Shell and Tube","","25 mm (0.98 in)","1,800 mm (70.9 in)","Stainless Steel 316","86","","","","","2","","Heat Exchanger",""
"215086","Stainless Steel 316 Janus Neill Engineering ltd Shell and Tube Heat Exchanger - IPP# 215086","https://ims.internationalprocessplants.com/inventory/equipment/detail/215086","24","","","Used","Stainless Steel 316","","40.5 m&#xB2; (435.5 ft&#xB2;)","3,400 mm (133.9 in)","Janus Neill Engineering ltd","Stainless Steel 316","","- Openings: Tubeside - 2-100mm, Shell side - 2-150mm, 1-50mm","Horizontal","540 mm (21.3 in)","Stainless Steel 316","6 bar (87.2 psi)","140 °C (284 °F)","","Shell and Tube","","19.1 mm (0.75 in)","3,250 mm (128 in)","Stainless Steel 316","210","6 bar (87.2 psi)","50 °C (122 °F)","1.65 mm (0.06 in)","U-Tube","2","Stainless Steel 316","Heat Exchanger",""
"215103","Shell and Tube Heat Exchanger 17.9 m&#xB2; (192.7 ft&#xB2;) Stainless Steel 316 For Sale - IPP# 215103","https://ims.internationalprocessplants.com/inventory/equipment/detail/215103","16","","","Used","Carbon Steel","","17.9 m&#xB2; (192.7 ft&#xB2;)","3,000 mm (118.1 in)","","Stainless Steel 316","","- Tube side openings: 2-50mm, 1-25mm - Shell side openings: 2-250mm","Horizontal","380 mm (15 in)","Stainless Steel 316","","","","Shell and Tube","","25 mm (0.98 in)","3,000 mm (118.1 in)","Stainless Steel 316","76","","","","","4","","Heat Exchanger",""
"215290","Stainless Steel 316 Graham Hartman ltd Shell and Tube Heat Exchanger - IPP# 215290","https://ims.internationalprocessplants.com/inventory/equipment/detail/215290","24","","","Used","Stainless Steel 316","","74.3 m&#xB2; (800 ft&#xB2;)","6,550 mm (257 in)","Graham Hartman ltd","Stainless Steel 316","","- Openings: tubeside 2-75mm, shell 2-75mm, 1-12mm","Horizontal","457 mm (18 in)","Stainless Steel 316","10 bar (145 psi)","250 °C (482 °F)","","Shell and Tube","","19.1 mm (0.75 in)","5,700 mm (224.4 in)","Stainless Steel 316","212","10 bar (145 psi)","100 °C (212 °F)","1.63 mm (0.06 in)","U-Tube","6","Stainless Steel 316","Heat Exchanger",""
"215315","Stainless Steel 316 Clad R. Lords &amp; Sons LTD Shell and Tube Heat Exchanger - IPP# 215315","https://ims.internationalprocessplants.com/inventory/equipment/detail/215315","23","","Yes","Used","Stainless Steel 316","","13.8 m&#xB2; (148.5 ft&#xB2;)","4,450 mm (174.3 in)","R.Lords & Sons LTD.","Stainless Steel 316","","2-50mm openings, shell with 2-50mm openings","Horizontal","272 mm (10.7 in)","Carbon Steel","5.2 bar (75 psi)","177 °C (350.6 °F)","","Shell and Tube","","19 mm (0.75 in)","3,950 mm (155.7 in)","Stainless Steel 316","56","8 bar (116 psi)","121 °C (249.8 °F)","","U-Tube","","Stainless Steel 316","Heat Exchanger",""
"215337","Stainless Steel 316 Hunt Heat Exchangers limited Shell and Tube Heat Exchanger - IPP# 215337","https://ims.internationalprocessplants.com/inventory/equipment/detail/215337","21","","","Used","Carbon Steel","","22.7 m&#xB2; (244.3 ft&#xB2;)","3,000 mm (118.1 in)","Hunt Heat Exchangers Ltd.","Stainless Steel 316","","- Openings: - Tubeside: 1-head with 2-100mm - Shell: 2-75mm, 1-50mm","Horizontal","350 mm (13.8 in)","Stainless Steel 316","6.9 bar (100 psi)","60 °C (140 °F)","","Shell and Tube","","19 mm (0.75 in)","3,000 mm (118.1 in)","Stainless Steel 316","140","6.9 bar (100 psi)","37.8 °C (100 °F)","","","2","","Heat Exchanger",""
"215338","Stainless Steel 316 R.Lords &amp; sons ltd Shell and Tube Heat Exchanger - IPP# 215338","https://ims.internationalprocessplants.com/inventory/equipment/detail/215338","21","","","Used","Stainless Steel 316","","60 m&#xB2; (646 ft&#xB2;)","3,950 mm (156 in)","R.Lords & sons ltd","Stainless Steel 316","","- Tube side openings: 1-head with 2-150mm, 1-head with no openings - Shell side openings: 2-150mm","Horizontal","482 mm (19 in)","Stainless Steel 316","5.2 bar (75 psi)","250 °C (482 °F)","","Shell and Tube","","19 mm (0.75 in)","3,100 mm (121.3 in)","Stainless Steel 316","326","5.2 bar (75 psi)","150 °C (302 °F)","","","2","","Heat Exchanger",""
"215339","Stainless Steel 316 R. Lords &amp; Sons Shell and Tube Heat Exchanger - IPP# 215339","https://ims.internationalprocessplants.com/inventory/equipment/detail/215339","22","","","Used","Carbon Steel","","57 m&#xB2; (614 ft&#xB2;)","3,650 mm (144.1 in)","R.Lords & Sons LTD.","Stainless Steel 316","","- Head openings: - Tubeside: 2-100mm - Shell: 2-75mm, 1-50mm (socket)","Horizontal","400 mm (15.7 in)","Stainless Steel 316","6.9 bar (100 psi)","173 °C (343.4 °F)","","Shell and Tube","","19.3 mm (0.76 in)","3,350 mm (131.8 in)","Stainless Steel 316","326","6.9 bar (100 psi)","173 °C (343.4 °F)","","U-Tube","2","","Heat Exchanger",""
"215354","Shell and Tube Heat Exchanger 28 m&#xB2; (301.4 ft&#xB2;) Stainless Steel 316 For Sale - IPP# 215354","https://ims.internationalprocessplants.com/inventory/equipment/detail/215354","22","","Yes","Used","Carbon Steel","","28 m&#xB2; (301.4 ft&#xB2;)","3,850 mm (151 in)","R.Lords & sons ltd","Stainless Steel 316","","- Openings: tubeside - 1-75mm, 1-50mm; shell - 3-50mm","Horizontal","381 mm (15 in)","Stainless Steel 316","6.9 bar (100 psi)","260 °C (500 °F)","","Shell and Tube","","17 mm (0.67 in)","3,650 mm (144 in)","Stainless Steel 316","158","103.4 bar (1,500 psi)","350 °C (662 °F)","","U-Tube","","","Heat Exchanger",""
"215361","Stainless Steel 316L Graham Hart Process Technology LTD Shell and Tube Heat Exchanger - IPP# 215361","https://ims.internationalprocessplants.com/inventory/equipment/detail/215361","24","","","Used","Stainless Steel 316","","37 m&#xB2; (398.3 ft&#xB2;)","3,900 mm (153.5 in)","Graham Hart (Process Technology) Ltd","Stainless Steel 316L","","tube side - 2-100mm, shell - 2-75mm, 1-50mm","Horizontal","406 mm (16 in)","Stainless Steel 316","10.5 bar (152.3 psi)","180 °C (356 °F)","1","Shell and Tube","","19.1 mm (0.75 in)","3,600 mm (141.7 in)","Stainless Steel 316","80","8 bar (116 psi)","180 °C (356 °F)","","U-Tube","2","Stainless Steel 316","Heat Exchanger",""
"215362","Stainless Steel 316 R. Lords &amp; Sons LTD Shell and Tube Heat Exchanger - IPP# 215362","https://ims.internationalprocessplants.com/inventory/equipment/detail/215362","22","","","Used","Carbon Steel","","8.4 m&#xB2; (90.4 ft&#xB2;)","4,700 mm (184.8 in)","R.Lords & Sons LTD.","Stainless Steel 316L","","2-75mm, shell: 2-500mm, 1-300mm, 1-50mm","Vertical","564 mm (22.2 in)","Stainless Steel 316","","200 °C (392 °F)","","Shell and Tube","","30 mm (1.18 in)","3,950 mm (155.9 in)","Stainless Steel 316","36","6.9 bar (100 psi)","200 °C (392 °F)","2.1 mm (0.08 in)","U-Tube","","","Heat Exchanger","Yes"
"215363","Shell and Tube Heat Exchanger 8.4 m&#xB2; (90.4 ft&#xB2;) Stainless Steel 316 For Sale - IPP# 215363","https://ims.internationalprocessplants.com/inventory/equipment/detail/215363","21","","Yes","Used","Carbon Steel","","8.4 m&#xB2; (90.4 ft&#xB2;)","4,550 mm (180 in)","Jaro ltd","Stainless Steel 316","","- Openings: - Tubeside: 1 head with 1-300mm, 1 head with 2-75mm - Shell: 1-500mm, 1-50mm","Vertical","634 mm (25 in)","Stainless Steel 316","0.003 bar (0.05 psi)","200 °C (392 °F)","","Shell and Tube","","12.5 mm (0.49 in)","4,550 mm (180 in)","Stainless Steel 316","36","6.9 bar (100.1 psi)","200 °C (392 °F)","","","","","Heat Exchanger",""
"215367","Stainless Steel 316 Hick Hargreaves Shell and Tube Heat Exchanger - IPP# 215367","https://ims.internationalprocessplants.com/inventory/equipment/detail/215367","23","","","Used","Carbon Steel","","115.9 m&#xB2; (1,250 ft&#xB2;)","3,650 mm (144 in)","Hick Hargreaves","Stainless Steel 316","","Openings tubeside: 2-150mm, 4-25mm - Openings shell: 1-600mm, 1-450mm, 1-100mm","Horizontal","1,200 mm (46.9 in)","Stainless Steel 316","6 bar (87 psi)","147 °C (296.6 °F)","","Shell and Tube","","19 mm (0.75 in)","3,650 mm (144 in)","Stainless Steel 316","530","5 bar (72.5 psi)","98 °C (208.4 °F)","","","4","Stainless Steel 316","Heat Exchanger","Yes"
"215368","Shell and Tube Heat Exchanger 165.7 m&#xB2; (1,800 ft&#xB2;) Stainless Steel 316 For Sale - IPP# 215368","https://ims.internationalprocessplants.com/inventory/equipment/detail/215368","23","","","Used","Carbon Steel","","165.7 m&#xB2; (1,800 ft&#xB2;)","3,600 mm (142.5 in)","Hick Hargreaves","Stainless Steel 316","","- Openings tubeside: 2-200mm - Shell: 1-1200mm, 1-600mm, 1-100mm","Horizontal","1,800 mm (69.9 in)","Stainless Steel 316","0.48 bar (7 psi)","200 °C (392 °F)","","Shell and Tube","","19 mm (0.75 in)","3,650 mm (144 in)","Stainless Steel 316","756","4 bar (58 psi)","147.5 °C (297.5 °F)","","","4","Stainless Steel 316","Heat Exchanger","Yes"
"215369","Stainless Steel 316 Clad Hick Hargreaves Shell and Tube Heat Exchanger - IPP# 215369","https://ims.internationalprocessplants.com/inventory/equipment/detail/215369","22","","Yes","Used","Carbon Steel","","165.7 m&#xB2; (1,800 ft&#xB2;)","3,650 mm (144 in)","Hick Hargreaves","Stainless Steel 316","","- Tube openings: 2-200mm - Shell openings: 1-1200mm, 1-600mm, 1-300mm, 1-100mm","Horizontal","1,800 mm (70.6 in)","Stainless Steel 316","7 bar (101.5 psi)","200 °C (392 °F)","","Shell and Tube","","19 mm (0.75 in)","3,650 mm (144 in)","Stainless Steel 316","756","4 bar (58 psi)","147.5 °C (297.5 °F)","","","","","Heat Exchanger","Yes"
"215370","Stainless Steel 316L  Shell and Tube Heat Exchanger - IPP# 215370","https://ims.internationalprocessplants.com/inventory/equipment/detail/215370","19","","","Used","Carbon Steel","","54.4 m&#xB2; (586 ft&#xB2;)","3,500 mm (137.8 in)","","Stainless Steel 316L","","- Openings: tubeside - 2-80mm, 4-15mm (sockets), shell - 1-800mm, 1-600mm, 1-80mm (with sump)","Horizontal","1,100 mm (43.3 in)","Stainless Steel Austenitic","3.5 bar (50.8 psi)","","","Shell and Tube","","28 mm (1.1 in)","3,500 mm (137.8 in)","Stainless Steel Austenitic","180","3.5 bar (50.8 psi)","","","U-Tube","","","Heat Exchanger","Yes"
"215371","Shell and Tube Heat Exchanger 54.4 m&#xB2; (586 ft&#xB2;) Stainless Steel 316L For Sale - IPP# 215371","https://ims.internationalprocessplants.com/inventory/equipment/detail/215371","20","","","Used","Carbon Steel","","54.4 m&#xB2; (586 ft&#xB2;)","3,500 mm (137.8 in)","","Stainless Steel 316L","","- Openings: tubeside - 2-80mm, 4-15mm (sockets), shell - 1-800mm, 1-600mm, 1-80mm (with sump)","Horizontal","1,100 mm (43.3 in)","Stainless Steel Austenitic","3.5 bar (50.8 psi)","","","Shell and Tube","","28 mm (1.1 in)","3,500 mm (137.8 in)","Stainless Steel Austenitic","180","3.5 bar (50.8 psi)","","","U-Tube","","Stainless Steel Austenitic","Heat Exchanger","Yes"
"215373","Stainless Steel 316L R. Lords &amp; Sons LTD Shell and Tube Heat Exchanger - IPP# 215373","https://ims.internationalprocessplants.com/inventory/equipment/detail/215373","21","","","Used","Carbon Steel","","35 m&#xB2; (376.7 ft&#xB2;)","5,200 mm (204 in)","R.Lords & Sons LTD.","Stainless Steel 316L","","- Openings: Tubeside - 2-75mm, Shell - 1-400mm, 1-300mm, 2-50mm (with sump)","Horizontal","914 mm (36 in)","Stainless Steel Austenitic","0.006 bar (0.09 psi)","250 °C (482 °F)","","Shell and Tube","","28 mm (1.1 in)","5,200 mm (204 in)","Stainless Steel Austenitic","80","0.006 bar (0.09 psi)","250 °C (482 °F)","","","4","","Heat Exchanger",""
"215374","Stainless Steel 316 Hick Hargreaves Shell and Tube Heat Exchanger - IPP# 215374","https://ims.internationalprocessplants.com/inventory/equipment/detail/215374","22","","","Used","Carbon Steel","","29.1 m&#xB2; (313.2 ft&#xB2;)","2,900 mm (115 in)","Hick Hargreaves","Stainless Steel 316","","- Openings: Tubeside - 2-100mm, Shell - 1-450mm, 1-300mm, 1-50mm, 2-25mm","Horizontal","762 mm (30 in)","Stainless Steel 316","","150 °C (302 °F)","","Shell and Tube","","19 mm (0.75 in)","2,450 mm (96 in)","Stainless Steel 316","200","5 bar (72.5 psi)","50 °C (122 °F)","1.24 mm (0.05 in)","","4","","Heat Exchanger","Yes"
"215377","Stainless Steel 316 Clad  Shell and Tube Heat Exchanger - IPP# 215377","https://ims.internationalprocessplants.com/inventory/equipment/detail/215377","17","","Yes","Used","Carbon Steel","","14.8 m&#xB2; (159.3 ft&#xB2;)","3,500 mm (138.4 in)","","Stainless Steel 316","","- Openings: tubeside - 2-100mm, shell - 1-800mm, 1-600mm, 1-50mm with sump","Horizontal","700 mm (27.6 in)","Stainless Steel Austenitic","","","","Shell and Tube","","28 mm (1.1 in)","3,500 mm (137.8 in)","Stainless Steel Austenitic","48","","","","U-Tube","","","Heat Exchanger",""
"215381","Stainless Steel 304 Portobello Fabrications Ltd Shell and Tube Heat Exchanger - IPP# 215381","https://ims.internationalprocessplants.com/inventory/equipment/detail/215381","22","","","Used","Stainless Steel 304","","38.7 m&#xB2; (416.6 ft&#xB2;)","4,000 mm (157.5 in)","Portobello Fabrications LTD.","Stainless Steel 304","","","Horizontal","500 mm (19.7 in)","Stainless Steel 304","3 bar (43.5 psi)","250 °C (482 °F)","","Shell and Tube","","19.1 mm (0.75 in)","3,000 mm (118.1 in)","Stainless Steel 304","220","6 bar (87 psi)","100 °C (212 °F)","1.63 mm (0.06 in)","","4","","Heat Exchanger","Yes"
"216013","Hastelloy - C276 Manning &amp; Lewis Shell and Tube Heat Exchanger - IPP# 216013","https://ims.internationalprocessplants.com/inventory/equipment/detail/216013","23","","","Used","Stainless Steel 316L","","32.5 m&#xB2; (350 ft&#xB2;)","4,150 mm (163 in)","Manning & Lewis","Hastelloy - C276","","- Shell Side Inlet: 4' - Shell Side Outlet: 8' - Tube Side Inlet: 8' - Tube Side Outlet: 8'","Horizontal","","Stainless Steel 316","48.3 bar (700 psi)","315.6 °C (600 °F)","","Shell and Tube","","19.1 mm (0.75 in)","3,350 mm (132 in)","Hastelloy - C276","155","48.3 bar (700 psi)","315.6 °C (600 °F)","2 mm (0.08 in)","Straight Tube","","Stainless Steel 316L","Heat Exchanger","Yes"
"216020","Stainless Steel 304 Shell and Tube Heat Exchanger - IPP# 216020","https://ims.internationalprocessplants.com/inventory/equipment/detail/216020","23","","","Used","Stainless Steel 304","","68.3 m&#xB2; (735 ft&#xB2;)","3,650 mm (144 in)","Graham","Stainless Steel 304","","- Nozzle schedule: One vapor in 66", One Vapor out 16", One condensate out 4", two vents 2", two water (inlet & Outlet) 4", Two 3/4 nozzles one vent & a drain","Horizontal","1,950 mm (76 in)","Stainless Steel 304","3.4 bar (50 psi)","273.9 °C (525 °F)","","Shell and Tube","","19.1 mm (0.75 in)","","Stainless Steel 304","156","3.4 bar (50 psi)","273.9 °C (525 °F)","1.52 mm (0.06 in)","U-Tube","","Stainless Steel 304","Heat Exchanger","Yes"
"216082","Stainless Steel 304 Shell and Tube Heat Exchanger - IPP# 216082","https://ims.internationalprocessplants.com/inventory/equipment/detail/216082","22","","","Used","Stainless Steel 304","","77.9 m&#xB2; (838 ft&#xB2;)","3,350 mm (132 in)","Swenson","Stainless Steel 304","","","Vertical","1,150 mm (45 in)","Stainless Steel 304","13.1 bar (190 psi)","204.4 °C (400 °F)","","Shell and Tube","","38.1 mm (1.5 in)","1,850 mm (72 in)","Stainless Steel 304","356","12.4 bar (180 psi)","204.4 °C (400 °F)","1.52 mm (0.06 in)","Straight Tube","","Stainless Steel 304","Heat Exchanger",""
"216085","Heat Exchanger Shell and Tube Stainless Steel 304 - IPP# 216085","https://ims.internationalprocessplants.com/inventory/equipment/detail/216085","23","","","Used","Stainless Steel 304","","120.8 m&#xB2; (1,300 ft&#xB2;)","6,150 mm (243 in)","Graham","Stainless Steel 304","","- Inlet: 18" vapor inlet - Outlet: 4" vapor outlet","Vertical","","Stainless Steel 304","12.4 bar (180 psi)","204.4 °C (400 °F)","","Shell and Tube","","31.8 mm (1.25 in)","4,900 mm (192 in)","Stainless Steel 304","250","12.4 bar (180 psi)","204.4 °C (400 °F)","1.52 mm (0.06 in)","Straight Tube","","Stainless Steel 304","Heat Exchanger","Yes"
"216087","Nickel Shell and Tube Heat Exchanger - IPP# 216087","https://ims.internationalprocessplants.com/inventory/equipment/detail/216087","22","","","Used","Nickel","","8 m&#xB2; (86 ft&#xB2;)","2,950 mm (117 in)","Benicia Fabrication & Machine Co.","Nickel","","- Shell side nozzles: 2" - Tube side nozzles: 3"","Horizontal","","Stainless Steel 304","12.1 bar (175 psi)","190.6 °C (375 °F)","","Shell and Tube","","19.1 mm (0.75 in)","2,300 mm (90 in)","Nickel","28","12.1 bar (175 psi)","190.6 °C (375 °F)","1.52 mm (0.06 in)","U-Tube","","Nickel","Heat Exchanger",""
"216090","Stainless Steel 304  Shell and Tube Heat Exchanger - IPP# 216090","https://ims.internationalprocessplants.com/inventory/equipment/detail/216090","13","","","Used","Carbon Steel","","9.3 m&#xB2; (100 ft&#xB2;)","1,500 mm (60 in)","","Stainless Steel 304","","- Shell side nozzles: 3" & 6"","Vertical","","Stainless Steel 304","","","","Shell and Tube","","","","Stainless Steel 304","","","","","U-Tube","","Stainless Steel 304","Heat Exchanger",""
"216092","Stainless Steel 304 Shell and Tube Heat Exchanger - IPP# 216092","https://ims.internationalprocessplants.com/inventory/equipment/detail/216092","22","","","Used","Stainless Steel 304","","124 m&#xB2; (1,350 ft&#xB2;)","11,050 mm (435 in)","Ambassador Heat Transfer","Stainless Steel 304","","- Shell side nozzles: 12" vapor inlet & 3" bottom outlet - Tube side nozzles: 6" inlet & outlet","Vertical","","Stainless Steel 304","4.1 bar (60 psi)","121.1 °C (250 °F)","","Shell and Tube","","15.7 mm (0.62 in)","10,350 mm (408 in)","Stainless Steel 304","240","10.3 bar (150 psi)","121.1 °C (250 °F)","1.02 mm (0.04 in)","Straight Tube","","Stainless Steel 304","Heat Exchanger",""
"216127","Unused Stainless Steel 304 Shell and Tube Heat Exchanger - IPP# 216127","https://ims.internationalprocessplants.com/inventory/equipment/detail/216127","19","","","Unused","Stainless Steel 304","","68.3 m&#xB2; (735 ft&#xB2;)","3,650 mm (144 in)","Graham","Stainless Steel 304","","","Horizontal","1,950 mm (76 in)","","","","","Shell and Tube","","19.1 mm (0.75 in)","","Stainless Steel 304","156","3.4 bar (50 psi)","273.9 °C (525 °F)","1.52 mm (0.06 in)","U-Tube","","Stainless Steel 304","Heat Exchanger","Yes"
"216129","Unused Stainless Steel 304  Shell and Tube Heat Exchanger - IPP# 216129","https://ims.internationalprocessplants.com/inventory/equipment/detail/216129","14","","","Unused","","","67.4 m&#xB2; (725 ft&#xB2;)","3,000 mm (118 in)","","Stainless Steel 304","","","","","","","","","Shell and Tube","","19.1 mm (0.75 in)","1,500 mm (59 in)","Stainless Steel 304","399","10.3 bar (150 psi)","232.2 °C (450 °F)","1.52 mm (0.06 in)","U-Tube","","","Heat Exchanger",""
"216251","Shell and Tube Heat Exchanger 11.6 m&#xB2; (125 ft&#xB2;) Stainless Steel 304 For Sale - IPP# 216251","https://ims.internationalprocessplants.com/inventory/equipment/detail/216251","23","","","Used","Carbon Steel","","11.6 m&#xB2; (125 ft&#xB2;)","3,700 mm (145 in)","Pemco","Stainless Steel 304","","- Tube Side Openings: 4" and 2" - Shell Side Openings: two 3" and one 1" NPT vent","Horizontal","304.8 mm (12 in)","Carbon Steel","5.2 bar (75 psi)","162.8 °C (325 °F)","","Shell and Tube","","19.1 mm (0.75 in)","2,450 mm (96 in)","Stainless Steel 304","80","5.2 bar (75 psi)","162.8 °C (325 °F)","2.3 mm (0.09 in)","","","Stainless Steel 304","Heat Exchanger","Yes"
"216271","Stainless Steel 304 Baeuerle and Morris Inc Shell and Tube Heat Exchanger - IPP# 216271","https://ims.internationalprocessplants.com/inventory/equipment/detail/216271","24","","","Used","Stainless Steel 304","","8.7 m&#xB2; (94 ft&#xB2;)","4,200 mm (165 in)","Baeuerle and Morris Inc","Stainless Steel 304","","- Shell Nozzles: Two 3" - Tube Nozzles: Two 1"","Horizontal","","Carbon Steel","3.4 bar (50 psi)","142.2 °C (288 °F)","1","Shell and Tube","","15.7 mm (0.62 in)","3,650 mm (144 in)","Stainless Steel 304","48","48.3 bar (700 psi)","260 °C (500 °F)","1.02 mm (0.04 in)","Straight Tube","2","Stainless Steel 304","Heat Exchanger",""
"216297","Hastelloy - C276 Rubicon WC16BUG-144H Shell and Tube Heat Exchanger - IPP# 216297","https://ims.internationalprocessplants.com/inventory/equipment/detail/216297","22","","","Used","Carbon Steel","","19.2 m&#xB2; (207 ft&#xB2;)","4,150 mm (163 in)","Rubicon","Hastelloy - C276","WC16BUG-144H","- Tube side nozzles: two 6" - Shell side nozzles: two 8"","Horizontal","","Carbon Steel","10.3 bar (150 psi)","204.4 °C (400 °F)","","Shell and Tube","","19.1 mm (0.75 in)","","Hastelloy - C276","88","10.3 bar (150 psi)","204.4 °C (400 °F)","1.63 mm (0.06 in)","U-Tube","","Hastelloy - Other","Heat Exchanger",""
"217507","Shell and Tube Heat Exchanger 35.5 m&#xB2; (382.1 ft&#xB2;) Stainless Steel Austenitic For Sale - IPP# 217507","https://ims.internationalprocessplants.com/inventory/equipment/detail/217507","18","","","Used","Stainless Steel Austenitic","","35.5 m&#xB2; (382.1 ft&#xB2;)","","","Stainless Steel Austenitic","","openings: 1-head with 1-100mm, shell: 2-50mm","Horizontal","300 mm (11.8 in)","Stainless Steel Austenitic","5 bar (72.5 psi)","130 °C (266 °F)","","Shell and Tube","","25 mm (0.98 in)","4,950 mm (195.7 in)","Stainless Steel Austenitic","91","20 bar (290.1 psi)","185 °C (365 °F)","","","","","Heat Exchanger",""
"217511","Shell and Tube Heat Exchanger 4 m&#xB2; (43.1 ft&#xB2;) Graphite For Sale - IPP# 217511","https://ims.internationalprocessplants.com/inventory/equipment/detail/217511","16","","","Used","","","4 m&#xB2; (43.1 ft&#xB2;)","3,300 mm (129.9 in)","VICARB","Graphite","","- Openings: - Process side: 2- 100mm, 1-40mm - Shell side: 2-50 mm, 1-25mm","Vertical","285 mm (11.2 in)","Carbon Steel","6 bar (87 psi)","180 °C (356 °F)","","Shell and Tube","","","","Graphite","","6 bar (87 psi)","180 °C (356 °F)","","","","","Heat Exchanger",""
"217579","Shell and Tube Heat Exchanger 21.6 m&#xB2; (232.5 ft&#xB2;) Stainless Steel 321 For Sale - IPP# 217579","https://ims.internationalprocessplants.com/inventory/equipment/detail/217579","14","126 L (33.3 gallons)","","Used","","","21.6 m&#xB2; (232.5 ft&#xB2;)","","CALORIFER AG","Stainless Steel 321","","- Openings (tube side): (1) DN15, (3) DN 25 - Openings (shell side): (2) DN 900","","","Stainless Steel 321","0.15 bar (2.2 psi)","250 °C (482 °F)","","Shell and Tube","","","","Stainless Steel 321","","25 bar (362.6 psi)","250 °C (482 °F)","","","","","Heat Exchanger",""
"217593","Stainless Steel Austenitic Apparatebau gmbh Shell and Tube Heat Exchanger - IPP# 217593","https://ims.internationalprocessplants.com/inventory/equipment/detail/217593","22","","","Used","Stainless Steel Austenitic","","35.2 m&#xB2; (378.9 ft&#xB2;)","5,500 mm (215.8 in)","Apparatebau GmbH","Stainless Steel Austenitic","","- Tube side openings: (1) head with 1-150mm, 1-25mm, (1) head with 1-100mm - Shell side openings: 1-80mm, 1-50mm, 2-25mm","Vertical","406 mm (16 in)","Carbon Steel","10 bar (145 psi)","250 °C (482 °F)","","Shell and Tube","","20 mm (0.79 in)","4,000 mm (157.5 in)","Stainless Steel Austenitic","139","6 bar (87 psi)","250 °C (482 °F)","2 mm (0.08 in)","","","","Heat Exchanger","Yes"
"217595","Graphite Le Carbonne-Lorraine 38&quot;-E01-pytic-8-11&quot;-32/22 dia-6-472 Shell and Tube Heat Exchanger - IPP# 217595","https://ims.internationalprocessplants.com/inventory/equipment/detail/217595","19","","","Used","","","160 m&#xB2; (1,700 ft&#xB2;)","5,450 mm (213.7 in)","Le-Carbone Lorraine","Graphite","38"-E01-pytic-8-11"-32/22 dia-6-472","openings: tubeside: flat head with 1-150mm, bonnet head with 1-400mm, 1-50mm, shell: 1-250mm, 1-100mm, 1-25mm,","Vertical","","","6 bar (87 psi)","200 °C (392 °F)","","Shell and Tube","","32 mm (1.26 in)","3,400 mm (134.3 in)","","472","6 bar (87 psi)","200 °C (392 °F)","10 mm (0.39 in)","","","","Heat Exchanger","Yes"
"217603","Shell and Tube Heat Exchanger 10.8 m&#xB2; (116.3 ft&#xB2;) Stainless Steel Austenitic For Sale - IPP# 217603","https://ims.internationalprocessplants.com/inventory/equipment/detail/217603","21","","","Used","","","10.8 m&#xB2; (116.3 ft&#xB2;)","3,750 mm (147.7 in)","AEL Apparatebau Gmbh","Stainless Steel Austenitic","WFLG-32-3000-46","openings tube side: 2-50mm, 2-25mm, shell: 2-50mm, 1-25mm","Horizontal","329 mm (13 in)","Stainless Steel Austenitic","6 bar (87 psi)","120 °C (248 °F)","","Shell and Tube","","25 mm (0.98 in)","3,000 mm (117.2 in)","Stainless Steel Austenitic","46","6 bar (87 psi)","120 °C (248 °F)","2 mm (0.08 in)","","","","Heat Exchanger",""
"217629","Stainless Steel Austenitic Dynamite Nobel Shell and Tube Heat Exchanger - IPP# 217629","https://ims.internationalprocessplants.com/inventory/equipment/detail/217629","22","","","Used","Carbon Steel","","32 m&#xB2; (344.4 ft&#xB2;)","3,000 mm (118.8 in)","Dynamite Nobel","Stainless Steel Austenitic","","- Head openings: (1) dished head with 2-80mm, (1) head with no openings, shell with 1-150mm, 1-80mm, 1-50mm","Horizontal","500 mm (19.7 in)","Stainless Steel 321","6 bar (87 psi)","70 °C (158 °F)","","Shell and Tube","","25 mm (0.98 in)","2,500 mm (98.4 in)","Stainless Steel Austenitic","164","5 bar (72.5 psi)","25 °C (77 °F)","2 mm (0.08 in)","","4","","Heat Exchanger",""
"217637","Stainless Steel Austenitic Pass &amp; Co Shell and Tube Heat Exchanger - IPP# 217637","https://ims.internationalprocessplants.com/inventory/equipment/detail/217637","23","","","Used","Stainless Steel Austenitic","","20 m&#xB2; (215.3 ft&#xB2;)","2,600 mm (102.7 in)","Pass & Co GmbH","Stainless Steel Austenitic","","- Openings: Tube side - 2-50mm, Shell side - 1-150mm, 2-50mm","Horizontal","500 mm (19.7 in)","Stainless Steel Austenitic","20 bar (290.1 psi)","300 °C (572 °F)","","Shell and Tube","","25 mm (0.98 in)","2,000 mm (78.7 in)","Stainless Steel Austenitic","130","8 bar (116 psi)","300 °C (572 °F)","2 mm (0.08 in)","","2","","Heat Exchanger","Yes"
"217810","Titanium Luwa SMS Shell and Tube Heat Exchanger - IPP# 217810","https://ims.internationalprocessplants.com/inventory/equipment/detail/217810","21","","","Used","Titanium","","58.4 m&#xB2; (629 ft&#xB2;)","3,700 mm (145.7 in)","Luwa SMS","Titanium","","- Openings: - Tube side: (1) head with 1-100mm, (1) head with 1-100mm, 1-80mm - Shell: 2-100mm, 1-50mm","Horizontal","700 mm (27.6 in)","Stainless Steel 321","10 bar (145 psi)","200 °C (392 °F)","","Shell and Tube","","25 mm (0.98 in)","2,500 mm (98.4 in)","Titanium","324","30 bar (435.1 psi)","200 °C (392 °F)","1.2 mm (0.05 in)","","","","Heat Exchanger",""
"217811","Stainless Steel Austenitic Dynamite Nobel Shell and Tube Heat Exchanger - IPP# 217811","https://ims.internationalprocessplants.com/inventory/equipment/detail/217811","22","","","Used","Stainless Steel Austenitic","","9.7 m&#xB2; (104 ft&#xB2;)","3,050 mm (120.1 in)","Dynamite Nobel","Stainless Steel Austenitic","","- Openings tube side: each head with 1-50mm - Openings shell side: 2-100mm, 2-50mm","Horizontal","260 mm (10.2 in)","Titanium","30 bar (435.1 psi)","200 °C (392 °F)","","Shell and Tube","","25 mm (0.98 in)","2,500 mm (98.3 in)","Stainless Steel Austenitic","55","6 bar (87 psi)","100 °C (212 °F)","2 mm (0.08 in)","Straight Tube","","","Heat Exchanger",""
"217848","Shell and Tube Heat Exchanger 41 m&#xB2; (441.3 ft&#xB2;) Stainless Steel 321 For Sale - IPP# 217848","https://ims.internationalprocessplants.com/inventory/equipment/detail/217848","22","","","Used","Stainless Steel 321","","41 m&#xB2; (441.3 ft&#xB2;)","3,700 mm (145.3 in)","Landruff","Stainless Steel 321","","- Head openings: (2) heads: DN250/PN160, (1) DN300/PN40, (1) DN200/PN40, (2) DN150/PN40","Vertical","600 mm (23.6 in)","Stainless Steel 321","25 bar (362.6 psi)","250 °C (482 °F)","","Shell and Tube","","25 mm (0.98 in)","2,500 mm (98.4 in)","Stainless Steel 321","211","84 bar (1,200 psi)","250 °C (482 °F)","2 mm (0.08 in)","","","","Heat Exchanger","Yes"
"217849","Shell and Tube Heat Exchanger 41 m&#xB2; (441.3 ft&#xB2;) Stainless Steel 321 For Sale - IPP# 217849","https://ims.internationalprocessplants.com/inventory/equipment/detail/217849","22","","","Used","Stainless Steel 321","","41 m&#xB2; (441.3 ft&#xB2;)","3,700 mm (145.3 in)","Landruff","Stainless Steel 321","","- Head openings: (2) heads: DN250/PN160, (1) DN300/PN40, (1) DN200/PN40, (2) DN150/PN40","Vertical","600 mm (23.6 in)","Stainless Steel 321","25 bar (362.6 psi)","250 °C (482 °F)","","Shell and Tube","","25 mm (0.98 in)","2,500 mm (98.4 in)","Stainless Steel 321","211","84 bar (1,200 psi)","250 °C (482 °F)","2 mm (0.08 in)","","","","Heat Exchanger","Yes"
"217942","Shell and Tube Heat Exchanger 76 m&#xB2; (818 ft&#xB2;) Stainless Steel 321 For Sale - IPP# 217942","https://ims.internationalprocessplants.com/inventory/equipment/detail/217942","15","260 L (68.7 gallons)","","Used","","","76 m&#xB2; (818 ft&#xB2;)","","CALORIFER AG","Stainless Steel 321","","- Tube openings tubeside: (3) 25mm, (1) 15mm","","","Stainless Steel 321","","","","Shell and Tube","","14.5 mm (0.57 in)","1,950 mm (77.6 in)","Stainless Steel 321","910","25 bar (362.6 psi)","250 °C (482 °F)","","","","","Heat Exchanger",""
"218221","Shell and Tube Heat Exchanger 876 m&#xB2; (9,400 ft&#xB2;) Stainless Steel 304 For Sale - IPP# 218221","https://ims.internationalprocessplants.com/inventory/equipment/detail/218221","24","","","Used","Stainless Steel 304","","876 m&#xB2; (9,400 ft&#xB2;)","","Harris Thermal","Stainless Steel 304","","- Shell nozzles: two 4", one 24", one 36" - Tube nozzles: two 14"","Horizontal","1,400 mm (56 in)","Carbon Steel","5.9 bar (86 psi)","93.3 °C (200 °F)","1","Shell and Tube","","19.1 mm (0.75 in)","6,100 mm (240 in)","Stainless Steel 304","2,451","10.5 bar (153 psi)","65.6 °C (150 °F)","1.52 mm (0.06 in)","","4","Stainless Steel Other","Heat Exchanger","Yes"
"218248","Titanium Shell and Tube Heat Exchanger - IPP# 218248","https://ims.internationalprocessplants.com/inventory/equipment/detail/218248","22","","","Used","Titanium","","8.2 m&#xB2; (88 ft&#xB2;)","","","Titanium","","- Tema type A-E-M Tube side nozzles are 6" - Shell side nozzles are 4" and 2" - 1" drain vent on head.","Horizontal","330.2 mm (13 in)","Carbon Steel","10.3 bar (150 psi)","204.4 °C (400 °F)","2","Shell and Tube","","25.4 mm (1 in)","2,150 mm (84 in)","Titanium","42","10.3 bar (150 psi)","204.4 °C (400 °F)","1.02 mm (0.04 in)","Straight Tube","","","Heat Exchanger","Yes"
"218250","Titanium Shell and Tube Heat Exchanger - IPP# 218250","https://ims.internationalprocessplants.com/inventory/equipment/detail/218250","17","","","Used","Titanium","","4.9 m&#xB2; (53 ft&#xB2;)","2,600 mm (101.5 in)","","Titanium","","Shell side nozzles, 2", inlet side nozzle is 5" with a 1" vent, outlet nozzle is 2". 80" shell length, top head is 6", bottom head is 7.5".","Vertical","203.2 mm (8 in)","Carbon Steel","","","","Shell and Tube","","12.7 mm (0.5 in)","2,050 mm (81 in)","Titanium","60","","","","Straight Tube","","Titanium","Heat Exchanger",""
"219085","Shell and Tube Heat Exchanger 183 m&#xB2; (1,950 ft&#xB2;) Stainless Steel Austenitic For Sale - IPP# 219085","https://ims.internationalprocessplants.com/inventory/equipment/detail/219085","20","","","Used","","","183 m&#xB2; (1,950 ft&#xB2;)","2,500 mm (98.4 in)","K.Ley","Stainless Steel Austenitic","","- Shell openings: 1-550mm, 3-200mm","Vertical","1,200 mm (47.2 in)","Carbon Steel","6 bar (87 psi)","200 °C (392 °F)","","Shell and Tube","","25 mm (0.98 in)","2,500 mm (98.4 in)","Stainless Steel Austenitic","944","6 bar (87 psi)","200 °C (392 °F)","","","","","Heat Exchanger","Yes"
"219222","Shell and Tube Heat Exchanger 140 m&#xB2; (1,500 ft&#xB2;) Stainless Steel Austenitic For Sale - IPP# 219222","https://ims.internationalprocessplants.com/inventory/equipment/detail/219222","20","","","Used","Carbon Steel","","140 m&#xB2; (1,500 ft&#xB2;)","4,400 mm (173.2 in)","SMS-Weidenau","Stainless Steel Austenitic","","openings: tube side: bonnet head with 1-250mm, 1-25mm, dished head with 1-80mm, shell: 1-600mm, 1-450mm, 1-80mm, 1-25mm","Vertical","1,000 mm (39.4 in)","Stainless Steel Austenitic","6.2 bar (89.9 psi)","250 °C (482 °F)","","Shell and Tube","","25 mm (0.98 in)","2,950 mm (116.1 in)","Stainless Steel Austenitic","616","6.2 bar (89.9 psi)","250 °C (482 °F)","","","","","Heat Exchanger",""
"219225","Shell and Tube Heat Exchanger 120 m&#xB2; (1,300 ft&#xB2;) Stainless Steel Austenitic For Sale - IPP# 219225","https://ims.internationalprocessplants.com/inventory/equipment/detail/219225","20","","","Used","","","120 m&#xB2; (1,300 ft&#xB2;)","","Gessner-Overath","Stainless Steel Austenitic","","","Vertical","1,000 mm (39.4 in)","Stainless Steel Austenitic","6 bar (87 psi)","250 °C (482 °F)","","Shell and Tube","","25 mm (0.98 in)","2,500 mm (98.4 in)","Stainless Steel Austenitic","640","6 bar (87 psi)","250 °C (482 °F)","2 mm (0.08 in)","","","Stainless Steel Austenitic","Heat Exchanger","Yes"
"219228","Shell and Tube Heat Exchanger 152 m&#xB2; (1,650 ft&#xB2;) Stainless Steel Austenitic For Sale - IPP# 219228","https://ims.internationalprocessplants.com/inventory/equipment/detail/219228","20","","","Used","","","152 m&#xB2; (1,650 ft&#xB2;)","","GESSNER","Stainless Steel Austenitic","","openings shell: 1-300mm, 1-50mm, 1-25mm","Vertical","1,100 mm (43.3 in)","Stainless Steel Austenitic","6 bar (87 psi)","200 °C (392 °F)","","Shell and Tube","","25 mm (0.98 in)","2,500 mm (98.4 in)","Stainless Steel Austenitic","778","6 bar (87 psi)","200 °C (392 °F)","2 mm (0.08 in)","","","Stainless Steel Austenitic","Heat Exchanger",""
"219229","Shell and Tube Heat Exchanger 31 m&#xB2; (333.7 ft&#xB2;) Stainless Steel Austenitic For Sale - IPP# 219229","https://ims.internationalprocessplants.com/inventory/equipment/detail/219229","20","","","Used","","","31 m&#xB2; (333.7 ft&#xB2;)","","Luwa","Stainless Steel Austenitic","","openings: shell: 1-300mm, 2-150mm, 1-40mm","Vertical","508 mm (20 in)","Stainless Steel Austenitic","6.2 bar (89.9 psi)","250 °C (482 °F)","","Shell and Tube","","25 mm (0.98 in)","2,500 mm (98.4 in)","Stainless Steel Austenitic","161","6.2 bar (89.9 psi)","250 °C (482 °F)","2 mm (0.08 in)","","","","Heat Exchanger","Yes"
"219254","Shell and Tube Heat Exchanger 58 m&#xB2; (624 ft&#xB2;) Stainless Steel 321 For Sale - IPP# 219254","https://ims.internationalprocessplants.com/inventory/equipment/detail/219254","20","","","Used","Stainless Steel 321","","58 m&#xB2; (624 ft&#xB2;)","6,100 mm (239.8 in)","SMS Butzbach/Germany","Stainless Steel 321","","openings tubeside: dished head with 2-80mm, shell: 1-300mm, 1-100mm, 1-32mm, top 2 x 80 mm","Vertical","508 mm (20 in)","Stainless Steel 321","1 bar (14.5 psi)","120 °C (248 °F)","","Shell and Tube","","","","Stainless Steel 321","78","5 bar (72.5 psi)","120 °C (248 °F)","","U-Tube","","","Heat Exchanger","Yes"
"219256","Shell and Tube Heat Exchanger 6 m&#xB2; (64.6 ft&#xB2;) Stainless Steel Austenitic For Sale - IPP# 219256","https://ims.internationalprocessplants.com/inventory/equipment/detail/219256","24","","","Used","Stainless Steel Austenitic","","6 m&#xB2; (64.6 ft&#xB2;)","2,000 mm (78.7 in)","SMS Butzbach/Germany","Stainless Steel Austenitic","","openings: tubeside: dished head with 2-50mm, shell: 1-150mm, 1-50mm, 1-25mm","Vertical","368 mm (14.5 in)","Stainless Steel Austenitic","0.5 bar (7.3 psi)","120 °C (248 °F)","","Shell and Tube","","25 mm (0.98 in)","1,100 mm (43.3 in)","Stainless Steel Austenitic","33","6 bar (87 psi)","120 °C (248 °F)","2 mm (0.08 in)","U-Tube","","Stainless Steel Austenitic","Heat Exchanger","Yes"
"219257","Shell and Tube Heat Exchanger 137 m&#xB2; (1,450 ft&#xB2;) Stainless Steel 321 For Sale - IPP# 219257","https://ims.internationalprocessplants.com/inventory/equipment/detail/219257","23","","","Used","Stainless Steel 321","","137 m&#xB2; (1,450 ft&#xB2;)","6,400 mm (252 in)","SMS Butzbach/Germany","Stainless Steel 321","","openings tube side: dished head with 2-100mm, shell: 1-400mm, 1-150mm, 1-32mm","Vertical","800 mm (31.5 in)","Stainless Steel 321","0.5 bar (7.3 psi)","120 °C (248 °F)","","Shell and Tube","","25 mm (0.98 in)","5,000 mm (196.9 in)","Stainless Steel 321","184","6 bar (87 psi)","120 °C (248 °F)","2 mm (0.08 in)","U-Tube","","","Heat Exchanger","Yes"
"219500","Shell and Tube Heat Exchanger 153 m&#xB2; (1,650 ft&#xB2;) Stainless Steel 316 For Sale - IPP# 219500","https://ims.internationalprocessplants.com/inventory/equipment/detail/219500","23","","","Used","Stainless Steel Austenitic","","153 m&#xB2; (1,650 ft&#xB2;)","5,850 mm (230.3 in)","K.Ley","Stainless Steel 316","","- Head openings: 2-50mm, 2-150mm, 2-15mm (1 head with 2-50mm, 1 head with 2-10mm)","Horizontal","800 mm (31.5 in)","Stainless Steel Austenitic","28 bar (406.1 psi)","300 °C (572 °F)","","Shell and Tube","","25 mm (0.98 in)","5,000 mm (196.7 in)","Stainless Steel 316","392","28 bar (406.1 psi)","300 °C (572 °F)","2 mm (0.08 in)","","","Stainless Steel Austenitic","Heat Exchanger","Yes"
"219501","Shell and Tube Heat Exchanger 153 m&#xB2; (1,650 ft&#xB2;) Stainless Steel 316 For Sale - IPP# 219501","https://ims.internationalprocessplants.com/inventory/equipment/detail/219501","23","","","Used","Stainless Steel Austenitic","","153 m&#xB2; (1,650 ft&#xB2;)","5,850 mm (230.3 in)","K.Ley","Stainless Steel 316","","- Shell openings: 2-50mm, 2-150 mm, 2-15mm - Head openings: (1) head with 2-50mm, (1) head with 2-100 mm","Horizontal","800 mm (31.5 in)","Stainless Steel Austenitic","28 bar (406.1 psi)","300 °C (572 °F)","","Shell and Tube","","25 mm (0.98 in)","5,000 mm (196.7 in)","Stainless Steel 316","392","28 bar (406.1 psi)","300 °C (572 °F)","2 mm (0.08 in)","","","Stainless Steel Austenitic","Heat Exchanger","Yes"
"219506","Shell and Tube Heat Exchanger 32 m&#xB2; (344.4 ft&#xB2;) Stainless Steel Austenitic For Sale - IPP# 219506","https://ims.internationalprocessplants.com/inventory/equipment/detail/219506","22","","","Used","Stainless Steel Austenitic","","32 m&#xB2; (344.4 ft&#xB2;)","","RENZMANN & GRUENEWALD","Stainless Steel Austenitic","DN600X2500","- Openings (tubeside): dished head with 1-200mm, 1-50mm, bonnet head with 1-300","Horizontal","600 mm (23.6 in)","Stainless Steel Austenitic","10 bar (145 psi)","250 °C (482 °F)","","Shell and Tube","","25 mm (0.98 in)","2,500 mm (98.4 in)","Stainless Steel Austenitic","166","7 bar (101.5 psi)","250 °C (482 °F)","","","","Stainless Steel Austenitic","Heat Exchanger","Yes"
"219507","Shell and Tube Heat Exchanger 180 m&#xB2; (1,950 ft&#xB2;) Stainless Steel 316 For Sale - IPP# 219507","https://ims.internationalprocessplants.com/inventory/equipment/detail/219507","22","","","Used","Stainless Steel Austenitic","","180 m&#xB2; (1,950 ft&#xB2;)","4,900 mm (192 in)","K.Ley","Stainless Steel 316","","- Head openings tubeside: 1-head with 2-200mm, 1-head with 2-19mm (screw fitting) - Head openings shell side: 1-800mm, 1-500mm, 2-100mm, 1-7mm (screw fitting)","Horizontal","1,100 mm (43.3 in)","Stainless Steel Austenitic","6 bar (87 psi)","200 °C (392 °F)","","Shell and Tube","","25 mm (0.98 in)","4,000 mm (157.3 in)","Stainless Steel 316","654","6 bar (87 psi)","200 °C (392 °F)","2 mm (0.08 in)","","","","Heat Exchanger","Yes"
"219535","Shell and Tube Heat Exchanger 17 m&#xB2; (183 ft&#xB2;) Stainless Steel Austenitic For Sale - IPP# 219535","https://ims.internationalprocessplants.com/inventory/equipment/detail/219535","22","216 L (57.1 gallons)","","Used","Stainless Steel Austenitic","","17 m&#xB2; (183 ft&#xB2;)","","GESSNER","Stainless Steel Austenitic","","- Openings Shell side: (2) DN100, (1) DN150, (1) DN250 - Openings first head: (1) DN100, (1) DN200 - Openings second head: (1) DN200","","400 mm (15.7 in)","Stainless Steel Austenitic","7 bar (101.5 psi)","250 °C (482 °F)","","Shell and Tube","","25 mm (0.98 in)","2,500 mm (98.4 in)","Stainless Steel Austenitic","88","7 bar (101.5 psi)","250 °C (482 °F)","2 mm (0.08 in)","","","Stainless Steel Austenitic","Heat Exchanger","Yes"
"219541","Shell and Tube Heat Exchanger 25 m&#xB2; (269.1 ft&#xB2;) Stainless Steel Austenitic For Sale - IPP# 219541","https://ims.internationalprocessplants.com/inventory/equipment/detail/219541","21","","","Used","Stainless Steel Austenitic","","25 m&#xB2; (269.1 ft&#xB2;)","","Dinckels & Sohn","Stainless Steel Austenitic","","- Openings tubeside: (1) head with 2-50mm, (1) head with no openings - Openings shell: 2-150mm, 1-100mm","Horizontal","700 mm (27.6 in)","Stainless Steel Austenitic","3 bar (43.5 psi)","100 °C (212 °F)","","Shell and Tube","","30 mm (1.18 in)","2,500 mm (98.6 in)","Stainless Steel Austenitic","120","6 bar (87 psi)","100 °C (212 °F)","1.5 mm (0.06 in)","","","","Heat Exchanger","Yes"
"219568","Stainless Steel 316Ti Schleifenbaum &amp; Weber KG Shell and Tube Heat Exchanger - IPP# 219568","https://ims.internationalprocessplants.com/inventory/equipment/detail/219568","21","","","Used","Stainless Steel Austenitic","","114 m&#xB2; (1,250 ft&#xB2;)","5,000 mm (196.7 in)","Schleifenbaum & Weber KG","Stainless Steel Austenitic","","- Openings: Shell 2-DN200, 4- DN80, 4- DN15","Horizontal","700 mm (27.6 in)","Stainless Steel Austenitic","10 bar (145 psi)","250 °C (482 °F)","","Shell and Tube","","25 mm (0.98 in)","5,000 mm (196.7 in)","Stainless Steel Austenitic","292","10 bar (145 psi)","250 °C (482 °F)","2 mm (0.08 in)","","","","Heat Exchanger",""
"219604","Shell and Tube Heat Exchanger 120 m&#xB2; (1,300 ft&#xB2;) Stainless Steel Austenitic For Sale - IPP# 219604","https://ims.internationalprocessplants.com/inventory/equipment/detail/219604","23","","","Used","Stainless Steel Austenitic","","120 m&#xB2; (1,300 ft&#xB2;)","4,300 mm (170.1 in)","B Theis","Stainless Steel Austenitic","","- Openings: shell 2-25mm, 2-300mm, 1-100mm, (1) head with 1- 600mm, (1) 316Ti dished head with carbon steel jacket with 1-200mm opening","Vertical","1,000 mm (39.4 in)","Stainless Steel Austenitic","6 bar (87 psi)","200 °C (392 °F)","","Shell and Tube","","25 mm (0.98 in)","2,500 mm (98.3 in)","Stainless Steel Austenitic","616","6.2 bar (89.9 psi)","200 °C (392 °F)","2 mm (0.08 in)","","","Stainless Steel Austenitic","Heat Exchanger","Yes"
"219606","Shell and Tube Heat Exchanger 120 m&#xB2; (1,300 ft&#xB2;) Stainless Steel 316 For Sale - IPP# 219606","https://ims.internationalprocessplants.com/inventory/equipment/detail/219606","23","","","Used","Stainless Steel Austenitic","","120 m&#xB2; (1,300 ft&#xB2;)","4,300 mm (170.1 in)","K.Ley","Stainless Steel 316","","- Shell openings: 2-25mm, 2-300mm, 1-100mm, 1-600mm - Head openings: 1-200mm, 1-600mm","Vertical","1,000 mm (39.4 in)","Stainless Steel Austenitic","6 bar (87 psi)","250 °C (482 °F)","","Shell and Tube","","25 mm (0.98 in)","2,500 mm (98.3 in)","Stainless Steel 316","640","6 bar (87 psi)","250 °C (482 °F)","2 mm (0.08 in)","","","Stainless Steel Austenitic","Heat Exchanger","Yes"
"219609","Shell and Tube Heat Exchanger 17 m&#xB2; (183 ft&#xB2;) Stainless Steel Austenitic For Sale - IPP# 219609","https://ims.internationalprocessplants.com/inventory/equipment/detail/219609","23","","","Used","Stainless Steel Austenitic","","17 m&#xB2; (183 ft&#xB2;)","2,500 mm (98.4 in)","Freidrich Gruber GmbH","Stainless Steel Austenitic","","Openings: - Head with 2-100mm - Head with no openings mounted on 4-lugs - Shell openings: - Quantity: 4 - Sizes: 1-250mm, 1-150mm, 2-100mm","Vertical","400 mm (15.7 in)","Stainless Steel Austenitic","6 bar (87 psi)","250 °C (482 °F)","","Shell and Tube","","25 mm (0.98 in)","2,500 mm (98.4 in)","Stainless Steel Austenitic","88","6 bar (87 psi)","250 °C (482 °F)","2 mm (0.08 in)","","","Stainless Steel Austenitic","Heat Exchanger","Yes"
"219627","Shell and Tube Heat Exchanger 30 m&#xB2; (322.9 ft&#xB2;) Stainless Steel Austenitic For Sale - IPP# 219627","https://ims.internationalprocessplants.com/inventory/equipment/detail/219627","23","","","Used","Stainless Steel Austenitic","","30 m&#xB2; (322.9 ft&#xB2;)","4,800 mm (188.8 in)","Hoeschst","Stainless Steel Austenitic","","Openings include: Shell: 2-200mm; 1 head with 2-25mm; 1 head 2-80mm","Horizontal","10 mm (0.39 in)","Carbon Steel","20 bar (290.1 psi)","350 °C (662 °F)","","Shell and Tube","","25 mm (0.98 in)","4,000 mm (156.9 in)","Stainless Steel Austenitic","118","35 bar (508 psi)","350 °C (662 °F)","2.5 mm (0.1 in)","","4","Stainless Steel Other","Heat Exchanger",""
"219628","Shell and Tube Heat Exchanger 30 m&#xB2; (322.9 ft&#xB2;) Stainless Steel Austenitic For Sale - IPP# 219628","https://ims.internationalprocessplants.com/inventory/equipment/detail/219628","23","","","Used","Stainless Steel Austenitic","","30 m&#xB2; (322.9 ft&#xB2;)","4,800 mm (188.8 in)","Schwingel","Stainless Steel Austenitic","","Openings include: Shell - 2-200; 1 head with 2-25 mm; 1 head with 2-80 mm","Horizontal","10 mm (0.39 in)","Carbon Steel","20 bar (290.1 psi)","350 °C (662 °F)","","Shell and Tube","","25 mm (0.98 in)","4,000 mm (156.9 in)","Stainless Steel Austenitic","118","35 bar (508 psi)","350 °C (662 °F)","2.5 mm (0.1 in)","","4","Stainless Steel Other","Heat Exchanger",""
"219630","Shell and Tube Heat Exchanger 30 m&#xB2; (322.9 ft&#xB2;) Stainless Steel Austenitic For Sale - IPP# 219630","https://ims.internationalprocessplants.com/inventory/equipment/detail/219630","20","","","Used","Stainless Steel Austenitic","","30 m&#xB2; (322.9 ft&#xB2;)","","HOECHST OFFENBACH","Stainless Steel Austenitic","","openings tubeside: bonnet head with 2-80mm, dished head with 2-25mm, shell: 1-200mm, 1-125mm, 2-25mm","Horizontal","521 mm (20.5 in)","Carbon Steel","20 bar (290.1 psi)","350 °C (662 °F)","","Shell and Tube","","25 mm (0.98 in)","4,000 mm (156.9 in)","Stainless Steel Austenitic","118","35 bar (508 psi)","350 °C (662 °F)","2.6 mm (0.1 in)","","","","Heat Exchanger",""
"219711","Shell and Tube Heat Exchanger 32 m&#xB2; (344.4 ft&#xB2;) Stainless Steel Austenitic For Sale - IPP# 219711","https://ims.internationalprocessplants.com/inventory/equipment/detail/219711","22","","","Used","Stainless Steel Austenitic","","32 m&#xB2; (344.4 ft&#xB2;)","3,000 mm (118.1 in)","K.Ley","Stainless Steel Austenitic","","- Openings: 2-15mm - Openings: - Shell: 2-80 mm, 1-250, 1-300 - Head 1: 2-150mm - Head 2: No openings","Horizontal","500 mm (19.7 in)","Stainless Steel Austenitic","6 bar (87 psi)","300 °C (572 °F)","","Shell and Tube","","25 mm (0.98 in)","2.5 mm (0.1 in)","Stainless Steel Austenitic","164","6 bar (87 psi)","300 °C (572 °F)","","","","Stainless Steel 316","Heat Exchanger","Yes"
"219803","Shell and Tube Heat Exchanger 183 m&#xB2; (1,950 ft&#xB2;) Stainless Steel Other For Sale - IPP# 219803","https://ims.internationalprocessplants.com/inventory/equipment/detail/219803","21","","","Used","Stainless Steel Other","","183 m&#xB2; (1,950 ft&#xB2;)","","K. LEY Germany","Stainless Steel Other","","openings: shell: 1-600mm, 2-200mm, 1-150mm, 2-20mm, 2-15mm, top head (hemespherical head ): 1-500mm, 1-50mm, bottom head (dished head): 1-300mm, 2-50mm","Vertical","1,200 mm (47.2 in)","Stainless Steel Austenitic","6 bar (87 psi)","250 °C (482 °F)","","Shell and Tube","","25 mm (0.98 in)","2,500 mm (98.4 in)","Stainless Steel Other","940","6 bar (87 psi)","250 °C (482 °F)","2 mm (0.08 in)","","","","Heat Exchanger","Yes"
"219810","Stainless Steel Austenitic K.Ley Shell and Tube Heat Exchanger - IPP# 219810","https://ims.internationalprocessplants.com/inventory/equipment/detail/219810","20","","","Used","","","32 m&#xB2; (344.4 ft&#xB2;)","","K.Ley","Stainless Steel Austenitic","","- Shell openings: 1-250mm, 2-80mm, 1-15mm","Horizontal","508 mm (20 in)","Stainless Steel Austenitic","6 bar (87 psi)","300 °C (572 °F)","","Shell and Tube","","25 mm (0.98 in)","2,500 mm (98.3 in)","Stainless Steel Austenitic","164","6 bar (87 psi)","300 °C (572 °F)","2 mm (0.08 in)","","","","Heat Exchanger","Yes"
"219818","Shell and Tube Heat Exchanger 32 m&#xB2; (344.4 ft&#xB2;) Stainless Steel Austenitic For Sale - IPP# 219818","https://ims.internationalprocessplants.com/inventory/equipment/detail/219818","20","","","Used","","","32 m&#xB2; (344.4 ft&#xB2;)","","K.Ley","Stainless Steel Austenitic","","openings shell: 3-50mm","Vertical","508 mm (20 in)","Stainless Steel Austenitic","6 bar (87 psi)","300 °C (572 °F)","","Shell and Tube","","25 mm (0.98 in)","2,500 mm (98.4 in)","Stainless Steel Austenitic","164","6 bar (87 psi)","300 °C (572 °F)","2 mm (0.08 in)","","","","Heat Exchanger","Yes"
"219925","Shell and Tube Heat Exchanger 31 m&#xB2; (333.7 ft&#xB2;) Stainless Steel Austenitic For Sale - IPP# 219925","https://ims.internationalprocessplants.com/inventory/equipment/detail/219925","21","","","Used","Stainless Steel Austenitic","","31 m&#xB2; (333.7 ft&#xB2;)","2,500 mm (98.4 in)","Thies Kg Coesfeld Gmbh","Stainless Steel Austenitic","","- Tube openings: 1 x head with 1-200mm, 1-100mm; 1 x head with 1-200mm, 1-100mm - Shell openings: 3-50mm","Vertical","500 mm (19.7 in)","Stainless Steel Austenitic","6 bar (87 psi)","300 °C (572 °F)","","Shell and Tube","","25 mm (0.98 in)","2,500 mm (98.4 in)","Stainless Steel Austenitic","162","6 bar (87 psi)","300 °C (572 °F)","","","","","Heat Exchanger","Yes"
"219936","Shell and Tube Heat Exchanger 31 m&#xB2; (333.7 ft&#xB2;) Stainless Steel 321 For Sale - IPP# 219936","https://ims.internationalprocessplants.com/inventory/equipment/detail/219936","22","","","Used","Stainless Steel 321","","31 m&#xB2; (333.7 ft&#xB2;)","2,500 mm (98.4 in)","Hoescht AG","Stainless Steel 321","","- Tube openings: 1 x domed head with 1-300mm, 1 x head with 1-150mm - Shell openings: 2-150mm","Vertical","500 mm (19.7 in)","Stainless Steel 321","6 bar (87 psi)","250 °C (482 °F)","","Shell and Tube","","25 mm (0.98 in)","2,500 mm (98.4 in)","Stainless Steel 321","162","6 bar (87 psi)","250 °C (482 °F)","2 mm (0.08 in)","","","","Heat Exchanger","Yes"
"219938","Shell and Tube Heat Exchanger 120 m&#xB2; (1,300 ft&#xB2;) Stainless Steel 321 For Sale - IPP# 219938","https://ims.internationalprocessplants.com/inventory/equipment/detail/219938","21","","","Used","Stainless Steel 321","","120 m&#xB2; (1,300 ft&#xB2;)","2,500 mm (98.4 in)","Thies Kg Coesfeld Gmbh","Stainless Steel 321","","- Tubeside openings: 1 x domed head with 1-600mm, 1 x head with 1-300mm - Shell openings: 1-250mm, 1-150mm","Vertical","1,000 mm (39.4 in)","Stainless Steel 321","20 bar (290.1 psi)","250 °C (482 °F)","","Shell and Tube","","25 mm (0.98 in)","2,500 mm (98.4 in)","Stainless Steel 321","616","6 bar (87 psi)","250 °C (482 °F)","","","","","Heat Exchanger","Yes"
"219940","Stainless Steel 321 Thies Kg Coesfeld Gmbh Shell and Tube Heat Exchanger - IPP# 219940","https://ims.internationalprocessplants.com/inventory/equipment/detail/219940","21","","","Used","Stainless Steel 321","","247 m&#xB2; (2,650 ft&#xB2;)","2,500 mm (98.4 in)","Thies Kg Coesfeld Gmbh","Stainless Steel 321","","- Openings: Tubeside - 1 x domed head with 1-800mm, 1 x head with 1-400mm; Shell - 1-600mm, 1-250mm, 1-200mm","Vertical","1,400 mm (55.1 in)","Stainless Steel 321","6.2 bar (89.9 psi)","250 °C (482 °F)","","Shell and Tube","","25 mm (0.98 in)","2,500 mm (98.4 in)","Stainless Steel 321","1,260","6.2 bar (89.9 psi)","250 °C (482 °F)","","","","","Heat Exchanger","Yes"
"219946","Shell and Tube Heat Exchanger 180 m&#xB2; (1,950 ft&#xB2;) Stainless Steel 321 For Sale - IPP# 219946","https://ims.internationalprocessplants.com/inventory/equipment/detail/219946","21","","","Used","Stainless Steel 321","","180 m&#xB2; (1,950 ft&#xB2;)","2,500 mm (98.4 in)","Schleifenbaum & Weber KG","Stainless Steel 321","","- Tube side openings: 1 x domed head with 1-500mm, 1 x head with 1-300mm - Shell openings: 1-250mm, 1-100mm","Vertical","1,200 mm (47.2 in)","Stainless Steel 321","20 bar (290.1 psi)","250 °C (482 °F)","","Shell and Tube","","25 mm (0.98 in)","2,500 mm (98.4 in)","Stainless Steel 321","920","6 bar (87 psi)","250 °C (482 °F)","2 mm (0.08 in)","","","","Heat Exchanger",""
"219979","Shell and Tube Heat Exchanger 38 m&#xB2; (409 ft&#xB2;) Stainless Steel 321 For Sale - IPP# 219979","https://ims.internationalprocessplants.com/inventory/equipment/detail/219979","17","123 L (32.5 gallons)","","Used","","","38 m&#xB2; (409 ft&#xB2;)","","Buhler AG","Stainless Steel 321","OTW-500-A-32280","- Tubeside openings: 2-25mm, 1-15mm, 1 x cone with 1-700mm, 1 x cone with 1-700mm","","","Stainless Steel 321","","","","Shell and Tube","","14 mm (0.55 in)","1,650 mm (65 in)","Stainless Steel 321","540","23 bar (333.6 psi)","400 °C (752 °F)","","","","","Heat Exchanger","Yes"
"219980","Stainless Steel 321 Buhler AG OTW-500-A-32280 Shell and Tube Heat Exchanger - IPP# 219980","https://ims.internationalprocessplants.com/inventory/equipment/detail/219980","17","123 L (32.5 gallons)","","Used","","","38 m&#xB2; (409 ft&#xB2;)","","Buhler AG","Stainless Steel 321","OTW-500-A-32280","- Tube openings: 2-25mm, 1-15mm, 1 x cone with 1-700mm, 1 x cone with 1-700mm","","","Stainless Steel 321","","","","Shell and Tube","","14 mm (0.55 in)","1,650 mm (65 in)","Stainless Steel 321","540","23 bar (333.6 psi)","400 °C (752 °F)","","","","","Heat Exchanger","Yes"
"220036","Shell and Tube Heat Exchanger 81.6 m&#xB2; (878 ft&#xB2;) Stainless Steel 304 For Sale - IPP# 220036","https://ims.internationalprocessplants.com/inventory/equipment/detail/220036","23","","","Used","Carbon Steel","","81.6 m&#xB2; (878 ft&#xB2;)","2,450 mm (96 in)","Patterson Kelly","Stainless Steel 304","","Openings include: (1) 10"; (1) 4"; One head (2) 3"; Other head - (1) 1'.","Horizontal","813 mm (32 in)","Stainless Steel 304","5.2 bar (75 psi)","232.2 °C (450 °F)","","Shell and Tube","","19.1 mm (0.75 in)","","Stainless Steel 304","562","5.2 bar (75 psi)","232.2 °C (450 °F)","1.02 mm (0.04 in)","","12","Stainless Steel 304","Heat Exchanger","Yes"
"220162","Stainless Steel 316 Western Supply BHM Shell and Tube Heat Exchanger - IPP# 220162","https://ims.internationalprocessplants.com/inventory/equipment/detail/220162","24","","","Used","Carbon Steel","","412.9 m&#xB2; (4,450 ft&#xB2;)","4,900 mm (192 in)","Western Supply","Stainless Steel 316","BHM","Openings include: Shell - (4) 12", (2) 3"; One head - (2) 8"","Horizontal","1,050 mm (42 in)","Stainless Steel 316","1.72 bar (25 psi)","232.2 °C (450 °F)","","Shell and Tube","","19.1 mm (0.75 in)","4,900 mm (192 in)","Stainless Steel 316","1,446","6.9 bar (100 psi)","93.3 °C (200 °F)","1.52 mm (0.06 in)","","4","","Heat Exchanger","Yes"
"220353","Shell and Tube Heat Exchanger 100 m&#xB2; (1,100 ft&#xB2;) Stainless Steel 316 For Sale - IPP# 220353","https://ims.internationalprocessplants.com/inventory/equipment/detail/220353","27","730 L (192.8 gallons)","Yes","Used","Stainless Steel 316","","100 m&#xB2; (1,100 ft&#xB2;)","3,000 mm (118.1 in)","Mechanica Sardi","Stainless Steel 316","BEM 695 x 3000","Openings include: One top head (1) 6", Bottom head (1) 3" center, (1) 6" in side of head; shell (2) 6".","Vertical","","Carbon Steel","5 bar (72.5 psi)","120 °C (248 °F)","1","Shell and Tube","","20 mm (0.79 in)","3,000 mm (118.1 in)","Stainless Steel 316","533","5 bar (72.5 psi)","150 °C (302 °F)","2 mm (0.08 in)","","1","Stainless Steel 316","Heat Exchanger","Yes"
"220354","Stainless Steel 316 Mechanica Sardi BEM 695 x 3000 Shell and Tube Heat Exchanger - IPP# 220354","https://ims.internationalprocessplants.com/inventory/equipment/detail/220354","27","730 L (192.8 gallons)","","Used","Stainless Steel 316","","100 m&#xB2; (1,100 ft&#xB2;)","3,000 mm (118.1 in)","Meccanica Sardia","Stainless Steel 316","BEM 695 x 3000","Openings include: One top head (1) 6", Bottom head (1) 3" center, (1) 6" in side of head; shell (2) 6"","Vertical","695 mm (27.4 in)","Carbon Steel","5 bar (72.5 psi)","120 °C (248 °F)","1","Shell and Tube","","20 mm (0.79 in)","3,000 mm (118.1 in)","Stainless Steel 316","533","5 bar (72.5 psi)","150 °C (302 °F)","2 mm (0.08 in)","","1","Stainless Steel 316","Heat Exchanger","Yes"
"220358","Shell and Tube Heat Exchanger 100 m&#xB2; (1,100 ft&#xB2;) Stainless Steel 316 For Sale - IPP# 220358","https://ims.internationalprocessplants.com/inventory/equipment/detail/220358","26","730 L (192.8 gallons)","Yes","Used","Stainless Steel 316","","100 m&#xB2; (1,100 ft&#xB2;)","3,000 mm (118.1 in)","S.I.M.M.","Stainless Steel 316","BEM 695 x 3000.","Openings include: Top head (1) 6"; Bottom Head (1) 3" center, (1) 6" in side of head; Shell has (2) 6" openings.","Vertical","695 mm (27.4 in)","Carbon Steel","5 bar (72.5 psi)","120 °C (248 °F)","","Shell and Tube","","20 mm (0.79 in)","3,000 mm (118.1 in)","Stainless Steel 316","533","5 bar (72.5 psi)","150 °C (302 °F)","2 mm (0.08 in)","","","Stainless Steel 316","Heat Exchanger","Yes"
"220360","Stainless Steel 316 Clad S.I.M.M. BEM 695 x 3000 Shell and Tube Heat Exchanger - IPP# 220360","https://ims.internationalprocessplants.com/inventory/equipment/detail/220360","26","730 L (192.8 gallons)","Yes","Used","Stainless Steel 316","","100 m&#xB2; (1,100 ft&#xB2;)","3,000 mm (118.1 in)","S.I.M.M S.r.l","Stainless Steel 316","BEM 695 x 3000","Openings include: Top head (1) 6"; Bottom Head (1) 3" center, (1) 6" in side of head; Shell has (2) 6" openings.","Vertical","695 mm (27.4 in)","Carbon Steel","5 bar (72.5 psi)","48.9 °C (120 °F)","","Shell and Tube","","20 mm (0.79 in)","3,000 mm (118.1 in)","Stainless Steel 316","533","5 bar (72.5 psi)","150 °C (302 °F)","2 mm (0.08 in)","","","Stainless Steel 316","Heat Exchanger","Yes"
"220438","Shell and Tube Heat Exchanger 33.8 m&#xB2; (363.8 ft&#xB2;) Stainless Steel Other For Sale - IPP# 220438","https://ims.internationalprocessplants.com/inventory/equipment/detail/220438","17","260 L (68.7 gallons)","","Used","Stainless Steel Other","","33.8 m&#xB2; (363.8 ft&#xB2;)","","Wilhelm Deller KG","Stainless Steel Other","","","Horizontal","","Carbon Steel","6 bar (87 psi)","80 °C (176 °F)","","Shell and Tube","","","","Stainless Steel Other","","6 bar (87 psi)","80 °C (176 °F)","","U-Tube","","","Heat Exchanger","Yes"
"220439","Shell and Tube Heat Exchanger 33.8 m&#xB2; (363.8 ft&#xB2;) Stainless Steel Other For Sale - IPP# 220439","https://ims.internationalprocessplants.com/inventory/equipment/detail/220439","17","260 L (68.7 gallons)","","Used","Stainless Steel Other","","33.8 m&#xB2; (363.8 ft&#xB2;)","","Wilhelm Deller KG","Stainless Steel Other","","","Horizontal","","Carbon Steel","6 bar (87 psi)","80 °C (176 °F)","","Shell and Tube","","","","Stainless Steel Other","","6 bar (87 psi)","80 °C (176 °F)","","U-Tube","","Stainless Steel 316","Heat Exchanger",""
"220502","Shell and Tube Heat Exchanger 25.3 m&#xB2; (272.3 ft&#xB2;) Carbon Steel For Sale - IPP# 220502","https://ims.internationalprocessplants.com/inventory/equipment/detail/220502","25","","","Used","Carbon Steel","","25.3 m&#xB2; (272.3 ft&#xB2;)","3,500 mm (138.4 in)","Obringer/Sotralentz","Carbon Steel","BEU","openings tube side: bonnet head with 2-100mm, shell: 2-100mm, 2-50mm,","Horizontal","610 mm (24 in)","Copper/Brass","53 bar (769 psi)","95 °C (203 °F)","","Shell and Tube","","19.1 mm (0.75 in)","2,250 mm (89.3 in)","Carbon Steel","186","7.5 bar (108.8 psi)","50 °C (122 °F)","2.1 mm (0.08 in)","U-Tube","4","Carbon Steel","Heat Exchanger",""
"220528","Shell and Tube Heat Exchanger 109 m&#xB2; (1,150 ft&#xB2;) Carbon Steel For Sale - IPP# 220528","https://ims.internationalprocessplants.com/inventory/equipment/detail/220528","19","1,900 L (502 gallons)","","Used","","","109 m&#xB2; (1,150 ft&#xB2;)","","GTIA","Carbon Steel","","openings : tub side (2) DN150 (1) DN50, shell side (4) DN50 (2) DN150","Horizontal","","Carbon Steel","33 bar (478.6 psi)","240 °C (464 °F)","","Shell and Tube","","25.4 mm (1 in)","7,450 mm (292.9 in)","Carbon Steel","90","37 bar (537 psi)","220 °C (428 °F)","","U-Tube","","","Heat Exchanger",""
"220561","Shell and Tube Heat Exchanger 18.2 m&#xB2; (195.9 ft&#xB2;) Stainless Steel Austenitic For Sale - IPP# 220561","https://ims.internationalprocessplants.com/inventory/equipment/detail/220561","21","","","Used","Stainless Steel Other","","18.2 m&#xB2; (195.9 ft&#xB2;)","","Pitton-Gessner/Germany","Stainless Steel Austenitic","","opening tubeside: (1) head with 1-80mm, (1) head with 1-300mm, shell: 1-100mm, 2-25mm","Vertical","500 mm (19.7 in)","Carbon Steel","9 bar (130.5 psi)","250 °C (482 °F)","","Shell and Tube","","44.5 mm (1.75 in)","2,500 mm (98.4 in)","Stainless Steel Austenitic","55","6 bar (87 psi)","200 °C (392 °F)","2 mm (0.08 in)","","","","Heat Exchanger","Yes"
"220567","Shell and Tube Heat Exchanger 24.8 m&#xB2; (266.9 ft&#xB2;) Stainless Steel Austenitic For Sale - IPP# 220567","https://ims.internationalprocessplants.com/inventory/equipment/detail/220567","25","","","Used","Stainless Steel Austenitic","","24.8 m&#xB2; (266.9 ft&#xB2;)","3,300 mm (130 in)","Deller/Germany","Stainless Steel Austenitic","GD 457/2500","openings tube side: 2-50mm, shell: 1-80mm, 2-25mm","Horizontal","450 mm (17.7 in)","Carbon Steel","9 bar (130.5 psi)","250 °C (482 °F)","","Shell and Tube","","20 mm (0.79 in)","2,600 mm (102.4 in)","Stainless Steel Austenitic","75","50 bar (725 psi)","200 °C (392 °F)","2 mm (0.08 in)","U-Tube","","Stainless Steel 316","Heat Exchanger","Yes"
"220568","Shell and Tube Heat Exchanger 14.4 m&#xB2; (155 ft&#xB2;) Stainless Steel Austenitic For Sale - IPP# 220568","https://ims.internationalprocessplants.com/inventory/equipment/detail/220568","24","","","Used","Stainless Steel Austenitic","","14.4 m&#xB2; (155 ft&#xB2;)","3,300 mm (130 in)","Deller","Stainless Steel Austenitic","GD-356/2500","openings tube side: 2-50mm, shell side: 1-80mm, 2-25mm","Horizontal","356 mm (14 in)","Carbon Steel","9 bar (130.5 psi)","250 °C (482 °F)","","Shell and Tube","","20 mm (0.79 in)","2,500 mm (98.4 in)","Stainless Steel Austenitic","22","50 bar (725 psi)","200 °C (392 °F)","2 mm (0.08 in)","U-Tube","","","Heat Exchanger","Yes"
"220571","2205 duplex stainless steel Pass &amp; Co Shell and Tube Heat Exchanger - IPP# 220571","https://ims.internationalprocessplants.com/inventory/equipment/detail/220571","24","44 L (11.6 gallons)","","Used","Carbon Steel","","4 m&#xB2; (43.1 ft&#xB2;)","","Pass & Co","Duplex 2205","","","Horizontal","","Stainless Steel 316","8 bar (116 psi)","180 °C (356 °F)","1","Shell and Tube","","25 mm (0.98 in)","2,000 mm (78.7 in)","Duplex 2205","26","8 bar (116 psi)","100 °C (212 °F)","2 mm (0.08 in)","Straight Tube","1","Duplex 2205","Heat Exchanger","Yes"
"220583","Shell and Tube Heat Exchanger 111 m&#xB2; (1,200 ft&#xB2;) Stainless Steel Austenitic For Sale - IPP# 220583","https://ims.internationalprocessplants.com/inventory/equipment/detail/220583","22","","","Used","Carbon Steel","","111 m&#xB2; (1,200 ft&#xB2;)","3,450 mm (135.8 in)","Pass & Co","Stainless Steel Austenitic","","opening tube side: (1) head with 2-200mm, (1) head with no openings, shell side: 1-400mm, 2-100mm, 2-25mm,","Horizontal","1,000 mm (39.4 in)","Stainless Steel Austenitic","6 bar (87 psi)","200 °C (392 °F)","","Shell and Tube","","25 mm (0.98 in)","2,500 mm (98.4 in)","Stainless Steel Austenitic","616","6 bar (87 psi)","100 °C (212 °F)","2 mm (0.08 in)","","","","Heat Exchanger","Yes"
"220586","Shell and Tube Heat Exchanger 35.4 m&#xB2; (381 ft&#xB2;) Stainless Steel 321 For Sale - IPP# 220586","https://ims.internationalprocessplants.com/inventory/equipment/detail/220586","22","515 L (136 gallons)","","Used","Carbon Steel","","35.4 m&#xB2; (381 ft&#xB2;)","","Pass & Co","Stainless Steel 321","","openings: head: 2-150mm, shell: 1-300, 1-100mm, 1-50mm,","Horizontal","600 mm (23.6 in)","Stainless Steel 321","6 bar (87 psi)","200 °C (392 °F)","","Shell and Tube","","25 mm (0.98 in)","2,500 mm (98.4 in)","Stainless Steel 321","196","6 bar (87 psi)","100 °C (212 °F)","2 mm (0.08 in)","","","","Heat Exchanger","Yes"
"220590","Shell and Tube Heat Exchanger 23 m&#xB2; (247.6 ft&#xB2;) Stainless Steel 321 For Sale - IPP# 220590","https://ims.internationalprocessplants.com/inventory/equipment/detail/220590","17","","","Used","Carbon Steel","","23 m&#xB2; (247.6 ft&#xB2;)","2,500 mm (98.4 in)","Pass & Co","Stainless Steel 321","","","Horizontal","500 mm (19.7 in)","Stainless Steel 321","6 bar (87 psi)","150 °C (302 °F)","","Shell and Tube","","","","Stainless Steel 321","","6 bar (87 psi)","100 °C (212 °F)","","","","","Heat Exchanger","Yes"
"220594","Shell and Tube Heat Exchanger 20 m&#xB2; (215.3 ft&#xB2;) Stainless Steel 321 For Sale - IPP# 220594","https://ims.internationalprocessplants.com/inventory/equipment/detail/220594","15","650 L (171.7 gallons)","","Used","Carbon Steel","","20 m&#xB2; (215.3 ft&#xB2;)","","Pass & Co","Stainless Steel 321","","","Horizontal","","Stainless Steel 321","6 bar (87 psi)","150 °C (302 °F)","","Shell and Tube","","","","Stainless Steel 321","","6 bar (87 psi)","200 °C (392 °F)","","","","","Heat Exchanger",""
"220617","Shell and Tube Heat Exchanger 2.6 m&#xB2; (28 ft&#xB2;) Carbon Steel For Sale - IPP# 220617","https://ims.internationalprocessplants.com/inventory/equipment/detail/220617","21","","","Used","Carbon Steel","","2.6 m&#xB2; (28 ft&#xB2;)","2,800 mm (111 in)","ITT Standard","Carbon Steel","","Shell nozzles are 3", Tube side nozzles are 3". Three vents 3/4", 4 connections 1/2", one drain 1".","Vertical","218.9 mm (8.6 in)","Carbon Steel","20.7 bar (300 psi)","260 °C (500 °F)","","Shell and Tube","","19.1 mm (0.75 in)","2,450 mm (96 in)","Carbon Steel","18","10.3 bar (150 psi)","148.9 °C (300 °F)","","U-Tube","","","Heat Exchanger",""
"220710","Shell and Tube Heat Exchanger 270.6 m&#xB2; (2,900 ft&#xB2;) Stainless Steel 304 For Sale - IPP# 220710","https://ims.internationalprocessplants.com/inventory/equipment/detail/220710","22","","","Used","Stainless Steel 304","","270.6 m&#xB2; (2,900 ft&#xB2;)","4,850 mm (191 in)","Vulcan","Stainless Steel 304","","","Vertical","940 mm (37 in)","Carbon Steel","5.5 bar (80 psi)","204.4 °C (400 °F)","","Shell and Tube","","19.1 mm (0.75 in)","3,650 mm (144 in)","Stainless Steel 304","1,237","2.1 bar (30 psi)","204.4 °C (400 °F)","1.52 mm (0.06 in)","Straight Tube","","Stainless Steel 304","Heat Exchanger",""
"220721","Stainless Steel 304 Shell and Tube Heat Exchanger - IPP# 220721","https://ims.internationalprocessplants.com/inventory/equipment/detail/220721","21","","","Used","","","248.1 m&#xB2; (2,650 ft&#xB2;)","3,650 mm (143 in)","Manning & Lewis","Stainless Steel 304","","","Vertical","914 mm (36 in)","Carbon Steel","6.9 bar (100 psi)","204.4 °C (400 °F)","","Shell and Tube","","19.1 mm (0.75 in)","3,350 mm (132 in)","Stainless Steel 304","1,237","2.1 bar (30 psi)","204.4 °C (400 °F)","1.27 mm (0.05 in)","Straight Tube","","Stainless Steel 304","Heat Exchanger",""
"220775","Shell and Tube Heat Exchanger 137.5 m&#xB2; (1,500 ft&#xB2;) Stainless Steel 316 For Sale - IPP# 220775","https://ims.internationalprocessplants.com/inventory/equipment/detail/220775","23","","","Used","Stainless Steel 316","","137.5 m&#xB2; (1,500 ft&#xB2;)","5,200 mm (204 in)","Buflo Vac-Blaw Knox","Stainless Steel 316","","Steam inlet nozzle, 8", condensate nozzle 3", Vapor nozzle 22", circulation nozzle 8"","Vertical","1,050 mm (42 in)","Carbon Steel","3.4 bar (50 psi)","148.9 °C (300 °F)","","Shell and Tube","","50.8 mm (2 in)","","Stainless Steel 316","189","1.72 bar (25 psi)","148.9 °C (300 °F)","1.52 mm (0.06 in)","Straight Tube","","Stainless Steel 316","Heat Exchanger","Yes"
"220779","Stainless Steel 316 Buffalo Technologies, (Blaw-Knox) 12-57230-01 Shell and Tube Heat Exchanger - IPP# 220779","https://ims.internationalprocessplants.com/inventory/equipment/detail/220779","24","","","Used","Stainless Steel 316","","149.1 m&#xB2; (1,600 ft&#xB2;)","4,900 mm (192 in)","Blaw Knox","Stainless Steel 316","12-57230-01","","Horizontal","914 mm (36 in)","Stainless Steel 316","5.5 bar (80 psi)","148.9 °C (300 °F)","","Shell and Tube","","19.1 mm (0.75 in)","4,250 mm (166.8 in)","Stainless Steel 316","629","5.5 bar (80 psi)","148.9 °C (300 °F)","1.02 mm (0.04 in)","Straight Tube","","Stainless Steel 316","Heat Exchanger","Yes"
"221008","Shell and Tube Heat Exchanger 30.9 m&#xB2; (333 ft&#xB2;) Stainless Steel 304 For Sale - IPP# 221008","https://ims.internationalprocessplants.com/inventory/equipment/detail/221008","23","","","Used","Carbon Steel","","30.9 m&#xB2; (333 ft&#xB2;)","4,900 mm (192 in)","Camden Alloy Fabricators","Stainless Steel 304","","Openings include: Shell side (2) 6". (2) 1"; Dished head (2) 4"; Channel head (1) 3/4"","Vertical","355.6 mm (14 in)","Stainless Steel 304","12.8 bar (185 psi)","79.4 °C (175 °F)","","Shell and Tube","","19.1 mm (0.75 in)","4,900 mm (192 in)","Stainless Steel 304","106","6.9 bar (100 psi)","79.4 °C (175 °F)","1.52 mm (0.06 in)","","2","Stainless Steel 304","Heat Exchanger",""
"221010","Shell and Tube Heat Exchanger 30.9 m&#xB2; (333 ft&#xB2;) Stainless Steel 304 For Sale - IPP# 221010","https://ims.internationalprocessplants.com/inventory/equipment/detail/221010","23","","","Used","Carbon Steel","","30.9 m&#xB2; (333 ft&#xB2;)","4,900 mm (192 in)","Camden Alloy Fabricators","Stainless Steel 304","","Openings include: Shell side (2) 6". (2) 1"; Dished head (2) 4"; Channel head (1) 3/4".","Vertical","355.6 mm (14 in)","Stainless Steel 304","12.8 bar (185 psi)","79.4 °C (175 °F)","","Shell and Tube","","19.1 mm (0.75 in)","4,900 mm (192 in)","Stainless Steel 304","106","6.9 bar (100 psi)","79.4 °C (175 °F)","2 mm (0.08 in)","","2","Stainless Steel 304","Heat Exchanger",""
"221015","Stainless Steel 304 Southern Heat Exchanger Shell and Tube Heat Exchanger - IPP# 221015","https://ims.internationalprocessplants.com/inventory/equipment/detail/221015","24","","","Used","Carbon Steel","","135.8 m&#xB2; (1,450 ft&#xB2;)","5,850 mm (231 in)","Southern Heat Exchanger","Stainless Steel 304","","Openings include: Channel Head, (2) 6"; Shell (2) 6".","Horizontal","610 mm (24 in)","Stainless Steel 304","9.7 bar (140 psi)","62.8 °C (145 °F)","","Shell and Tube","","19.1 mm (0.75 in)","6,050 mm (237.6 in)","Stainless Steel 304","376","6.9 bar (100 psi)","93.3 °C (200 °F)","1.65 mm (0.07 in)","Straight Tube","4","Stainless Steel 304","Heat Exchanger",""
"221028","Stainless Steel 316 Shell and Tube Heat Exchanger - IPP# 221028","https://ims.internationalprocessplants.com/inventory/equipment/detail/221028","11","","","Used","Stainless Steel 316","","109.7 m&#xB2; (1,200 ft&#xB2;)","1,500 mm (59.9 in)","","Stainless Steel 316","","","Vertical","610 mm (24 in)","Stainless Steel Other","","","","Shell and Tube","","","","Stainless Steel 316","","","","","","","","Heat Exchanger",""
"221038","Stainless Steel 304 Western Supply AEL Shell and Tube Heat Exchanger - IPP# 221038","https://ims.internationalprocessplants.com/inventory/equipment/detail/221038","22","","","Used","Carbon Steel","","123.5 m&#xB2; (1,350 ft&#xB2;)","6,100 mm (240 in)","Western Supply","Stainless Steel 304","AEL","","Vertical","635 mm (25 in)","Stainless Steel 304","10.3 bar (150 psi)","92.8 °C (199 °F)","","Shell and Tube","","25.4 mm (1 in)","6,100 mm (240 in)","Stainless Steel 304","254","10.3 bar (150 psi)","92.8 °C (199 °F)","1.52 mm (0.06 in)","","4","","Heat Exchanger",""
"221039","Stainless Steel 304 Western Supply Shell and Tube Heat Exchanger - IPP# 221039","https://ims.internationalprocessplants.com/inventory/equipment/detail/221039","21","","","Used","Carbon Steel","","160.4 m&#xB2; (1,750 ft&#xB2;)","6,100 mm (240 in)","Western Supply","Stainless Steel 304","","","Vertical","686 mm (27 in)","Stainless Steel 304","10.3 bar (150 psi)","92.8 °C (199 °F)","","Shell and Tube","","25.4 mm (1 in)","6,100 mm (240 in)","Stainless Steel 304","330","10.3 bar (150 psi)","92.8 °C (199 °F)","1.52 mm (0.06 in)","","4","","Heat Exchanger",""
"221125","Shell and Tube Heat Exchanger 2.8 m&#xB2; (30 ft&#xB2;) Stainless Steel 316 For Sale - IPP# 221125","https://ims.internationalprocessplants.com/inventory/equipment/detail/221125","13","","","Used","Stainless Steel 316","","2.8 m&#xB2; (30 ft&#xB2;)","3,050 mm (120 in)","","Stainless Steel 316","","Shell side nozzles are two 2" flanged, tube side nozzles are two 3" flanged.","Horizontal","","Carbon Steel","","","1","Shell and Tube","","","","Stainless Steel 316","","","","","","1","","Heat Exchanger",""
"221143","Shell and Tube Heat Exchanger 0.37 m&#xB2; (4 ft&#xB2;) Stainless Steel 316 For Sale - IPP# 221143","https://ims.internationalprocessplants.com/inventory/equipment/detail/221143","27","","","Used","Stainless Steel 316L","","0.37 m&#xB2; (4 ft&#xB2;)","490.5 mm (19.3 in)","Pfaudler","Stainless Steel 316","06048","shell side nozzles are 1.5", tube side nozzles are 1.5" and 2" with a 1" drain.","Horizontal","168.3 mm (6.6 in)","Carbon Steel","6.2 bar (90 psi)","148.9 °C (300 °F)","1","Shell and Tube","","19.1 mm (0.75 in)","38.1 mm (1.5 in)","Stainless Steel 316L","14","6.2 bar (90 psi)","148.9 °C (300 °F)","1.65 mm (0.07 in)","Straight Tube","1","Stainless Steel 316L","Heat Exchanger","Yes"
"221161","Stainless Steel 316 Graham Shell and Tube Heat Exchanger - IPP# 221161","https://ims.internationalprocessplants.com/inventory/equipment/detail/221161","22","","","Used","Stainless Steel 304","","42 m&#xB2; (452 ft&#xB2;)","3,600 mm (141 in)","Graham","Stainless Steel 316","","Nozzle schedule: One 10", One 4", one 3", one 2", one 1", two 3/4" nipples.","Horizontal","","Stainless Steel 304","1.38 bar (20 psi)","148.9 °C (300 °F)","","Shell and Tube","","19.1 mm (0.75 in)","3,600 mm (141 in)","Stainless Steel 316","196","5.2 bar (75 psi)","148.9 °C (300 °F)","1.65 mm (0.07 in)","Straight Tube","","Stainless Steel 304","Heat Exchanger",""
"221173","Shell and Tube Heat Exchanger 253.8 m&#xB2; (2,750 ft&#xB2;) Stainless Steel 316 For Sale - IPP# 221173","https://ims.internationalprocessplants.com/inventory/equipment/detail/221173","23","","","Used","Stainless Steel 316","","253.8 m&#xB2; (2,750 ft&#xB2;)","7,000 mm (275.6 in)","CO. A.S.T","Stainless Steel 316","BEM","openings tube side: (1) head with 1-740mm, (1) head with 1-500mm, 1-300mm, shell: 1-150mm, 1-100mm, 1-32mm","Vertical","1,250 mm (49 in)","Carbon Steel","0.83 bar (12 psi)","148.9 °C (300 °F)","","Shell and Tube","","48.3 mm (1.9 in)","4,900 mm (192 in)","Stainless Steel 316","343","0.55 bar (8 psi)","104.4 °C (220 °F)","3.6 mm (0.14 in)","","","Stainless Steel 316","Heat Exchanger",""
"221174","Shell and Tube Heat Exchanger 128 m&#xB2; (1,400 ft&#xB2;) Stainless Steel 316 For Sale - IPP# 221174","https://ims.internationalprocessplants.com/inventory/equipment/detail/221174","23","","","Used","Stainless Steel 316","","128 m&#xB2; (1,400 ft&#xB2;)","7,700 mm (302.8 in)","A.M.I. srl","Stainless Steel 316","","openings tube side: (1) head with 1-300mm, (1) head with 1-100mm, 2-20mm (jacket), shell: 1-150mm, 1-65mm, 1-50mm,","Vertical","490 mm (19.3 in)","Carbon Steel","25 bar (362.6 psi)","147.2 °C (297 °F)","1","Shell and Tube","","12 mm (0.47 in)","5,600 mm (220.1 in)","Stainless Steel 316","587","40 bar (580 psi)","147.2 °C (297 °F)","1.5 mm (0.06 in)","","1","","Heat Exchanger",""
"221175","Shell and Tube Heat Exchanger 97 m&#xB2; (1,050 ft&#xB2;) Stainless Steel 316 For Sale - IPP# 221175","https://ims.internationalprocessplants.com/inventory/equipment/detail/221175","19","","","Used","","","97 m&#xB2; (1,050 ft&#xB2;)","7,950 mm (312.1 in)","VRV.spa","Stainless Steel 316","","openings tube side: (1) head with 1-350mm, (1) head with 1-100mm, 2-20mm (jacket), shell: 1-150mm, 2-50mm","Vertical","435 mm (17.1 in)","Carbon Steel","25 bar (362.6 psi)","230 °C (446 °F)","","Shell and Tube","","12.4 mm (0.49 in)","6,000 mm (236.2 in)","Stainless Steel 316","437","14 bar (203.1 psi)","170 °C (338 °F)","","","","","Heat Exchanger",""
"221176","Shell and Tube Heat Exchanger 251 m&#xB2; (2,700 ft&#xB2;) Stainless Steel 316 For Sale - IPP# 221176","https://ims.internationalprocessplants.com/inventory/equipment/detail/221176","18","","","Used","Stainless Steel 316","","251 m&#xB2; (2,700 ft&#xB2;)","8,700 mm (342.5 in)","Olmar","Stainless Steel 316","","openings tube side: top head with 1-300mm, bottom head with 1-100, 2-15mm (jacket), shell: 1-300mm, 1-250mm, 2-50mm,","Vertical","650 mm (25.6 in)","","8 bar (116 psi)","220 °C (428 °F)","","Shell and Tube","","12 mm (0.47 in)","","Stainless Steel 316","2,242","14 bar (203.1 psi)","220 °C (428 °F)","","","","","Heat Exchanger",""
"221500","Shell and Tube Heat Exchanger 339 m&#xB2; (3,650 ft&#xB2;) Stainless Steel Other For Sale - IPP# 221500","https://ims.internationalprocessplants.com/inventory/equipment/detail/221500","26","","Yes","Used","Stainless Steel Other","","339 m&#xB2; (3,650 ft&#xB2;)","5,200 mm (205 in)","SHECO","Stainless Steel Other","","- Openings: - Tubeside: 2-250mm - Shell: 1-150mm, 2-75mm","Horizontal","1,200 mm (48 in)","Carbon Steel","12.8 bar (185.6 psi)","200 °C (392 °F)","1","Shell and Tube","","19.1 mm (0.75 in)","3,650 mm (144 in)","Stainless Steel Other","1,550","10.6 bar (153.7 psi)","200 °C (392 °F)","1.65 mm (0.06 in)","","4","Stainless Steel Other","Heat Exchanger","Yes"
"221501","Graphite SGL Carbon RS77-1-595.601 Shell and Tube Heat Exchanger - IPP# 221501","https://ims.internationalprocessplants.com/inventory/equipment/detail/221501","25","2,700 L (719 gallons)","","Used","Graphite","","353.9 m&#xB2; (3,800 ft&#xB2;)","9,400 mm (370.9 in)","SGL Carbon","Graphite","RS77-1-595.601","Openings Tubeside: (1) head with 1-12", (1) head with 1-8", 1-3", Shell side: 2-6", 2-1"","Vertical","1,150 mm (44.8 in)","Carbon Steel","7 bar (101.5 psi)","175 °C (347 °F)","","Shell and Tube","","32 mm (1.26 in)","6,000 mm (236.2 in)","Graphite","595","1.5 bar (21.8 psi)","175 °C (347 °F)","22 mm (0.87 in)","","1","","Heat Exchanger","Yes"
"221504","Graphite Sigri RS77-1-3755.6 Shell and Tube Heat Exchanger - IPP# 221504","https://ims.internationalprocessplants.com/inventory/equipment/detail/221504","25","","","Used","Carbon Steel","","17.3 m&#xB2; (186.2 ft&#xB2;)","6,350 mm (250.6 in)","Sigri GmbH","Graphite","RS77-1-3755.6","- Tube side openings: (1) head with 2-1 1/2", (1) head with none - Shell side openings: 2-1 1/2", 2-1"","Horizontal","332 mm (13.1 in)","Carbon Steel","7 bar (101.5 psi)","165 °C (329 °F)","1","Shell and Tube","","32 mm (1.26 in)","5,500 mm (216.5 in)","Graphite","37","5.5 bar (79.8 psi)","165 °C (329 °F)","5 mm (0.2 in)","","6","","Heat Exchanger","Yes"
"221506","Graphite SGL RS77-1-3760.6 Shell and Tube Heat Exchanger - IPP# 221506","https://ims.internationalprocessplants.com/inventory/equipment/detail/221506","25","","","Used","Carbon Steel","","21.9 m&#xB2; (235.7 ft&#xB2;)","6,700 mm (263.9 in)","SGL","Graphite","RS77-1-3760.6","openings tubeside: (1) head with 2-1 1/2", (1) head with none, shell side: 2-4", 2-1"","Horizontal","332 mm (13.1 in)","Carbon Steel","7 bar (101.5 psi)","175 °C (347 °F)","1","Shell and Tube","","32 mm (1.26 in)","6,000 mm (236.2 in)","Graphite","37","5.3 bar (76.9 psi)","175 °C (347 °F)","22 mm (0.87 in)","","6","","Heat Exchanger","Yes"
"221508","Stainless Steel Other Mach Fabr Korpershoek BV Shell and Tube Heat Exchanger - IPP# 221508","https://ims.internationalprocessplants.com/inventory/equipment/detail/221508","25","","","Used","Carbon Steel","","135 m&#xB2; (1,450 ft&#xB2;)","3,900 mm (153.5 in)","Mach Fabr Korpershoek BV","Stainless Steel Other","","- Openings: - Tubeside: (1) head with 2-6", (1) head with none - Shellside: 1-24", 5-3", 1-1"","Horizontal","876 mm (34.5 in)","Stainless Steel Other","6.1 bar (88.5 psi)","220 °C (428 °F)","1","Shell and Tube","","19.1 mm (0.75 in)","3,000 mm (118.1 in)","Stainless Steel Other","738","7 bar (101.5 psi)","220 °C (428 °F)","1.65 mm (0.06 in)","","4","Stainless Steel Other","Heat Exchanger","Yes"
"221509","Stainless Steel 316 Kooiman N.V Shell and Tube Heat Exchanger - IPP# 221509","https://ims.internationalprocessplants.com/inventory/equipment/detail/221509","25","","","Used","Carbon Steel","","39 m&#xB2; (419.8 ft&#xB2;)","3,550 mm (140 in)","Kooiman N.V","Stainless Steel 316","","- Head openings: tubeside - 2-2", shell side - 1-18", 1-6", 1-3"","Horizontal","660 mm (26 in)","Stainless Steel 316","1.1 bar (16 psi)","210 °C (410 °F)","1","Shell and Tube","","19.5 mm (0.77 in)","2,800 mm (110.2 in)","Stainless Steel 316","70","8.7 bar (126.2 psi)","180 °C (356 °F)","","U-Tube","6","Stainless Steel 316","Heat Exchanger","Yes"
"221512","Stainless Steel 316 Graham Mane ltd A-X-U-660-2743 Shell and Tube Heat Exchanger - IPP# 221512","https://ims.internationalprocessplants.com/inventory/equipment/detail/221512","26","","","Used","Carbon Steel","","22.5 m&#xB2; (242.2 ft&#xB2;)","3,550 mm (140 in)","Graham Manufacturing Co.","Stainless Steel 316","A-X-U-660-2743","- Openings: tubeside - 2-2", shellside - 1-18", 1-6", 1-3"","Horizontal","660 mm (26 in)","Stainless Steel 316","1.1 bar (16 psi)","210 °C (410 °F)","1","Shell and Tube","","19.5 mm (0.77 in)","2,950 mm (117.1 in)","Stainless Steel 316","140","8.7 bar (126.2 psi)","180 °C (356 °F)","","U-Tube","6","Stainless Steel 316","Heat Exchanger","Yes"
"221515","Stainless Steel 316 Sombroek Shell and Tube Heat Exchanger - IPP# 221515","https://ims.internationalprocessplants.com/inventory/equipment/detail/221515","25","","","Used","Stainless Steel 316","","39 m&#xB2; (419.8 ft&#xB2;)","4,300 mm (169.3 in)","Sombroek","Stainless Steel 316","","Tube openings: - 1 head with 2-4" - 1 head with none - Shell openings: - 2-3" - 1-1"","Horizontal","500 mm (19.7 in)","Carbon Steel","10.5 bar (152.3 psi)","288 °C (550 °F)","1","Shell and Tube","","19 mm (0.75 in)","3,650 mm (144.1 in)","Stainless Steel 316","190","5.3 bar (76.9 psi)","288 °C (550 °F)","1.65 mm (0.06 in)","","2","Stainless Steel 316","Heat Exchanger","Yes"
"221518","Graphite Carbon Everflow ltd (India) Shell and Tube Heat Exchanger - IPP# 221518","https://ims.internationalprocessplants.com/inventory/equipment/detail/221518","24","","","Used","Carbon Steel","","9.4 m&#xB2; (101.2 ft&#xB2;)","4,200 mm (165.7 in)","Carbon Everflow ltd (India)","Graphite","","Tube side openings: (1) head with 1-4", 1-1 1/2", (1) head with 1-4", 1-3", 1-2" - Shell side openings: 2-3"","Vertical","332 mm (13.1 in)","Carbon Steel","6.4 bar (92.8 psi)","165 °C (329 °F)","2","Shell and Tube","","22.1 mm (0.87 in)","2,900 mm (114.2 in)","Graphite","37","1.8 bar (26.1 psi)","165 °C (329 °F)","31.8 mm (1.25 in)","","2","","Heat Exchanger","Yes"
"221519","Graphite Carbon Everflow ltd (India) Shell and Tube Heat Exchanger - IPP# 221519","https://ims.internationalprocessplants.com/inventory/equipment/detail/221519","22","","","Used","Carbon Steel","","71.7 m&#xB2; (772 ft&#xB2;)","","Carbon Everflow ltd (India)","Graphite","","- Tube side openings: (1) head with 1-14", 1-6", (1) head with 1-6", 1-3", 1-2" - Shell side openings: 2-4"","Vertical","685 mm (27 in)","Carbon Steel","7 bar (101.5 psi)","165 °C (329 °F)","","Shell and Tube","","22.1 mm (0.87 in)","4,900 mm (192.9 in)","Graphite","169","1.8 bar (26.1 psi)","165 °C (329 °F)","31.8 mm (1.25 in)","","1","","Heat Exchanger","Yes"
"221520","Graphite Carbon Everflow ltd (India) Shell and Tube Heat Exchanger - IPP# 221520","https://ims.internationalprocessplants.com/inventory/equipment/detail/221520","21","","","Used","Carbon Steel","","71.7 m&#xB2; (772 ft&#xB2;)","","Carbon Everflow ltd (India)","Graphite","","- Tube openings: (1) head with 1-14", 1-6", (1) head with 1-6", 1-3", 1-1" - Shell openings: 2-4"","Vertical","685 mm (27 in)","Carbon Steel","7 bar (101.5 psi)","165 °C (329 °F)","","Shell and Tube","","22.1 mm (0.87 in)","4,900 mm (192.9 in)","Graphite","169","1.8 bar (26.1 psi)","165 °C (329 °F)","31.8 mm (1.25 in)","","","","Heat Exchanger","Yes"
"221521","Graphite Carbon Everflow ltd (India) Shell and Tube Heat Exchanger - IPP# 221521","https://ims.internationalprocessplants.com/inventory/equipment/detail/221521","21","","","Used","Carbon Steel","","9.4 m&#xB2; (101.2 ft&#xB2;)","","Carbon Everflow ltd (India)","Graphite","","- Tube side openings: (1) head with 1-4", 1-1 1/2", (1) head with 1-4", 1-3", 1-2" - Shell side openings: 2-3"","Vertical","332 mm (13.1 in)","Carbon Steel","6.4 bar (92.8 psi)","165 °C (329 °F)","","Shell and Tube","","22.1 mm (0.87 in)","2,900 mm (114.2 in)","Graphite","37","1.8 bar (26.1 psi)","165 °C (329 °F)","31.8 mm (1.25 in)","","","","Heat Exchanger","Yes"
"221523","Stainless Steel Other SRI Shell and Tube Heat Exchanger - IPP# 221523","https://ims.internationalprocessplants.com/inventory/equipment/detail/221523","21","","","Used","Stainless Steel Other","","33.2 m&#xB2; (357.4 ft&#xB2;)","","SRI","Stainless Steel Other","","- Tube side openings: - 1 head with 2-3" - 1 head with none - Shell side openings: - 1-3" - 2-2"","Horizontal","400 mm (15.7 in)","Carbon Steel","20 bar (290.1 psi)","220 °C (428 °F)","","Shell and Tube","","19 mm (0.75 in)","3,650 mm (144.5 in)","Stainless Steel Other","144","13.5 bar (195.8 psi)","220 °C (428 °F)","","","","Stainless Steel Other","Heat Exchanger","Yes"
"221525","Stainless Steel Other SRI Shell and Tube Heat Exchanger - IPP# 221525","https://ims.internationalprocessplants.com/inventory/equipment/detail/221525","25","","","Used","Carbon Steel","","38 m&#xB2; (409 ft&#xB2;)","4,200 mm (165.4 in)","SRI","Stainless Steel Other","","- Openings: - Tubeside: 2-6" - Shell side: 1-4", 1-3"","Horizontal","473 mm (18.6 in)","Stainless Steel Other","5.3 bar (76.9 psi)","180 °C (356 °F)","1","Shell and Tube","","19.1 mm (0.75 in)","3,850 mm (152 in)","Stainless Steel Other","110","8.7 bar (126.2 psi)","180 °C (356 °F)","1.65 mm (0.06 in)","U-Tube","2","","Heat Exchanger","Yes"
"221526","Stainless Steel 304 Sombroek Shell and Tube Heat Exchanger - IPP# 221526","https://ims.internationalprocessplants.com/inventory/equipment/detail/221526","22","","","Used","Stainless Steel 304","","11.4 m&#xB2; (122.7 ft&#xB2;)","2,900 mm (114.2 in)","Sombroek","Stainless Steel 304","","Tube side openings: (1) head with 2-3", (1) head with none - Shell side openings: 1-2", 1-1 1/2"","Horizontal","323 mm (12.7 in)","Carbon Steel","20 bar (290.1 psi)","250 °C (482 °F)","","Shell and Tube","","19.1 mm (0.75 in)","2,050 mm (81.5 in)","Stainless Steel 304","48","5 bar (72.5 psi)","250 °C (482 °F)","","","","Stainless Steel 304","Heat Exchanger","Yes"
"221528","Stainless Steel Other BV Kon Mi Je De Schelde Shell and Tube Heat Exchanger - IPP# 221528","https://ims.internationalprocessplants.com/inventory/equipment/detail/221528","23","","","Used","Carbon Steel","","214 m&#xB2; (2,300 ft&#xB2;)","6,200 mm (244.1 in)","BV Kon Mi Je De Schelde","Stainless Steel Other","","- Openings: - Tubeside: 2-8" - Shell side: 1-10", 1-6", 1-4"","Horizontal","1,000 mm (39.4 in)","Stainless Steel Other","5.3 bar (76.9 psi)","180 °C (356 °F)","","Shell and Tube","","19 mm (0.75 in)","5,100 mm (201.7 in)","Stainless Steel Other","746","10.5 bar (152.3 psi)","180 °C (356 °F)","","U-Tube","","Stainless Steel Other","Heat Exchanger","Yes"
"221531","Titanium Sombroek Shell and Tube Heat Exchanger - IPP# 221531","https://ims.internationalprocessplants.com/inventory/equipment/detail/221531","22","","","Used","Titanium","","14.5 m&#xB2; (156 ft&#xB2;)","5,300 mm (208.7 in)","Sombroek","Titanium","","- Openings: - Tubeside: 2-1 1/2" - Shell side: 2-2"","Horizontal","273 mm (10.7 in)","Carbon Steel","10.5 bar (152.3 psi)","150 °C (302 °F)","","Shell and Tube","","19.1 mm (0.75 in)","4,700 mm (185.4 in)","Titanium","31","3 bar (43.5 psi)","150 °C (302 °F)","","U-Tube","","","Heat Exchanger","Yes"
"221535","Stainless Steel 316 Korpershoek Shell and Tube Heat Exchanger - IPP# 221535","https://ims.internationalprocessplants.com/inventory/equipment/detail/221535","25","","","Used","Stainless Steel 316","","195 m&#xB2; (2,100 ft&#xB2;)","4,250 mm (166.5 in)","Korpershoek","Stainless Steel 316","","- Tube side openings: (1) head with 2-10", (1) head with none - Shell side openings: 1-4", 2-2"","Horizontal","1,000 mm (40.2 in)","Carbon Steel","20 bar (290.1 psi)","250 °C (482 °F)","1","Shell and Tube","","19.1 mm (0.75 in)","3,050 mm (119.8 in)","Stainless Steel 316","1,135","12.8 bar (185.6 psi)","250 °C (482 °F)","1.65 mm (0.06 in)","","6","Stainless Steel 316","Heat Exchanger","Yes"
"221536","Stainless Steel Other Roestvrystaal Shell and Tube Heat Exchanger - IPP# 221536","https://ims.internationalprocessplants.com/inventory/equipment/detail/221536","22","","","Used","Stainless Steel Other","","11 m&#xB2; (118.4 ft&#xB2;)","5,300 mm (207.7 in)","Roestvrystaal","Duplex","","- Openings: - Tubeside: 2-3" - Shell side: 2-3"","Horizontal","324 mm (12.8 in)","Carbon Steel","7 bar (101.5 psi)","150 °C (302 °F)","","Shell and Tube","","19 mm (0.75 in)","4,500 mm (177 in)","Stainless Steel Other","84","8 bar (116 psi)","150 °C (302 °F)","1.6 mm (0.06 in)","","","Stainless Steel Other","Heat Exchanger",""
"221537","Stainless Steel 304 Sombroek Shell and Tube Heat Exchanger - IPP# 221537","https://ims.internationalprocessplants.com/inventory/equipment/detail/221537","23","","","Used","Stainless Steel 304","","60.5 m&#xB2; (651 ft&#xB2;)","2,600 mm (102.4 in)","Sombroek","Stainless Steel 304","","- Openings tubeside: (1) head with 2-6", (1) head with none - Openings shell side: 1-4", 1-2"","Horizontal","850 mm (33.5 in)","Carbon Steel","12.8 bar (185.6 psi)","232 °C (449.6 °F)","","Shell and Tube","","19.1 mm (0.75 in)","1,900 mm (74 in)","Stainless Steel 304","554","5.3 bar (76.9 psi)","232 °C (449.6 °F)","1.65 mm (0.06 in)","","","Stainless Steel 304","Heat Exchanger","Yes"
"221538","Stainless Steel Other BV Speciaal Roesvrl Shell and Tube Heat Exchanger - IPP# 221538","https://ims.internationalprocessplants.com/inventory/equipment/detail/221538","22","","","Used","Stainless Steel Other","","10 m&#xB2; (107.6 ft&#xB2;)","3,500 mm (137.8 in)","BV Special","Duplex","","- Head openings: - Tubeside: (1) head with 2-2", (1) head with none - Shell side: 1-2", 1 1/2"","Horizontal","324 mm (12.8 in)","Carbon Steel","8.5 bar (123.3 psi)","180 °C (356 °F)","","Shell and Tube","","19 mm (0.75 in)","2,450 mm (95.7 in)","Stainless Steel Other","76","10.5 bar (152.3 psi)","180 °C (356 °F)","1.65 mm (0.06 in)","","","","Heat Exchanger","Yes"
"221540","Stainless Steel 316 Julius Montz Shell and Tube Heat Exchanger - IPP# 221540","https://ims.internationalprocessplants.com/inventory/equipment/detail/221540","25","","","Used","Stainless Steel 316","","14 m&#xB2; (150.7 ft&#xB2;)","1,900 mm (74.4 in)","Julius Montz","Stainless Steel 316","","- Head openings: - Tubeside: (1) head with 2-3", (1) head with 2-25mm - Shell side: 1-800mm, 1-250mm","Horizontal","600 mm (23.6 in)","Stainless Steel 316","1.1 bar (16 psi)","315 °C (599 °F)","1","Shell and Tube","","33.7 mm (1.33 in)","1,350 mm (53.5 in)","Stainless Steel 316","99","6.8 bar (98.6 psi)","315 °C (599 °F)","2 mm (0.08 in)","","2","Stainless Steel 316","Heat Exchanger","Yes"
"221544","Stainless Steel 316 SRI AEM Shell and Tube Heat Exchanger - IPP# 221544","https://ims.internationalprocessplants.com/inventory/equipment/detail/221544","25","","","Used","Carbon Steel","","25.2 m&#xB2; (271.3 ft&#xB2;)","3,100 mm (123 in)","SRI","Stainless Steel 316","AEM","- Head openings: tubeside - 2-2", shell side - 1-6", 1-3", 2-2", 1-1 1/2"","Horizontal","660 mm (26 in)","Stainless Steel Other","8.7 bar (126.2 psi)","210 °C (410 °F)","1","Shell and Tube","","19.3 mm (0.76 in)","2,600 mm (102.4 in)","Stainless Steel 316","80","12.8 bar (185.6 psi)","210 °C (410 °F)","","U-Tube","6","","Heat Exchanger","Yes"
"221545","Stainless Steel Other Oostndorp Shell and Tube Heat Exchanger - IPP# 221545","https://ims.internationalprocessplants.com/inventory/equipment/detail/221545","23","","","Used","Carbon Steel","","90 m&#xB2; (969 ft&#xB2;)","4,800 mm (189.8 in)","Oostndorp","Stainless Steel Other","","- Head openings (tubeside): (1) head with 2-80mm, (1) head with 1-25mm - Head openings (shell side): 1-250mm, 1-150mm, 2-75mm, 1-40mm","Horizontal","996 mm (39.2 in)","Stainless Steel 304","5.3 bar (76.9 psi)","135 °C (275 °F)","","Shell and Tube","","25.4 mm (1 in)","3,650 mm (143.7 in)","Stainless Steel Other","320","7 bar (101.5 psi)","235 °C (455 °F)","1.65 mm (0.06 in)","","","Stainless Steel 304","Heat Exchanger","Yes"
"221546","Stainless Steel 304 Graham Manf ltd AE-M-40-144 Shell and Tube Heat Exchanger - IPP# 221546","https://ims.internationalprocessplants.com/inventory/equipment/detail/221546","22","","","Used","Carbon Steel","","93.4 m&#xB2; (1,000 ft&#xB2;)","4,750 mm (187.1 in)","Graham Manufacturing Co.","Stainless Steel 304","AE-M-40-144","- Tube side openings: (1) head with 2-3", (1) head with 1-1" - Shell side openings: 1-10", 1-6", 2-3", 1-1 1/2"","Horizontal","1,000 mm (40 in)","Stainless Steel 304","5.3 bar (76.9 psi)","135 °C (275 °F)","1","Shell and Tube","","","","Stainless Steel 304","","7 bar (101.5 psi)","235 °C (455 °F)","","","6","Stainless Steel 304","Heat Exchanger","Yes"
"221547","Stainless Steel 321 Graham heat process ltd AEL-26-192 Shell and Tube Heat Exchanger - IPP# 221547","https://ims.internationalprocessplants.com/inventory/equipment/detail/221547","22","","","Used","Carbon Steel","","99.2 m&#xB2; (1,050 ft&#xB2;)","5,700 mm (225.4 in)","Graham heat process LTD.","Stainless Steel 321","AEL-26-192","- Head openings: Tubeside - (1) head with 2-6", (1) head with 2-1"; Shell side - 1-8", 1-3", 1-2"","Vertical","660 mm (26 in)","Stainless Steel 321","5.3 bar (76.9 psi)","150 °C (302 °F)","1","Shell and Tube","","","","Stainless Steel 321","","10.5 bar (152.3 psi)","150 °C (302 °F)","","","4","Stainless Steel 321","Heat Exchanger","Yes"
"221548","Stainless Steel Other Graham heat process ltd AEL-762-4878 Shell and Tube Heat Exchanger - IPP# 221548","https://ims.internationalprocessplants.com/inventory/equipment/detail/221548","24","","","Used","Carbon Steel","","132.2 m&#xB2; (1,400 ft&#xB2;)","5,950 mm (234.3 in)","Graham heat process LTD.","Stainless Steel Other","AEL-762-4878","openings tubeside: (1) head with 2-6", (1) head with 1-2", 1-1/2", shell side: 1-14", 2-3", 1-1/2"","Vertical","762 mm (30 in)","Stainless Steel Other","5.3 bar (76.9 psi)","150 °C (302 °F)","1","Shell and Tube","","19.3 mm (0.76 in)","4,900 mm (192 in)","Stainless Steel Other","470","7 bar (101.5 psi)","150 °C (302 °F)","","","","Stainless Steel Other","Heat Exchanger","Yes"
"221549","Stainless Steel 321 Graham Process ltd AEm-26-86 Shell and Tube Heat Exchanger - IPP# 221549","https://ims.internationalprocessplants.com/inventory/equipment/detail/221549","24","","","Used","Carbon Steel","","20.4 m&#xB2; (219.6 ft&#xB2;)","3,200 mm (125.6 in)","Graham Process LTD.","Stainless Steel 321","AEm-26-86","- Openings: Tubeside - (1) head with 2-2", (1) head with 1-1", Shell side - 1-20", 1-1 1/2"","Horizontal","660 mm (26 in)","Stainless Steel 321","5.5 bar (79.8 psi)","250 °C (482 °F)","1","Shell and Tube","","19.5 mm (0.77 in)","2,450 mm (96 in)","Stainless Steel 321","","7 bar (101.5 psi)","250 °C (482 °F)","","","4","Stainless Steel 321","Heat Exchanger","Yes"
"221550","Stainless Steel 316 SRI Shell and Tube Heat Exchanger - IPP# 221550","https://ims.internationalprocessplants.com/inventory/equipment/detail/221550","24","","","Used","Stainless Steel 316","","28.8 m&#xB2; (310 ft&#xB2;)","5,500 mm (216.5 in)","SRI","Stainless Steel 316","","- Openings: - Tubeside: (1) head with 2-2", (1) head with none - Shell side: 3-2"","Horizontal","355 mm (14 in)","Carbon Steel","10 bar (145 psi)","350 °C (662 °F)","1","Shell and Tube","","20 mm (0.79 in)","4,900 mm (192 in)","Stainless Steel 316","100","13.5 bar (195.8 psi)","350 °C (662 °F)","","","8","Stainless Steel 316","Heat Exchanger","Yes"
"221553","Stainless Steel 304 Graham Process ltd AEL-44-144 Shell and Tube Heat Exchanger - IPP# 221553","https://ims.internationalprocessplants.com/inventory/equipment/detail/221553","25","","","Used","Carbon Steel","","142.6 m&#xB2; (1,550 ft&#xB2;)","4,650 mm (183.5 in)","Graham Process ltd","Stainless Steel 304","AEL-44-144","- Tube side openings: (1) head with 2-6", (1) head with none - Shell side openings: 1-42", 1-16", 1-3"","Horizontal","1,100 mm (44 in)","Stainless Steel 304","5 bar (72.5 psi)","275 °C (527 °F)","1","Shell and Tube","","19.3 mm (0.76 in)","3,650 mm (144 in)","Stainless Steel 304","650","7 bar (101.5 psi)","275 °C (527 °F)","","","4","Stainless Steel 304","Heat Exchanger","Yes"
"221558","Graphite Sigri WT-RS77-1-34930-1 Shell and Tube Heat Exchanger - IPP# 221558","https://ims.internationalprocessplants.com/inventory/equipment/detail/221558","22","","","Used","","","81 m&#xB2; (872 ft&#xB2;)","5,900 mm (231.8 in)","Sigri GmbH","Graphite","WT-RS77-1-34930-1","- Tube side openings: (1) head with 1-12", (1) head with 1-4", 2-3", 1-1 1/2" - Shell side openings: 2-6", 1-1"","Vertical","856 mm (33.7 in)","Carbon Steel","7 bar (101.5 psi)","165 °C (329 °F)","","Shell and Tube","","32 mm (1.26 in)","2,850 mm (111.8 in)","Graphite","349","1.8 bar (26.1 psi)","165 °C (329 °F)","5 mm (0.2 in)","","","","Heat Exchanger","Yes"
"221559","Graphite Sigri WT-RS77-1-34930-1 Shell and Tube Heat Exchanger - IPP# 221559","https://ims.internationalprocessplants.com/inventory/equipment/detail/221559","22","","","Used","","","81 m&#xB2; (872 ft&#xB2;)","5,900 mm (231.8 in)","Sigri GmbH","Graphite","WT-RS77-1-34930-1","- Tube side openings: - (1) head with 1-12" - (1) head with 1-4" - 2-3" - 1-1 1/2" - Shell side openings: - 2-6" - 1-1"","Vertical","856 mm (33.7 in)","Carbon Steel","7 bar (101.5 psi)","165 °C (329 °F)","","Shell and Tube","","32 mm (1.26 in)","2,850 mm (111.8 in)","Graphite","349","1.5 bar (21.8 psi)","165 °C (329 °F)","5 mm (0.2 in)","","","","Heat Exchanger","Yes"
"221564","Shell and Tube Heat Exchanger 38 m&#xB2; (409 ft&#xB2;) Stainless Steel Other For Sale - IPP# 221564","https://ims.internationalprocessplants.com/inventory/equipment/detail/221564","25","","","Used","Stainless Steel Other","","38 m&#xB2; (409 ft&#xB2;)","4,500 mm (176.7 in)","SRI","Stainless Steel Other","25-BEM-36","- Tubeside openings: Coned head with 1-10", 2-2", bonnet head with 1-4", 1-2" - Shell side openings: 2-4", 1-2"","Horizontal","406 mm (16 in)","Carbon Steel","8.7 bar (126.2 psi)","180 °C (356 °F)","1","Shell and Tube","","19 mm (0.75 in)","3,650 mm (144 in)","Stainless Steel Other","177","7 bar (101.5 psi)","180 °C (356 °F)","1.5 mm (0.06 in)","","1","","Heat Exchanger","Yes"
"221565","Stainless Steel Other SRI 25-BEM-36 Shell and Tube Heat Exchanger - IPP# 221565","https://ims.internationalprocessplants.com/inventory/equipment/detail/221565","25","","","Used","Stainless Steel Other","","38 m&#xB2; (409 ft&#xB2;)","4,500 mm (176.7 in)","SRI","Stainless Steel Other","25-BEM-36","- Openings: Tubeside - coned head with 1-10", 2-2", bonnet head with 1-4", 1-2"; Shell side - 2-4", 1-2"","Horizontal","406 mm (16 in)","Carbon Steel","8.7 bar (126.2 psi)","180 °C (356 °F)","1","Shell and Tube","","19 mm (0.75 in)","3,650 mm (144 in)","Stainless Steel Other","177","7 bar (101.5 psi)","180 °C (356 °F)","1.5 mm (0.06 in)","","1","","Heat Exchanger","Yes"
"221566","Stainless Steel 316 Graham Manf ltd AXU-644-3698 Shell and Tube Heat Exchanger - IPP# 221566","https://ims.internationalprocessplants.com/inventory/equipment/detail/221566","26","","","Used","Stainless Steel 316","","42.8 m&#xB2; (460.7 ft&#xB2;)","4,600 mm (182.1 in)","Graham Manufacturing Co.","Stainless Steel 316","AXU-644-3698","- Openings: - Tubeside: 2-2" - Shell side: 2-6", 2-2"","Horizontal","927 mm (36.5 in)","Carbon Steel","7 bar (101.5 psi)","200 °C (392 °F)","1","Shell and Tube","","19.3 mm (0.76 in)","3,650 mm (144 in)","Stainless Steel 316","196","12.8 bar (185.6 psi)","200 °C (392 °F)","","U-Tube","8","Stainless Steel 316","Heat Exchanger","Yes"
"221567","Stainless Steel 316 Graham Manf ltd AXU-644-3698 Shell and Tube Heat Exchanger - IPP# 221567","https://ims.internationalprocessplants.com/inventory/equipment/detail/221567","26","","","Used","Stainless Steel 316","","42.8 m&#xB2; (460.7 ft&#xB2;)","4,600 mm (182.1 in)","Graham Manufacturing Co.","Stainless Steel 316","AXU-644-3698","- Openings: - Tubeside: 2-2" - Shell side: 2-6", 2-2"","Horizontal","927 mm (36.5 in)","Stainless Steel 316","7 bar (101.5 psi)","200 °C (392 °F)","1","Shell and Tube","","19.3 mm (0.76 in)","3,650 mm (144 in)","Stainless Steel 316","196","12.8 bar (185.6 psi)","200 °C (392 °F)","","U-Tube","8","Stainless Steel 316","Heat Exchanger","Yes"
"221572","Stainless Steel Other BV Special Shell and Tube Heat Exchanger - IPP# 221572","https://ims.internationalprocessplants.com/inventory/equipment/detail/221572","22","","","Used","Carbon Steel","","14 m&#xB2; (150.7 ft&#xB2;)","","BV Special","Stainless Steel Other","","Head openings: - Tubeside: (1) head with 2-4", (1) head with 2-1/2" - Shell side: 1-4", 2-1 1/2", 1-1", 2-1/2"","Horizontal","406 mm (16 in)","Stainless Steel Other","5.1 bar (74 psi)","203 °C (397.4 °F)","1","Shell and Tube","","19 mm (0.75 in)","2,400 mm (94.3 in)","Stainless Steel Other","104","7 bar (101.5 psi)","80 °C (176 °F)","","","","Stainless Steel Other","Heat Exchanger","Yes"
"221573","Stainless Steel Other Special Roesyrijstaal Shell and Tube Heat Exchanger - IPP# 221573","https://ims.internationalprocessplants.com/inventory/equipment/detail/221573","22","","","Used","Carbon Steel","","6.6 m&#xB2; (71 ft&#xB2;)","","Special Roesyrijstaal","Stainless Steel Other","","openings (1) head with 2-3/4", (1) head with 2-4" - Shell side openings: 4-1 1/2", 1-1/2"","Horizontal","273 mm (10.7 in)","Stainless Steel Other","2 bar (29 psi)","120 °C (248 °F)","1","Shell and Tube","","19.5 mm (0.77 in)","2,000 mm (78.7 in)","Stainless Steel Other","57","7 bar (101.5 psi)","40 °C (104 °F)","","","2","","Heat Exchanger","Yes"
"222142","Unused Stainless Steel Other Shell and Tube Heat Exchanger - IPP# 222142","https://ims.internationalprocessplants.com/inventory/equipment/detail/222142","26","","","Unused","Carbon Steel","","574 m&#xB2; (6,200 ft&#xB2;)","7,300 mm (288 in)","Daekyung Machinery & Engineering Co. Ltd. (Korea)","Stainless Steel Other","","Openings include: (2) Shell side nozzles are 16" NPS, (2) tube side nozzles are 10" NPS in the channel head","Horizontal","1,450 mm (58 in)","Carbon Steel","29.3 bar (425 psi)","343.3 °C (650 °F)","1","Shell and Tube","","25.4 mm (1 in)","7,300 mm (288 in)","Stainless Steel 316","108","34.5 bar (500 psi)","343.3 °C (650 °F)","1.52 mm (0.06 in)","Straight Tube","8","Stainless Steel Other","Heat Exchanger","Yes"
"222143","Unused Stainless Steel 316 Clad Shell and Tube Heat Exchanger - IPP# 222143","https://ims.internationalprocessplants.com/inventory/equipment/detail/222143","25","","Yes","Unused","Stainless Steel 316","","790 m&#xB2; (8,500 ft&#xB2;)","7,300 mm (288 in)","Daekyung Machinery & Engineering Co. Ltd. (Korea)","Stainless Steel 316","","- Openings: (2) 10" NPS shell nozzles, (2) 10" NPS nozzles in the channel head","Horizontal","","Stainless Steel 316","29.3 bar (425 psi)","385 °C (725 °F)","1","Shell and Tube","","25.4 mm (1 in)","7,300 mm (288 in)","Stainless Steel 316","1,398","29.3 bar (425 psi)","398.9 °C (750 °F)","2.1 mm (0.08 in)","","8","Stainless Steel 321","Heat Exchanger","Yes"
"222144","Unused Stainless Steel 316 Shell and Tube Heat Exchanger - IPP# 222144","https://ims.internationalprocessplants.com/inventory/equipment/detail/222144","25","","","Unused","Stainless Steel 316","","790 m&#xB2; (8,500 ft&#xB2;)","","Daekyung Machinery & Engineering Co. Ltd. (Korea)","Stainless Steel 316","AES","Openings Include: (2) 10" NPS shell nozzles: Tube Side - (2) 10" NPS nozzles in the channel head","Horizontal","1,500 mm (59 in)","Stainless Steel 316","29.3 bar (425 psi)","385 °C (725 °F)","1","Shell and Tube","","25.4 mm (1 in)","7,300 mm (288 in)","Stainless Steel 316","1,398","29.3 bar (425 psi)","398.9 °C (750 °F)","2.1 mm (0.08 in)","","8","Stainless Steel 321","Heat Exchanger","Yes"
"222145","Unused Stainless Steel Other Clad Shell and Tube Heat Exchanger - IPP# 222145","https://ims.internationalprocessplants.com/inventory/equipment/detail/222145","26","","Yes","Unused","Stainless Steel Other","","508 m&#xB2; (5,450 ft&#xB2;)","6,700 mm (264 in)","Daekyung Machinery & Engineering Co. Ltd. (Korea)","Stainless Steel Other","AKT","- Openings: Channel Head (2) 16"; Shell (1) 4", (2) 12"","Horizontal","1,800 mm (70 in)","Carbon Steel","25.2 bar (365 psi)","343.3 °C (650 °F)","","Shell and Tube","","25.4 mm (1 in)","6,700 mm (264 in)","Stainless Steel Other","1,008","24.1 bar (350 psi)","360 °C (680 °F)","16.5 mm (0.65 in)","Straight Tube","","Stainless Steel Other","Heat Exchanger","Yes"
"222146","Unused Stainless Steel 321 Clad Shell and Tube Heat Exchanger - IPP# 222146","https://ims.internationalprocessplants.com/inventory/equipment/detail/222146","28","","Yes","Unused","Carbon Steel","","285.6 m&#xB2; (3,050 ft&#xB2;)","6,100 mm (240 in)","Luigi-Resta SpA-C (Italy)","Stainless Steel 321","DEU","Openings include: Shell side (2)10" NPS, (1) 2"; Tube side (2) 12", (1) 2" in the channel Head","Horizontal","991 mm (39 in)","Carbon Steel","149.2 bar (2,150 psi)","412.8 °C (775 °F)","1","Shell and Tube","","25.4 mm (1 in)","6,100 mm (240 in)","Stainless Steel 321","300","138.3 bar (2,000 psi)","448.9 °C (840 °F)","2.1 mm (0.08 in)","U-Tube","2","Stainless Steel 321","Heat Exchanger","Yes"
"222148","Unused Stainless Steel 321 Clad Shell and Tube Heat Exchanger - IPP# 222148","https://ims.internationalprocessplants.com/inventory/equipment/detail/222148","28","","Yes","Unused","Carbon Steel","","300.9 m&#xB2; (3,250 ft&#xB2;)","10,550 mm (416 in)","Luigi-Resta SpA-C (Italy)","Stainless Steel 321","DEU","Two shell side nozzles 10" NPS, two tube side nozzles 12" NPS","Horizontal","1,050 mm (42 in)","Stainless Steel 321","153.5 bar (2,250 psi)","393.3 °C (740 °F)","1","Shell and Tube","","25.4 mm (1 in)","5,500 mm (216 in)","Stainless Steel 321","353","137.5 bar (2,000 psi)","448.9 °C (840 °F)","2.1 mm (0.08 in)","U-Tube","2","Stainless Steel 321","Heat Exchanger","Yes"
"222149","Unused Stainless Steel 316 Clad Shell and Tube Heat Exchanger - IPP# 222149","https://ims.internationalprocessplants.com/inventory/equipment/detail/222149","28","","Yes","Unused","Stainless Steel 316","","427.5 m&#xB2; (4,600 ft&#xB2;)","8,300 mm (327 in)","Exchanger Industries (Canada)","Stainless Steel 316","AKU","Openings Include: Shell Side - (2) 24"" shell outlets, (1) 14" shell inlet (1) 12" liquid outlet; Channel Head - (1) 12" (1) 6"","Horizontal","1,750 mm (68 in)","Stainless Steel 316","7.3 bar (106 psi)","176.7 °C (350 °F)","1","Shell and Tube","","19.1 mm (0.75 in)","6,100 mm (240 in)","Stainless Steel 316","562","13.4 bar (195 psi)","360 °C (680 °F)","1.52 mm (0.06 in)","U-Tube","2","Stainless Steel 316","Heat Exchanger","Yes"
"222196","Unused Stainless Steel 321 Shell and Tube Heat Exchanger - IPP# 222196","https://ims.internationalprocessplants.com/inventory/equipment/detail/222196","27","","","Unused","Stainless Steel Other","","300.9 m&#xB2; (3,250 ft&#xB2;)","5,500 mm (216 in)","Luigi-Resta SpA-C (Italy)","Stainless Steel 321","DEU","Openings Include: shell side (2) 10" NPS, (1) 2"; tube side (2) 12" NPS (1) 2" in channel head","Horizontal","1,050 mm (42 in)","Stainless Steel Other","153.5 bar (2,250 psi)","393.3 °C (740 °F)","1","Shell and Tube","","25.4 mm (1 in)","5,500 mm (216 in)","Stainless Steel 321","353","137.5 bar (2,000 psi)","448.9 °C (840 °F)","2.1 mm (0.08 in)","U-Tube","2","Stainless Steel 321","Heat Exchanger","Yes"
"222197","Unused Stainless Steel 321 Clad Shell and Tube Heat Exchanger - IPP# 222197","https://ims.internationalprocessplants.com/inventory/equipment/detail/222197","28","","Yes","Unused","Stainless Steel Other","","285.6 m&#xB2; (3,050 ft&#xB2;)","6,100 mm (240 in)","Luigi-Resta SpA-C (Italy)","Stainless Steel 321","DEU","Openings include: Shell side (2)10" NPS, (1) 2"; Tube side (2) 12", (1) 2" in the channel Head","Horizontal","991 mm (39 in)","Stainless Steel Other","150.4 bar (2,200 psi)","412.8 °C (775 °F)","1","Shell and Tube","","25.4 mm (1 in)","6,100 mm (240 in)","Stainless Steel 321","300","138.3 bar (2,000 psi)","448.9 °C (840 °F)","2.1 mm (0.08 in)","U-Tube","2","Stainless Steel 321","Heat Exchanger","Yes"
"222336","Shell and Tube Heat Exchanger 25.5 m&#xB2; (275 ft&#xB2;) Stainless Steel Austenitic For Sale - IPP# 222336","https://ims.internationalprocessplants.com/inventory/equipment/detail/222336","23","","","Used","Stainless Steel 316","","25.5 m&#xB2; (275 ft&#xB2;)","","GIG Apparate und Anlagenbau Gmbh","Stainless Steel Austenitic","","tubeside: top head: 1-700mm manway, bottom head: 1-600mm manway with cover and 100mm sightglass, 1-600mm, 1-100mm (product inlet), 1-100mm (product outlet), shell: 1-400mm, 1-150mm, 2-6mm","Vertical","","Stainless Steel Austenitic","4 bar (58 psi)","200 °C (392 °F)","","Shell and Tube","","60.3 mm (2.4 in)","18,000 mm (709 in)","Stainless Steel Austenitic","48","5 bar (72.5 psi)","200 °C (392 °F)","1.25 mm (0.05 in)","Straight Tube","1","Stainless Steel Austenitic","Heat Exchanger","Yes"
"222338","Shell and Tube Heat Exchanger 360 m&#xB2; (3,900 ft&#xB2;) Stainless Steel Austenitic For Sale - IPP# 222338","https://ims.internationalprocessplants.com/inventory/equipment/detail/222338","23","","","Used","Stainless Steel Austenitic","","360 m&#xB2; (3,900 ft&#xB2;)","","GIG Apparate und Anlagenbau Gmbh","Stainless Steel Austenitic","","openings: top head: 1-950mm manway, 1-600mm (feed), 2-25/50mm, bottom head: 1-200mm, 2-100mm sight glasses, 1-100mm (outlet), 4-80mm, 1-25/50mm, shell: 2-400mm, 1-6mm","Vertical","950 mm (37.4 in)","Stainless Steel Austenitic","4 bar (58 psi)","150 °C (302 °F)","","Shell and Tube","","60.3 mm (2.4 in)","14,000 mm (551 in)","Stainless Steel Austenitic","140","6 bar (87 psi)","150 °C (302 °F)","1.25 mm (0.05 in)","","1","Stainless Steel Austenitic","Heat Exchanger","Yes"
"222359","Shell and Tube Heat Exchanger 11.8 m&#xB2; (127 ft&#xB2;) Stainless Steel Austenitic For Sale - IPP# 222359","https://ims.internationalprocessplants.com/inventory/equipment/detail/222359","12","","","Used","","","11.8 m&#xB2; (127 ft&#xB2;)","","GESSNER","Stainless Steel Austenitic","","","","300 mm (11.8 in)","Stainless Steel Austenitic","","","","Shell and Tube","","","","Stainless Steel Austenitic","","6 bar (87 psi)","200 °C (392 °F)","","","","","Heat Exchanger","Yes"
"222415","Tantalum Shell and Tube Heat Exchanger - IPP# 222415","https://ims.internationalprocessplants.com/inventory/equipment/detail/222415","21","","","Used","Carbon Steel","","3.5 m&#xB2; (38 ft&#xB2;)","3,400 mm (133 in)","Fansteel","Tantalum","","Nozzles: Two 3" on shell, two 4" on tubes.","Vertical","254 mm (10 in)","Carbon Steel","10.3 bar (150 psi)","190.6 °C (375 °F)","","Shell and Tube","","19.1 mm (0.75 in)","2,150 mm (84 in)","Tantalum","28","10.3 bar (150 psi)","190.6 °C (375 °F)","0.38 mm (0.015 in)","","","","Heat Exchanger",""
"222554","Stainless Steel 316 Shell and Tube Heat Exchanger - IPP# 222554","https://ims.internationalprocessplants.com/inventory/equipment/detail/222554","22","","","Used","Stainless Steel 316","","62.2 m&#xB2; (670 ft&#xB2;)","4,800 mm (188.5 in)","Manning & Lewis","Stainless Steel 316","","Two 6" nozzles, two 4" nozzles","Vertical","","Stainless Steel 304","10.3 bar (150 psi)","204.4 °C (400 °F)","","Shell and Tube","","19.1 mm (0.75 in)","4,800 mm (188.5 in)","Stainless Steel 316","218","24.1 bar (350 psi)","204.4 °C (400 °F)","1.52 mm (0.06 in)","Straight Tube","","Stainless Steel 316","Heat Exchanger",""
"222570","Shell and Tube Heat Exchanger 11.4 m&#xB2; (123 ft&#xB2;) Tantalum For Sale - IPP# 222570","https://ims.internationalprocessplants.com/inventory/equipment/detail/222570","18","","","Used","Carbon Steel","","11.4 m&#xB2; (123 ft&#xB2;)","","Pfaudler","Tantalum","","","Horizontal","","Carbon Steel","3.4 bar (50 psi)","232.2 °C (450 °F)","","Shell and Tube","","25.4 mm (1 in)","","Tantalum","48","1.72 bar (25 psi)","232.2 °C (450 °F)","","","","Tantalum","Heat Exchanger","Yes"
"222660","Shell and Tube Heat Exchanger 98.5 m&#xB2; (1,050 ft&#xB2;) Stainless Steel 316 For Sale - IPP# 222660","https://ims.internationalprocessplants.com/inventory/equipment/detail/222660","26","","Yes","Used","Stainless Steel 316","","98.5 m&#xB2; (1,050 ft&#xB2;)","2,450 mm (97.2 in)","Mechanica Sarda","Stainless Steel 316","BEM","Openings include: Top head 1-6", Bottom Head 1-6" (center), 1-6" on side of cone, Shell 2-10",","","850 mm (33.5 in)","Carbon Steel","12 bar (174 psi)","130 °C (266 °F)","1","Shell and Tube","","25 mm (0.98 in)","2,450 mm (97.2 in)","Stainless Steel 316","535","18 bar (261.1 psi)","130 °C (266 °F)","1.5 mm (0.06 in)","","1","Stainless Steel 316","Heat Exchanger","Yes"
"222661","Stainless Steel 316 Clad Mechanica Sarda BEM Shell and Tube Heat Exchanger - IPP# 222661","https://ims.internationalprocessplants.com/inventory/equipment/detail/222661","27","","Yes","Used","Stainless Steel 316","","98.5 m&#xB2; (1,050 ft&#xB2;)","2,450 mm (97.2 in)","Meccanica Sardia","Stainless Steel 316","BEM","Openings include: Top head (1) 6"; Bottom Head (1) 6" Center (1) 6" on cone; Shell (2) 10"","Vertical","850 mm (33.5 in)","Carbon Steel","12 bar (174 psi)","130 °C (266 °F)","1","Shell and Tube","","25 mm (0.98 in)","2,450 mm (97.2 in)","Stainless Steel 316","535","18 bar (261.1 psi)","130 °C (266 °F)","1.5 mm (0.06 in)","","1","Stainless Steel 316","Heat Exchanger","Yes"
"222663","Stainless Steel 316 Clad Mechanica Sarda BEM Shell and Tube Heat Exchanger - IPP# 222663","https://ims.internationalprocessplants.com/inventory/equipment/detail/222663","27","","Yes","Used","Stainless Steel 316","","98.5 m&#xB2; (1,050 ft&#xB2;)","2,450 mm (97.2 in)","Meccanica Sardia","Stainless Steel 316","BEM","Openings include: Top head (1) 6"; Bottom Head (1) 6" Center (1) 6" on cone; Shell (2) 10"","Vertical","850 mm (33.5 in)","Carbon Steel","12 bar (174 psi)","130 °C (266 °F)","1","Shell and Tube","","25 mm (0.98 in)","2,450 mm (97.2 in)","Stainless Steel 316","535","18 bar (261.1 psi)","130 °C (266 °F)","1.5 mm (0.06 in)","","1","Stainless Steel 316","Heat Exchanger","Yes"
"222664","Shell and Tube Heat Exchanger 98.5 m&#xB2; (1,050 ft&#xB2;) Stainless Steel 316 For Sale - IPP# 222664","https://ims.internationalprocessplants.com/inventory/equipment/detail/222664","26","","","Used","Stainless Steel 316","","98.5 m&#xB2; (1,050 ft&#xB2;)","2,450 mm (97.2 in)","Mechanica Sarda","Stainless Steel 316","BEM","Openings: Top head (1) 6"; Bottom head (1) 6"; Center (1) 6" on cone; Shell (2) 10"","Vertical","850 mm (33.5 in)","Carbon Steel","12 bar (174 psi)","130 °C (266 °F)","1","Shell and Tube","","25 mm (0.98 in)","2,450 mm (97.2 in)","Stainless Steel 316","535","18 bar (261.1 psi)","130 °C (266 °F)","1.5 mm (0.06 in)","","1","Stainless Steel 316","Heat Exchanger","Yes"
"222665","Stainless Steel 316 Mechanica Sarda Shell and Tube Heat Exchanger - IPP# 222665","https://ims.internationalprocessplants.com/inventory/equipment/detail/222665","25","","","Used","Stainless Steel 316","","98.5 m&#xB2; (1,050 ft&#xB2;)","2,450 mm (97.2 in)","Meccanica Sardia","Stainless Steel 316","","- Openings: Top head (1) 6"; Bottom head (1) 6"; Center (1) 6" on cone; Shell (2) 10"","Vertical","850 mm (33.5 in)","Carbon Steel","12 bar (174 psi)","130 °C (266 °F)","1","Shell and Tube","","25 mm (0.98 in)","2,450 mm (97.2 in)","Stainless Steel 316","535","18 bar (261.1 psi)","130 °C (266 °F)","1.5 mm (0.06 in)","","1","Stainless Steel 316","Heat Exchanger","Yes"
"222666","Shell and Tube Heat Exchanger 98.5 m&#xB2; (1,050 ft&#xB2;) Stainless Steel 316 For Sale - IPP# 222666","https://ims.internationalprocessplants.com/inventory/equipment/detail/222666","26","","","Used","Stainless Steel 316","","98.5 m&#xB2; (1,050 ft&#xB2;)","2,450 mm (97.2 in)","Mechanica Sarda","Stainless Steel 316","BEM","Openings include: Top head (1) 6"; Bottom Head (1) 6" Center (1) 6" on cone; Shell (2) 10".","Vertical","850 mm (33.5 in)","Carbon Steel","12 bar (174 psi)","130 °C (266 °F)","1","Shell and Tube","","25 mm (0.98 in)","2,450 mm (97.2 in)","Stainless Steel 316","535","18 bar (261.1 psi)","130 °C (266 °F)","1.5 mm (0.06 in)","","1","Stainless Steel 316","Heat Exchanger","Yes"
"222667","Stainless Steel 316 Mechanica Sarda BEM Shell and Tube Heat Exchanger - IPP# 222667","https://ims.internationalprocessplants.com/inventory/equipment/detail/222667","26","","","Used","Stainless Steel 316","","98.5 m&#xB2; (1,050 ft&#xB2;)","2,450 mm (97.2 in)","Meccanica Sardia","Stainless Steel 316","BEM","Openings include: Top head (1) 6"; Bottom Head (1) 6" Center (1) 6" on cone; Shell (2) 10"","Vertical","850 mm (33.5 in)","Carbon Steel","12 bar (174 psi)","30 °C (86 °F)","1","Shell and Tube","","25 mm (0.98 in)","2,450 mm (97.2 in)","Stainless Steel 316","535","18 bar (261.1 psi)","130 °C (266 °F)","1.5 mm (0.06 in)","","1","Stainless Steel 316","Heat Exchanger","Yes"
"222668","Shell and Tube Heat Exchanger 96 m&#xB2; (1,050 ft&#xB2;) Stainless Steel 304 For Sale - IPP# 222668","https://ims.internationalprocessplants.com/inventory/equipment/detail/222668","27","","Yes","Used","Stainless Steel 304","","96 m&#xB2; (1,050 ft&#xB2;)","2,400 mm (95.5 in)","Mechanica Sarda","Stainless Steel 304","BEM","Openings include: Top head (1) 4"; Bottom Head (1) 4" Center (1) 6" on cone; Shell (2) 10".","Vertical","850 mm (33.5 in)","Carbon Steel","12 bar (174 psi)","130 °C (266 °F)","1","Shell and Tube","","25 mm (0.98 in)","2,400 mm (95.5 in)","Stainless Steel 304","535","18 bar (261.1 psi)","130 °C (266 °F)","1.5 mm (0.06 in)","","1","Stainless Steel 304","Heat Exchanger","Yes"
"222669","Stainless Steel 316 Mechanica Sarda BEM Shell and Tube Heat Exchanger - IPP# 222669","https://ims.internationalprocessplants.com/inventory/equipment/detail/222669","26","","","Used","Stainless Steel 316","","98.5 m&#xB2; (1,050 ft&#xB2;)","2,450 mm (97.2 in)","Meccanica Sardia","Stainless Steel 316","BEM","Openings include: Top head (1) 6"; Bottom Head (1) 6" Center (1) 6" on cone; Shell (2) 10"","Vertical","850 mm (33.5 in)","Carbon Steel","12 bar (174 psi)","130 °C (266 °F)","1","Shell and Tube","","25 mm (0.98 in)","2,450 mm (97.2 in)","Stainless Steel 316","535","18 bar (261.1 psi)","130 °C (266 °F)","1.5 mm (0.06 in)","","1","Stainless Steel 316","Heat Exchanger","Yes"
"222670","Shell and Tube Heat Exchanger 98.5 m&#xB2; (1,050 ft&#xB2;) Stainless Steel 316 For Sale - IPP# 222670","https://ims.internationalprocessplants.com/inventory/equipment/detail/222670","24","","","Used","Stainless Steel 316","","98.5 m&#xB2; (1,050 ft&#xB2;)","2,450 mm (97.2 in)","Mechanica Sarda","Stainless Steel 316","BEM","","","850 mm (33.5 in)","Carbon Steel","12 bar (174 psi)","130 °C (266 °F)","1","Shell and Tube","","25 mm (0.98 in)","2,450 mm (97.2 in)","Stainless Steel 316","535","18 bar (261.1 psi)","130 °C (266 °F)","1.5 mm (0.06 in)","","1","Stainless Steel 316","Heat Exchanger","Yes"
"222671","Stainless Steel 316 Mechanica Sarda BEM Shell and Tube Heat Exchanger - IPP# 222671","https://ims.internationalprocessplants.com/inventory/equipment/detail/222671","26","","","Used","Stainless Steel 316","","98.5 m&#xB2; (1,050 ft&#xB2;)","2,450 mm (97.2 in)","Meccanica Sardia","Stainless Steel 316","BEM","Openings include: Top head (1) 6"; Bottom Head (1) 6" Center (1) 6" on cone; Shell (2) 10"","Vertical","850 mm (33.5 in)","Carbon Steel","12 bar (174 psi)","130 °C (266 °F)","1","Shell and Tube","","25 mm (0.98 in)","2,450 mm (97.2 in)","Stainless Steel 316","535","18 bar (261.1 psi)","130 °C (266 °F)","1.5 mm (0.06 in)","","1","Stainless Steel 316","Heat Exchanger","Yes"
"222672","Shell and Tube Heat Exchanger 98.5 m&#xB2; (1,050 ft&#xB2;) Stainless Steel 316 For Sale - IPP# 222672","https://ims.internationalprocessplants.com/inventory/equipment/detail/222672","27","","Yes","Used","Stainless Steel 316","","98.5 m&#xB2; (1,050 ft&#xB2;)","2,450 mm (97.2 in)","Mechanica Sarda","Stainless Steel 316","BEM","Openings include: Top head (1) 6"; Bottom Head (1) 6" Center (1) 6" on cone; Shell (2) 10"","Vertical","850 mm (33.5 in)","Carbon Steel","12 bar (174 psi)","130 °C (266 °F)","1","Shell and Tube","","25 mm (0.98 in)","2,450 mm (97.2 in)","Stainless Steel 316","535","18 bar (261.1 psi)","130 °C (266 °F)","1.5 mm (0.06 in)","","1","Stainless Steel 316","Heat Exchanger","Yes"
"222674","Shell and Tube Heat Exchanger 98.5 m&#xB2; (1,050 ft&#xB2;) Stainless Steel 316 For Sale - IPP# 222674","https://ims.internationalprocessplants.com/inventory/equipment/detail/222674","22","","","Used","Stainless Steel 316","","98.5 m&#xB2; (1,050 ft&#xB2;)","","Mechanica Sarda","Stainless Steel 316","BEM","","Vertical","850 mm (33.5 in)","Carbon Steel","12 bar (174 psi)","130 °C (266 °F)","","Shell and Tube","","25 mm (0.98 in)","2,500 mm (98.4 in)","Stainless Steel 316","525","18 bar (261.1 psi)","130 °C (266 °F)","1.5 mm (0.06 in)","","","Stainless Steel 316","Heat Exchanger","Yes"
"222675","Stainless Steel 316 Scambiatori Di Calore s.r.l. BEM Shell and Tube Heat Exchanger - IPP# 222675","https://ims.internationalprocessplants.com/inventory/equipment/detail/222675","26","","","Used","Stainless Steel 316","","98.5 m&#xB2; (1,050 ft&#xB2;)","2,500 mm (98.4 in)","Scambiatori Di Calore s.r.l.","Stainless Steel 316","BEM","- Openings: Top head (1) 150mm; Bottom head (1) 150mm; Center (1) 150mm on cone; Shell (2) 250mm","Vertical","850 mm (33.5 in)","Carbon Steel","12 bar (174 psi)","130 °C (266 °F)","1","Shell and Tube","","25 mm (0.98 in)","2,500 mm (98.4 in)","Stainless Steel 316","525","18 bar (261.1 psi)","130 °C (266 °F)","1.5 mm (0.06 in)","","1","Stainless Steel 316","Heat Exchanger","Yes"
"222677","Stainless Steel 316 Mechanica Sarda BEM Shell and Tube Heat Exchanger - IPP# 222677","https://ims.internationalprocessplants.com/inventory/equipment/detail/222677","26","","","Used","Stainless Steel 316","","98.5 m&#xB2; (1,050 ft&#xB2;)","2,450 mm (97.2 in)","Meccanica Sardia","Stainless Steel 316","BEM","Openings include: Top head (1) 6"; Bottom Head (1) 6" Center (1) 6" on cone; Shell (2) 10".","Vertical","850 mm (33.5 in)","Carbon Steel","12 bar (174 psi)","130 °C (266 °F)","1","Shell and Tube","","25 mm (0.98 in)","2,450 mm (97.2 in)","Stainless Steel 316","535","18 bar (261.1 psi)","130 °C (266 °F)","1.5 mm (0.06 in)","","1","Stainless Steel 316","Heat Exchanger","Yes"
"222792","Shell and Tube Heat Exchanger 188.3 m&#xB2; (2,050 ft&#xB2;) Stainless Steel 316 For Sale - IPP# 222792","https://ims.internationalprocessplants.com/inventory/equipment/detail/222792","25","","Yes","Used","Stainless Steel 316","","188.3 m&#xB2; (2,050 ft&#xB2;)","6,650 mm (261.7 in)","Meccanica Sardia","Stainless Steel 316","BEM 1300 x 4000","","Vertical","1,300 mm (51.2 in)","Stainless Steel 316","4 bar (58 psi)","31 °C (87.8 °F)","1","Shell and Tube","","50.8 mm (2 in)","4,000 mm (157.5 in)","Stainless Steel 316","295","8.5 bar (123.3 psi)","58 °C (136.4 °F)","2.1 mm (0.08 in)","","1","","Heat Exchanger","Yes"
"222793","Shell and Tube Heat Exchanger 188.3 m&#xB2; (2,050 ft&#xB2;) Stainless Steel 316 For Sale - IPP# 222793","https://ims.internationalprocessplants.com/inventory/equipment/detail/222793","25","","Yes","Used","Stainless Steel 316","","188.3 m&#xB2; (2,050 ft&#xB2;)","6,650 mm (261.7 in)","Meccanica Sardia","Stainless Steel 316","BEM 1300 x 4000","","","1,300 mm (51.2 in)","Stainless Steel 316","4 bar (58 psi)","31 °C (87.8 °F)","1","Shell and Tube","","50.8 mm (2 in)","4,000 mm (157.5 in)","Stainless Steel 316","295","8.5 bar (123.3 psi)","58 °C (136.4 °F)","2.1 mm (0.08 in)","","1","Stainless Steel 316","Heat Exchanger","Yes"
"222860","Shell and Tube Heat Exchanger 187.3 m&#xB2; (2,000 ft&#xB2;) Stainless Steel Other For Sale - IPP# 222860","https://ims.internationalprocessplants.com/inventory/equipment/detail/222860","24","","","Used","Carbon Steel","","187.3 m&#xB2; (2,000 ft&#xB2;)","6,100 mm (240.9 in)","Ravagnan S.p.A.","Stainless Steel Other","","","Vertical","762 mm (30 in)","Stainless Steel Other","5.9 bar (85.1 psi)","60 °C (140 °F)","1","Shell and Tube","","19.1 mm (0.75 in)","6,300 mm (248 in)","Stainless Steel Other","500","4.9 bar (71.1 psi)","177 °C (350.6 °F)","1.65 mm (0.06 in)","","1","Stainless Steel Other","Heat Exchanger","Yes"
"222861","Shell and Tube Heat Exchanger 187.3 m&#xB2; (2,000 ft&#xB2;) Stainless Steel Other For Sale - IPP# 222861","https://ims.internationalprocessplants.com/inventory/equipment/detail/222861","19","","","Used","Carbon Steel","","187.3 m&#xB2; (2,000 ft&#xB2;)","6,100 mm (240.9 in)","Ravagnan S.p.A.","Stainless Steel Other","","","","762 mm (30 in)","Stainless Steel Other","5.9 bar (85.1 psi)","60 °C (140 °F)","","Shell and Tube","","19.1 mm (0.75 in)","6,300 mm (248 in)","Stainless Steel Other","500","4.9 bar (71.1 psi)","177 °C (350.6 °F)","1.65 mm (0.06 in)","","","","Heat Exchanger",""
"222913","Shell and Tube Heat Exchanger 124.4 m&#xB2; (1,350 ft&#xB2;)  For Sale - IPP# 222913","https://ims.internationalprocessplants.com/inventory/equipment/detail/222913","22","","","Used","Carbon Steel","","124.4 m&#xB2; (1,350 ft&#xB2;)","6,600 mm (260 in)","Cust-O-Fab","","17-240 "BEM"","Nozzle schedule as follows: channel inlet and outlet are 6" shell side inlet and outlet are 3" and seven 3/4" nozzles.(drain/vent/etc.)","Horizontal","","Carbon Steel","27.6 bar (400 psi)","148.9 °C (300 °F)","","Shell and Tube","","15.7 mm (0.62 in)","5,950 mm (235 in)","Copper Nickel","420","10.3 bar (150 psi)","148.9 °C (300 °F)","12.4 mm (0.49 in)","Straight Tube","","Carbon Steel","Heat Exchanger",""
"222929","Unused Stainless Steel 316 Mason Manufacturing Co. Shell and Tube Heat Exchanger - IPP# 222929","https://ims.internationalprocessplants.com/inventory/equipment/detail/222929","21","","","Unused","Carbon Steel","","169.3 m&#xB2; (1,800 ft&#xB2;)","","Mason Manufacturing Co.","Stainless Steel 316","","Openings include: Shell Side -(1) 18", (1) 3", (1) 8"; tube side (2) 14"","Vertical","965 mm (38 in)","Carbon Steel","1.03 bar (15 psi)","121.1 °C (250 °F)","","Shell and Tube","","38.1 mm (1.5 in)","6,050 mm (238 in)","Stainless Steel 316","234","4.1 bar (60 psi)","37.8 °C (100 °F)","1.24 mm (0.05 in)","","","Stainless Steel 316","Heat Exchanger",""
"222964","Stainless Steel Other IGEFA Siegen/Germany 203-250-250-28-2000-18-0 Shell and Tube Heat Exchanger - IPP# 222964","https://ims.internationalprocessplants.com/inventory/equipment/detail/222964","19","","","Used","Stainless Steel Other","","6.5 m&#xB2; (70 ft&#xB2;)","2,850 mm (113 in)","IGEFA Siegen/Germany","Stainless Steel Other","203-250-250-28-2000-18-0","openings head: (2) DN100, openings side wall (shell) : (4) 70mm.","Horizontal","250 mm (9.8 in)","Stainless Steel Other","13 bar (188.5 psi)","200 °C (392 °F)","","Shell and Tube","","","","Stainless Steel Other","","62 bar (899 psi)","200 °C (392 °F)","","","","Stainless Steel Other","Heat Exchanger",""
"222966","Stainless Steel Other IGEFA Siegen/Germany 161SU-140-140-19-2400-18-0 Shell and Tube Heat Exchanger - IPP# 222966","https://ims.internationalprocessplants.com/inventory/equipment/detail/222966","18","","","Used","Stainless Steel Other","","2.5 m&#xB2; (26.9 ft&#xB2;)","2,750 mm (109.1 in)","IGEFA Siegen/Germany","Stainless Steel Other","161SU-140-140-19-2400-18-0","openings head: (1) 50mm, openings side wall ( shell ): (2) 20mm, (1) 40mm,","Horizontal","","Stainless Steel Other","10 bar (145 psi)","120 °C (248 °F)","","Shell and Tube","","","","Stainless Steel Other","","10 bar (145 psi)","120 °C (248 °F)","","","","Stainless Steel Other","Heat Exchanger",""
"223711","Graphite Shell and Tube Heat Exchanger - IPP# 223711","https://ims.internationalprocessplants.com/inventory/equipment/detail/223711","22","","","Used","","","454.4 m&#xB2; (4,900 ft&#xB2;)","7,900 mm (310.8 in)","Metaullics Systems Co. L.P.","Graphite","48-252-BEP series S (Impervite)","- Nozzle schedule: Process in and out 10", Water in and out are 24", Drains and vents are 2".","Horizontal","","Carbon Steel","6 bar (87 psi)","65 °C (149 °F)","1","Shell and Tube","","31.8 mm (1.25 in)","6,400 mm (252 in)","Graphite","721","7 bar (101.5 psi)","95 °C (203 °F)","","Straight Tube","1","","Heat Exchanger",""
"223733","Shell and Tube Heat Exchanger 71.5 m&#xB2; (770 ft&#xB2;) Stainless Steel Other For Sale - IPP# 223733","https://ims.internationalprocessplants.com/inventory/equipment/detail/223733","24","","","Used","Stainless Steel Other","","71.5 m&#xB2; (770 ft&#xB2;)","6,050 mm (238.2 in)","Amalgamated Metal Builders","Stainless Steel Other","","Nozzle schedule: Cold water inlet/outlet are 6", Liquid outlet/Inlet are 4", two 2" drain/vents.","Horizontal","","Carbon Steel","18 bar (261.1 psi)","65 °C (149 °F)","1","Shell and Tube","","19.1 mm (0.75 in)","5,000 mm (196.9 in)","Stainless Steel Other","244","12 bar (174 psi)","65 °C (149 °F)","2.1 mm (0.08 in)","Straight Tube","4","Stainless Steel Other","Heat Exchanger",""
"224486","Unused Shell and Tube Heat Exchanger 157.9 m&#xB2; (1,700 ft&#xB2;) Stainless Steel 304 For Sale - IPP# 224486","https://ims.internationalprocessplants.com/inventory/equipment/detail/224486","20","","","Unused","Carbon Steel","","157.9 m&#xB2; (1,700 ft&#xB2;)","4,550 mm (180 in)","Foster Wheeler","Stainless Steel 304","","Outlets: shell 2-2 1/2"; heads 2-2 1/2".","Vertical","1,100 mm (44 in)","Carbon Steel","3.4 bar (50 psi)","148.9 °C (300 °F)","","Shell and Tube","","","1,850 mm (72 in)","Stainless Steel 304","","50 bar (725 psi)","148.9 °C (300 °F)","","","","Stainless Steel Other","Heat Exchanger","Yes"
"225577","Hastelloy - C22 Titan Metal Fabricators HACS-200-24-4-204 BKUH Shell and Tube Heat Exchanger - IPP# 225577","https://ims.internationalprocessplants.com/inventory/equipment/detail/225577","24","","","Used","Carbon Steel","","17.9 m&#xB2; (193 ft&#xB2;)","6,250 mm (247 in)","Titan Metal Fabricators","Hastelloy - C22","HACS-200-24-4-204 BKUH","Openings: Tube side - (1) 3" inlet, (1) 1" outlet; Shell side - (1) 6" inlet, (1) 8" vapor outlet, (1) 2" liquid outlet","Horizontal","610 mm (24 in)","Carbon Steel","9.7 bar (140 psi)","232.2 °C (450 °F)","","Shell and Tube","","25.4 mm (1 in)","5,150 mm (203 in)","Hastelloy - C276","22","8.3 bar (120 psi)","232.2 °C (450 °F)","2 mm (0.08 in)","U-Tube","","Hastelloy - C276","Heat Exchanger",""
"225578","Hastelloy - B Clad Cosmos Minerals AEL Shell and Tube Heat Exchanger - IPP# 225578","https://ims.internationalprocessplants.com/inventory/equipment/detail/225578","25","","Yes","Used","Hastelloy - B","","30.8 m&#xB2; (331 ft&#xB2;)","6,000 mm (237 in)","Cosmos Minerals","Hastelloy - B","AEL","Openings include Tube side: (2) 6"; shell side (1) 4"; (1) 2".","Horizontal","406.4 mm (16 in)","Carbon Steel","18.6 bar (270 psi)","232.2 °C (450 °F)","","Shell and Tube","","25.4 mm (1 in)","6,000 mm (237 in)","Hastelloy - B","64","18.6 bar (270 psi)","232.2 °C (450 °F)","1.52 mm (0.06 in)","","","Hastelloy - B","Heat Exchanger","Yes"
"226219","Titanium Northern Special Metal (Fabricators) Ltd BEM Shell and Tube Heat Exchanger - IPP# 226219","https://ims.internationalprocessplants.com/inventory/equipment/detail/226219","24","","","Used","Titanium","","397 m&#xB2; (4,250 ft&#xB2;)","","Northern Special Metal (Fabricators) Ltd","Titanium","BEM","openings tubeside: 1 head with 1-280mm, 2-15mm, 1 head with 1-290mm with a 38mm off shoot, shell side: 1-425mm, 1-320mm, 1-25mm","Vertical","1,300 mm (50.3 in)","Carbon Steel","9 bar (130 psi)","212.8 °C (415 °F)","1","Shell and Tube","","19 mm (0.75 in)","4,850 mm (191.7 in)","Titanium","1,450","29.3 bar (425 psi)","257.2 °C (495 °F)","","","1","Titanium","Heat Exchanger","Yes"
"226220","Titanium Bramah Process Ltd BEM Shell and Tube Heat Exchanger - IPP# 226220","https://ims.internationalprocessplants.com/inventory/equipment/detail/226220","23","","","Used","Titanium","","423.9 m&#xB2; (4,550 ft&#xB2;)","","Bramah Process Ltd","Titanium","BEM","openings tubeside: 1 head with 1-280mm, 2-15mm, 1 head with 1-290mm with a 38mm off shoot, shell side: 1-425mm, 1-320mm, 1-25mm","Vertical","1,250 mm (50 in)","Carbon Steel","12.1 bar (175 psi)","212.8 °C (415 °F)","1","Shell and Tube","","19 mm (0.75 in)","4,850 mm (191.8 in)","Titanium","1,450","29.3 bar (425 psi)","257.2 °C (495 °F)","","","1","Titanium","Heat Exchanger",""
"226221","Titanium Bramah Process Ltd BEM Shell and Tube Heat Exchanger - IPP# 226221","https://ims.internationalprocessplants.com/inventory/equipment/detail/226221","23","","","Used","Titanium","","423.9 m&#xB2; (4,550 ft&#xB2;)","","Bramah Process Ltd","Titanium","BEM","openings tubeside: 1 head with 1-280mm, 2-15mm, 1 head with 1-290mm with a 38mm off shoot, shell side: 1-425mm, 1-320mm, 1-25mm","Vertical","1,250 mm (50 in)","Carbon Steel","12.1 bar (175 psi)","212.8 °C (415 °F)","1","Shell and Tube","","19 mm (0.75 in)","4,850 mm (191.8 in)","Titanium","1,450","29.3 bar (425 psi)","257.2 °C (495 °F)","","","1","Titanium","Heat Exchanger",""
"226222","Titanium Clad RMF Engineering Ltd. Shell and Tube Heat Exchanger - IPP# 226222","https://ims.internationalprocessplants.com/inventory/equipment/detail/226222","22","","Yes","Used","Titanium","","280 m&#xB2; (3,000 ft&#xB2;)","","RMF Engineering Ltd.","Titanium","","openings tube side: channel head with 1-150mm with (2) 25mm off shoots, 1-25mm, bonnet head with 1-475mm, 1-120mm, 1-100mm, shell: 2-200mm both with (2) 25mm off shoots","Vertical","1,100 mm (43.9 in)","Carbon Steel","5.2 bar (75 psi)","65 °C (149 °F)","","Shell and Tube","","25 mm (0.98 in)","3,650 mm (143.9 in)","Titanium","965","29.3 bar (425.1 psi)","210 °C (410 °F)","","","2","Titanium","Heat Exchanger",""
"226223","Titanium Clad RMF Engineering Ltd. Shell and Tube Heat Exchanger - IPP# 226223","https://ims.internationalprocessplants.com/inventory/equipment/detail/226223","22","","Yes","Used","Titanium","","280 m&#xB2; (3,000 ft&#xB2;)","","RMF Engineering Ltd.","Titanium","","openings tube side: channel head with 1-150mm with (2) 25mm off shoots, 1-25mm, bonnet head with 1-475mm, 1-120mm, 1-100mm, shell: 2-200mm both with (2) 25mm off shoots,","Vertical","1,100 mm (43.9 in)","Carbon Steel","5.2 bar (75 psi)","65 °C (149 °F)","","Shell and Tube","","25 mm (0.98 in)","3,650 mm (143.9 in)","Titanium","965","29.3 bar (425.1 psi)","210 °C (410 °F)","","","2","Titanium","Heat Exchanger",""
"226224","Titanium Clad RMF Engineering Ltd. Shell and Tube Heat Exchanger - IPP# 226224","https://ims.internationalprocessplants.com/inventory/equipment/detail/226224","22","","Yes","Used","Titanium","","280 m&#xB2; (3,000 ft&#xB2;)","","RMF Engineering Ltd.","Titanium","","openings tube side: channel head with 1-150mm with (2) 25mm off shoots, 1-25mm, bonnet head with 1-475mm, 1-120mm, 1-100mm, shell: 2-200mm both with (2) 25mm off shoots","Vertical","1,100 mm (43.9 in)","Carbon Steel","5.2 bar (75 psi)","65 °C (149 °F)","","Shell and Tube","","25 mm (0.98 in)","3,650 mm (143.9 in)","Titanium","965","29.3 bar (425.1 psi)","210 °C (410 °F)","","","2","Titanium","Heat Exchanger",""
"226225","Titanium Marston Excelsior Ltd Shell and Tube Heat Exchanger - IPP# 226225","https://ims.internationalprocessplants.com/inventory/equipment/detail/226225","20","","","Used","Titanium","","24 m&#xB2; (258.3 ft&#xB2;)","","Marston Excelsior Ltd","Titanium","","openings tube side: top head with 1-25mm, bottom head with 2-75mm, shell: 1-300mm, 1-200mm, 1-25mm,","Vertical","300 mm (11.8 in)","Carbon Steel","15.2 bar (220 psi)","345 °C (653 °F)","1","Shell and Tube","","19 mm (0.75 in)","5,800 mm (228.3 in)","Titanium","","86.2 bar (1,250 psi)","315 °C (599 °F)","","","1","","Heat Exchanger",""
"226226","Titanium Marston Excelsior Ltd Shell and Tube Heat Exchanger - IPP# 226226","https://ims.internationalprocessplants.com/inventory/equipment/detail/226226","19","","","Used","Titanium","","24 m&#xB2; (258.3 ft&#xB2;)","","Marston Excelsior Ltd","Titanium","","openings tube side: top head with 1-25mm, bottom head with 2-75mm, shell: 1-300mm, 1-200mm,","Vertical","300 mm (11.8 in)","Carbon Steel","15.2 bar (220 psi)","345 °C (653 °F)","","Shell and Tube","","19 mm (0.75 in)","5,800 mm (228.3 in)","Titanium","","86.2 bar (1,250 psi)","315 °C (599 °F)","","","1","","Heat Exchanger",""
"226227","Shell and Tube Heat Exchanger 213 m&#xB2; (2,300 ft&#xB2;) Titanium For Sale - IPP# 226227","https://ims.internationalprocessplants.com/inventory/equipment/detail/226227","22","","","Used","Titanium","","213 m&#xB2; (2,300 ft&#xB2;)","","Motherwell Bridge Thermal Ltd","Titanium","","openings tube side: dished head with 1-250mm, 1-25mm, bonnet head with 1-200mm, 2-75mm, shell side: 1-350mm, 1-200mm, 1-32mm, 2-25mm,","Vertical","812 mm (32 in)","Carbon Steel","6.8 bar (99 psi)","190 °C (374 °F)","1","Shell and Tube","","19 mm (0.75 in)","6,100 mm (240.2 in)","Titanium","586","13.5 bar (196 psi)","200 °C (392 °F)","","","1","Titanium","Heat Exchanger",""
"226228","Titanium Bramah Process Plant Ltd Shell and Tube Heat Exchanger - IPP# 226228","https://ims.internationalprocessplants.com/inventory/equipment/detail/226228","19","","","Used","Stainless Steel 316","","72.9 m&#xB2; (785 ft&#xB2;)","","Bramah Process Plant Ltd","Titanium","","","Vertical","812 mm (32 in)","Carbon Steel","5.2 bar (75 psi)","65 °C (149 °F)","","Shell and Tube","","25 mm (0.98 in)","1,850 mm (71.9 in)","Titanium","500","7.6 bar (110.1 psi)","198.9 °C (390 °F)","","","1","","Heat Exchanger",""
"226229","Stainless Steel 316 Reactive Metal Fabricators Ltd Shell and Tube Heat Exchanger - IPP# 226229","https://ims.internationalprocessplants.com/inventory/equipment/detail/226229","16","","","Used","Stainless Steel 316","","174.5 m&#xB2; (1,900 ft&#xB2;)","","Reactive Metal Fabricators Ltd","Stainless Steel 316","","opening tube side: dished head with 1-45mm, 1-15mm, reduction head with 1-600mm, 1-75mm, 1-50mm, shell: 2-150mm both with (3) 15mm off shoots,","Vertical","","Carbon Steel","5.2 bar (75 psi)","65 °C (149 °F)","","Shell and Tube","","","","Stainless Steel 316","","17 bar (246.6 psi)","198.9 °C (390 °F)","","","1","","Heat Exchanger",""
"226230","Stainless Steel 316 Hunt Heat Exchangers Ltd. Shell and Tube Heat Exchanger - IPP# 226230","https://ims.internationalprocessplants.com/inventory/equipment/detail/226230","19","","","Used","","","29 m&#xB2; (312.2 ft&#xB2;)","","Hunt Heat Exchangers Ltd.","Stainless Steel 316","","openings tube side: 1 head with 2-50mm each with an 18mm off shoot, 1 head with 2-18mm, shell: 1-75mm with (2) 18mm off shoots, 1-75mm","Horizontal","330 mm (13 in)","Carbon Steel","5.6 bar (81 psi)","65 °C (149 °F)","","Shell and Tube","","19 mm (0.75 in)","6,100 mm (239.6 in)","Stainless Steel 316","84","5.6 bar (81 psi)","132.2 °C (270 °F)","","","2","","Heat Exchanger",""
"226231","Titanium Reactive Metal Fabricators Shell and Tube Heat Exchanger - IPP# 226231","https://ims.internationalprocessplants.com/inventory/equipment/detail/226231","21","","","Used","Stainless Steel 317","","433 m&#xB2; (4,650 ft&#xB2;)","","Reactive Metal Fabricators Ltd","Titanium","","openings tube side: 1 head with 2-325mm with (2) 25mm off shoots, 1 head with none, shell side: 1-225mm, 1-75mm with a 32mm off shoot,","Horizontal","1,250 mm (48.9 in)","Carbon Steel","6.9 bar (99.9 psi)","187.7 °C (369.9 °F)","","Shell and Tube","","25 mm (0.98 in)","4,850 mm (191.8 in)","Titanium","1,140","12.1 bar (174.9 psi)","171 °C (339.8 °F)","","","2","Titanium","Heat Exchanger",""
"226232","Stainless Steel 317  Shell and Tube Heat Exchanger - IPP# 226232","https://ims.internationalprocessplants.com/inventory/equipment/detail/226232","16","","","Used","Stainless Steel 317","","465 m&#xB2; (5,000 ft&#xB2;)","","","Stainless Steel 317","","openings tube side: 1 head with 1-585mm, shell side: 1-300mm, 1-100mm,","Vertical","","Carbon Steel","6.9 bar (100 psi)","187.2 °C (369 °F)","","Shell and Tube","","30 mm (1.18 in)","2,450 mm (95.7 in)","Stainless Steel 317","","5.2 bar (75 psi)","155.6 °C (312 °F)","","","","","Heat Exchanger",""
"226233","Titanium Clad Wilton Engineering Ltd Shell and Tube Heat Exchanger - IPP# 226233","https://ims.internationalprocessplants.com/inventory/equipment/detail/226233","20","","Yes","Used","Titanium","","67 m&#xB2; (721 ft&#xB2;)","","Wilton Engineering Ltd","Titanium","","openings tube side: 1 head with 2-150mm, 1 head with none, shell side: 1-100mm with (2) 25mm off shoots, 1-75mm with (2) 25mm off shoots","Horizontal","507 mm (20 in)","Carbon Steel","88 bar (1,300 psi)","350 °C (662 °F)","","Shell and Tube","","19 mm (0.75 in)","9,150 mm (359.4 in)","Titanium","140","88 bar (1,300 psi)","307 °C (585 °F)","","","","","Heat Exchanger",""
"226234","Titanium Wilton Engineering Ltd Shell and Tube Heat Exchanger - IPP# 226234","https://ims.internationalprocessplants.com/inventory/equipment/detail/226234","19","","","Used","Titanium","","67 m&#xB2; (721 ft&#xB2;)","","Wilton Engineering Ltd","Titanium","","openings tube side: 1 head with 2-150mm, 1 head with none, shell side: 1-100mm with (2) 25mm off shoots, 1-75mm with (2) 25mm off shoots,","Horizontal","507 mm (20 in)","Carbon Steel","88 bar (1,300 psi)","350 °C (662 °F)","","Shell and Tube","","19 mm (0.75 in)","9,150 mm (359.4 in)","Titanium","40","88 bar (1,300 psi)","307 °C (585 °F)","","","","","Heat Exchanger",""
"226235","Titanium Clad Wilton Engineering Ltd Shell and Tube Heat Exchanger - IPP# 226235","https://ims.internationalprocessplants.com/inventory/equipment/detail/226235","19","","Yes","Used","Titanium","","67 m&#xB2; (721 ft&#xB2;)","","Wilton Engineering Ltd","Titanium","","openings tube side: 1 head with 2-150mm, 1 head with none, shell side: 1-100mm with (2) 25mm off shoots, 1-75mm with (2) 25mm off shoots,","Horizontal","507 mm (20 in)","Carbon Steel","88 bar (1,300 psi)","350 °C (662 °F)","","Shell and Tube","","19 mm (0.75 in)","9,150 mm (359.4 in)","Titanium","","88 bar (1,300 psi)","307 °C (585 °F)","","","","","Heat Exchanger",""
"226236","Titanium Clad Wilton Engineering Ltd Shell and Tube Heat Exchanger - IPP# 226236","https://ims.internationalprocessplants.com/inventory/equipment/detail/226236","20","","Yes","Used","Titanium","","67 m&#xB2; (721 ft&#xB2;)","","Wilton Engineering Ltd","Titanium","","openings tube side: 1 head with 2-150mm, 1 head with none, shell side: 1-100mm with (2) 25mm off shoots, 1-75mm with (2) 25mm off shoots,","Horizontal","507 mm (20 in)","Carbon Steel","88 bar (1,300 psi)","350 °C (662 °F)","","Shell and Tube","","19 mm (0.75 in)","9,150 mm (359.4 in)","Titanium","140","88 bar (1,300 psi)","307 °C (585 °F)","","","","","Heat Exchanger",""
"226237","Stainless Steel 304 Motherwell Bridge Fabrications Ltd Shell and Tube Heat Exchanger - IPP# 226237","https://ims.internationalprocessplants.com/inventory/equipment/detail/226237","18","","","Used","","","191 m&#xB2; (2,050 ft&#xB2;)","","Motherwell Bridge Thermal Ltd","Stainless Steel 304","","openings tubeside: 1 head with 2-145mm, 1 head with none, shell: 4-150mm","Horizontal","780 mm (30.7 in)","Stainless Steel 304","63.5 bar (921 psi)","287 °C (549 °F)","","Shell and Tube","","","7,750 mm (305.1 in)","Stainless Steel 304","","93.7 bar (1,350 psi)","300 °C (572 °F)","","","2","","Heat Exchanger","Yes"
"226238","Stainless Steel 304 GEA Airexchangers Ltd BEM Shell and Tube Heat Exchanger - IPP# 226238","https://ims.internationalprocessplants.com/inventory/equipment/detail/226238","20","","","Used","Stainless Steel 304","","41 m&#xB2; (441.3 ft&#xB2;)","","GEA","Stainless Steel 304","BEM","openings tube side: 1 head with 2-20mm, 1 head with 2-100mm each with (1) 32mm and a 25mm off shoot, shell: 1-200mm with (1) 32mm off shoot, 1-75mm with a 25mm off shoot","Horizontal","","Carbon Steel","5.2 bar (75 psi)","154 °C (309.2 °F)","","Shell and Tube","","19 mm (0.75 in)","4,850 mm (191.7 in)","Stainless Steel 304","144","10.3 bar (150 psi)","121 °C (249.8 °F)","","","2","","Heat Exchanger",""
"228100","Shell and Tube Heat Exchanger Titanium Clad - IPP# 228100","https://ims.internationalprocessplants.com/inventory/equipment/detail/228100","22","","Yes","Used","","","530 m&#xB2; (5,700 ft&#xB2;)","","Industrial Alloy Fabricators","Titanium","","- Nozzle Schedule: - Two 32" tube side nozzles (brine inlet & outlet) - One 18" steam inlet - One 4" condensate outlet - One 3" drain - Two 1" drain/vents","Horizontal","1,650 mm (64.5 in)","Stainless Steel 316","1.03 bar (15 psi)","121.1 °C (250 °F)","","Shell and Tube","","31.8 mm (1.25 in)","3,650 mm (144 in)","Titanium","1,450","1.72 bar (25 psi)","121.1 °C (250 °F)","0.51 mm (0.02 in)","Straight Tube","","Stainless Steel 316","Heat Exchanger",""
"228304","Shell and Tube Heat Exchanger 5.5 m&#xB2; (59.2 ft&#xB2;) Stainless Steel Austenitic For Sale - IPP# 228304","https://ims.internationalprocessplants.com/inventory/equipment/detail/228304","24","","","Used","Stainless Steel Austenitic","","5.5 m&#xB2; (59.2 ft&#xB2;)","5,500 mm (216.5 in)","L Key Gmbh","Stainless Steel Austenitic","","openings tubeside: 1-head with 2-50mm, 1- head with no openings, shell: 1-100mm, 2-80mm, 1-50mm","Horizontal","150 mm (5.9 in)","Stainless Steel Austenitic","6 bar (87 psi)","200 °C (392 °F)","","Shell and Tube","","25 mm (0.98 in)","2,500 mm (98.4 in)","Stainless Steel Austenitic","14","6 bar (87 psi)","200 °C (392 °F)","2 mm (0.08 in)","","2","Stainless Steel Austenitic","Heat Exchanger","Yes"
"228305","Shell and Tube Heat Exchanger 5.5 m&#xB2; (59.2 ft&#xB2;) Stainless Steel Austenitic For Sale - IPP# 228305","https://ims.internationalprocessplants.com/inventory/equipment/detail/228305","24","","","Used","Stainless Steel Austenitic","","5.5 m&#xB2; (59.2 ft&#xB2;)","5,500 mm (216.5 in)","Key Kg","Stainless Steel Austenitic","","openings tubeside: 1-head with 2-50mm, 1-head with no openings, shell: 1-100mm, 2-80mm, 1-50mm","Horizontal","150 mm (5.9 in)","Stainless Steel Austenitic","6 bar (87 psi)","200 °C (392 °F)","","Shell and Tube","","25 mm (0.98 in)","2,500 mm (98.4 in)","Stainless Steel Austenitic","14","6 bar (87 psi)","200 °C (392 °F)","2 mm (0.08 in)","","2","Stainless Steel Austenitic","Heat Exchanger","Yes"
"228315","Shell and Tube Heat Exchanger 57 m&#xB2; (614 ft&#xB2;) Stainless Steel Austenitic For Sale - IPP# 228315","https://ims.internationalprocessplants.com/inventory/equipment/detail/228315","21","","","Used","Stainless Steel 316","","57 m&#xB2; (614 ft&#xB2;)","3,750 mm (147.6 in)","Schleifenbaum & Weber KG","Stainless Steel Austenitic","","","Horizontal","700 mm (27.6 in)","Stainless Steel 316","6 bar (87 psi)","200 °C (392 °F)","","Shell and Tube","","25 mm (0.98 in)","2,500 mm (98.3 in)","Stainless Steel Austenitic","292","6 bar (87 psi)","200 °C (392 °F)","2 mm (0.08 in)","","","","Heat Exchanger","Yes"
"228317","Shell and Tube Heat Exchanger 2.8 m&#xB2; (29.6 ft&#xB2;) Stainless Steel Austenitic For Sale - IPP# 228317","https://ims.internationalprocessplants.com/inventory/equipment/detail/228317","24","","","Used","Stainless Steel Austenitic","","2.8 m&#xB2; (29.6 ft&#xB2;)","2,850 mm (112.2 in)","Gessener","Stainless Steel Austenitic","","openings tube side: 1-head with 2-50mm, 1- head with no openings, shell: 2-180mm","Horizontal","150 mm (5.9 in)","Stainless Steel Austenitic","13 bar (188.5 psi)","200 °C (392 °F)","","Shell and Tube","","25 mm (0.98 in)","2,500 mm (98.3 in)","Stainless Steel Austenitic","14","13 bar (188.5 psi)","200 °C (392 °F)","2 mm (0.08 in)","","2","Stainless Steel Austenitic","Heat Exchanger","Yes"
"228318","Shell and Tube Heat Exchanger 2.8 m&#xB2; (29.6 ft&#xB2;) Stainless Steel Austenitic For Sale - IPP# 228318","https://ims.internationalprocessplants.com/inventory/equipment/detail/228318","24","","","Used","Stainless Steel Austenitic","","2.8 m&#xB2; (29.6 ft&#xB2;)","2,850 mm (112.2 in)","Gessener","Stainless Steel Austenitic","","openings tube side: 1-head with 2-50mm, 1- head with no openings, shell: 2-180mm","Horizontal","150 mm (5.9 in)","Stainless Steel Austenitic","13 bar (188.5 psi)","200 °C (392 °F)","","Shell and Tube","","25 mm (0.98 in)","2,500 mm (98.3 in)","Stainless Steel Austenitic","14","13 bar (188.5 psi)","200 °C (392 °F)","2 mm (0.08 in)","","2","Stainless Steel Austenitic","Heat Exchanger","Yes"
"228319","Shell and Tube Heat Exchanger 5.1 m&#xB2; (54.9 ft&#xB2;) Stainless Steel Austenitic For Sale - IPP# 228319","https://ims.internationalprocessplants.com/inventory/equipment/detail/228319","23","","","Used","Stainless Steel Austenitic","","5.1 m&#xB2; (54.9 ft&#xB2;)","3,000 mm (118.1 in)","Gessener","Stainless Steel Austenitic","","","Horizontal","200 mm (7.9 in)","Stainless Steel Austenitic","13 bar (188.5 psi)","200 °C (392 °F)","","Shell and Tube","","25 mm (0.98 in)","2,500 mm (98.3 in)","Stainless Steel Austenitic","26","8 bar (116 psi)","200 °C (392 °F)","2 mm (0.08 in)","","2","Stainless Steel Austenitic","Heat Exchanger","Yes"
"228320","Shell and Tube Heat Exchanger 30.4 m&#xB2; (327.2 ft&#xB2;) Stainless Steel Austenitic For Sale - IPP# 228320","https://ims.internationalprocessplants.com/inventory/equipment/detail/228320","25","","","Used","Stainless Steel Austenitic","","30.4 m&#xB2; (327.2 ft&#xB2;)","2,600 mm (102.7 in)","APL","Stainless Steel Austenitic","BEM500-2000-1","openings top: top head with 1-300mm, bottom head with 1-200mm, shell: 1-150mm, 1-50mm","Vertical","508 mm (20 in)","Stainless Steel Austenitic","6 bar (87 psi)","180 °C (356 °F)","","Shell and Tube","","25 mm (0.98 in)","2,000 mm (78.7 in)","Stainless Steel Austenitic","197","6 bar (87 psi)","180 °C (356 °F)","1.5 mm (0.06 in)","","1","Stainless Steel Austenitic","Heat Exchanger","Yes"
"228322","Shell and Tube Heat Exchanger 11.8 m&#xB2; (127 ft&#xB2;) Stainless Steel Austenitic For Sale - IPP# 228322","https://ims.internationalprocessplants.com/inventory/equipment/detail/228322","23","","","Used","Stainless Steel Austenitic","","11.8 m&#xB2; (127 ft&#xB2;)","","Gessener","Stainless Steel Austenitic","","openings tube side: 1-head with 2-100mm, 1-head with not openings, shell: 2-200mm","Horizontal","324 mm (12.8 in)","Stainless Steel Austenitic","6 bar (87 psi)","200 °C (392 °F)","","Shell and Tube","","25 mm (0.98 in)","2,500 mm (98.4 in)","Stainless Steel Austenitic","60","6 bar (87 psi)","200 °C (392 °F)","2 mm (0.08 in)","","2","Stainless Steel Austenitic","Heat Exchanger","Yes"
"228360","Unused Carbon Steel Shell and Tube Heat Exchanger - IPP# 228360","https://ims.internationalprocessplants.com/inventory/equipment/detail/228360","22","","","Unused","","","28.5 m&#xB2; (307 ft&#xB2;)","3,600 mm (140.8 in)","Atlas Industrial","Carbon Steel","","","Horizontal","406.4 mm (16 in)","Carbon Steel","10.3 bar (150 psi)","662 °C (1,200 °F)","","Shell and Tube","","19.1 mm (0.75 in)","3,600 mm (140.8 in)","Carbon Steel","135","10.3 bar (150 psi)","662 °C (1,200 °F)","0.08 mm (0.003 in)","Straight Tube","","Carbon Steel","Heat Exchanger","Yes"
"228361","Shell and Tube Heat Exchanger - IPP# 228361","https://ims.internationalprocessplants.com/inventory/equipment/detail/228361","27","","","Used","Carbon Steel","","26.8 m&#xB2; (289 ft&#xB2;)","2,150 mm (85 in)","Atlas Industrial","Carbon Steel","","Two 10", One 4", one 3" one 2", one 1.5", three 1",","Vertical","610 mm (24 in)","Carbon Steel","12.1 bar (175 psi)","190.6 °C (375 °F)","1","Shell and Tube","BEU","19.1 mm (0.75 in)","2,150 mm (84 in)","Carbon Steel","211","10.3 bar (150 psi)","190.6 °C (375 °F)","2.1 mm (0.08 in)","U-Tube","2","Carbon Steel","Heat Exchanger","Yes"
"228365","Graphite Shell and Tube Heat Exchanger - IPP# 228365","https://ims.internationalprocessplants.com/inventory/equipment/detail/228365","20","","","Used","","","17.7 m&#xB2; (190 ft&#xB2;)","4,800 mm (189 in)","Karbate Vicarb, Inc.","Graphite","","","Vertical","508 mm (20 in)","Carbon Steel","6.9 bar (100 psi)","176.7 °C (350 °F)","","Shell and Tube","","22.2 mm (0.88 in)","3,950 mm (155 in)","Graphite","69","6.9 bar (100 psi)","176.7 °C (350 °F)","","Straight Tube","","","Heat Exchanger","Yes"
"228368","Unused Graphilor Shell and Tube Heat Exchanger - IPP# 228368","https://ims.internationalprocessplants.com/inventory/equipment/detail/228368","14","","","Unused","","","420 m&#xB2; (4,500 ft&#xB2;)","","Carbone of America Corp","Graphite","PYT50-364-22","(1) 28" opening , (1) 6" nozzle on end , (1) 3" nozzle on end section of head, (1) 6" nozzle on end section, (5) 4" nozzles on end section of head.","Vertical","1,250 mm (50 in)","","","","","Shell and Tube","","38.1 mm (1.5 in)","","","","5.2 bar (75 psi)","176.7 °C (350 °F)","","","","","Heat Exchanger","Yes"
"228399","Shell and Tube Heat Exchanger - IPP# 228399","https://ims.internationalprocessplants.com/inventory/equipment/detail/228399","7","","","Used","","","14.1 m&#xB2; (152 ft&#xB2;)","","","Copper/Brass","","","","","","","","","Shell and Tube","","457.2 mm (18 in)","1,900 mm (74 in)","","","","","","","","","Heat Exchanger",""
"229065","Shell and Tube Heat Exchanger 21 m&#xB2; (226 ft&#xB2;) Stainless Steel 321 For Sale - IPP# 229065","https://ims.internationalprocessplants.com/inventory/equipment/detail/229065","23","","","Used","Stainless Steel 321","","21 m&#xB2; (226 ft&#xB2;)","2,500 mm (98.4 in)","Wilhelm Deller KG","Stainless Steel 321","","openings tube side: each head with 1-250mm, shell: 1-250mm, 2-80mm,","Horizontal","420 mm (16.5 in)","Carbon Steel","6 bar (87 psi)","80 °C (176 °F)","","Shell and Tube","","16 mm (0.63 in)","1,900 mm (74.2 in)","Stainless Steel 321","211","2 bar (29 psi)","80 °C (176 °F)","","","1","Stainless Steel 321","Heat Exchanger","Yes"
"229066","Shell and Tube Heat Exchanger 21 m&#xB2; (226 ft&#xB2;) Stainless Steel 321 For Sale - IPP# 229066","https://ims.internationalprocessplants.com/inventory/equipment/detail/229066","23","","","Used","Stainless Steel 321","","21 m&#xB2; (226 ft&#xB2;)","2,500 mm (98.4 in)","Wilhelm Deller KG","Stainless Steel 321","","openings tube side: each head with 1-250mm, shell: 1-250mm, 2-80mm","Horizontal","420 mm (16.5 in)","Carbon Steel","6 bar (87 psi)","80 °C (176 °F)","","Shell and Tube","","16 mm (0.63 in)","1,900 mm (74.2 in)","Stainless Steel 321","211","2 bar (29 psi)","80 °C (176 °F)","","","1","Stainless Steel 321","Heat Exchanger","Yes"
"229450","Stainless Steel 316L  Shell and Tube Heat Exchanger - IPP# 229450","https://ims.internationalprocessplants.com/inventory/equipment/detail/229450","30","1,100 L (290.6 gallons)","","Used","Stainless Steel 316","1,600 L (422.7 gallons)","150 m&#xB2; (1,600 ft&#xB2;)","4,700 mm (185 in)","Sices S.p.A","Stainless Steel 316L","BEM/1000 x 2700","tube side: dished head with 3-50mm, reduction head with 1-150mm, 1-100mm, shell: 2-250mm, 2-50mm,","Vertical","1,000 mm (39.4 in)","Carbon Steel","10 bar (145 psi)","100 °C (212 °F)","1","Shell and Tube","B","25 mm (0.98 in)","2,700 mm (106.3 in)","Stainless Steel 316","762","20 bar (290.1 psi)","100 °C (212 °F)","1.5 mm (0.06 in)","Straight Tube","1","Stainless Steel 316","Heat Exchanger","Yes"
"229451","Stainless Steel 316L  Shell and Tube Heat Exchanger - IPP# 229451","https://ims.internationalprocessplants.com/inventory/equipment/detail/229451","29","1,100 L (290.6 gallons)","","Used","Stainless Steel 316","1,600 L (422.7 gallons)","150 m&#xB2; (1,600 ft&#xB2;)","4,700 mm (185 in)","Sices S.p.A","Stainless Steel 316L","BEM/1000 x 2700","tube side: dished head with 3-50mm, reduction head with 1-150mm, 1-100mm, shell: 2-250mm, 2-50mm,","Vertical","1,000 mm (39.4 in)","Carbon Steel","10 bar (145 psi)","100 °C (212 °F)","1","Shell and Tube","B","25 mm (0.98 in)","2,700 mm (106.3 in)","Stainless Steel 316","762","20 bar (290.1 psi)","100 °C (212 °F)","1.5 mm (0.06 in)","Straight Tube","1","","Heat Exchanger","Yes"
"230154","Unused Shell and Tube Heat Exchanger 1,050 m&#xB2; (11,250 ft&#xB2;) Carbon Steel For Sale - IPP# 230154","https://ims.internationalprocessplants.com/inventory/equipment/detail/230154","23","","","Unused","Carbon Steel","","1,050 m&#xB2; (11,250 ft&#xB2;)","13,650 mm (537 in)","Delta Tee International Inc.","Carbon Steel","","Nozzle schedule as follows: Two 16" inlet/outlet, Two 12" inlets, one 10" inlet, three 2" and two 3/4".","Horizontal","1,050 mm (42 in)","Carbon Steel","99.3 bar (1,450 psi)","70 °C (158 °F)","","Shell and Tube","","15.7 mm (0.62 in)","11,600 mm (456 in)","Carbon Steel","1,815","27.6 bar (400 psi)","70 °C (158 °F)","2 mm (0.08 in)","Straight Tube","","Carbon Steel","Heat Exchanger",""
"230173","Unused Graphite Shell and Tube Heat Exchanger - IPP# 230173","https://ims.internationalprocessplants.com/inventory/equipment/detail/230173","26","","","Unused","Carbon Steel","","244.1 m&#xB2; (2,650 ft&#xB2;)","7,400 mm (290.8 in)","Carbone of America Corp.","Graphite","PYT44-283-18","Nozzle schedule is One 24" x 20", One 20", One 6" x 3", Five 3", and one 2".","Vertical","44 mm (1.73 in)","Carbon Steel","3.1 bar (45 psi)","176.7 °C (350 °F)","9","Shell and Tube","","38.1 mm (1.5 in)","5,500 mm (217.1 in)","Graphite","283","3.1 bar (45 psi)","176.7 °C (350 °F)","","Straight Tube","1","Graphite","Heat Exchanger","Yes"
"230181","Shell and Tube Heat Exchanger 25 m&#xB2; (269.1 ft&#xB2;) Stainless Steel 316 For Sale - IPP# 230181","https://ims.internationalprocessplants.com/inventory/equipment/detail/230181","23","","","Used","Stainless Steel 316","","25 m&#xB2; (269.1 ft&#xB2;)","3,050 mm (120.2 in)","Kuhni","Stainless Steel 316","","Connections include; shell side 2 - 400mm, tube side 1 - 200mm, 2 - 150mm, 1 - 25mm","Vertical","800 mm (31.5 in)","Stainless Steel 316","6 bar (87 psi)","165 °C (329 °F)","","Shell and Tube","","54 mm (2.1 in)","1,600 mm (63 in)","Stainless Steel 316","97","3.2 bar (46.4 psi)","165 °C (329 °F)","2 mm (0.08 in)","","1","","Heat Exchanger","Yes"
"230389","Inconel Shell and Tube Heat Exchanger - IPP# 230389","https://ims.internationalprocessplants.com/inventory/equipment/detail/230389","23","","","Used","Carbon Steel","","8.6 m&#xB2; (93 ft&#xB2;)","2,250 mm (87.8 in)","Doyle and Roth","Inconel","","Two 3" nozzles, Two 2" nozzles, Six 3/4"couplings.","Horizontal","","Carbon Steel","10.3 bar (150 psi)","260 °C (500 °F)","","Shell and Tube","","25.4 mm (1 in)","1.52 mm (0.06 in)","Inconel","66","10.3 bar (150 psi)","260 °C (500 °F)","2,250 mm (87.8 in)","Straight Tube","","Nickel","Heat Exchanger","Yes"
"230441","Unused Shell and Tube Heat Exchanger 1,050 m&#xB2; (11,250 ft&#xB2;) Carbon Steel For Sale - IPP# 230441","https://ims.internationalprocessplants.com/inventory/equipment/detail/230441","22","","","Unused","Carbon Steel","","1,050 m&#xB2; (11,250 ft&#xB2;)","13,650 mm (537 in)","Delta Tee International Inc.","Carbon Steel","","Nozzle schedule as follows: Two 16" inlet/outlet, Two 12" inlets, one 10" inlet, three 2" and two 3/4".","Horizontal","","Carbon Steel","99.3 bar (1,450 psi)","70 °C (158 °F)","","Shell and Tube","","15.7 mm (0.62 in)","11,600 mm (456 in)","Carbon Steel","1,815","27.6 bar (400 psi)","70 °C (158 °F)","2 mm (0.08 in)","Straight Tube","","Carbon Steel","Heat Exchanger",""
"230442","Unused Shell and Tube Heat Exchanger 1,050 m&#xB2; (11,250 ft&#xB2;) Carbon Steel For Sale - IPP# 230442","https://ims.internationalprocessplants.com/inventory/equipment/detail/230442","22","","","Unused","Carbon Steel","","1,050 m&#xB2; (11,250 ft&#xB2;)","13,650 mm (537 in)","Delta Tee International Inc.","Carbon Steel","","Nozzle schedule as follows: Two 16" inlet/outlet, Two 12" inlets, one 10" inlet, three 2" and two 3/4"","Horizontal","","Carbon Steel","99.3 bar (1,450 psi)","70 °C (158 °F)","","Shell and Tube","","15.7 mm (0.62 in)","11,600 mm (456 in)","Carbon Steel","1,815","27.6 bar (400 psi)","70 °C (158 °F)","2 mm (0.08 in)","Straight Tube","","Carbon Steel","Heat Exchanger",""
"230443","Unused Shell and Tube Heat Exchanger 1,050 m&#xB2; (11,250 ft&#xB2;) Carbon Steel For Sale - IPP# 230443","https://ims.internationalprocessplants.com/inventory/equipment/detail/230443","22","","","Unused","Carbon Steel","","1,050 m&#xB2; (11,250 ft&#xB2;)","13,650 mm (537 in)","Delta Tee International Inc.","Carbon Steel","","Nozzle schedule as follows: Two 16" inlet/outlet, Two 12" inlets, one 10" inlet, three 2" and two 3/4".","Horizontal","","Carbon Steel","99.3 bar (1,450 psi)","70 °C (158 °F)","","Shell and Tube","","17.3 mm (0.68 in)","11,600 mm (456 in)","Carbon Steel","1,815","27.6 bar (400 psi)","70 °C (158 °F)","2 mm (0.08 in)","Straight Tube","","Carbon Steel","Heat Exchanger",""
"230444","Unused Shell and Tube Heat Exchanger 1,050 m&#xB2; (11,250 ft&#xB2;) Carbon Steel For Sale - IPP# 230444","https://ims.internationalprocessplants.com/inventory/equipment/detail/230444","22","","","Unused","Carbon Steel","","1,050 m&#xB2; (11,250 ft&#xB2;)","13,650 mm (537 in)","Delta Tee International Inc.","Carbon Steel","","Nozzle schedule as follows: Two 16" inlet/outlet, Two 12" inlets, one 10" inlet, three 2" and two 3/4"","Horizontal","","Carbon Steel","99.3 bar (1,450 psi)","70 °C (158 °F)","","Shell and Tube","","16.5 mm (0.65 in)","11,600 mm (456 in)","Carbon Steel","1,815","27.6 bar (400 psi)","70 °C (158 °F)","2 mm (0.08 in)","Straight Tube","","Carbon Steel","Heat Exchanger",""
"230445","Unused Shell and Tube Heat Exchanger 1,050 m&#xB2; (11,250 ft&#xB2;) Carbon Steel For Sale - IPP# 230445","https://ims.internationalprocessplants.com/inventory/equipment/detail/230445","22","","","Unused","Carbon Steel","","1,050 m&#xB2; (11,250 ft&#xB2;)","13,650 mm (537 in)","Delta Tee International Inc.","Carbon Steel","","Nozzle schedule as follows: Two 16" inlet/outlet, Two 12" inlets, one 10" inlet, three 2" and two 3/4".","Horizontal","","Carbon Steel","99.3 bar (1,450 psi)","70 °C (158 °F)","","Shell and Tube","","17.3 mm (0.68 in)","11,600 mm (456 in)","Carbon Steel","1,815","27.6 bar (400 psi)","70 °C (158 °F)","2 mm (0.08 in)","Straight Tube","","Carbon Steel","Heat Exchanger",""
"230446","Unused Shell and Tube Heat Exchanger 1,050 m&#xB2; (11,250 ft&#xB2;) Carbon Steel For Sale - IPP# 230446","https://ims.internationalprocessplants.com/inventory/equipment/detail/230446","22","","","Unused","Carbon Steel","","1,050 m&#xB2; (11,250 ft&#xB2;)","13,650 mm (537 in)","Delta Tee International Inc.","Carbon Steel","","Nozzle schedule as follows: Two 16" inlet/outlet, Two 12" inlets, one 10" inlet, three 2" and two 3/4".","Horizontal","","Carbon Steel","99.3 bar (1,450 psi)","70 °C (158 °F)","","Shell and Tube","","15.7 mm (0.62 in)","11,600 mm (456 in)","Carbon Steel","1,815","27.6 bar (400 psi)","70 °C (158 °F)","2 mm (0.08 in)","Straight Tube","","Carbon Steel","Heat Exchanger",""
"230447","Unused Shell and Tube Heat Exchanger 1,050 m&#xB2; (11,250 ft&#xB2;) Carbon Steel For Sale - IPP# 230447","https://ims.internationalprocessplants.com/inventory/equipment/detail/230447","22","","","Unused","Carbon Steel","","1,050 m&#xB2; (11,250 ft&#xB2;)","13,650 mm (537 in)","Delta Tee International Inc.","Carbon Steel","","Nozzle schedule as follows: Two 16" inlet/outlet, Two 12" inlets, one 10" inlet, three 2" and two 3/4".","Horizontal","","Carbon Steel","99.3 bar (1,450 psi)","70 °C (158 °F)","","Shell and Tube","","15.7 mm (0.62 in)","11,600 mm (456 in)","Carbon Steel","1,815","27.6 bar (400 psi)","70 °C (158 °F)","2 mm (0.08 in)","Straight Tube","","Carbon Steel","Heat Exchanger",""
"230448","Unused Shell and Tube Heat Exchanger 1,050 m&#xB2; (11,250 ft&#xB2;) Carbon Steel For Sale - IPP# 230448","https://ims.internationalprocessplants.com/inventory/equipment/detail/230448","22","","","Unused","Carbon Steel","","1,050 m&#xB2; (11,250 ft&#xB2;)","13,650 mm (537 in)","Delta Tee International Inc.","Carbon Steel","","Nozzle schedule as follows: Two 16" inlet/outlet, Two 12" inlets, one 10" inlet, three 2" and two 3/4".","Horizontal","","Carbon Steel","99.3 bar (1,450 psi)","70 °C (158 °F)","","Shell and Tube","","15.7 mm (0.62 in)","11,600 mm (456 in)","Carbon Steel","1,815","27.6 bar (400 psi)","70 °C (158 °F)","2 mm (0.08 in)","Straight Tube","","Carbon Steel","Heat Exchanger",""
"230449","Unused Shell and Tube Heat Exchanger 1,050 m&#xB2; (11,250 ft&#xB2;) Carbon Steel For Sale - IPP# 230449","https://ims.internationalprocessplants.com/inventory/equipment/detail/230449","22","","","Unused","Carbon Steel","","1,050 m&#xB2; (11,250 ft&#xB2;)","13,650 mm (537 in)","Delta Tee International Inc.","Carbon Steel","","Nozzle schedule as follows: Two 16" inlet/outlet, Two 12" inlets, one 10" inlet, three 2" and two 3/4".","Horizontal","","Carbon Steel","99.3 bar (1,450 psi)","70 °C (158 °F)","","Shell and Tube","","15.7 mm (0.62 in)","11,600 mm (456 in)","Carbon Steel","815","27.6 bar (400 psi)","70 °C (158 °F)","2 mm (0.08 in)","Straight Tube","","Carbon Steel","Heat Exchanger",""
"230450","Unused Shell and Tube Heat Exchanger 1,050 m&#xB2; (11,250 ft&#xB2;) Carbon Steel For Sale - IPP# 230450","https://ims.internationalprocessplants.com/inventory/equipment/detail/230450","20","","","Unused","Carbon Steel","","1,050 m&#xB2; (11,250 ft&#xB2;)","13,650 mm (537 in)","Delta Tee International Inc.","Carbon Steel","","Nozzle schedule as follows: Two 16" inlet/outlet, Two 12" inlets, one 10" inlet, three 2" and two 3/4".","Horizontal","","Carbon Steel","99.3 bar (1,450 psi)","70 °C (158 °F)","","Shell and Tube","","15.7 mm (0.62 in)","11,600 mm (456 in)","Carbon Steel","1,815","27.6 bar (400 psi)","70 °C (158 °F)","2 mm (0.08 in)","","","","Heat Exchanger",""
"230451","Unused Shell and Tube Heat Exchanger 1,050 m&#xB2; (11,250 ft&#xB2;) Carbon Steel For Sale - IPP# 230451","https://ims.internationalprocessplants.com/inventory/equipment/detail/230451","21","","","Unused","Carbon Steel","","1,050 m&#xB2; (11,250 ft&#xB2;)","13,650 mm (537 in)","Delta Tee International Inc.","Carbon Steel","","Nozzle schedule as follows: Two 16" inlet/outlet, Two 12" inlets, one 10" inlet, three 2" and two 3/4"","Horizontal","","Carbon Steel","99.3 bar (1,450 psi)","70 °C (158 °F)","","Shell and Tube","","15.7 mm (0.62 in)","11,600 mm (456 in)","Carbon Steel","1,815","27.6 bar (400 psi)","70 °C (158 °F)","2 mm (0.08 in)","","","Carbon Steel","Heat Exchanger",""
"230460","Unused Stainless Steel 316 Allegheny Bradford Corp. Shell and Tube Heat Exchanger - IPP# 230460","https://ims.internationalprocessplants.com/inventory/equipment/detail/230460","25","","","Unused","Stainless Steel 316L","","14.6 m&#xB2; (157 ft&#xB2;)","2,250 mm (88 in)","Allegheny Bradford Corp.","Stainless Steel 316","","","Horizontal","12.7 mm (0.5 in)","Stainless Steel 304","10.3 bar (150 psi)","148.9 °C (300 °F)","4","Shell and Tube","","12.7 mm (0.5 in)","2,150 mm (84 in)","Stainless Steel 316L","172","10.3 bar (150 psi)","148.9 °C (300 °F)","1.02 mm (0.04 in)","U-Tube","4","Stainless Steel 316L","Heat Exchanger","Yes"
"230571","Stainless Steel 316 Allegheny Bradford Corp. Shell and Tube Heat Exchanger - IPP# 230571","https://ims.internationalprocessplants.com/inventory/equipment/detail/230571","23","","","Used","Stainless Steel 316","","8 m&#xB2; (86 ft&#xB2;)","1,900 mm (74 in)","Allegheny Bradford Corp.","Stainless Steel 316","","Shell side nozzles: 4" 150# - Tube side nozzles: 3" Tri-Cl","Horizontal","8,900 mm (350 in)","Stainless Steel 316","10.3 bar (150 psi)","176.7 °C (350 °F)","","Shell and Tube","","12.7 mm (0.5 in)","1,850 mm (72 in)","Stainless Steel 316","","10.3 bar (150 psi)","176.7 °C (350 °F)","1.27 mm (0.05 in)","U-Tube","","Stainless Steel 316","Heat Exchanger","Yes"
"230572","Stainless Steel 316 Allegheny Bradford Corp. BEU Shell and Tube Heat Exchanger - IPP# 230572","https://ims.internationalprocessplants.com/inventory/equipment/detail/230572","23","","","Used","Stainless Steel 316","","3.1 m&#xB2; (33 ft&#xB2;)","1,450 mm (58 in)","Allegheny Bradford Corp.","Stainless Steel 316","BEU","Shell side nozzles two 3" 150#, Tube side nozzles 3" Tri Clover.","Horizontal","","Stainless Steel 304","10.3 bar (150 psi)","176.7 °C (350 °F)","","Shell and Tube","","19.1 mm (0.75 in)","1,450 mm (57.6 in)","Stainless Steel 316","","10.3 bar (150 psi)","176.7 °C (350 °F)","1.52 mm (0.06 in)","U-Tube","","Stainless Steel 316","Heat Exchanger","Yes"
"230574","Stainless Steel 316 Allegheny Bradford Corp. Shell and Tube Heat Exchanger - IPP# 230574","https://ims.internationalprocessplants.com/inventory/equipment/detail/230574","19","","","Used","Stainless Steel 316","","1.67 m&#xB2; (18 ft&#xB2;)","","Allegheny Bradford Corp.","Stainless Steel 316","","- Nozzle schedule: - Tube side: two 2" sanitary nozzles - Shell side: One 2", one 1" and two 3/4" drain/vent.","Horizontal","","Stainless Steel 304","10.3 bar (150 psi)","176.7 °C (350 °F)","","Shell and Tube","","19.1 mm (0.75 in)","","Stainless Steel 316","","10.3 bar (150 psi)","176.7 °C (350 °F)","1.52 mm (0.06 in)","U-Tube","","Stainless Steel 316","Heat Exchanger",""
"231049","Shell and Tube Heat Exchanger 3.4 m&#xB2; (36.6 ft&#xB2;) Stainless Steel Austenitic For Sale - IPP# 231049","https://ims.internationalprocessplants.com/inventory/equipment/detail/231049","21","","","Used","Stainless Steel Austenitic","","3.4 m&#xB2; (36.6 ft&#xB2;)","1,950 mm (77.2 in)","Silica Gel Gmbh","Stainless Steel Austenitic","","Tube side openings: (1) head with 1-100mm, (1) head with 1-100mm - Shell openings: 2-25mm","Horizontal","219 mm (8.6 in)","Stainless Steel Austenitic","5 bar (72.5 psi)","120 °C (248 °F)","","Shell and Tube","","18.8 mm (0.74 in)","1,250 mm (49.2 in)","Stainless Steel Austenitic","48","0.5 bar (7.3 psi)","120 °C (248 °F)","","","1","","Heat Exchanger",""
"231050","Shell and Tube Heat Exchanger 5.4 m&#xB2; (58.1 ft&#xB2;) Stainless Steel Austenitic For Sale - IPP# 231050","https://ims.internationalprocessplants.com/inventory/equipment/detail/231050","21","","","Used","Stainless Steel Austenitic","","5.4 m&#xB2; (58.1 ft&#xB2;)","1,650 mm (64.4 in)","Silica Gel Gmbh","Stainless Steel Austenitic","","- Tubeside openings: (1) head with 2-50mm, (1) head with no openings - Shell openings: 2-100mm, 1-25mm","Horizontal","324 mm (12.8 in)","Stainless Steel Austenitic","0.5 bar (7.3 psi)","120 °C (248 °F)","","Shell and Tube","","18 mm (0.71 in)","1,250 mm (49.2 in)","Stainless Steel Austenitic","92","4 bar (58 psi)","50 °C (122 °F)","","","2","","Heat Exchanger",""
"231052","Shell and Tube Heat Exchanger 9.1 m&#xB2; (98.2 ft&#xB2;) Stainless Steel Austenitic For Sale - IPP# 231052","https://ims.internationalprocessplants.com/inventory/equipment/detail/231052","14","","","Used","Stainless Steel Austenitic","","9.1 m&#xB2; (98.2 ft&#xB2;)","","Barriquand Echangeurs","Stainless Steel Austenitic","1JS1X9/1X20X240X1000","","Horizontal","","Stainless Steel Austenitic","","","","Shell and Tube","","","","Stainless Steel Austenitic","","6 bar (87 psi)","200 °C (392 °F)","","","","","Heat Exchanger","Yes"
"231152","Shell and Tube Heat Exchanger 5.1 m&#xB2; (54.9 ft&#xB2;) Stainless Steel Austenitic For Sale - IPP# 231152","https://ims.internationalprocessplants.com/inventory/equipment/detail/231152","23","","Yes","Used","Stainless Steel Austenitic","","5.1 m&#xB2; (54.9 ft&#xB2;)","3,200 mm (125.1 in)","GESSNER","Stainless Steel Austenitic","","openings tube side (1) head with 2-100mm, (1) head with 1-25mm (drain), shel side 2-100mm","Horizontal","219 mm (8.6 in)","Stainless Steel Austenitic","6 bar (87 psi)","200 °C (392 °F)","","Shell and Tube","","25 mm (0.98 in)","2,800 mm (110.2 in)","Stainless Steel Austenitic","26","6 bar (87 psi)","200 °C (392 °F)","","","2","","Heat Exchanger","Yes"
"232126","Shell and Tube Heat Exchanger 18.6 m&#xB2; (200 ft&#xB2;) Graphite For Sale - IPP# 232126","https://ims.internationalprocessplants.com/inventory/equipment/detail/232126","8","","","Used","","","18.6 m&#xB2; (200 ft&#xB2;)","2,700 mm (106 in)","","Graphite","","4" shell nozzles, 2" tube nozzles.","Horizontal","","","","","","Shell and Tube","","","","","","","","","","","","Heat Exchanger",""
"232181","Shell and Tube Heat Exchanger - IPP# 232181","https://ims.internationalprocessplants.com/inventory/equipment/detail/232181","16","","","Used","Stainless Steel 316","","32.5 m&#xB2; (350 ft&#xB2;)","","Southerland Associates","","","","Horizontal","","Carbon Steel","10.3 bar (150 psi)","148.9 °C (300 °F)","","Shell and Tube","","355.6 mm (14 in)","2,450 mm (96 in)","Stainless Steel 316","","10.3 bar (150 psi)","148.9 °C (300 °F)","","","","","Heat Exchanger","Yes"
"232717","Shell and Tube Heat Exchanger 23.6 m&#xB2; (254 ft&#xB2;) Stainless Steel 316 For Sale - IPP# 232717","https://ims.internationalprocessplants.com/inventory/equipment/detail/232717","23","","","Used","Stainless Steel 316","","23.6 m&#xB2; (254 ft&#xB2;)","3,650 mm (144 in)","Hebeler","Stainless Steel 316","","Three 6" nozzles, one 2" nozzle.","Horizontal","","Carbon Steel","12.1 bar (175 psi)","260 °C (500 °F)","","Shell and Tube","","19.1 mm (0.75 in)","3,650 mm (144 in)","Stainless Steel 316","108","12.1 bar (175 psi)","210 °C (410 °F)","1.02 mm (0.04 in)","U-Tube","","Stainless Steel 316","Heat Exchanger","Yes"
"232768","Shell and Tube Heat Exchanger 68.1 m&#xB2; (733 ft&#xB2;) Stainless Steel 304 For Sale - IPP# 232768","https://ims.internationalprocessplants.com/inventory/equipment/detail/232768","21","","","Used","Carbon Steel","","68.1 m&#xB2; (733 ft&#xB2;)","","Doyle and Roth","Stainless Steel 304","","Nozzle schedule is : Three 6", one 12", and two 3/4" vent/drain(s).","Horizontal","","Carbon Steel","10.3 bar (150 psi)","121.1 °C (250 °F)","","Shell and Tube","","19.1 mm (0.75 in)","3,950 mm (156 in)","Stainless Steel 304","282","10.3 bar (150 psi)","121.1 °C (250 °F)","0.06 mm (0.002 in)","U-Tube","","Stainless Steel 304","Heat Exchanger",""
"232769","Shell and Tube Heat Exchanger 65 m&#xB2; (700 ft&#xB2;) Stainless Steel Other For Sale - IPP# 232769","https://ims.internationalprocessplants.com/inventory/equipment/detail/232769","11","","","Used","Stainless Steel Other","","65 m&#xB2; (700 ft&#xB2;)","","","Stainless Steel Other","","","Horizontal","","Carbon Steel","","","","Shell and Tube","","","","Stainless Steel Other","","","","","U-Tube","","Stainless Steel Other","Heat Exchanger",""
"232795","New Stainless Steel 316L Timmerman RVS680-Vo197.4-L6000/2pp&#x2B;c Shell and Tube Heat Exchanger - IPP# 232795","https://ims.internationalprocessplants.com/inventory/equipment/detail/232795","22","","","New","Stainless Steel 316","","197.4 m&#xB2; (2,100 ft&#xB2;)","7,100 mm (278.7 in)","Timmerman","Stainless Steel 316L","RVS680-Vo197.4-L6000/2pp&#x2B;c","openings tube side: (1) head with 150mm, (1) head with 150mm, shell: 2-150mm,","Vertical","680 mm (26.8 in)","Stainless Steel 316","12 bar (174 psi)","100 °C (212 °F)","","Shell and Tube","","21.3 mm (0.84 in)","6,000 mm (236.2 in)","Stainless Steel 316","499","16 bar (232.1 psi)","100 °C (212 °F)","1.6 mm (0.06 in)","","","","Heat Exchanger",""
"233004","Tantalum Clad Shell and Tube Heat Exchanger - IPP# 233004","https://ims.internationalprocessplants.com/inventory/equipment/detail/233004","26","","Yes","Used","Tantalum","","12.3 m&#xB2; (132 ft&#xB2;)","1,900 mm (75.3 in)","Cosmos Minerals","Tantalum","BEM-18-1-48","Shell side - two 4", Tube side - one 8" and two 3".","Vertical","457.2 mm (18 in)","Carbon Steel","6.9 bar (100 psi)","232.2 °C (450 °F)","","Shell and Tube","","17.8 mm (0.7 in)","1,200 mm (48 in)","Tantalum","168","6.9 bar (100 psi)","232.2 °C (450 °F)","0.38 mm (0.015 in)","Straight Tube","","Tantalum","Heat Exchanger","Yes"
"233005","Tantalum Clad Cosmos Minerals BEM-14-1-72 Shell and Tube Heat Exchanger - IPP# 233005","https://ims.internationalprocessplants.com/inventory/equipment/detail/233005","23","","Yes","Used","Tantalum","","11.4 m&#xB2; (123 ft&#xB2;)","2,750 mm (108 in)","Cosmos Minerals","Tantalum","BEM-14-1-72","","Vertical","355.6 mm (14 in)","Carbon Steel","6.9 bar (100 psi)","232.2 °C (450 °F)","","Shell and Tube","","19.1 mm (0.75 in)","","Tantalum","105","6.9 bar (100 psi)","232.2 °C (450 °F)","0.25 mm (0.01 in)","Straight Tube","","Tantalum","Heat Exchanger",""
"233018","Hastelloy - Other Clad Shell and Tube Heat Exchanger - IPP# 233018","https://ims.internationalprocessplants.com/inventory/equipment/detail/233018","25","","Yes","Used","Hastelloy - Other","","27.6 m&#xB2; (297 ft&#xB2;)","1,450 mm (58 in)","Astro Cosmos Metallurgical","Hastelloy - Other","BEM 20-1-58","","Vertical","508 mm (20 in)","Carbon Steel","6.2 bar (90 psi)","176.7 °C (350 °F)","","Shell and Tube","","19.1 mm (0.75 in)","1,450 mm (58 in)","Hastelloy - Other","325","6.2 bar (90 psi)","176.7 °C (350 °F)","0.76 mm (0.03 in)","Straight Tube","","Stainless Steel 304","Heat Exchanger","Yes"
"233019","Hastelloy - C276 Mersen BEM 20-1-30 Shell and Tube Heat Exchanger - IPP# 233019","https://ims.internationalprocessplants.com/inventory/equipment/detail/233019","25","","","Used","Hastelloy - C276","","15.1 m&#xB2; (163 ft&#xB2;)","1,500 mm (60 in)","Mersen","Hastelloy - C276","BEM 20-1-30","One 8" nozzle, One 4" nozzle, three 3" nozzles.","Vertical","610 mm (24 in)","Carbon Steel","6.9 bar (100 psi)","182.2 °C (360 °F)","","Shell and Tube","","19.1 mm (0.75 in)","660 mm (26 in)","Hastelloy - C276","333","6.9 bar (100 psi)","182.2 °C (360 °F)","0.76 mm (0.03 in)","Straight Tube","","Stainless Steel 304","Heat Exchanger","Yes"
"233020","Tantalum Clad Cosmos Minerals BEM-18-1-48 Shell and Tube Heat Exchanger - IPP# 233020","https://ims.internationalprocessplants.com/inventory/equipment/detail/233020","25","","Yes","Used","Tantalum","","12.3 m&#xB2; (132 ft&#xB2;)","1,200 mm (48 in)","Cosmos Minerals","Tantalum","BEM-18-1-48","shell side has two 4" nozzles, Bottom Bonnet has two 3" nozzles, top has one 8" nozzle","Vertical","","Stainless Steel 304","10.3 bar (150 psi)","232.2 °C (450 °F)","","Shell and Tube","","19.1 mm (0.75 in)","1,200 mm (48 in)","Tantalum","168","10.3 bar (150 psi)","232.2 °C (450 °F)","0.25 mm (0.01 in)","Straight Tube","","Tantalum","Heat Exchanger","Yes"
"233034","Titanium Clad Astro Cosmos Metallurgical BEM-18-1-72 Shell and Tube Heat Exchanger - IPP# 233034","https://ims.internationalprocessplants.com/inventory/equipment/detail/233034","25","","Yes","Used","Stainless Steel 304","","19.8 m&#xB2; (213 ft&#xB2;)","1,850 mm (72 in)","Astro Cosmos Metallurgical","Titanium","BEM-18-1-72","","Vertical","457.2 mm (18 in)","Stainless Steel 304","10.3 bar (150 psi)","232.2 °C (450 °F)","","Shell and Tube","","19.1 mm (0.75 in)","1,850 mm (72 in)","Titanium","181","10.3 bar (150 psi)","232.2 °C (450 °F)","0.25 mm (0.01 in)","Straight Tube","","Stainless Steel 304","Heat Exchanger","Yes"
"233141","Stainless Steel Austenitic Clad Manning and Lewis Shell and Tube Heat Exchanger - IPP# 233141","https://ims.internationalprocessplants.com/inventory/equipment/detail/233141","20","","Yes","Used","","","59.4 m&#xB2; (639 ft&#xB2;)","2,950 mm (116 in)","Manning and Lewis","Stainless Steel Austenitic","","","Vertical","","Carbon Steel","6.9 bar (100 psi)","176.7 °C (350 °F)","","Shell and Tube","","38.1 mm (1.5 in)","1,850 mm (72 in)","Stainless Steel Austenitic","281","6.9 bar (100 psi)","176.7 °C (350 °F)","0.76 mm (0.03 in)","Straight Tube","","","Heat Exchanger",""
"233409","Carbon Steel  Shell and Tube Heat Exchanger - IPP# 233409","https://ims.internationalprocessplants.com/inventory/equipment/detail/233409","23","","","Used","Cast Iron","","1.86 m&#xB2; (20 ft&#xB2;)","832 mm (32.8 in)","","Carbon Steel","","one 4" inlet, one 1.5 outlet, one 0.75 vent, one 0.5 drain","Horizontal","273.1 mm (10.8 in)","Carbon Steel","10.3 bar (150 psi)","190.6 °C (375 °F)","","Shell and Tube","","19.1 mm (0.75 in)","813 mm (32 in)","Copper","38","8.6 bar (125 psi)","190.6 °C (375 °F)","1.24 mm (0.05 in)","U-Tube","2","Carbon Steel","Heat Exchanger",""
"233454","Stainless Steel 316 Perry Products. 12-395, FTSMX Shell and Tube Heat Exchanger - IPP# 233454","https://ims.internationalprocessplants.com/inventory/equipment/detail/233454","21","","","Used","Stainless Steel 316","","36.7 m&#xB2; (395 ft&#xB2;)","5,950 mm (235 in)","Perry Products.","Stainless Steel 316","12-395, FTSMX","One 16" nozzle, two 6" nozzles, one 2" nozzle, and two 1" nozzles.","Vertical","","","5.2 bar (75 psi)","148.9 °C (300 °F)","","Shell and Tube","","19.1 mm (0.75 in)","","Stainless Steel 316","126","6.9 bar (100 psi)","148.9 °C (300 °F)","1.52 mm (0.06 in)","Straight Tube","","Stainless Steel 316","Heat Exchanger",""
"233466","Stainless Steel 316 Perry Products Co. Shell and Tube Heat Exchanger - IPP# 233466","https://ims.internationalprocessplants.com/inventory/equipment/detail/233466","21","","","Used","Stainless Steel 316","","13.1 m&#xB2; (141 ft&#xB2;)","3,400 mm (134 in)","Perry Products Co.","Stainless Steel 316","","One 6" nozzle, Two 3" nozzles, and one 2" nozzle.","Horizontal","","Carbon Steel","5.2 bar (75 psi)","160 °C (320 °F)","","Shell and Tube","","19.1 mm (0.75 in)","3,350 mm (132 in)","Stainless Steel 316","72","5.2 bar (75 psi)","160 °C (320 °F)","1.02 mm (0.04 in)","","","Stainless Steel 316","Heat Exchanger",""
"233467","Stainless Steel 316  Shell and Tube Heat Exchanger - IPP# 233467","https://ims.internationalprocessplants.com/inventory/equipment/detail/233467","5","","","Used","","","7.7 m&#xB2; (83 ft&#xB2;)","","","Stainless Steel 316","","","","","","","","","Shell and Tube","","","","","","","","","","","","Heat Exchanger",""
"233495","Stainless Steel 304 Baeuerle and Morris Inc. Shell and Tube Heat Exchanger - IPP# 233495","https://ims.internationalprocessplants.com/inventory/equipment/detail/233495","22","","","Used","Stainless Steel 304","","7.8 m&#xB2; (84 ft&#xB2;)","431.8 mm (17 in)","Baeuerle and Morris Inc.","Stainless Steel 304","","One 2" nozzle , Two 2" nozzles, Two 3/4" nozzle , Eight 1/2" nozzles.","Horizontal","","Stainless Steel 304","6.9 bar (100 psi)","121.1 °C (250 °F)","","Shell and Tube","","19.1 mm (0.75 in)","497.8 mm (19.6 in)","Stainless Steel 304","24","6.9 bar (100 psi)","121.1 °C (250 °F)","1.02 mm (0.04 in)","Straight Tube","","Stainless Steel 304","Heat Exchanger",""
"233682","Shell and Tube Heat Exchanger 3.3 m&#xB2; (35 ft&#xB2;) Stainless Steel 316 For Sale - IPP# 233682","https://ims.internationalprocessplants.com/inventory/equipment/detail/233682","18","","","Used","Stainless Steel 316","","3.3 m&#xB2; (35 ft&#xB2;)","1,850 mm (72 in)","Ametek","Stainless Steel 316","BEM","","Horizontal","","Carbon Steel","10.3 bar (150 psi)","107.2 °C (225 °F)","","Shell and Tube","","","","Stainless Steel 316","36","10.3 bar (150 psi)","-3.9 °C (25 °F)","","Straight Tube","","","Heat Exchanger",""
"233683","Shell and Tube Heat Exchanger 5.6 m&#xB2; (60 ft&#xB2;) Carbon Steel For Sale - IPP# 233683","https://ims.internationalprocessplants.com/inventory/equipment/detail/233683","17","","","Used","Carbon Steel","","5.6 m&#xB2; (60 ft&#xB2;)","2,450 mm (96 in)","Graham","Carbon Steel","","","Horizontal","","Carbon Steel","1.38 bar (20 psi)","93.3 °C (200 °F)","","Shell and Tube","","","","Carbon Steel","","5.2 bar (75 psi)","93.3 °C (200 °F)","","","","Carbon Steel","Heat Exchanger","Yes"
"233684","Shell and Tube Heat Exchanger 10.2 m&#xB2; (110 ft&#xB2;) Carbon Steel For Sale - IPP# 233684","https://ims.internationalprocessplants.com/inventory/equipment/detail/233684","17","","","Used","Carbon Steel","","10.2 m&#xB2; (110 ft&#xB2;)","3,050 mm (120 in)","Graham","Carbon Steel","","","Horizontal","","Carbon Steel","1.38 bar (20 psi)","93.3 °C (200 °F)","","Shell and Tube","","","","Carbon Steel","","5.2 bar (75 psi)","93.3 °C (200 °F)","","","","Carbon Steel","Heat Exchanger","Yes"
"233724","Hastelloy - Other Shell and Tube Heat Exchanger - IPP# 233724","https://ims.internationalprocessplants.com/inventory/equipment/detail/233724","24","","","Used","Hastelloy - C276","","2.5 m&#xB2; (27 ft&#xB2;)","1,200 mm (48 in)","Perry Products.","Hastelloy - Other","8-27 FTSX","One 3" nozzle, Two 2" nozzles, two 1.5" nozzles.","Horizontal","","Carbon Steel","6.9 bar (100 psi)","232.2 °C (450 °F)","","Shell and Tube","","19.1 mm (0.75 in)","1,050 mm (42 in)","Hastelloy - Other","40","6.9 bar (100 psi)","232.2 °C (450 °F)","1.27 mm (0.05 in)","Straight Tube","","Hastelloy - Other","Heat Exchanger","Yes"
"233780","Hastelloy - Other Southern Heat Exchanger Shell and Tube Heat Exchanger - IPP# 233780","https://ims.internationalprocessplants.com/inventory/equipment/detail/233780","21","","","Used","Hastelloy - C276","","21.4 m&#xB2; (230 ft&#xB2;)","","Southern Heat Exchanger","Hastelloy - Other","","One 6" nozzle, four 3" nozzles, three 2.5" nozzles.","Vertical","","Stainless Steel 316","10.3 bar (150 psi)","226.7 °C (440 °F)","","Shell and Tube","","19.1 mm (0.75 in)","1,850 mm (73.5 in)","Hastelloy - Other","196","10.3 bar (150 psi)","232.2 °C (450 °F)","1.52 mm (0.06 in)","Straight Tube","","Hastelloy - C276","Heat Exchanger",""
"233870","Shell and Tube Heat Exchanger 25.4 m&#xB2; (273 ft&#xB2;) Graphite For Sale - IPP# 233870","https://ims.internationalprocessplants.com/inventory/equipment/detail/233870","19","","","Used","","","25.4 m&#xB2; (273 ft&#xB2;)","4,300 mm (169 in)","Karbate Vicarb, Inc.","Graphite","","","Vertical","2,550 mm (100 in)","Carbon Steel","6.9 bar (100 psi)","218.3 °C (425 °F)","","Shell and Tube","","22.2 mm (0.88 in)","3,250 mm (127 in)","","159","6.9 bar (100 psi)","218.3 °C (425 °F)","","Straight Tube","","","Heat Exchanger","Yes"
"233942","Graphite Poly Tube 44 EO1 PYTUC 45 A L8 G 46 283 Shell and Tube Heat Exchanger - IPP# 233942","https://ims.internationalprocessplants.com/inventory/equipment/detail/233942","20","","","Used","Carbon Steel","","185.8 m&#xB2; (2,000 ft&#xB2;)","","Poly Tube","Graphite","44 EO1 PYTUC 45 A L8 G 46 283","","Vertical","","Carbon Steel","3.1 bar (45 psi)","176.7 °C (350 °F)","","Shell and Tube","","38.1 mm (1.5 in)","","Graphite","283","3.1 bar (45 psi)","176.7 °C (350 °F)","","Straight Tube","","Graphite","Heat Exchanger","Yes"
"233943","Shell and Tube Heat Exchanger 116.5 m&#xB2; (1,250 ft&#xB2;) Titanium For Sale - IPP# 233943","https://ims.internationalprocessplants.com/inventory/equipment/detail/233943","23","","","Used","Titanium","","116.5 m&#xB2; (1,250 ft&#xB2;)","5,400 mm (213.3 in)","Titanium Fabrication Corporation","Titanium","","Nozzle schedule is one 20" outlet, one 16" inlet, two 8" nozzles and three 3" nozzles.","Vertical","876 mm (34.5 in)","Titanium","3.1 bar (45 psi)","200 °C (392 °F)","","Shell and Tube","","38.1 mm (1.5 in)","5,400 mm (213.3 in)","Titanium","180","3.1 bar (45 psi)","200 °C (392 °F)","1.02 mm (0.04 in)","Straight Tube","","Titanium","Heat Exchanger",""
"233945","Graphite SGL Group, SGL Carbon Technic LLC ST8-1-136 Shell and Tube Heat Exchanger - IPP# 233945","https://ims.internationalprocessplants.com/inventory/equipment/detail/233945","14","","","Used","","","3.4 m&#xB2; (37 ft&#xB2;)","","SGL Group, SGL Carbon Technic LLC","Graphite","ST8-1-136","","","","Carbon Steel","5.2 bar (75 psi)","180 °C (356 °F)","","Shell and Tube","","","","Graphite","","3.4 bar (50 psi)","180 °C (356 °F)","","","","","Heat Exchanger","Yes"
"233946","Graphite SGL Group, SGL Carbon Technic LLC ST6-1-9.61-V-NS1-NS1-10C Shell and Tube Heat Exchanger - IPP# 233946","https://ims.internationalprocessplants.com/inventory/equipment/detail/233946","14","","","Used","","","1.58 m&#xB2; (17 ft&#xB2;)","","SGL Group, SGL Carbon Technic LLC","Graphite","ST6-1-9.61-V-NS1-NS1-10C","","","","Carbon Steel","5.2 bar (75 psi)","180 °C (356 °F)","","Shell and Tube","","","","Graphite","","5.2 bar (75 psi)","180 °C (356 °F)","","","","","Heat Exchanger","Yes"
"233948","Shell and Tube Heat Exchanger 13.6 m&#xB2; (146 ft&#xB2;)  For Sale - IPP# 233948","https://ims.internationalprocessplants.com/inventory/equipment/detail/233948","13","","","Used","","","13.6 m&#xB2; (146 ft&#xB2;)","3,750 mm (148 in)","Karbate","","","Two shell side nozzles are 6". One 2.5" tube side nozzle, one 2" tube side nozzle, and one 1.5" nozzle.","Vertical","","Carbon Steel","6.9 bar (100 psi)","170 °C (338 °F)","","Shell and Tube","","","","","","6.9 bar (100 psi)","170 °C (338 °F)","","","","","Heat Exchanger",""
"233988","NEW/ UNUSED Perry AEU Shell and Tube Heat Exchanger - IPP# 233988","https://ims.internationalprocessplants.com/inventory/equipment/detail/233988","29","897 L (237 gallons)","","New","Stainless Steel 304","579 L (153 gallons)","105.1 m&#xB2; (1,150 ft&#xB2;)","6,200 mm (244.4 in)","Perry Products Co.","Stainless Steel 304","AEU","Four (4) 8" nozzles, (inlet/outlet) one 6" nozzles as a rupture disk.","Horizontal","610 mm (24 in)","Carbon Steel","15.7 bar (228 psi)","60 °C (140 °F)","1","Shell and Tube","AEU","19.1 mm (0.75 in)","4,250 mm (168 in)","Stainless Steel 304","197","75.6 bar (1,100 psi)","190 °C (374 °F)","1.52 mm (0.06 in)","U-Tube","2","Stainless Steel 304","Heat Exchanger",""
"234181","Shell and Tube Heat Exchanger 124 m&#xB2; (1,350 ft&#xB2;) Stainless Steel 316 For Sale - IPP# 234181","https://ims.internationalprocessplants.com/inventory/equipment/detail/234181","14","","","Used","Stainless Steel 316","","124 m&#xB2; (1,350 ft&#xB2;)","","Gebr Bohler","Stainless Steel 316","","","Vertical","","Stainless Steel 316","12 bar (174 psi)","200 °C (392 °F)","","Shell and Tube","","","","Stainless Steel 316","","53 bar (769 psi)","180 °C (356 °F)","","","","","Heat Exchanger",""
"234182","Shell and Tube Heat Exchanger 134 m&#xB2; (1,450 ft&#xB2;) Stainless Steel 904 For Sale - IPP# 234182","https://ims.internationalprocessplants.com/inventory/equipment/detail/234182","15","","","Used","Stainless Steel 904","","134 m&#xB2; (1,450 ft&#xB2;)","","Richard Stihler","Stainless Steel 904","","","Vertical","","Stainless Steel 321","12 bar (174 psi)","200 °C (392 °F)","","Shell and Tube","","","","Stainless Steel 904","","51 bar (740 psi)","200 °C (392 °F)","","","","","Heat Exchanger","Yes"
"234272","Shell and Tube Heat Exchanger 40 m&#xB2; (430.6 ft&#xB2;) Stainless Steel Austenitic For Sale - IPP# 234272","https://ims.internationalprocessplants.com/inventory/equipment/detail/234272","22","","","Used","Stainless Steel Austenitic","","40 m&#xB2; (430.6 ft&#xB2;)","3,300 mm (130.7 in)","Apparatebau Pitton GmbH & Co.KG","Stainless Steel Austenitic","","openings: tube side: bonnet head with 2-150mm, dished head with no openings, shell: 1-300mm, 1-200mm, 2-150mm,","Horizontal","","Stainless Steel Austenitic","8 bar (116 psi)","200 °C (392 °F)","","Shell and Tube","","25 mm (0.98 in)","2,500 mm (98.4 in)","Stainless Steel Austenitic","208","8 bar (116 psi)","200 °C (392 °F)","2 mm (0.08 in)","","","Stainless Steel Austenitic","Heat Exchanger","Yes"
"234273","Shell and Tube Heat Exchanger 40 m&#xB2; (430.6 ft&#xB2;) Stainless Steel Austenitic For Sale - IPP# 234273","https://ims.internationalprocessplants.com/inventory/equipment/detail/234273","22","","","Used","Stainless Steel Austenitic","","40 m&#xB2; (430.6 ft&#xB2;)","3,300 mm (130.7 in)","Apparatebau Pitton GmbH & Co.KG","Stainless Steel Austenitic","","openings: tube side: bonnet head with 2-150mm, dished head with no openings, shell: 1-300mm, 1-200mm, 2-150mm,","Horizontal","","Stainless Steel Austenitic","8 bar (116 psi)","200 °C (392 °F)","","Shell and Tube","","25 mm (0.98 in)","2,500 mm (98.4 in)","Stainless Steel Austenitic","208","8 bar (116 psi)","200 °C (392 °F)","2 mm (0.08 in)","","","Stainless Steel Austenitic","Heat Exchanger","Yes"
"234997","Stainless Steel 316 Blaw Knox-  F &amp; C Equipment Co. Shell and Tube Heat Exchanger - IPP# 234997","https://ims.internationalprocessplants.com/inventory/equipment/detail/234997","22","","","Used","","","9.3 m&#xB2; (100 ft&#xB2;)","4,250 mm (168 in)","Blaw Knox- F & C Equipment Co.","Stainless Steel 316","","- Shell side nozzles: steam inlet 8", condensate outlet 2"","Vertical","273.1 mm (10.8 in)","Carbon Steel","4.8 bar (70 psi)","148.9 °C (300 °F)","","Shell and Tube","","25.4 mm (1 in)","4,250 mm (168 in)","Stainless Steel 316","28","1.03 bar (15 psi)","","1.52 mm (0.06 in)","Straight Tube","","Stainless Steel 316","Heat Exchanger","Yes"
"235320","Unused Stainless Steel 304 Praj Industries Shell and Tube Heat Exchanger - IPP# 235320","https://ims.internationalprocessplants.com/inventory/equipment/detail/235320","26","","","Unused","Stainless Steel 304","","234.1 m&#xB2; (2,500 ft&#xB2;)","5,700 mm (225 in)","Praj Industries","Stainless Steel 304","","Shell nozzles are 1-8", 1-3" Tube nozzles are 1-20", and 1-28".","Vertical","1,100 mm (43 in)","Stainless Steel 304","2 bar (29 psi)","115 °C (239 °F)","1","Shell and Tube","","25.4 mm (1 in)","3,000 mm (118 in)","Stainless Steel 304","978","0.69 bar (10 psi)","100 °C (212 °F)","1.52 mm (0.06 in)","Straight Tube","1","Stainless Steel 304","Heat Exchanger","Yes"
"235337","Unused Shell and Tube Heat Exchanger 53.9 m&#xB2; (580 ft&#xB2;) Stainless Steel 304 For Sale - IPP# 235337","https://ims.internationalprocessplants.com/inventory/equipment/detail/235337","26","","","Unused","Stainless Steel 304","","53.9 m&#xB2; (580 ft&#xB2;)","4,650 mm (184 in)","Praj Industries","Stainless Steel 304","","- Shell nozzles: 12", 4", and 1" - Tube nozzles: two 12"","Horizontal","711 mm (28 in)","Stainless Steel 304","0.69 bar (10 psi)","60 °C (140 °F)","1","Shell and Tube","","25.4 mm (1 in)","3,000 mm (118 in)","Stainless Steel 304","260","3.9 bar (56 psi)","55 °C (131 °F)","1.52 mm (0.06 in)","Straight Tube","1","Stainless Steel 304","Heat Exchanger","Yes"
"235342","Unused Shell and Tube Heat Exchanger 178 m&#xB2; (1,900 ft&#xB2;) Stainless Steel 304 For Sale - IPP# 235342","https://ims.internationalprocessplants.com/inventory/equipment/detail/235342","25","","","Unused","Stainless Steel 304","","178 m&#xB2; (1,900 ft&#xB2;)","5,450 mm (215 in)","Praj Industries","Stainless Steel 304","","- Shell nozzles: 12", and 2" - Tube nozzles: 24" and 18"","Vertical","1,350 mm (53 in)","Stainless Steel 304","1.38 bar (20 psi)","135 °C (275 °F)","1","Shell and Tube","","25.4 mm (1 in)","3,000 mm (118 in)","Stainless Steel 304","744","2.8 bar (40 psi)","90 °C (194 °F)","1.52 mm (0.06 in)","Straight Tube","1","Stainless Steel 304","Heat Exchanger",""
"235344","Unused Shell and Tube Heat Exchanger 370.4 m&#xB2; (4,000 ft&#xB2;) Stainless Steel 304 For Sale - IPP# 235344","https://ims.internationalprocessplants.com/inventory/equipment/detail/235344","26","","","Unused","Stainless Steel 304","","370.4 m&#xB2; (4,000 ft&#xB2;)","6,900 mm (271 in)","Praj Industries","Stainless Steel 304","","Shell nozzles are 14", and 4", tube nozzles are 12" and 1"","Vertical","1,500 mm (60 in)","Stainless Steel 304","0.69 bar (10 psi)","160 °C (320 °F)","1","Shell and Tube","","25.4 mm (1 in)","5,000 mm (197 in)","Stainless Steel 304","926","4.1 bar (60 psi)","45 °C (113 °F)","1.52 mm (0.06 in)","Straight Tube","1","Stainless Steel 304","Heat Exchanger","Yes"
"235349","Unused Shell and Tube Heat Exchanger 110.1 m&#xB2; (1,200 ft&#xB2;) Stainless Steel 304 For Sale - IPP# 235349","https://ims.internationalprocessplants.com/inventory/equipment/detail/235349","25","","","Unused","Stainless Steel 304","","110.1 m&#xB2; (1,200 ft&#xB2;)","4,150 mm (164 in)","Praj Industries","Stainless Steel 304","","Shell nozzles are 8" and 4", tube nozzles are two 12".","Horizontal","813 mm (32 in)","Stainless Steel 304","1.72 bar (25 psi)","145 °C (293 °F)","1","Shell and Tube","","25.4 mm (1 in)","2,900 mm (114 in)","Stainless Steel 304","460","3.9 bar (56 psi)","50 °C (122 °F)","1.52 mm (0.06 in)","Straight Tube","2","Stainless Steel 304","Heat Exchanger",""
"235731","Carbon Steel Pfaudler Shell and Tube Heat Exchanger - IPP# 235731","https://ims.internationalprocessplants.com/inventory/equipment/detail/235731","25","","","Used","Carbon Steel","","1.21 m&#xB2; (13 ft&#xB2;)","1,700 mm (67.5 in)","Pfaudler","Carbon Steel","","Shell nozzles are 1" and 3/4", Two tube nozzles are 1.5"","Horizontal","203.2 mm (8 in)","Carbon Steel","10.3 bar (150 psi)","190.6 °C (375 °F)","1","Shell and Tube","","19.1 mm (0.75 in)","1,700 mm (67 in)","Carbon Steel","12","10.3 bar (150 psi)","190.6 °C (375 °F)","1.65 mm (0.07 in)","U-Tube","1","Carbon Steel","Heat Exchanger",""
"235744","Shell and Tube Heat Exchanger 120.8 m&#xB2; (1,300 ft&#xB2;) Stainless Steel 304 For Sale - IPP# 235744","https://ims.internationalprocessplants.com/inventory/equipment/detail/235744","24","","","Used","Stainless Steel 304","","120.8 m&#xB2; (1,300 ft&#xB2;)","4,600 mm (181 in)","DCR Construction, Inc.","Stainless Steel 304","","- Nozzles: Shell inlet nozzle =10.75", shell side outlet nozzle=3.5", tube side inlet nozzle=6.625", tube side outlet nozzle=12.75".","Vertical","660 mm (26 in)","Carbon Steel","10.3 bar (150 psi)","204.4 °C (400 °F)","","Shell and Tube","","19.1 mm (0.75 in)","3,650 mm (144 in)","Stainless Steel 304","552","5.2 bar (75 psi)","204.4 °C (400 °F)","0.04 mm (0.002 in)","Straight Tube","","Stainless Steel 304","Heat Exchanger","Yes"
"235855","Hastelloy Tranter Plate Heat Exchanger - IPP# 235855","https://ims.internationalprocessplants.com/inventory/equipment/detail/235855","16","","","Used","Hastelloy - C276","","2 m&#xB2; (22 ft&#xB2;)","2,500 mm (98 in)","Tranter-Superchanger","Hastelloy - C276","","","Vertical","482.6 mm (19 in)","Hastelloy - C276","","","","Shell and Tube","","","","Hastelloy - C276","","17.2 bar (250 psi)","","","Straight Tube","14","Hastelloy - C276","Heat Exchanger",""
"235856","Hastelloy Tranter Plate Heat Exchanger - IPP# 235856","https://ims.internationalprocessplants.com/inventory/equipment/detail/235856","16","","","Used","Hastelloy - C276","","2 m&#xB2; (22 ft&#xB2;)","2,500 mm (98 in)","Tranter-Superchanger","Hastelloy - C276","","","Vertical","482.6 mm (19 in)","Hastelloy - C276","","","","Shell and Tube","","","","Hastelloy - C276","","17.2 bar (250 psi)","","","Straight Tube","14","Hastelloy - C276","Heat Exchanger",""
"235861","Hastelloy C-276 Tranter plate coil heat exchanger - IPP# 235861","https://ims.internationalprocessplants.com/inventory/equipment/detail/235861","16","","","Used","Hastelloy - C276","","1.21 m&#xB2; (13 ft&#xB2;)","2,500 mm (98 in)","Tranter-Superchanger","Hastelloy - C276","","","Vertical","482.6 mm (19 in)","Hastelloy - C276","","","","Shell and Tube","","","","Hastelloy - C276","","17.2 bar (250 psi)","","","Straight Tube","10","Hastelloy - C276","Heat Exchanger",""
"235862","Hastelloy - Other  Shell and Tube Heat Exchanger - IPP# 235862","https://ims.internationalprocessplants.com/inventory/equipment/detail/235862","16","","","Used","Hastelloy - C276","","1.21 m&#xB2; (13 ft&#xB2;)","2,500 mm (98 in)","Tranter-Superchanger","Hastelloy - C276","","","Vertical","482.6 mm (19 in)","Hastelloy - C276","","","","Shell and Tube","","","","Hastelloy - C276","","17.2 bar (250 psi)","","","Straight Tube","10","Hastelloy - C276","Heat Exchanger",""
"235863","Hastelloy - Other  Shell and Tube Heat Exchanger - IPP# 235863","https://ims.internationalprocessplants.com/inventory/equipment/detail/235863","16","","","Used","Hastelloy - C276","","1.21 m&#xB2; (13 ft&#xB2;)","2,500 mm (98 in)","Tranter-Superchanger","Hastelloy - Other","","","Vertical","482.6 mm (19 in)","Hastelloy - C276","","","","Shell and Tube","","","","Hastelloy - C276","","17.2 bar (250 psi)","","","Straight Tube","10","Hastelloy - C276","Heat Exchanger",""
"235864","Hastelloy - Other  Shell and Tube Heat Exchanger - IPP# 235864","https://ims.internationalprocessplants.com/inventory/equipment/detail/235864","16","","","Used","Hastelloy - C276","","1.21 m&#xB2; (13 ft&#xB2;)","2,500 mm (98 in)","Tranter-Superchanger","Hastelloy - C276","","","Vertical","482.6 mm (19 in)","Hastelloy - C276","","","","Shell and Tube","","","","Hastelloy - C276","","17.2 bar (250 psi)","","","Straight Tube","10","Hastelloy - C276","Heat Exchanger",""
"235930","Stainless Steel 304 Doyle and Roth Shell and Tube Heat Exchanger - IPP# 235930","https://ims.internationalprocessplants.com/inventory/equipment/detail/235930","23","","","Used","Stainless Steel 304","","6.7 m&#xB2; (72 ft&#xB2;)","3,650 mm (143.9 in)","Doyle and Roth","Stainless Steel 304","","One 4" nozzle, two 3" nozzles, one 2" nozzle.","Horizontal","168.1 mm (6.6 in)","Carbon Steel","10.3 bar (150 psi)","176.7 °C (350 °F)","","Shell and Tube","","19.1 mm (0.75 in)","3,650 mm (143.9 in)","Stainless Steel 304","31","5.2 bar (75 psi)","176.7 °C (350 °F)","1.02 mm (0.04 in)","Straight Tube","","Stainless Steel 304","Heat Exchanger",""
"235931","Stainless Steel Austenitic Doyle and Roth Shell and Tube Heat Exchanger - IPP# 235931","https://ims.internationalprocessplants.com/inventory/equipment/detail/235931","21","","","Used","","","10 m&#xB2; (108 ft&#xB2;)","3,750 mm (147 in)","Doyle and Roth","Stainless Steel Austenitic","","One 8" nozzle, six 2" nozzles.","Horizontal","","Carbon Steel","10.3 bar (150 psi)","204.4 °C (400 °F)","","Shell and Tube","","19.1 mm (0.75 in)","3,750 mm (147 in)","Stainless Steel Austenitic","45","86.2 bar (1,250 psi)","315.6 °C (600 °F)","1.52 mm (0.06 in)","Straight Tube","","Carbon Steel","Heat Exchanger",""
"235932","Stainless Steel Austenitic Doyle and Roth Shell and Tube Heat Exchanger - IPP# 235932","https://ims.internationalprocessplants.com/inventory/equipment/detail/235932","21","","","Used","","","10 m&#xB2; (108 ft&#xB2;)","3,750 mm (147 in)","Doyle and Roth","Stainless Steel Austenitic","","One 8" nozzle, six 2" nozzles.","Horizontal","","Carbon Steel","10.3 bar (150 psi)","204.4 °C (400 °F)","","Shell and Tube","","19.1 mm (0.75 in)","3,750 mm (147 in)","Stainless Steel Austenitic","45","86.2 bar (1,250 psi)","315.6 °C (600 °F)","1.52 mm (0.06 in)","Straight Tube","","Carbon Steel","Heat Exchanger",""
"235933","Shell and Tube Heat Exchanger 30.1 m&#xB2; (324 ft&#xB2;) Stainless Steel 316 For Sale - IPP# 235933","https://ims.internationalprocessplants.com/inventory/equipment/detail/235933","22","","","Used","Stainless Steel 316","","30.1 m&#xB2; (324 ft&#xB2;)","4,850 mm (191.9 in)","Doyle and Roth","Stainless Steel 316","","Four 3" nozzles.","Horizontal","","Carbon Steel","12.4 bar (180 psi)","193.3 °C (380 °F)","","Shell and Tube","","19.1 mm (0.75 in)","4,850 mm (191 in)","Stainless Steel 316","104","12.4 bar (180 psi)","193.3 °C (380 °F)","1.52 mm (0.06 in)","Straight Tube","","Stainless Steel 316","Heat Exchanger",""
"235971","Graphite Pfaudler Shell and Tube Heat Exchanger - IPP# 235971","https://ims.internationalprocessplants.com/inventory/equipment/detail/235971","14","","","Used","","","4 m&#xB2; (43 ft&#xB2;)","1,400 mm (55 in)","Pfaudler","Graphite","","Shell side nozzles are 1/2", process side nozzles are 3" and 1.5"","Vertical","","Carbon Steel","6.9 bar (100 psi)","171.1 °C (340 °F)","","Shell and Tube","","","","","","6.9 bar (100 psi)","171.1 °C (340 °F)","","","","","Heat Exchanger",""
"236030","Shell and Tube Heat Exchanger 20 m&#xB2; (215.3 ft&#xB2;) Stainless Steel Austenitic For Sale - IPP# 236030","https://ims.internationalprocessplants.com/inventory/equipment/detail/236030","23","","","Used","Stainless Steel Austenitic","","20 m&#xB2; (215.3 ft&#xB2;)","2,900 mm (114.9 in)","Kuhni","Stainless Steel Austenitic","","openings tube side:1-head with 1-300mm, 1-head with 1-150mm, shell: 2-125mm","Vertical","690 mm (27.2 in)","Stainless Steel Austenitic","1 bar (14.5 psi)","180 °C (356 °F)","","Shell and Tube","","54 mm (2.1 in)","1,600 mm (63 in)","Stainless Steel Austenitic","76","9 bar (130.5 psi)","180 °C (356 °F)","2 mm (0.08 in)","","1","","Heat Exchanger","Yes"
"236040","Shell and Tube Heat Exchanger 16 m&#xB2; (172.2 ft&#xB2;) Inconel For Sale - IPP# 236040","https://ims.internationalprocessplants.com/inventory/equipment/detail/236040","24","","","Used","Inconel","","16 m&#xB2; (172.2 ft&#xB2;)","2,850 mm (111.3 in)","Enco","Inconel","","openings tube side: 1-head with 1-300mm, 1-38mm, 1-head with 1-150mm, 1-25mm, shell: 1-125mm, 1-40mm, 2-25mm","Vertical","650 mm (25.6 in)","Inconel","13 bar (188.5 psi)","200 °C (392 °F)","","Shell and Tube","","49 mm (1.93 in)","1,600 mm (63 in)","Inconel","76","1 bar (14.5 psi)","200 °C (392 °F)","3.2 mm (0.13 in)","","1","Inconel","Heat Exchanger","Yes"
"236041","Shell and Tube Heat Exchanger 16 m&#xB2; (172.2 ft&#xB2;) Stainless Steel Austenitic For Sale - IPP# 236041","https://ims.internationalprocessplants.com/inventory/equipment/detail/236041","21","","","Used","Stainless Steel Austenitic","","16 m&#xB2; (172.2 ft&#xB2;)","2,800 mm (110.9 in)","Kuhni","Stainless Steel Austenitic","","penings tubeside: 1- head with 1-300mm, 1-head with 1-150mm, 1-25mm, shell side: 1-125mm, 1-40mm","Vertical","650 mm (25.6 in)","Stainless Steel Austenitic","9 bar (130.5 psi)","180 °C (356 °F)","","Shell and Tube","","54 mm (2.1 in)","1,600 mm (63 in)","Stainless Steel Austenitic","61","","","2 mm (0.08 in)","","1","Stainless Steel Austenitic","Heat Exchanger",""
"236122","Shell and Tube Heat Exchanger 30 m&#xB2; (322.9 ft&#xB2;) Stainless Steel Austenitic For Sale - IPP# 236122","https://ims.internationalprocessplants.com/inventory/equipment/detail/236122","24","","","Used","Stainless Steel Austenitic","","30 m&#xB2; (322.9 ft&#xB2;)","3,750 mm (147.2 in)","Kuhni","Stainless Steel Austenitic","","- Openings: - Tube side: (1) end with 1-100mm, (1) end with 2-80mm - Shell side: 2-100mm","Horizontal","449 mm (17.7 in)","Stainless Steel Austenitic","6 bar (87 psi)","130 °C (266 °F)","","Shell and Tube","","25 mm (0.98 in)","3,000 mm (118.1 in)","Stainless Steel Austenitic","136","6 bar (87 psi)","130 °C (266 °F)","1.5 mm (0.06 in)","","1","Stainless Steel 316","Heat Exchanger","Yes"
"236123","Shell and Tube Heat Exchanger 40 m&#xB2; (430.6 ft&#xB2;) Stainless Steel 316 For Sale - IPP# 236123","https://ims.internationalprocessplants.com/inventory/equipment/detail/236123","22","","","Used","Stainless Steel 316","","40 m&#xB2; (430.6 ft&#xB2;)","3,050 mm (120.6 in)","Sulzer","Stainless Steel 316","NK 40m2","openings: each head with 1-100mm, shell: 1-250mm, 2-80mm","Horizontal","638 mm (25.1 in)","Stainless Steel 316","3 bar (43.5 psi)","200 °C (392 °F)","","Shell and Tube","","25.4 mm (1 in)","2,500 mm (98.4 in)","Stainless Steel 316","192","6 bar (87 psi)","200 °C (392 °F)","","","","","Heat Exchanger","Yes"
"236145","Shell and Tube Heat Exchanger 329 m&#xB2; (3,550 ft&#xB2;) Stainless Steel Austenitic For Sale - IPP# 236145","https://ims.internationalprocessplants.com/inventory/equipment/detail/236145","22","","","Used","Stainless Steel Austenitic","","329 m&#xB2; (3,550 ft&#xB2;)","4,650 mm (183.9 in)","Apparatebau gmbh","Stainless Steel Austenitic","","Openings tube side: 1 x head with 2-300mm, 2-50/25mm, 1 x head with 2-50/25mm, shell side: 1-1200mm, 1-400mm, 1-100mm (sump), 1-80mm (sump), 1-50mm (sump), 2-50/25mm","Horizontal","2,200 mm (86.6 in)","Stainless Steel 321","3 bar (43.5 psi)","200 °C (392 °F)","","Shell and Tube","","25 mm (0.98 in)","3,000 mm (118 in)","Stainless Steel Austenitic","1,396","6 bar (87 psi)","200 °C (392 °F)","2 mm (0.08 in)","","","","Heat Exchanger","Yes"
"236146","Shell and Tube Heat Exchanger 146.7 m&#xB2; (1,600 ft&#xB2;) Stainless Steel 321 For Sale - IPP# 236146","https://ims.internationalprocessplants.com/inventory/equipment/detail/236146","22","","","Used","Stainless Steel 321","","146.7 m&#xB2; (1,600 ft&#xB2;)","3,500 mm (137.8 in)","BASF Schwarzheide Gmbh","Stainless Steel 321","","openings tube side: (1) head with1-480mm, 1-25mm, (1) head with 1-250mm, shell: 2-250mm, 2-50mm","Vertical","900 mm (35.4 in)","Stainless Steel 321","8 bar (116 psi)","300 °C (572 °F)","","Shell and Tube","","21 mm (0.83 in)","3,500 mm (137 in)","Stainless Steel 321","636","15 bar (217.6 psi)","300 °C (572 °F)","","","1","Stainless Steel 321","Heat Exchanger",""
"236147","Stainless Steel 321 Shell and Tube Heat Exchanger - IPP# 236147","https://ims.internationalprocessplants.com/inventory/equipment/detail/236147","22","","","Used","Stainless Steel 321","","160 m&#xB2; (1,700 ft&#xB2;)","6,950 mm (274.1 in)","Carl Capito","Stainless Steel 321","","","Vertical","800 mm (31.5 in)","Stainless Steel 321","65 bar (943 psi)","300 °C (572 °F)","","Shell and Tube","","25 mm (0.98 in)","5,000 mm (196.9 in)","Stainless Steel 321","406","15 bar (217.6 psi)","300 °C (572 °F)","2 mm (0.08 in)","","1","Stainless Steel 321","Heat Exchanger",""
"236148","Stainless Steel 321 Shell and Tube Heat Exchanger - IPP# 236148","https://ims.internationalprocessplants.com/inventory/equipment/detail/236148","22","","","Used","Stainless Steel 321","","160 m&#xB2; (1,700 ft&#xB2;)","6,950 mm (274.1 in)","Carl Capito","Stainless Steel 321","","","Vertical","800 mm (31.5 in)","Stainless Steel 321","65 bar (943 psi)","300 °C (572 °F)","","Shell and Tube","","25 mm (0.98 in)","5,000 mm (196.9 in)","Stainless Steel 321","406","15 bar (217.6 psi)","300 °C (572 °F)","2 mm (0.08 in)","","1","Stainless Steel 321","Heat Exchanger",""
"236149","Shell and Tube Heat Exchanger 145 m&#xB2; (1,550 ft&#xB2;) Stainless Steel 321 For Sale - IPP# 236149","https://ims.internationalprocessplants.com/inventory/equipment/detail/236149","23","","","Used","Carbon Steel","","145 m&#xB2; (1,550 ft&#xB2;)","4,600 mm (181.1 in)","AEL Apparatebau Gmbh","Stainless Steel 321","VDMG91X3000/1-618","","Vertical","900 mm (35.4 in)","Stainless Steel 321","15 bar (217.6 psi)","250 °C (482 °F)","","Shell and Tube","","25 mm (0.98 in)","3,000 mm (118.1 in)","Stainless Steel 321","618","8 bar (116 psi)","250 °C (482 °F)","2 mm (0.08 in)","","1","Stainless Steel 321","Heat Exchanger",""
"236150","Shell and Tube Heat Exchanger 124 m&#xB2; (1,350 ft&#xB2;) Stainless Steel 321 For Sale - IPP# 236150","https://ims.internationalprocessplants.com/inventory/equipment/detail/236150","23","","","Used","Stainless Steel 321","","124 m&#xB2; (1,350 ft&#xB2;)","3,900 mm (153.7 in)","Carl Capito","Stainless Steel 321","","","Horizontal","1,200 mm (47.2 in)","Stainless Steel 321","3 bar (43.5 psi)","200 °C (392 °F)","","Shell and Tube","","25 mm (0.98 in)","3,000 mm (118.1 in)","Stainless Steel 321","536","8 bar (116 psi)","200 °C (392 °F)","2 mm (0.08 in)","","4","Stainless Steel 321","Heat Exchanger","Yes"
"236151","Shell and Tube Heat Exchanger 67.2 m&#xB2; (723 ft&#xB2;) Stainless Steel 321 For Sale - IPP# 236151","https://ims.internationalprocessplants.com/inventory/equipment/detail/236151","14","","","Used","","","67.2 m&#xB2; (723 ft&#xB2;)","3,000 mm (118.1 in)","Landruff","Stainless Steel 321","","","Vertical","","Stainless Steel 321","15 bar (217.6 psi)","250 °C (482 °F)","","Shell and Tube","","","","Stainless Steel 321","","8 bar (116 psi)","250 °C (482 °F)","","","","","Heat Exchanger",""
"236152","Shell and Tube Heat Exchanger 59 m&#xB2; (635 ft&#xB2;) Stainless Steel 304 For Sale - IPP# 236152","https://ims.internationalprocessplants.com/inventory/equipment/detail/236152","21","","","Used","Stainless Steel 321","","59 m&#xB2; (635 ft&#xB2;)","5,650 mm (221.9 in)","Heckmanwerk Gmbh","Stainless Steel 304","","","Vertical","508 mm (20 in)","Carbon Steel","8 bar (116 psi)","300 °C (572 °F)","","Shell and Tube","","25 mm (0.98 in)","4,000 mm (157.5 in)","Stainless Steel 304","181","15 bar (217.6 psi)","300 °C (572 °F)","","","1","Stainless Steel 321","Heat Exchanger",""
"236154","Shell and Tube Heat Exchanger 34 m&#xB2; (366 ft&#xB2;) Stainless Steel 304 For Sale - IPP# 236154","https://ims.internationalprocessplants.com/inventory/equipment/detail/236154","21","","","Used","Stainless Steel 321","","34 m&#xB2; (366 ft&#xB2;)","5,150 mm (203.5 in)","Heckmannwerk Gmbh","Stainless Steel 304","","","Vertical","406 mm (16 in)","Carbon Steel","8 bar (116 psi)","300 °C (572 °F)","","Shell and Tube","","21 mm (0.83 in)","3,500 mm (137.8 in)","Stainless Steel 304","150","15 bar (217.6 psi)","300 °C (572 °F)","","","1","Stainless Steel 321","Heat Exchanger",""
"236155","Shell and Tube Heat Exchanger 28 m&#xB2; (301.4 ft&#xB2;) Stainless Steel 321 For Sale - IPP# 236155","https://ims.internationalprocessplants.com/inventory/equipment/detail/236155","20","","","Used","Stainless Steel 321","","28 m&#xB2; (301.4 ft&#xB2;)","3,650 mm (143.3 in)","Apparatebau gmbh","Stainless Steel 321","","","Vertical","508 mm (20 in)","Stainless Steel 321","8 bar (116 psi)","300 °C (572 °F)","","Shell and Tube","","25 mm (0.98 in)","1,500 mm (59.1 in)","Stainless Steel 321","","14 bar (203.1 psi)","300 °C (572 °F)","","","1","Stainless Steel 321","Heat Exchanger",""
"236185","Shell and Tube Heat Exchanger 4.4 m&#xB2; (47.4 ft&#xB2;) Stainless Steel 316 For Sale - IPP# 236185","https://ims.internationalprocessplants.com/inventory/equipment/detail/236185","14","","","Used","Stainless Steel 316","","4.4 m&#xB2; (47.4 ft&#xB2;)","","Kemiterm Engineering APS","Stainless Steel 316","","","Vertical","","Stainless Steel 316","8.5 bar (123.3 psi)","180 °C (356 °F)","","Shell and Tube","","","","Stainless Steel 316","","8.5 bar (123.3 psi)","180 °C (356 °F)","","","","","Heat Exchanger",""
"236186","Shell and Tube Heat Exchanger 4.4 m&#xB2; (47.4 ft&#xB2;) Stainless Steel 316 For Sale - IPP# 236186","https://ims.internationalprocessplants.com/inventory/equipment/detail/236186","14","","","Used","Stainless Steel 316","","4.4 m&#xB2; (47.4 ft&#xB2;)","","Kemiterm Engineering APS","Stainless Steel 316","","","Vertical","","Stainless Steel 316","8.5 bar (123.3 psi)","180 °C (356 °F)","","Shell and Tube","","","","Stainless Steel 316","","8.5 bar (123.3 psi)","180 °C (356 °F)","","","","","Heat Exchanger",""
"236187","Shell and Tube Heat Exchanger 4.4 m&#xB2; (47.4 ft&#xB2;) Stainless Steel 316 For Sale - IPP# 236187","https://ims.internationalprocessplants.com/inventory/equipment/detail/236187","14","","","Used","Stainless Steel 316","","4.4 m&#xB2; (47.4 ft&#xB2;)","","Kemiterm Engineering APS","Stainless Steel 316","","","Vertical","","Stainless Steel 316","8.5 bar (123.3 psi)","180 °C (356 °F)","","Shell and Tube","","","","Stainless Steel 316","","8.5 bar (123.3 psi)","180 °C (356 °F)","","","","","Heat Exchanger",""
"236188","Shell and Tube Heat Exchanger 4.4 m&#xB2; (47.4 ft&#xB2;) Stainless Steel 316 For Sale - IPP# 236188","https://ims.internationalprocessplants.com/inventory/equipment/detail/236188","14","","","Used","Stainless Steel 316","","4.4 m&#xB2; (47.4 ft&#xB2;)","","Kemiterm Engineering APS","Stainless Steel 316","","","Vertical","","Stainless Steel 316","8.5 bar (123.3 psi)","180 °C (356 °F)","","Shell and Tube","","","","Stainless Steel 316","","8.5 bar (123.3 psi)","180 °C (356 °F)","","","","","Heat Exchanger",""
"236189","Shell and Tube Heat Exchanger 4.4 m&#xB2; (47.4 ft&#xB2;) Stainless Steel 316 For Sale - IPP# 236189","https://ims.internationalprocessplants.com/inventory/equipment/detail/236189","14","","","Used","Stainless Steel 316","","4.4 m&#xB2; (47.4 ft&#xB2;)","","Kemiterm Engineering APS","Stainless Steel 316","","","Vertical","","Stainless Steel 316","8.5 bar (123.3 psi)","180 °C (356 °F)","","Shell and Tube","","","","Stainless Steel 316","","8.5 bar (123.3 psi)","180 °C (356 °F)","","","","","Heat Exchanger",""
"236192","Shell and Tube Heat Exchanger 11 m&#xB2; (118.4 ft&#xB2;) Graphite For Sale - IPP# 236192","https://ims.internationalprocessplants.com/inventory/equipment/detail/236192","14","","","Used","Carbon Steel","","11 m&#xB2; (118.4 ft&#xB2;)","","GAB Neumann","Graphite","N-B-11.5","","Vertical","","","0.21 bar (3 psi)","80 °C (176 °F)","","Shell and Tube","","","","","","3 bar (43.5 psi)","180 °C (356 °F)","","","","","Heat Exchanger","Yes"
"238360","Tantalum tubes, 316L SS,  Cosmos Metallurgical, Shell and Tube Heat Exchanger - IPP# 238360","https://ims.internationalprocessplants.com/inventory/equipment/detail/238360","26","","","Used","316L SS w/TA","","15.3 m&#xB2; (165 ft&#xB2;)","2,350 mm (92 in)","Cosmos Metalurgical (Camarillo CA)","Stainless Steel 316","","Four 3&#x201D; nozzles.","Horizontal","254 mm (10 in)","Stainless Steel 316","20 bar (290 psi)","204.4 °C (400 °F)","1","Shell and Tube","BEM","12.7 mm (0.5 in)","2,450 mm (96 in)","Tantalum","160","20 bar (290 psi)","204.4 °C (400 °F)","","Straight Tube","4","316L SS w/TA","Heat Exchanger","Yes"
"238376","Stainless Steel 316L Shell and Tube Heat Exchanger - IPP# 238376","https://ims.internationalprocessplants.com/inventory/equipment/detail/238376","23","","","Refurbished/Rebuilt","","","1.02 m&#xB2; (11 ft&#xB2;)","813 mm (32 in)","Allegheny Bradford Corp.","Stainless Steel 316L","","shell in 2", shell out 1", shell vent 0.75" shell drain 0.75"","Horizontal","152.4 mm (6 in)","Stainless Steel 304L","10.3 bar (150 psi)","176.7 °C (350 °F)","","Shell and Tube","","3.2 mm (0.13 in)","584 mm (23 in)","Stainless Steel 316L","34","10.3 bar (150 psi)","176.7 °C (350 °F)","0.89 mm (0.04 in)","U-Tube","2","Stainless Steel 316L","Heat Exchanger",""
"240108","Stainless Steel 316 Doyle and Roth Shell and Tube Heat Exchanger - IPP# 240108","https://ims.internationalprocessplants.com/inventory/equipment/detail/240108","23","","","Used","Carbon Steel","","19.5 m&#xB2; (210 ft&#xB2;)","2,450 mm (96 in)","Doyle and Roth","Stainless Steel 316","","- Nozzles: shell inlet & outlet 3", tube side nozzles 3" and 6"","Horizontal","355.6 mm (14 in)","Stainless Steel 316","5.2 bar (75 psi)","232.2 °C (450 °F)","","Shell and Tube","","19.1 mm (0.75 in)","2,400 mm (95 in)","Stainless Steel 316","136","5.2 bar (75 psi)","232.2 °C (450 °F)","1.02 mm (0.04 in)","Straight Tube","","Stainless Steel 316","Heat Exchanger",""
"240133","Stainless Steel 316 Shell and Tube Heat Exchanger - IPP# 240133","https://ims.internationalprocessplants.com/inventory/equipment/detail/240133","17","","","Used","Stainless Steel 316","","24.9 m&#xB2; (268 ft&#xB2;)","4,850 mm (190 in)","","Stainless Steel 316","","","Horizontal","304.8 mm (12 in)","Stainless Steel 316","","","","Shell and Tube","","19.1 mm (0.75 in)","3,650 mm (144 in)","Stainless Steel 316","114","","","","Straight Tube","2","Stainless Steel 316","Heat Exchanger",""
"240134","Stainless Steel 304 Shell and Tube Heat Exchanger - IPP# 240134","https://ims.internationalprocessplants.com/inventory/equipment/detail/240134","25","","","Used","Carbon Steel","","7.1 m&#xB2; (76 ft&#xB2;)","2,400 mm (94.8 in)","Doyle and Roth","Stainless Steel 304","","Nozzle schedule is as follows: two 3.5", two 2.375" nozzles, and two 0.75" nozzles.","Vertical","323.9 mm (12.8 in)","Carbon Steel","10.3 bar (150 psi)","260 °C (500 °F)","","Shell and Tube","","19.1 mm (0.75 in)","2,350 mm (93 in)","Stainless Steel 304","50","10.3 bar (150 psi)","260 °C (500 °F)","1.02 mm (0.04 in)","U-Tube","2","Stainless Steel 304","Heat Exchanger","Yes"
"240707","Shell and Tube Heat Exchanger 2.4 m&#xB2; (26 ft&#xB2;) Tantalum For Sale - IPP# 240707","https://ims.internationalprocessplants.com/inventory/equipment/detail/240707","26","","","Used","Glasslined","","2.4 m&#xB2; (26 ft&#xB2;)","2,100 mm (82.1 in)","Pfaudler","Tantalum","","Nozzle schedule : (1) 3" top left. (1) 3" nozzle bottom right. 8 5/8" diameter x 82 1/8" overall length. 8 x 4 concentric reducer on one end and 8 x 4 eccentric reducer on other end.","Horizontal","219.1 mm (8.6 in)","Carbon Steel","6.9 bar (100 psi)","176.7 °C (350 °F)","1","Shell and Tube","","19.1 mm (0.75 in)","1,450 mm (57 in)","Tantalum","26","6.9 bar (100 psi)","176.7 °C (350 °F)","0.38 mm (0.015 in)","Straight Tube","1","Tantalum","Heat Exchanger","Yes"
"241037","Hastelloy - Other Clad Shell and Tube Heat Exchanger - IPP# 241037","https://ims.internationalprocessplants.com/inventory/equipment/detail/241037","28","","Yes","Used","Hastelloy - Other","","27.9 m&#xB2; (300 ft&#xB2;)","1,450 mm (57 in)","Atlas Industrial","Hastelloy - Other","BEM 20-60","One 10", Three 4", One 3", Two 1"","Vertical","508 mm (20 in)","Carbon Steel","10.3 bar (150 psi)","204.4 °C (400 °F)","1","Shell and Tube","","19.1 mm (0.75 in)","1,450 mm (57 in)","Hastelloy - Other","324","10.3 bar (150 psi)","204.4 °C (400 °F)","1.24 mm (0.05 in)","Straight Tube","1","Hastelloy - C276","Heat Exchanger","Yes"
"241051","Stainless Steel 316 Shell and Tube Heat Exchanger - IPP# 241051","https://ims.internationalprocessplants.com/inventory/equipment/detail/241051","27","","","Used","Stainless Steel 316L","","37.2 m&#xB2; (400 ft&#xB2;)","3,350 mm (132 in)","Atlas Industrial","Stainless Steel 316","TEMA BEM 17-96","One 12", Three 3", Two 2", and Two 1"","Vertical","457.2 mm (18 in)","Carbon Steel","10.3 bar (150 psi)","204.4 °C (400 °F)","1","Shell and Tube","","19.1 mm (0.75 in)","2,400 mm (94 in)","Stainless Steel 316L","262","10.3 bar (150 psi)","204.4 °C (400 °F)","1.24 mm (0.05 in)","Straight Tube","1","Stainless Steel 316L","Heat Exchanger","Yes"
"241052","Stainless Steel 316L Shell and Tube Heat Exchanger - IPP# 241052","https://ims.internationalprocessplants.com/inventory/equipment/detail/241052","27","","","Used","Stainless Steel 316L","","37.2 m&#xB2; (400 ft&#xB2;)","3,350 mm (132 in)","Atlas Industrial","Stainless Steel 316L","TEMA BEM 17-96","One 12", Three 3", Two 2", and Two 1"","Vertical","610 mm (24 in)","Carbon Steel","10.3 bar (150 psi)","204.4 °C (400 °F)","1","Shell and Tube","","19.1 mm (0.75 in)","2,400 mm (94 in)","Stainless Steel 316L","262","10.3 bar (150 psi)","204.4 °C (400 °F)","1.24 mm (0.05 in)","Straight Tube","1","Stainless Steel 316","Heat Exchanger","Yes"
"241123","Shell and Tube Heat Exchanger 29.5 m&#xB2; (317 ft&#xB2;) Tantalum For Sale - IPP# 241123","https://ims.internationalprocessplants.com/inventory/equipment/detail/241123","15","","","Used","","","29.5 m&#xB2; (317 ft&#xB2;)","1,850 mm (72 in)","Cosmos Metalurgical (Camarillo CA)","Tantalum","","","","610 mm (24 in)","Carbon Steel","10.3 bar (150 psi)","232.2 °C (450 °F)","","Shell and Tube","","","","Tantalum","","10.3 bar (150 psi)","232.2 °C (450 °F)","","","","","Heat Exchanger","Yes"
"241133","Stainless Steel 316L Shell and Tube Heat Exchanger - IPP# 241133","https://ims.internationalprocessplants.com/inventory/equipment/detail/241133","25","","","Used","Stainless Steel 316L","","3.4 m&#xB2; (37 ft&#xB2;)","1,500 mm (58.1 in)","Enerquip LLC","Stainless Steel 316L","","Two 2" , one 2.5", one 1"","Vertical","219.1 mm (8.6 in)","Stainless Steel 304L","10.3 bar (150 psi)","190.6 °C (375 °F)","1","Shell and Tube","","12.7 mm (0.5 in)","1,500 mm (58.1 in)","Stainless Steel 316L","57","10.3 bar (150 psi)","190.6 °C (375 °F)","1.65 mm (0.07 in)","U-Tube","1","Stainless Steel 316L","Heat Exchanger",""
"241141","Tantalum Cosmos Metalurgical (Camarillo CA) Shell and Tube Heat Exchanger - IPP# 241141","https://ims.internationalprocessplants.com/inventory/equipment/detail/241141","17","","","Used","","","29.5 m&#xB2; (317 ft&#xB2;)","1,850 mm (72 in)","Cosmos Metalurgical (Camarillo CA)","Tantalum","","","","610 mm (24 in)","Carbon Steel","10.3 bar (150 psi)","232.2 °C (450 °F)","","Shell and Tube","","","","Tantalum","","10.3 bar (150 psi)","232.2 °C (450 °F)","","Straight Tube","","Tantalum","Heat Exchanger","Yes"
"241142","Allegheny Bradford Corp. HE496600 Shell and Tube Heat Exchanger - IPP# 241142","https://ims.internationalprocessplants.com/inventory/equipment/detail/241142","10","","","Used","","","","","Allegheny Bradford Corp.","","HE496600","","Vertical","","","10.3 bar (150 psi)","176.7 °C (350 °F)","","Shell and Tube","","","","","","10.3 bar (150 psi)","176.7 °C (350 °F)","","","","","Heat Exchanger",""
"241146","Hastelloy - Other Shell and Tube Heat Exchanger - IPP# 241146","https://ims.internationalprocessplants.com/inventory/equipment/detail/241146","27","","","Used","Hastelloy - Other","","27.9 m&#xB2; (300 ft&#xB2;)","1,750 mm (69 in)","Atlas Industrial","Hastelloy - Other","BEM 20-60","(2) 4" inlet/outlet nozzle, (2) 1" vent/drain nozzle, (1) 1/2" drain nozzle, (1) 10" inlet nozzle, (1) 3" outlet, (1) 4" outlet nozzle.","Vertical","508 mm (20 in)","Carbon Steel","10.3 bar (150 psi)","204.4 °C (400 °F)","4","Shell and Tube","","19.1 mm (0.75 in)","1,450 mm (57 in)","Hastelloy - Other","324","10.3 bar (150 psi)","204.4 °C (400 °F)","1.24 mm (0.05 in)","Straight Tube","4","Hastelloy - Other","Heat Exchanger","Yes"
"241147","Hastelloy - C276 Atlas Industrial Shell and Tube Heat Exchanger - IPP# 241147","https://ims.internationalprocessplants.com/inventory/equipment/detail/241147","26","","","Used","Hastelloy - C276","","35 m&#xB2; (377 ft&#xB2;)","559 mm (22 in)","Atlas Industrial","Hastelloy - C276","","(2) 4" inlet/outlet, (2) 1" vent/drain, (1) 1/2" drain, (1) 10" inlet. (1) 3" outlet. (1) 4" outlet","Vertical","610 mm (24 in)","Carbon Steel","10.3 bar (150 psi)","204.4 °C (400 °F)","4","Shell and Tube","","19.1 mm (0.75 in)","559 mm (22 in)","Hastelloy - C276","481","10.3 bar (150 psi)","204.4 °C (400 °F)","457.2 mm (18 in)","Straight Tube","4","Hastelloy - C276","Heat Exchanger","Yes"
"241148","Carbon Steel Shell and Tube Heat Exchanger - IPP# 241148","https://ims.internationalprocessplants.com/inventory/equipment/detail/241148","27","","","Used","Hastelloy SB-575","","28.5 m&#xB2; (307 ft&#xB2;)","1,450 mm (58 in)","Atlas Industrial","Hastelloy - C276","BEM","(1x) 10" inlet, (1x) 3" outlet, (1x) 4" outlet, (2x) 4" inlet/outlet (2x) 1" vent/drain","Vertical","508 mm (20 in)","Carbon Steel","10.3 bar (150 psi)","204.4 °C (400 °F)","1","Shell and Tube","","19.1 mm (0.75 in)","1,450 mm (58 in)","Hastelloy - C276","324","10.3 bar (150 psi)","204.4 °C (400 °F)","457.2 mm (18 in)","Straight Tube","1","Hastelloy SB-575","Heat Exchanger","Yes"
"241153","Hastelloy - Other Shell and Tube Heat Exchanger - IPP# 241153","https://ims.internationalprocessplants.com/inventory/equipment/detail/241153","27","","","Used","Hastelloy - Other","","20.1 m&#xB2; (216 ft&#xB2;)","1,000 mm (40 in)","Atlas Industrial","Hastelloy - Other","BEM 20-42","Two 6", two 3" two 1"one 3/4"","Vertical","5,150 mm (202 in)","Carbon Steel","10.3 bar (150 psi)","204.4 °C (400 °F)","1","Shell and Tube","","19.1 mm (0.75 in)","1,000 mm (40 in)","Hastelloy SB-626","324","10.3 bar (150 psi)","204.4 °C (400 °F)","12.4 mm (0.49 in)","Straight Tube","1","Hastelloy SB-575","Heat Exchanger","Yes"
"241157","Hastelloy - C276 Atlas Industrial 20-42 BEM Shell and Tube Heat Exchanger - IPP# 241157","https://ims.internationalprocessplants.com/inventory/equipment/detail/241157","28","","","Used","Hastelloy - C276","","19.6 m&#xB2; (211 ft&#xB2;)","1,000 mm (40.3 in)","Atlas Industrial","Hastelloy - C276","20-42 BEM","Two 6", two 3", Two 1", one 0.75"","Vertical","508 mm (20 in)","Carbon Steel","10.3 bar (150 psi)","204.4 °C (400 °F)","1","Shell and Tube","BEM","19.1 mm (0.75 in)","1,000 mm (40 in)","Hastelloy - C276","324","10.3 bar (150 psi)","204.4 °C (400 °F)","1.24 mm (0.05 in)","Straight Tube","1","Hastelloy - C276","Heat Exchanger","Yes"
"241170","Stainless Steel Austentic Shell and Tube Heat Exchanger - IPP# 241170","https://ims.internationalprocessplants.com/inventory/equipment/detail/241170","27","","","Used","Stainless Steel Austenitic","","3.8 m&#xB2; (41 ft&#xB2;)","1,300 mm (52 in)","Atlas Industrial","Stainless Steel Austenitic","","(2x) 3" nozzles, (2x) 2" nozzles, (4x) 1" nozzles.","Horizontal","273.1 mm (10.8 in)","Stainless Steel 304L","10.3 bar (150 psi)","204.4 °C (400 °F)","1","Shell and Tube","BEM","19.1 mm (0.75 in)","1,300 mm (52 in)","Stainless Steel Austenitic","48","10.3 bar (150 psi)","204.4 °C (400 °F)","1.24 mm (0.05 in)","Straight Tube","1","Stainless Steel Austenitic","Heat Exchanger","Yes"
"241176","Stainless Steel 304L Enerquip LLC Shell and Tube Heat Exchanger - IPP# 241176","https://ims.internationalprocessplants.com/inventory/equipment/detail/241176","25","","","Used","Stainless Steel 316","","2.8 m&#xB2; (30 ft&#xB2;)","1,250 mm (49 in)","Enerquip LLC","Stainless Steel 304L","","Inlet one 4", Outlet one 4", shell inlet 3"","Vertical","273.1 mm (10.8 in)","Stainless Steel 304L","10.3 bar (150 psi)","190.6 °C (375 °F)","1","Shell and Tube","","19.1 mm (0.75 in)","1,200 mm (48 in)","Stainless Steel 316L","38","10.3 bar (150 psi)","190.6 °C (375 °F)","1.65 mm (0.07 in)","U-Tube","1","Stainless Steel 316L","Heat Exchanger",""
"245501","Hastelloy - C276 Shell and Tube Heat Exchanger - IPP# 245501","https://ims.internationalprocessplants.com/inventory/equipment/detail/245501","27","","","Used","Hastelloy - C276","","13.3 m&#xB2; (143 ft&#xB2;)","1,500 mm (60 in)","Perry Products Co.","Hastelloy - C276","14-143 FTSX","(1) 6" inlet, (2) 2" inlet/outlet, (1) 2" outlet","Horizontal","355.6 mm (14 in)","Carbon Steel","6.9 bar (100 psi)","148.9 °C (300 °F)","1","Shell and Tube","","1.91 mm (0.08 in)","1,500 mm (60 in)","Hastelloy - C276","146","6.9 bar (100 psi)","148.9 °C (300 °F)","457.2 mm (18 in)","Straight Tube","1","Hastelloy - C276","Heat Exchanger","Yes"
"245504","Stainless Steel 304 Shell and Tube Heat Exchanger - IPP# 245504","https://ims.internationalprocessplants.com/inventory/equipment/detail/245504","27","","","Used","Stainless Steel 316L","","1.9 m&#xB2; (20.5 ft&#xB2;)","606 mm (23.9 in)","Perry Products Co.","Stainless Steel 304","FTSSX","Two 2", two 1.5"","Vertical","219.1 mm (8.6 in)","Stainless Steel 304","5.2 bar (75 psi)","160 °C (320 °F)","1","Shell and Tube","","19.1 mm (0.75 in)","606 mm (23.9 in)","Stainless Steel 304","55","5.2 bar (75 psi)","160 °C (320 °F)","1.24 mm (0.05 in)","Straight Tube","1","Stainless Steel 304","Heat Exchanger","Yes"
"245514","Hastelloy - C276 Pfaudler Shell and Tube Heat Exchanger - IPP# 245514","https://ims.internationalprocessplants.com/inventory/equipment/detail/245514","25","","","Used","Hastelloy - C276","","14.2 m&#xB2; (153 ft&#xB2;)","1,850 mm (72 in)","Pfaudler","Hastelloy - C276","","Two 6", two 3"","Vertical","323.9 mm (12.8 in)","Carbon Steel","10.3 bar (150 psi)","176.7 °C (350 °F)","1","Shell and Tube","","19.1 mm (0.75 in)","1,850 mm (72 in)","Hastelloy - C276","130","5.2 bar (75 psi)","176.7 °C (350 °F)","1.65 mm (0.07 in)","Straight Tube","1","Carbon Steel","Heat Exchanger",""
"245526","Hastelloy - C276 Doyle and Roth Shell and Tube Heat Exchanger - IPP# 245526","https://ims.internationalprocessplants.com/inventory/equipment/detail/245526","23","","","Used","Carbon Steel","","4 m&#xB2; (43 ft&#xB2;)","1,200 mm (47 in)","Doyle and Roth","Hastelloy - C276","","(1) 6" inlet/outlet, ( 1) 3" (1) 2" (2) 3" (2) 3/4" drain, (1) 3/4" drain","","203.2 mm (8 in)","Carbon Steel","10.3 bar (150 psi)","232.2 °C (450 °F)","","Shell and Tube","","1.91 mm (0.08 in)","1,200 mm (47 in)","Hastelloy - C276","55","10.3 bar (150 psi)","232.2 °C (450 °F)","1.24 mm (0.05 in)","Straight Tube","","Hastelloy - C276","Heat Exchanger","Yes"
"245565","Stainless Steel 316L Shell and Tube Heat Exchanger - IPP# 245565","https://ims.internationalprocessplants.com/inventory/equipment/detail/245565","24","","","Used","Stainless Steel 304","","1.49 m&#xB2; (16 ft&#xB2;)","1,150 mm (46.1 in)","Enerquip LLC","Stainless Steel 316L","","1-3" inlet nozzle, 1-3" outlet nozzle, 1-2" shell outlet","Vertical","1,150 mm (46.1 in)","","10.3 bar (150 psi)","190.6 °C (375 °F)","1","Shell and Tube","","19.1 mm (0.75 in)","1,150 mm (46.1 in)","Stainless Steel 316","22","10.3 bar (150 psi)","190.6 °C (375 °F)","16.5 mm (0.65 in)","U-Tube","1","Stainless Steel 316","Heat Exchanger",""
"245568","Stainless Steel 316L Shell and Tube Heat Exchanger - IPP# 245568","https://ims.internationalprocessplants.com/inventory/equipment/detail/245568","22","","","Used","Stainless Steel 316L","","4 m&#xB2; (43 ft&#xB2;)","914 mm (36 in)","RAS Process Equipment","Stainless Steel 316L","","(2) 3" nozzle. (2) 1 1/2" nozzle, (1) 3/4" vent nozzle","Vertical","304.8 mm (12 in)","","10.3 bar (150 psi)","148.9 °C (300 °F)","","Shell and Tube","","38.1 mm (1.5 in)","914 mm (36 in)","Stainless Steel 316L","31","10.3 bar (150 psi)","148.9 °C (300 °F)","1.65 mm (0.07 in)","Straight Tube","","Stainless Steel 316","Heat Exchanger",""
"245603","Shell and Tube Heat Exchanger 92.7 m&#xB2; (998 ft&#xB2;) Stainless Steel 304 For Sale - IPP# 245603","https://ims.internationalprocessplants.com/inventory/equipment/detail/245603","26","","","Used","Stainless Steel 304","","92.7 m&#xB2; (998 ft&#xB2;)","6,050 mm (237.3 in)","Pitton Apparatebau GmbH","Stainless Steel 304","","Shell (2) DN150 / tube (2) DN100","Horizontal","622 mm (24.5 in)","Carbon Steel","11.7 bar (169.7 psi)","260 °C (500 °F)","1","Shell and Tube","","19.1 mm (0.75 in)","6,100 mm (240.2 in)","Stainless Steel 304","254","10 bar (145 psi)","204 °C (399.2 °F)","1.65 mm (0.06 in)","Straight Tube","4","Stainless Steel 304","Heat Exchanger","Yes"
"245604","Hastelloy - Other NL Schkopau IRB GmbH Shell and Tube Heat Exchanger - IPP# 245604","https://ims.internationalprocessplants.com/inventory/equipment/detail/245604","28","4,000 L (1,050 gallons)","","Used","Hastelloy - Other","2,100 L (555 gallons)","364 m&#xB2; (3,900 ft&#xB2;)","6,100 mm (240 in)","NL Schkopau IRB GmbH","Hastelloy - Other","","first head (2)DN400, second Head (2)DN20, shell (1)DN300, (2)DN80, (2)DN25, (1)DN20","Horizontal","910 mm (35.8 in)","Carbon Steel","7 bar (101.5 psi)","260 °C (500 °F)","1","Shell and Tube","","19.1 mm (0.75 in)","6,100 mm (240 in)","Hastelloy - Other","1,014","5 bar (72.5 psi)","260 °C (500 °F)","1.65 mm (0.06 in)","Straight Tube","1","Hastelloy - Other","Heat Exchanger","Yes"
"245605","Hastelloy - Other NL Schkopau IRB GmbH Shell and Tube Heat Exchanger - IPP# 245605","https://ims.internationalprocessplants.com/inventory/equipment/detail/245605","27","4,000 L (1,050 gallons)","","Used","Hastelloy - Other","2,100 L (555 gallons)","364 m&#xB2; (3,900 ft&#xB2;)","6,100 mm (240 in)","NL Schkopau IRB GmbH","Hastelloy - Other","","first head (2)DN400, second Head (2)DN20, shell (1)DN300, (2)DN80, (2)DN25, (1)DN20","","900 mm (35.4 in)","Carbon Steel","7 bar (101.5 psi)","260 °C (500 °F)","1","Shell and Tube","","19.1 mm (0.75 in)","6,100 mm (239.8 in)","Hastelloy - Other","1,014","5 bar (72.5 psi)","260 °C (500 °F)","1.65 mm (0.06 in)","Straight Tube","1","Hastelloy - Other","Heat Exchanger","Yes"
"245606","Hastelloy - Other NL Schkopau IRB GmbH Shell and Tube Heat Exchanger - IPP# 245606","https://ims.internationalprocessplants.com/inventory/equipment/detail/245606","28","4,000 L (1,050 gallons)","","Used","Hastelloy - Other","2,100 L (555 gallons)","364 m&#xB2; (3,900 ft&#xB2;)","6,100 mm (240 in)","NL Schkopau IRB GmbH","Hastelloy - Other","","first head (2)DN400, second Head (2)DN20, shell (1)DN300, (2)DN80, (2)DN25, (1)DN20","Horizontal","900 mm (35.4 in)","Carbon Steel","7 bar (101.5 psi)","260 °C (500 °F)","1","Shell and Tube","","19.1 mm (0.75 in)","6,100 mm (239.8 in)","Hastelloy - Other","1,014","5 bar (72.5 psi)","260 °C (500 °F)","1.65 mm (0.06 in)","Straight Tube","1","Hastelloy - Other","Heat Exchanger","Yes"
"245607","Shell and Tube Heat Exchanger 45.1 m&#xB2; (485.5 ft&#xB2;) Stainless Steel 304 For Sale - IPP# 245607","https://ims.internationalprocessplants.com/inventory/equipment/detail/245607","28","534 L (141.1 gallons)","","Used","Stainless Steel 304","232 L (61.3 gallons)","45.1 m&#xB2; (485.5 ft&#xB2;)","6,100 mm (239.4 in)","Apperatebau Chrimmitschau GmbH","Stainless Steel 304","","tube side: (2)DN80; shell side (2)DN100","Vertical","355 mm (14 in)","Carbon Steel","11.7 bar (170 psi)","260 °C (500 °F)","1","Shell and Tube","","19.1 mm (0.75 in)","6,100 mm (240.1 in)","Stainless Steel 304","124","13.1 bar (190 psi)","204 °C (399.2 °F)","1.65 mm (0.06 in)","Straight Tube","1","Stainless Steel 304","Heat Exchanger","Yes"
"245608","Shell and Tube Heat Exchanger 34.6 m&#xB2; (372.4 ft&#xB2;) Stainless Steel 316L For Sale - IPP# 245608","https://ims.internationalprocessplants.com/inventory/equipment/detail/245608","27","500 L (132.1 gallons)","","Used","Stainless Steel 316L","","34.6 m&#xB2; (372.4 ft&#xB2;)","6,100 mm (240.2 in)","Apparatebau Pitton GmbH & Co.KG","Stainless Steel 316L","","shell side: (3) DN150 (1) DN80; tube side: first head (2) DN80, second head (1) DN20 (1) DN50","Horizontal","336 mm (13.2 in)","Carbon Steel","35.9 bar (521 psi)","260 °C (500 °F)","1","Shell and Tube","","19.1 mm (0.75 in)","6,100 mm (240.2 in)","Stainless Steel 316L","96","18.6 bar (269.8 psi)","204 °C (399.2 °F)","1.65 mm (0.06 in)","Straight Tube","6","Stainless Steel 316","Heat Exchanger","Yes"
"245609","Shell and Tube Heat Exchanger 99.8 m&#xB2; (1,050 ft&#xB2;) Stainless Steel 316L For Sale - IPP# 245609","https://ims.internationalprocessplants.com/inventory/equipment/detail/245609","27","1,300 L (343.4 gallons)","","Used","Stainless Steel 316L","","99.8 m&#xB2; (1,050 ft&#xB2;)","2,950 mm (115.4 in)","Bronswerk Heat Transfer B.V","Stainless Steel 316L","","shell side: (2) DN50; tube side: (2) DN150","Horizontal","699 mm (27.5 in)","Carbon Steel","10 bar (145 psi)","50 °C (122 °F)","1","Shell and Tube","","19.1 mm (0.75 in)","3,050 mm (120 in)","Stainless Steel 316L","556","13.7 bar (198.7 psi)","65 °C (149 °F)","1.65 mm (0.06 in)","Straight Tube","4","Stainless Steel 316L","Heat Exchanger","Yes"
"245610","Shell and Tube Heat Exchanger 99.8 m&#xB2; (1,050 ft&#xB2;) Stainless Steel 316L For Sale - IPP# 245610","https://ims.internationalprocessplants.com/inventory/equipment/detail/245610","27","1,300 L (343.4 gallons)","","Used","Stainless Steel 316L","","99.8 m&#xB2; (1,050 ft&#xB2;)","3,050 mm (119.2 in)","Bronswerk Heat Transfer B.V","Stainless Steel 316L","","shell side: (2)DN50; tube side: (2) DN150","Horizontal","699 mm (27.5 in)","Carbon Steel","10 bar (145 psi)","50 °C (122 °F)","1","Shell and Tube","","19.1 mm (0.75 in)","3,050 mm (120 in)","Stainless Steel 316L","556","13.7 bar (198.7 psi)","65 °C (149 °F)","1.65 mm (0.06 in)","Straight Tube","4","Stainless Steel 316L","Heat Exchanger","Yes"
"245611","Shell and Tube Heat Exchanger 99.8 m&#xB2; (1,050 ft&#xB2;) Stainless Steel 316L For Sale - IPP# 245611","https://ims.internationalprocessplants.com/inventory/equipment/detail/245611","27","1,300 L (343.4 gallons)","","Used","Stainless Steel 316L","","99.8 m&#xB2; (1,050 ft&#xB2;)","3,050 mm (119.2 in)","Bronswerk Heat Transfer B.V","Stainless Steel 316L","","Tube side: (2) DN150, shell side: (2) DN50","Horizontal","699 mm (27.5 in)","Carbon Steel","10 bar (145 psi)","-12.2 °C (10 °F)","1","Shell and Tube","","19.1 mm (0.75 in)","3,050 mm (120 in)","Stainless Steel 316L","556","13.7 bar (198.7 psi)","-7.6 °C (18.3 °F)","1.65 mm (0.06 in)","Straight Tube","2","Stainless Steel 316L","Heat Exchanger","Yes"
"245612","Shell and Tube Heat Exchanger 99.8 m&#xB2; (1,050 ft&#xB2;) Stainless Steel 316L For Sale - IPP# 245612","https://ims.internationalprocessplants.com/inventory/equipment/detail/245612","27","1,300 L (343.4 gallons)","","Used","Stainless Steel 316L","","99.8 m&#xB2; (1,050 ft&#xB2;)","3,050 mm (119.2 in)","Bronswerk Heat Transfer B.V","Stainless Steel 316L","","shell side: (2)DN50; tube side: (2) DN150","Horizontal","699 mm (27.5 in)","Carbon Steel","10 bar (145 psi)","-12.2 °C (10 °F)","1","Shell and Tube","","19.1 mm (0.75 in)","3,050 mm (120 in)","Stainless Steel 316L","556","13.7 bar (198.7 psi)","-7.6 °C (18.3 °F)","1.65 mm (0.06 in)","Straight Tube","4","Stainless Steel 316L","Heat Exchanger","Yes"
"245613","Shell and Tube Heat Exchanger 26.6 m&#xB2; (286.3 ft&#xB2;) Stainless Steel 316 For Sale - IPP# 245613","https://ims.internationalprocessplants.com/inventory/equipment/detail/245613","27","320 L (84.5 gallons)","","Used","Stainless Steel 316L","","26.6 m&#xB2; (286.3 ft&#xB2;)","6,100 mm (240.2 in)","Apparatebau Pitton GmbH & Co.KG","Stainless Steel 316","","shell side: (2) DN50, (2) DN100; tube side: (2) DN20, (2) DN50","Horizontal","283 mm (11.1 in)","Carbon Steel","11.7 bar (169.7 psi)","52.6 °C (126.7 °F)","1","Shell and Tube","","19.1 mm (0.75 in)","6,100 mm (240.2 in)","Stainless Steel 316L","72","11 bar (159.5 psi)","35.3 °C (95.6 °F)","1.65 mm (0.06 in)","Straight Tube","4","Stainless Steel 316L","Heat Exchanger","Yes"
"245614","Shell and Tube Heat Exchanger 28.4 m&#xB2; (305.7 ft&#xB2;) Stainless Steel 304 For Sale - IPP# 245614","https://ims.internationalprocessplants.com/inventory/equipment/detail/245614","28","358 L (94.6 gallons)","","Used","Stainless Steel 304","138 L (36.5 gallons)","28.4 m&#xB2; (305.7 ft&#xB2;)","6,100 mm (240.1 in)","Apparatebau Crimmitschau GmbH/Germany","Stainless Steel 304","","shell side: (2) DN50, (2) DN100; tube side: (2) DN20, (2) DN50","Horizontal","273 mm (10.7 in)","Carbon Steel","11.7 bar (170 psi)","52.6 °C (126.7 °F)","1","Shell and Tube","","19.1 mm (0.75 in)","6,100 mm (240 in)","Stainless Steel 304","72","8.6 bar (125 psi)","35.3 °C (95.6 °F)","1.65 mm (0.06 in)","Straight Tube","4","Stainless Steel 304","Heat Exchanger","Yes"
"245615","Shell and Tube Heat Exchanger 43.2 m&#xB2; (465.3 ft&#xB2;) Stainless Steel 316 For Sale - IPP# 245615","https://ims.internationalprocessplants.com/inventory/equipment/detail/245615","28","885 L (233.8 gallons)","","Used","Stainless Steel 316L","420 L (111 gallons)","43.2 m&#xB2; (465.3 ft&#xB2;)","6,100 mm (240.2 in)","Pitton-Gessner/Germany","Stainless Steel 316","","shell side: (2) DN20, (2) DN50, (1) DN200; tube side: (2) DN20, (2) DN100","Horizontal","416 mm (16.4 in)","Carbon Steel","7.2 bar (104.4 psi)","52.6 °C (126.7 °F)","2","Shell and Tube","","25.4 mm (1 in)","6,100 mm (240.2 in)","Stainless Steel 316","90","11 bar (159.5 psi)","35.3 °C (95.6 °F)","2.1 mm (0.08 in)","Straight Tube","2","Stainless Steel 316L","Heat Exchanger","Yes"
"245616","Shell and Tube Heat Exchanger 127.5 m&#xB2; (1,350 ft&#xB2;) Stainless Steel 316L For Sale - IPP# 245616","https://ims.internationalprocessplants.com/inventory/equipment/detail/245616","28","1,800 L (472.9 gallons)","","Used","Stainless Steel 316L","740 L (195.5 gallons)","127.5 m&#xB2; (1,350 ft&#xB2;)","6,100 mm (240.2 in)","Pitton-Gessner/Germany","Stainless Steel 316L","","shell side: (2) DN20 expansion joint, (1) DN350, (1) DN400; tube side: (2) DN20, (2) DN150","Horizontal","624 mm (24.6 in)","Carbon Steel","6.5 bar (94.3 psi)","61.9 °C (143.3 °F)","1","Shell and Tube","","19.1 mm (0.75 in)","6,100 mm (240.2 in)","Stainless Steel 316L","354","10 bar (145 psi)","52.6 °C (126.7 °F)","1.65 mm (0.06 in)","Straight Tube","1","Stainless Steel 316L","Heat Exchanger","Yes"
"245618","Shell and Tube Heat Exchanger 36.9 m&#xB2; (397.2 ft&#xB2;) Stainless Steel 304 For Sale - IPP# 245618","https://ims.internationalprocessplants.com/inventory/equipment/detail/245618","28","546 L (144.2 gallons)","","Used","Stainless Steel 304","245 L (64.7 gallons)","36.9 m&#xB2; (397.2 ft&#xB2;)","6,100 mm (240.1 in)","Apparatebau Crimmitschau GmbH/Germany","Stainless Steel 304","","shell side: (2) DN50, (2) DN150; tube side: (2) DN20, (2) DN40, (1) DN50, (1) DN150","Horizontal","355.6 mm (14 in)","Carbon Steel","11.7 bar (170 psi)","52.6 °C (126.7 °F)","1","Shell and Tube","","25.4 mm (1 in)","6,100 mm (240 in)","Stainless Steel 304","76","6.9 bar (100.1 psi)","35.3 °C (95.6 °F)","2.1 mm (0.08 in)","Straight Tube","1","Stainless Steel 304","Heat Exchanger","Yes"
"245619","Stainless Steel 316L GEA Shell and Tube Heat Exchanger - IPP# 245619","https://ims.internationalprocessplants.com/inventory/equipment/detail/245619","25","280 L (74 gallons)","","Used","","140 L (37 gallons)","17.6 m&#xB2; (189.4 ft&#xB2;)","3,000 mm (117.6 in)","GEA","Stainless Steel 316L","","shell side: (1) DN50, (1) DN80, (1) DN100; tube side: (2) DN150","Horizontal","323.9 mm (12.8 in)","Stainless Steel 316L","1.38 bar (20 psi)","40.2 °C (104.4 °F)","","Shell and Tube","","19.1 mm (0.75 in)","3,000 mm (118.1 in)","Stainless Steel 316L","98","10 bar (145 psi)","9.7 °C (49.4 °F)","1.65 mm (0.06 in)","Straight Tube","","Stainless Steel 316L","Heat Exchanger","Yes"
"245620","Shell and Tube Heat Exchanger 62 m&#xB2; (667 ft&#xB2;) Stainless Steel 304 For Sale - IPP# 245620","https://ims.internationalprocessplants.com/inventory/equipment/detail/245620","28","6,700 L (1,750 gallons)","","Used","Stainless Steel 304","335 L (88.5 gallons)","62 m&#xB2; (667 ft&#xB2;)","6,100 mm (240.2 in)","Pitton-Gessner/Germany","Stainless Steel 304","","shell side: (2) DN80; tube side: (2) DN20, (2) DN80","Horizontal","415.2 mm (16.3 in)","Carbon Steel","11.7 bar (169.7 psi)","52.6 °C (126.7 °F)","2","Shell and Tube","","19.1 mm (0.75 in)","6,100 mm (240.2 in)","Stainless Steel 304","172","11.2 bar (162.4 psi)","35.3 °C (95.6 °F)","1.65 mm (0.06 in)","Straight Tube","6","Stainless Steel 304","Heat Exchanger","Yes"
"245621","Shell and Tube Heat Exchanger 136 m&#xB2; (1,450 ft&#xB2;) Stainless Steel 316L For Sale - IPP# 245621","https://ims.internationalprocessplants.com/inventory/equipment/detail/245621","28","4,300 L (1,150 gallons)","","Used","Carbon Steel","1,000 L (264.2 gallons)","136 m&#xB2; (1,450 ft&#xB2;)","6,450 mm (254.6 in)","Richard Stiehler KG","Stainless Steel 316L","","shell side: (1) DN20, (2) DN600; tube side: (1) DN25, (2) DN150","Horizontal","909 mm (35.8 in)","Stainless Steel 316L","45 bar (653 psi)","61.9 °C (143.3 °F)","1","Shell and Tube","","19.1 mm (0.75 in)","6,100 mm (240 in)","Stainless Steel 316L","184","55.1 bar (799 psi)","86.5 °C (187.8 °F)","2.4 mm (0.09 in)","U-Tube","2","Stainless Steel 316L","Heat Exchanger","Yes"
"245622","Shell and Tube Heat Exchanger 34.6 m&#xB2; (372.4 ft&#xB2;) Stainless Steel 316 For Sale - IPP# 245622","https://ims.internationalprocessplants.com/inventory/equipment/detail/245622","28","500 L (132.1 gallons)","","Used","Stainless Steel 316L","210 L (55.5 gallons)","34.6 m&#xB2; (372.4 ft&#xB2;)","6,100 mm (240.2 in)","Pitton-Gessner/Germany","Stainless Steel 316","","shell side: (1) DN80, (3) DN150; tube side: (1) DN20, (1) DN50, (2) DN80","Horizontal","326.4 mm (12.9 in)","Carbon Steel","35.9 bar (521 psi)","52.6 °C (126.7 °F)","1","Shell and Tube","","19.1 mm (0.75 in)","6,100 mm (240.2 in)","Stainless Steel 316","96","18.6 bar (269.8 psi)","35.3 °C (95.6 °F)","1.65 mm (0.06 in)","Straight Tube","6","Stainless Steel 316L","Heat Exchanger","Yes"
"245623","Shell and Tube Heat Exchanger 29.8 m&#xB2; (320.8 ft&#xB2;) Stainless Steel 304 For Sale - IPP# 245623","https://ims.internationalprocessplants.com/inventory/equipment/detail/245623","28","535 L (141.3 gallons)","","Used","Stainless Steel 304","343 L (90.6 gallons)","29.8 m&#xB2; (320.8 ft&#xB2;)","2,000 mm (79.5 in)","Apparatebau Crimmitschau GmbH/Germany","Stainless Steel 304","","shell side: (2) DN80; tube side: (1) DN20, (1) DN40, (1) DN80, (1) DN150","Vertical","516 mm (20.3 in)","Carbon Steel","11.7 bar (170 psi)","52.6 °C (126.7 °F)","1","Shell and Tube","","25.4 mm (1 in)","2,050 mm (79.8 in)","Stainless Steel 304","178","4 bar (57.3 psi)","35.3 °C (95.6 °F)","2.1 mm (0.08 in)","Straight Tube","1","Stainless Steel 304","Heat Exchanger","Yes"
"245624","Shell and Tube Heat Exchanger 39 m&#xB2; (419.8 ft&#xB2;) Stainless Steel 304L For Sale - IPP# 245624","https://ims.internationalprocessplants.com/inventory/equipment/detail/245624","28","735 L (194.2 gallons)","","Used","Stainless Steel 304L","535 L (141.3 gallons)","39 m&#xB2; (419.8 ft&#xB2;)","1,500 mm (59.4 in)","Mayr & Wilhelm GmbH","Stainless Steel 304L","","shell side: (1) DN20, (1) DN25, (1) DN50, (1) DN80; tube side: (1) DN20, (1) DN40, (1) DN100, (1) DN450","Vertical","605 mm (23.8 in)","Stainless Steel 304L","7.5 bar (108.8 psi)","52.6 °C (126.7 °F)","1","Shell and Tube","","19.1 mm (0.75 in)","1,500 mm (60 in)","Stainless Steel 304L","457","7.5 bar (108.8 psi)","35.3 °C (95.6 °F)","1.65 mm (0.06 in)","Straight Tube","1","Stainless Steel 304L","Heat Exchanger","Yes"
"245625","Stainless Steel 304 Pitton-Gessner/Germany Shell and Tube Heat Exchanger - IPP# 245625","https://ims.internationalprocessplants.com/inventory/equipment/detail/245625","28","820 L (216.6 gallons)","","Used","Stainless Steel 304","340 L (89.8 gallons)","55.1 m&#xB2; (593 ft&#xB2;)","6,100 mm (240.2 in)","Pitton-Gessner/Germany","Stainless Steel 304","","shell side: (4) DN50, (2) DN150; tube side: (2) DN25, (1) DN50, (1) DN300","Horizontal","418.9 mm (16.5 in)","Carbon Steel","11.7 bar (169.7 psi)","52.6 °C (126.7 °F)","1","Shell and Tube","","19.1 mm (0.75 in)","6,100 mm (240.2 in)","Stainless Steel 304","151","6.5 bar (94.3 psi)","35.3 °C (95.6 °F)","1.65 mm (0.06 in)","Straight Tube","1","Stainless Steel 304","Heat Exchanger","Yes"
"245626","Shell and Tube Heat Exchanger 99.8 m&#xB2; (1,050 ft&#xB2;) Stainless Steel 316L For Sale - IPP# 245626","https://ims.internationalprocessplants.com/inventory/equipment/detail/245626","28","1,300 L (343.4 gallons)","","Used","Stainless Steel 316L","750 L (198.1 gallons)","99.8 m&#xB2; (1,050 ft&#xB2;)","3,050 mm (119.2 in)","Bronswerk Heat Transfer B.V","Stainless Steel 316L","","shell side: (2) DN50; tube side: (2) DN150","Horizontal","699 mm (27.5 in)","Carbon Steel","10 bar (145 psi)","-12.2 °C (10 °F)","1","Shell and Tube","","19.1 mm (0.75 in)","3,050 mm (120 in)","Stainless Steel 316L","556","13.7 bar (198.7 psi)","-7.6 °C (18.3 °F)","1.65 mm (0.06 in)","Straight Tube","4","Stainless Steel 316L","Heat Exchanger","Yes"
"245627","Shell and Tube Heat Exchanger 99.8 m&#xB2; (1,050 ft&#xB2;) Stainless Steel 316L For Sale - IPP# 245627","https://ims.internationalprocessplants.com/inventory/equipment/detail/245627","28","1,300 L (343.4 gallons)","","Used","Stainless Steel 316L","750 L (198.1 gallons)","99.8 m&#xB2; (1,050 ft&#xB2;)","3,050 mm (119.2 in)","Bronswerk Heat Transfer B.V","Stainless Steel 316L","","shell side: (2) DN50; tube side: (2) DN150","Horizontal","699 mm (27.5 in)","Carbon Steel","10 bar (145 psi)","50 °C (122 °F)","1","Shell and Tube","","19.1 mm (0.75 in)","3,050 mm (120 in)","Stainless Steel 316L","556","13.7 bar (198.7 psi)","65 °C (149 °F)","1.65 mm (0.06 in)","Straight Tube","4","Stainless Steel 316L","Heat Exchanger","Yes"
"245628","Shell and Tube Heat Exchanger 22 m&#xB2; (236.8 ft&#xB2;) Stainless Steel 316L For Sale - IPP# 245628","https://ims.internationalprocessplants.com/inventory/equipment/detail/245628","28","420 L (111 gallons)","","Used","Carbon Steel","210 L (55.5 gallons)","22 m&#xB2; (236.8 ft&#xB2;)","3,050 mm (120 in)","NL Schkopau IRB GmbH","Stainless Steel 316L","","shell side: (2) DN20, (1) DN100, (1) DN200; tube side: (2) DN20, (2) DN200","Horizontal","416.4 mm (16.4 in)","Carbon Steel","11.7 bar (169.7 psi)","58.8 °C (137.8 °F)","1","Shell and Tube","","19.1 mm (0.75 in)","3,050 mm (119.9 in)","Stainless Steel 316L","91","13.8 bar (200.2 psi)","35.3 °C (95.6 °F)","1.65 mm (0.06 in)","Straight Tube","1","Carbon Steel","Heat Exchanger","Yes"
"245629","Shell and Tube Heat Exchanger 29.2 m&#xB2; (314.2 ft&#xB2;) Stainless Steel 316L For Sale - IPP# 245629","https://ims.internationalprocessplants.com/inventory/equipment/detail/245629","28","460 L (121.5 gallons)","","Used","Stainless Steel 316L","200 L (52.8 gallons)","29.2 m&#xB2; (314.2 ft&#xB2;)","6,100 mm (239.8 in)","Bronswerk Heat Transfer B.V","Stainless Steel 316L","","shell side: (6) DN50; tube side: (2)DN20, (2) DN80","Horizontal","333.9 mm (13.1 in)","Carbon Steel","11.7 bar (170 psi)","52.6 °C (126.7 °F)","1","Shell and Tube","","25.4 mm (1 in)","6,100 mm (240 in)","Stainless Steel 316L","60","13.4 bar (194.9 psi)","35.3 °C (95.6 °F)","2.1 mm (0.08 in)","Straight Tube","2","Stainless Steel 316L","Heat Exchanger","Yes"
"245630","Shell and Tube Heat Exchanger   For Sale - IPP# 245630","https://ims.internationalprocessplants.com/inventory/equipment/detail/245630","3","","","Used","","","","","","","","","","","","","","","Shell and Tube","","","","","","","","","","","","Heat Exchanger",""
"245631","Shell and Tube Heat Exchanger   For Sale - IPP# 245631","https://ims.internationalprocessplants.com/inventory/equipment/detail/245631","3","","","Used","","","","","","","","","","","","","","","Shell and Tube","","","","","","","","","","","","Heat Exchanger",""
"245632","Shell and Tube Heat Exchanger   For Sale - IPP# 245632","https://ims.internationalprocessplants.com/inventory/equipment/detail/245632","3","","","Used","","","","","","","","","","","","","","","Shell and Tube","","","","","","","","","","","","Heat Exchanger",""
"245633","Shell and Tube Heat Exchanger   For Sale - IPP# 245633","https://ims.internationalprocessplants.com/inventory/equipment/detail/245633","3","","","Used","","","","","","","","","","","","","","","Shell and Tube","","","","","","","","","","","","Heat Exchanger",""
"245693","Stainless Steel 316L Fonsenge Shell and Tube Heat Exchanger - IPP# 245693","https://ims.internationalprocessplants.com/inventory/equipment/detail/245693","25","160 L (42.3 gallons)","","Used","Stainless Steel 316L","","8.4 m&#xB2; (90.2 ft&#xB2;)","2,500 mm (98.4 in)","Fonsenge","Stainless Steel 316L","","Two 52.502 mm, one, 35.02 mm, one 26.645 mm","Horizontal","202 mm (8 in)","Stainless Steel 316L","6 bar (87 psi)","18.6 °C (65.6 °F)","1","Shell and Tube","","12.7 mm (0.5 in)","2,500 mm (98.4 in)","Stainless Steel 316L","41","70 bar (1,000 psi)","-9.1 °C (15.6 °F)","1.25 mm (0.05 in)","U-Tube","2","","Heat Exchanger",""
"245694","Shell and Tube Heat Exchanger 8.4 m&#xB2; (90.2 ft&#xB2;) Stainless Steel 316L For Sale - IPP# 245694","https://ims.internationalprocessplants.com/inventory/equipment/detail/245694","26","160 L (42.3 gallons)","","Used","Stainless Steel 316L","","8.4 m&#xB2; (90.2 ft&#xB2;)","2,500 mm (98.4 in)","Fonsenge","Stainless Steel 316L","","Two 52.502 mm, one, 35.02 mm, one 26.645 mm","Horizontal","202 mm (8 in)","Stainless Steel 316L","6 bar (87 psi)","18.6 °C (65.6 °F)","1","Shell and Tube","","12.7 mm (0.5 in)","2,500 mm (98.4 in)","Stainless Steel 316L","41","70 bar (1,000 psi)","-9.1 °C (15.6 °F)","1.25 mm (0.05 in)","U-Tube","2","Stainless Steel 316L","Heat Exchanger",""
"245695","Shell and Tube Heat Exchanger 8.4 m&#xB2; (90.2 ft&#xB2;) Stainless Steel 316L For Sale - IPP# 245695","https://ims.internationalprocessplants.com/inventory/equipment/detail/245695","27","160 L (42.3 gallons)","","Used","Stainless Steel 316L","","8.4 m&#xB2; (90.2 ft&#xB2;)","2,500 mm (98.4 in)","Fonsenge","Stainless Steel 316L","","Two 52.502 mm, one, 35.02 mm, one 26.645 mm","Horizontal","202 mm (8 in)","Stainless Steel 316L","6 bar (87 psi)","18.6 °C (65.6 °F)","1","Shell and Tube","BEU","12.7 mm (0.5 in)","2,500 mm (98.4 in)","Stainless Steel 316L","41","70 bar (1,000 psi)","-9.1 °C (15.6 °F)","1.25 mm (0.05 in)","U-Tube","2","Stainless Steel 316L","Heat Exchanger",""
"245696","Shell and Tube Heat Exchanger 8.4 m&#xB2; (90.2 ft&#xB2;) Stainless Steel 316L For Sale - IPP# 245696","https://ims.internationalprocessplants.com/inventory/equipment/detail/245696","27","160 L (42.3 gallons)","","Used","Stainless Steel 316L","","8.4 m&#xB2; (90.2 ft&#xB2;)","2,500 mm (98.4 in)","Fonsenge","Stainless Steel 316L","","Two 52.502 mm, one, 35.02 mm, one 26.645 mm","Horizontal","202 mm (8 in)","Stainless Steel 316L","6 bar (87 psi)","18.6 °C (65.6 °F)","1","Shell and Tube","BEU","12.7 mm (0.5 in)","2,500 mm (98.4 in)","Stainless Steel 316L","41","70 bar (1,000 psi)","-9.1 °C (15.6 °F)","1.25 mm (0.05 in)","U-Tube","2","Stainless Steel 316L","Heat Exchanger",""
"245831","Stainless Steel 316L Shell and Tube Heat Exchanger - IPP# 245831","https://ims.internationalprocessplants.com/inventory/equipment/detail/245831","26","1,200 L (313.8 gallons)","","Used","Stainless Steel 316L","248 L (65.5 gallons)","130 m&#xB2; (1,400 ft&#xB2;)","5,100 mm (200.8 in)","C.G.C Impianti srl","Stainless Steel 316L","","","Inclined","688 mm (27.1 in)","Stainless Steel 304","6 bar (87 psi)","99 °C (210.2 °F)","1","Shell and Tube","","19.1 mm (0.75 in)","4,750 mm (187.2 in)","Stainless Steel 316L","468","6 bar (87 psi)","165 °C (329 °F)","1.65 mm (0.06 in)","Straight Tube","6","Stainless Steel 316L","Heat Exchanger",""
"245832","Stainless Steel 316 Shell and Tube Heat Exchanger - IPP# 245832","https://ims.internationalprocessplants.com/inventory/equipment/detail/245832","22","","","Used","Stainless Steel 316","","135.2 m&#xB2; (1,450 ft&#xB2;)","5 mm (0.2 in)","F.Mandressi & Co S.P.A","Stainless Steel 316","A.E.S","","Inclined","720 mm (28.3 in)","Stainless Steel 316","6 bar (87 psi)","50 °C (122 °F)","","Shell and Tube","","5 mm (0.2 in)","4,700 mm (185 in)","Stainless Steel 316","","2.5 bar (36.3 psi)","140 °C (284 °F)","1.6 mm (0.06 in)","Straight Tube","","Stainless Steel 316","Heat Exchanger",""
"246071","Stainless Steel 316L Shell and Tube Heat Exchanger - IPP# 246071","https://ims.internationalprocessplants.com/inventory/equipment/detail/246071","24","","","Used","Stainless Steel 316L","","301.8 m&#xB2; (3,250 ft&#xB2;)","3,800 mm (149 in)","Ward Tank Co","Stainless Steel 316L","","16" Inlet, one 6" two 3", one 8" and two 1"","Horizontal","1,200 mm (47 in)","Stainless Steel 316L","8.3 bar (120 psi)","204.4 °C (400 °F)","","Shell and Tube","","25.4 mm (1 in)","3,800 mm (149 in)","Stainless Steel 316L","1,000","8.3 bar (120 psi)","204.4 °C (400 °F)","2.1 mm (0.08 in)","Straight Tube","","Stainless Steel 316L","Heat Exchanger","Yes"
"246073","Stainless Steel 304 Shell and Tube Heat Exchanger - IPP# 246073","https://ims.internationalprocessplants.com/inventory/equipment/detail/246073","27","","","Used","Stainless Steel 304","","546 m&#xB2; (5,900 ft&#xB2;)","8,600 mm (339 in)","Atlas Industrial","Stainless Steel 304","48-240 BEM","Inlet 24", Inlet 18", outlet 12", Outlet 6", one 4", Two 2", One 1" one 1/4" vent nozzle.","Vertical","1,200 mm (48 in)","Carbon Steel","10.3 bar (150 psi)","93.3 °C (200 °F)","1","Shell and Tube","","25.4 mm (1 in)","6,000 mm (237 in)","Stainless Steel 304","1,137","10.3 bar (150 psi)","93.3 °C (200 °F)","1.24 mm (0.05 in)","Straight Tube","1","Stainless Steel 304","Heat Exchanger","Yes"
"246223","Duplex HRS Heat Exchangers S.L.U. HRS KH196. 406/19 1,5 316L/DuplexS Shell and Tube Heat Exchanger - IPP# 246223","https://ims.internationalprocessplants.com/inventory/equipment/detail/246223","26","","","Used","Stainless Steel 316L","","17 m&#xB2; (183 ft&#xB2;)","1,500 mm (59.1 in)","HRS Heat Exchangers S.L.U.","Duplex","HRS KH196. 406/19 1,5 316L/DuplexS","top head with 1-100mm, bottom head with 1-50mm, shell with 2-100mm,","Vertical","406 mm (16 in)","Duplex","5 bar (72.5 psi)","100 °C (212 °F)","1","Shell and Tube","","19.1 mm (0.75 in)","1,500 mm (59.1 in)","Duplex","","10 bar (145 psi)","200 °C (392 °F)","1.65 mm (0.06 in)","Straight Tube","1","Duplex","Heat Exchanger","Yes"
"246417","Stainless Steel Other  Shell and Tube Heat Exchanger - IPP# 246417","https://ims.internationalprocessplants.com/inventory/equipment/detail/246417","24","510 L (134.7 gallons)","","Used","Carbon Steel","210 L (55.5 gallons)","38 m&#xB2; (409 ft&#xB2;)","3,300 mm (130.1 in)","Ponticelli","Stainless Steel Other","","","Horizontal","660 mm (26 in)","Carbon Steel","4 bar (58 psi)","191 °C (375.8 °F)","","Shell and Tube","","25.7 mm (1.01 in)","2,200 mm (86.6 in)","Stainless Steel Other","228","2.5 bar (36.3 psi)","191 °C (375.8 °F)","","Straight Tube","","Stainless Steel Other","Heat Exchanger","Yes"
"246418","Stainless Steel Other  Shell and Tube Heat Exchanger - IPP# 246418","https://ims.internationalprocessplants.com/inventory/equipment/detail/246418","18","570 L (150.6 gallons)","","Used","Carbon Steel","210 L (55.5 gallons)","30 m&#xB2; (322.9 ft&#xB2;)","","","Stainless Steel Other","","","Horizontal","","Carbon Steel","","181 °C (357.8 °F)","","Shell and Tube","","19.1 mm (0.75 in)","","Stainless Steel Other","228","2.5 bar (36.3 psi)","181 °C (357.8 °F)","","Straight Tube","","Stainless Steel Other","Heat Exchanger",""
"246420","Hastelloy B Tube, Head &amp; Carbon Steel Shell Heat Exchanger - IPP# 246420","https://ims.internationalprocessplants.com/inventory/equipment/detail/246420","25","460 L (121.5 gallons)","","Used","Hastelloy - B","213 L (56.3 gallons)","24.8 m&#xB2; (266.9 ft&#xB2;)","2,000 mm (78.7 in)","Sociere A.D.M","Hastelloy - B","","","Vertical","600 mm (23.6 in)","Carbon Steel","36 bar (522 psi)","247 °C (476.6 °F)","","Shell and Tube","","19.1 mm (0.75 in)","2,000 mm (78.7 in)","Hastelloy - B","228","2 bar (29 psi)","247 °C (476.6 °F)","","Straight Tube","1","Hastelloy - B","Heat Exchanger","Yes"
"246424","Stainless Steel 3-4L  Tube and shell heat exchanger - IPP# 246424","https://ims.internationalprocessplants.com/inventory/equipment/detail/246424","24","2,400 L (634 gallons)","","Used","Stainless Steel 304L","1,600 L (426.9 gallons)","157 m&#xB2; (1,700 ft&#xB2;)","","Sogem","Stainless Steel 304L","","","Vertical","","Stainless Steel 304L","3 bar (43.5 psi)","300 °C (572 °F)","","Shell and Tube","","257 mm (10.1 in)","3,800 mm (149.6 in)","Stainless Steel 304L","263","3 bar (43.5 psi)","70 °C (158 °F)","1.65 mm (0.06 in)","Straight Tube","2","Stainless Steel 304L","Heat Exchanger","Yes"
"246425","Incolloy 825 Shell and Tube Heat Exchanger - IPP# 246425","https://ims.internationalprocessplants.com/inventory/equipment/detail/246425","20","300 L (79.3 gallons)","","Used","Incoloy 825","392 L (103.6 gallons)","","3,000 mm (118.1 in)","Schuberth Equipment & Services","Incoloy 825","","","Horizontal","400 mm (15.7 in)","Incoloy 825","0.5 bar (7.3 psi)","145 °C (293 °F)","","Shell and Tube","","","","Incoloy 825","","3 bar (43.5 psi)","110 °C (230 °F)","","Straight Tube","","Incoloy 825","Heat Exchanger","Yes"
"246437","Incolloy 825 Tube, Head and shell Heat Exchanger - IPP# 246437","https://ims.internationalprocessplants.com/inventory/equipment/detail/246437","15","","","Used","Incoloy 825","","5 m&#xB2; (53.8 ft&#xB2;)","","S.V.C.M.C","Incoloy 825","","","Horizontal","","","","95 °C (203 °F)","","Shell and Tube","","","","Incoloy 825","","3 bar (43.5 psi)","15 °C (59 °F)","","Straight Tube","","Incoloy 825","Heat Exchanger","Yes"
"246438","Incolloy 825 Tube, shell and carbon steel head Heat Exchanger - IPP# 246438","https://ims.internationalprocessplants.com/inventory/equipment/detail/246438","17","330 L (87.2 gallons)","","Used","Carbon Steel","36 L (9.5 gallons)","5 m&#xB2; (53.8 ft&#xB2;)","","S.V.C.M.C","Incoloy 825","","","Horizontal","","Incoloy 825","2 bar (29 psi)","130 °C (266 °F)","","Shell and Tube","","","","Incoloy 825","","2 bar (29 psi)","20 °C (68 °F)","","Straight Tube","","","Heat Exchanger",""
"246462","Carbon Steel Shell and Tube Heat Exchanger - IPP# 246462","https://ims.internationalprocessplants.com/inventory/equipment/detail/246462","24","45.4 L (12 gallons)","","Used","Carbon Steel","","2.2 m&#xB2; (24 ft&#xB2;)","1,500 mm (59 in)","HEAT","Carbon Steel","FHX0824-80-58S-483","8"","Horizontal","","Carbon Steel","10.3 bar (150 psi)","107.2 °C (225 °F)","1","Shell and Tube","N/A","19.1 mm (0.75 in)","1,500 mm (59 in)","Stainless Steel 304","24","0.07 bar (1 psi)","","","Straight Tube","","Carbon Steel","Heat Exchanger",""
"246468","Stainless Steel Other  Shell and Tube Heat Exchanger - IPP# 246468","https://ims.internationalprocessplants.com/inventory/equipment/detail/246468","22","475 L (125.5 gallons)","","Used","Stainless Steel Other","293 L (77.4 gallons)","46 m&#xB2; (495.1 ft&#xB2;)","","Buss-SMS-Canzler GmbH","Stainless Steel Other","","","Vertical","","Stainless Steel Other","13 bar (188.5 psi)","165 °C (329 °F)","","Shell and Tube","","19.1 mm (0.75 in)","3.2 mm (0.13 in)","Stainless Steel Other","246","45 bar (653 psi)","165 °C (329 °F)","","Straight Tube","1","Stainless Steel Other","Heat Exchanger",""
"246635","Unused Tantalum Tantec Shell and Tube Heat Exchanger - IPP# 246635","https://ims.internationalprocessplants.com/inventory/equipment/detail/246635","27","503 L (132.9 gallons)","","Unused","316L SS w/TA","100 L (26.4 gallons)","31 m&#xB2; (333.7 ft&#xB2;)","4,500 mm (177.5 in)","Tantec","Tantalum","","shell side: (1)DN100, (1)DN250; tubeside: (2)DN150","Horizontal","490 mm (19.3 in)","Carbon Steel","8 bar (116 psi)","200 °C (392 °F)","","Shell and Tube","","12.7 mm (0.5 in)","4,500 mm (177.2 in)","Tantalum","175","6 bar (87 psi)","200 °C (392 °F)","0.4 mm (0.016 in)","Straight Tube","1","316L SS w/TA","Heat Exchanger","Yes"
"246636","Shell and Tube Heat Exchanger Unused Hexoloy SE (Sintered Silicon Carbide) by DeDietrich - IPP# 246636","https://ims.internationalprocessplants.com/inventory/equipment/detail/246636","28","246 L (65 gallons)","","Unused","Glasslined","66 L (17.4 gallons)","20 m&#xB2; (215.3 ft&#xB2;)","4,800 mm (188.5 in)","DeDietrich","Hexoloy SE (Sintered Silicon Carbide)","","shell side: (1) DN100, (2) DN200, (1) DN300; tube side: (1) DN150, (1) DN200","Horizontal","324 mm (12.8 in)","Glasslined","10 bar (145 psi)","200 °C (392 °F)","1","Shell and Tube","","14 mm (0.55 in)","4,200 mm (165.4 in)","Hexoloy SE (Sintered Silicon Carbide)","121","10 bar (145 psi)","200 °C (392 °F)","1.5 mm (0.06 in)","Straight Tube","1","Plastic","Heat Exchanger","Yes"
"246693","Stainless Steel 304 Shell and Tube Heat Exchanger - IPP# 246693","https://ims.internationalprocessplants.com/inventory/equipment/detail/246693","23","","","Used","Stainless Steel 316L","","4.8 m&#xB2; (52 ft&#xB2;)","1,050 mm (42 in)","RAS Process Equipment","Stainless Steel 304","","(2) 3" . (2) 1 1/2" , (1) 3/4" vent","Vertical","304.8 mm (12 in)","Stainless Steel Austenitic","10.3 bar (150 psi)","148.9 °C (300 °F)","","Shell and Tube","","38.1 mm (1.5 in)","1,050 mm (42 in)","Stainless Steel 316","31","10.3 bar (150 psi)","148.9 °C (300 °F)","1.65 mm (0.07 in)","Straight Tube","","Stainless Steel 316L","Heat Exchanger",""
"246707","Shell and Tube Heat Exchanger 9.3 m&#xB2; (100 ft&#xB2;) Stainless Steel 316 For Sale - IPP# 246707","https://ims.internationalprocessplants.com/inventory/equipment/detail/246707","15","","","Used","Stainless Steel 316","","9.3 m&#xB2; (100 ft&#xB2;)","3,650 mm (144 in)","Piersol-Pine","Stainless Steel 316","","","Horizontal","317.5 mm (12.5 in)","Stainless Steel 316","","","2","Shell and Tube","","","","Stainless Steel 317","","","","","","1","Stainless Steel 316","Heat Exchanger",""
"246719","Stainless Steel 304 Missouri Boiler and Tank Co Shell and Tube Heat Exchanger - IPP# 246719","https://ims.internationalprocessplants.com/inventory/equipment/detail/246719","25","","","Used","Carbon Steel","","45.4 m&#xB2; (489 ft&#xB2;)","2,500 mm (99 in)","Missouri Boiler and Tank Co","Stainless Steel 304","","(2) 6" Nozzles, (2) 4" nozzles, (4) 1" nozzles, (1) 0.5" nozzle","Vertical","533 mm (21 in)","Stainless Steel 304","6.9 bar (100 psi)","170 °C (338 °F)","1","Shell and Tube","","19.1 mm (0.75 in)","2,500 mm (99 in)","Stainless Steel 304","302","10.3 bar (150 psi)","185.6 °C (366 °F)","1.24 mm (0.05 in)","Straight Tube","1","Stainless Steel 304","Heat Exchanger",""
"246722","Carbon Steel  Shell and Tube Heat Exchanger - IPP# 246722","https://ims.internationalprocessplants.com/inventory/equipment/detail/246722","12","","","Used","Carbon Steel","","37.2 m&#xB2; (400 ft&#xB2;)","4,200 mm (165 in)","","Carbon Steel","","","Vertical","355.6 mm (14 in)","Carbon Steel","","","","Shell and Tube","","","","Carbon Steel","","","","","","","Carbon Steel","Heat Exchanger",""
"246764","Shell and Tube Heat Exchanger 9.3 m&#xB2; (100 ft&#xB2;) Carbon Steel For Sale - IPP# 246764","https://ims.internationalprocessplants.com/inventory/equipment/detail/246764","18","","","Used","Carbon Steel","","9.3 m&#xB2; (100 ft&#xB2;)","1,850 mm (72 in)","","Carbon Steel","20172","3in inlet & outlet, 2in shell nozzle","Horizontal","2,450 mm (96 in)","Carbon Steel","20.7 bar (300 psi)","148.9 °C (300 °F)","","Shell and Tube","","","","Carbon Steel","","10.3 bar (150 psi)","148.9 °C (300 °F)","","","","Carbon Steel","Heat Exchanger",""
"246769","Shell and Tube Heat Exchanger 30.8 m&#xB2; (331 ft&#xB2;) Stainless Steel 316 For Sale - IPP# 246769","https://ims.internationalprocessplants.com/inventory/equipment/detail/246769","23","","","Used","Carbon Steel","","30.8 m&#xB2; (331 ft&#xB2;)","3,000 mm (119 in)","Manning & Lewis","Stainless Steel 316","","(1x) 10in, (2x) 8in, (1x) 2in, (4x) 0.75in","Horizontal","406.4 mm (16 in)","Stainless Steel 316","5.2 bar (75 psi)","93.3 °C (200 °F)","","Shell and Tube","","19.1 mm (0.75 in)","3,000 mm (117.6 in)","Stainless Steel 316","172","5.2 bar (75 psi)","93.3 °C (200 °F)","1.65 mm (0.07 in)","Straight Tube","","Stainless Steel 316","Heat Exchanger",""
"246770","Shell and Tube Heat Exchanger 9.3 m&#xB2; (100 ft&#xB2;) Stainless Steel 316 For Sale - IPP# 246770","https://ims.internationalprocessplants.com/inventory/equipment/detail/246770","23","","","Used","Carbon Steel","","9.3 m&#xB2; (100 ft&#xB2;)","2,400 mm (94 in)","Manning & Lewis","Stainless Steel 316","","One 6" nozzle, two 4" nozzles, two 1.5" nozzles, three 0.75" nipples.","Horizontal","254 mm (10 in)","Stainless Steel 316","5.2 bar (75 psi)","93.3 °C (200 °F)","","Shell and Tube","","19.1 mm (0.75 in)","2,400 mm (94 in)","Stainless Steel 316","65","5.2 bar (75 psi)","93.3 °C (200 °F)","1.65 mm (0.07 in)","Straight Tube","","Stainless Steel 316","Heat Exchanger",""
"246895","Carbon Steel Piersol-Pine Shell and Tube Heat Exchanger - IPP# 246895","https://ims.internationalprocessplants.com/inventory/equipment/detail/246895","25","","","Used","Carbon Steel","","274.4 m&#xB2; (2,950 ft&#xB2;)","5,450 mm (213.8 in)","Piersol-Pine","Carbon Steel","","Two 8" nozzles, two 6" nozzles five 3" nozzles 9 0.75" couplings.","Vertical","838 mm (33 in)","Carbon Steel","8.6 bar (125 psi)","15.6 °C (60 °F)","1","Shell and Tube","","19.1 mm (0.75 in)","5,400 mm (213 in)","Stainless Steel 304","848","8.6 bar (125 psi)","36.7 °C (98 °F)","1.24 mm (0.05 in)","Straight Tube","1","Carbon Steel","Heat Exchanger",""
"246927","Shell and Tube Heat Exchanger 186.5 m&#xB2; (2,000 ft&#xB2;) Carbon Steel For Sale - IPP# 246927","https://ims.internationalprocessplants.com/inventory/equipment/detail/246927","24","","","Used","Carbon Steel","","186.5 m&#xB2; (2,000 ft&#xB2;)","4,250 mm (167 in)","Doyle and Roth","Carbon Steel","","Two 6", four 4", one 2" four 1.5"","Horizontal","1,350 mm (54 in)","Carbon Steel","12.1 bar (175 psi)","230 °C (446 °F)","","Shell and Tube","","25.4 mm (1 in)","4,250 mm (167 in)","Carbon Steel","548","2.8 bar (40 psi)","343.3 °C (650 °F)","2.1 mm (0.08 in)","Straight Tube","","Carbon Steel","Heat Exchanger","Yes"
"246930","Shell and Tube Heat Exchanger 511 m&#xB2; (5,500 ft&#xB2;) Carbon Steel For Sale - IPP# 246930","https://ims.internationalprocessplants.com/inventory/equipment/detail/246930","24","","","Used","Carbon Steel","","511 m&#xB2; (5,500 ft&#xB2;)","4,900 mm (192 in)","Houston Heat Exchanger","Carbon Steel","","","Vertical","1,350 mm (54 in)","Carbon Steel","5.2 bar (75 psi)","343.3 °C (650 °F)","1","Shell and Tube","","25.4 mm (1 in)","4,800 mm (189 in)","Carbon Steel","1,350","2.8 bar (40 psi)","343.3 °C (650 °F)","2.1 mm (0.08 in)","Straight Tube","1","Carbon Steel","Heat Exchanger",""
"246934","Shell and Tube Heat Exchanger 545 m&#xB2; (5,850 ft&#xB2;) Carbon Steel For Sale - IPP# 246934","https://ims.internationalprocessplants.com/inventory/equipment/detail/246934","25","","","Used","Carbon Steel","","545 m&#xB2; (5,850 ft&#xB2;)","4,900 mm (192 in)","Houston Heat Exchanger","Carbon Steel","","Two 20",one 8" one 6" two 2" one 1"","Vertical","1,400 mm (56 in)","Carbon Steel","5.2 bar (75 psi)","343.3 °C (650 °F)","1","Shell and Tube","","25.4 mm (1 in)","4,800 mm (189 in)","Carbon Steel","1,423","2.8 bar (40 psi)","343.3 °C (650 °F)","2.1 mm (0.08 in)","Straight Tube","1","Carbon Steel","Heat Exchanger",""
"247178","Shell and Tube Heat Exchanger - IPP# 247178","https://ims.internationalprocessplants.com/inventory/equipment/detail/247178","27","","","Used","Stainless Steel 304","","78.8 m&#xB2; (848 ft&#xB2;)","3,650 mm (143.9 in)","Doyle and Roth","Stainless Steel 304","Evaporator Condenser","One 16" two 6" two 3", two 2", one 0.75"","Horizontal","559 mm (22 in)","Stainless Steel 304","1.72 bar (25 psi)","176.7 °C (350 °F)","1","Shell and Tube","","19.1 mm (0.75 in)","304.8 mm (12 in)","Stainless Steel 304","360","5.2 bar (75 psi)","176.7 °C (350 °F)","1.65 mm (0.07 in)","Straight Tube","1","Stainless Steel 304","Heat Exchanger","Yes"
"247252","Tantalum Tube, head and 316L stainless steel shell Heat Exchanger - IPP# 247252","https://ims.internationalprocessplants.com/inventory/equipment/detail/247252","26","","","Used","316L SS w/TA","","8.4 m&#xB2; (90.4 ft&#xB2;)","2,150 mm (85 in)","Astro Cosmos","Tantalum","BEM 12-1-66","tube side: 1 head with 1-800mm, 1 head with 1-75mm, 1-50mm, shell: 2-150mm","Inclined","375 mm (14.8 in)","Stainless Steel 316L","10.3 bar (149.4 psi)","149 °C (300.2 °F)","","Shell and Tube","","19.1 mm (0.75 in)","1,700 mm (66.1 in)","Tantalum","85","10.3 bar (149.4 psi)","149 °C (300.2 °F)","0.38 mm (0.015 in)","Straight Tube","1","316L SS w/TA","Heat Exchanger","Yes"
"247253","Tantalum Tube, head and 316L stainless steel shell Heat Exchanger - IPP# 247253","https://ims.internationalprocessplants.com/inventory/equipment/detail/247253","26","","","Used","316L SS w/TA","","8.4 m&#xB2; (90.4 ft&#xB2;)","2,150 mm (85 in)","Astro Cosmos","Tantalum","BEM 12-1-66","tube side: 1 head with 1-800mm, 1 head with 1-75mm, 1-50mm, shell: 2-150mm","Inclined","375 mm (14.8 in)","Stainless Steel 316L","10.3 bar (149.4 psi)","149 °C (300.2 °F)","","Shell and Tube","","19.1 mm (0.75 in)","1,700 mm (66.1 in)","Tantalum","85","10.3 bar (149.4 psi)","149 °C (300.2 °F)","0.38 mm (0.015 in)","Straight Tube","1","316L SS w/TA","Heat Exchanger","Yes"
"247257","Tantalum  Shell and Tube Heat Exchanger - IPP# 247257","https://ims.internationalprocessplants.com/inventory/equipment/detail/247257","26","","","Used","316L SS with Tantalum Lining","","8.4 m&#xB2; (90.4 ft&#xB2;)","2,150 mm (85 in)","Astro Cosmos","Tantalum","BEM 12-1-66","tube side: 1 head with 1-800mm, 1 head with 1-75mm, 1-50mm, shell: 2-150mm","Inclined","375 mm (14.8 in)","Stainless Steel 316L","10.3 bar (149.4 psi)","149 °C (300.2 °F)","","Shell and Tube","","19.1 mm (0.75 in)","1,700 mm (66.1 in)","Tantalum","85","10.3 bar (149.4 psi)","149 °C (300.2 °F)","0.38 mm (0.015 in)","Straight Tube","1","316L SS with Tantalum Lining","Heat Exchanger","Yes"
"247258","Tantalum  Shell and Tube Heat Exchanger - IPP# 247258","https://ims.internationalprocessplants.com/inventory/equipment/detail/247258","26","","","Used","316L SS with Tantalum Lining","","8.4 m&#xB2; (90.4 ft&#xB2;)","2,150 mm (85 in)","Astro Cosmos","Tantalum","BEM 12-1-66","Tube side : (1) head with 1-200mm, (1) head with 1-75mm, 1-50mm, shell 2-150mm","Inclined","375 mm (14.8 in)","Stainless Steel 316L","10.3 bar (149.4 psi)","149 °C (300.2 °F)","","Shell and Tube","","19.1 mm (0.75 in)","1,700 mm (66.1 in)","Tantalum","85","10.3 bar (149.4 psi)","149 °C (300.2 °F)","0.38 mm (0.015 in)","Straight Tube","1","316L SS with Tantalum Lining","Heat Exchanger","Yes"
"247259","Tantalum  Shell and Tube Heat Exchanger - IPP# 247259","https://ims.internationalprocessplants.com/inventory/equipment/detail/247259","24","","","Used","316L SS with Tantalum Lining","","5 m&#xB2; (53.8 ft&#xB2;)","","Pfaudler","Tantalum","99R74074","tube side: 2-80mm, shell side: 1-150mm, 2-50mm,","Inclined","254 mm (10 in)","Stainless Steel 316L","10.3 bar (149.4 psi)","204 °C (399.2 °F)","1","Shell and Tube","","19.1 mm (0.75 in)","","Tantalum","","10.3 bar (149.4 psi)","204 °C (399.2 °F)","0.38 mm (0.015 in)","Straight Tube","1","Tantalum","Heat Exchanger","Yes"
"247260","Tantalum  Shell and Tube Heat Exchanger - IPP# 247260","https://ims.internationalprocessplants.com/inventory/equipment/detail/247260","23","","","Used","316L SS w/TA","","5 m&#xB2; (54 ft&#xB2;)","","Pfaudler","Tantalum","99R74074","tube side: 2-80mm, shell side: 1-150mm, 2-50mm,","Inclined","254 mm (10 in)","Stainless Steel 316L","6.9 bar (100 psi)","204.4 °C (400 °F)","1","Shell and Tube","","19.1 mm (0.75 in)","","Tantalum","","6.9 bar (100 psi)","204.4 °C (400 °F)","0.38 mm (0.015 in)","Straight Tube","1","316L SS w/TA","Heat Exchanger",""
"247267","Hastelloy C22 Calorifier Shell and Tube Heat Exchanger - IPP# 247267","https://ims.internationalprocessplants.com/inventory/equipment/detail/247267","25","123 L (32.5 gallons)","","Used","Hastelloy - C22","198 L (52.3 gallons)","20 m&#xB2; (215.3 ft&#xB2;)","2,800 mm (110.2 in)","CALORIFER AG","Hastelloy - C22","","tubes side 1 head with 1-250mm, 1 head with 1-75mm, shell 2-100mm","Horizontal","417 mm (16.4 in)","Stainless Steel 316","16 bar (232.1 psi)","200 °C (392 °F)","","Shell and Tube","","25.4 mm (1 in)","2,000 mm (78.8 in)","Hastelloy - C22","126","6 bar (87 psi)","200 °C (392 °F)","","Straight Tube","","Hastelloy - C22","Heat Exchanger","Yes"
"247292","Heat Exchanger - IPP# 247292","https://ims.internationalprocessplants.com/inventory/equipment/detail/247292","29","3,800 L (1,000 gallons)","","Used","stainless steel 904L","2,000 L (524 gallons)","221 m&#xB2; (2,400 ft&#xB2;)","6,900 mm (272.3 in)","AEL Apparatebau GmbH","Stainless Steel 904L","BEM","Tube side: (4) DN40, (2)DN350; shell side: (2) DN 50, (2) DN300, (1) DN700;","Horizontal","1,100 mm (43.3 in)","Carbon Steel","3 bar (43.5 psi)","200 °C (392 °F)","1","Shell and Tube","","25 mm (0.98 in)","5,000 mm (197.1 in)","Stainless Steel 904L","574","6 bar (87 psi)","200 °C (392 °F)","2 mm (0.08 in)","Straight Tube","1","Stainless Steel 904L","Heat Exchanger","Yes"
"247293","Heat Exchanger - IPP# 247293","https://ims.internationalprocessplants.com/inventory/equipment/detail/247293","29","3,800 L (1,000 gallons)","","Used","Stainless Steel 904L","2,000 L (524 gallons)","221 m&#xB2; (2,400 ft&#xB2;)","6,900 mm (272.3 in)","AEL Apparatebau GmbH","Stainless Steel 904L","BEM","Tube side: (4) DN40, (2) DN350; shell side: (2) DN 50, (2) DN300, (1) DN700;","Horizontal","1,100 mm (43.3 in)","Stainless Steel 904L","3 bar (43.5 psi)","200 °C (392 °F)","1","Shell and Tube","","25 mm (0.98 in)","5,000 mm (197.1 in)","Stainless Steel 904L","574","6 bar (87 psi)","200 °C (392 °F)","2 mm (0.08 in)","Straight Tube","1","Stainless Steel 904L","Heat Exchanger","Yes"
"247294","Heat Exchanger - IPP# 247294","https://ims.internationalprocessplants.com/inventory/equipment/detail/247294","28","180 L (47.6 gallons)","","Used","Carbon Steel","66 L (17.4 gallons)","20 m&#xB2; (215.3 ft&#xB2;)","4,800 mm (189 in)","DeDietrich","Glasslined","","Tube side: (2) DN150; shell side: (2) DN150;","Vertical","300 mm (11.8 in)","Glasslined","10 bar (145 psi)","200 °C (392 °F)","1","Shell and Tube","","14 mm (0.55 in)","4,000 mm (157.5 in)","Hexoloy SE (Sintered Silicon Carbide)","151","10 bar (145 psi)","200 °C (392 °F)","1.5 mm (0.06 in)","Straight Tube","1","PTFE Lined","Heat Exchanger","Yes"
"247295","Heat Exchanger - IPP# 247295","https://ims.internationalprocessplants.com/inventory/equipment/detail/247295","27","180 L (47.6 gallons)","","Used","Glasslined","66 L (17.4 gallons)","20 m&#xB2; (215.3 ft&#xB2;)","4,800 mm (189 in)","DeDietrich","Glasslined","","Tube side: (2) DN150; shell side: (2) DN150;","Vertical","300 mm (11.8 in)","Glasslined","10 bar (145 psi)","200 °C (392 °F)","","Shell and Tube","","14 mm (0.55 in)","4,000 mm (157.5 in)","Glasslined","121","10 bar (145 psi)","200 °C (392 °F)","1.5 mm (0.06 in)","Straight Tube","1","Glasslined","Heat Exchanger","Yes"
"247296","Heat Exchanger - IPP# 247296","https://ims.internationalprocessplants.com/inventory/equipment/detail/247296","26","180 L (47.6 gallons)","","Used","Glasslined","66 L (17.4 gallons)","20 m&#xB2; (215.3 ft&#xB2;)","4,800 mm (189 in)","DeDietrich","Glasslined","","Tube side: (2) DN150; shell side: (2) DN150;","Vertical","300 mm (11.8 in)","Glasslined","10 bar (145 psi)","200 °C (392 °F)","","Shell and Tube","","14 mm (0.55 in)","4,000 mm (157.5 in)","","151","10 bar (145 psi)","200 °C (392 °F)","1.5 mm (0.06 in)","Straight Tube","1","PTFE Lined","Heat Exchanger","Yes"
"247297","Heat Exchanger - IPP# 247297","https://ims.internationalprocessplants.com/inventory/equipment/detail/247297","26","180 L (47.6 gallons)","","Used","Glasslined","66 L (17.4 gallons)","20 m&#xB2; (215.3 ft&#xB2;)","4,800 mm (189 in)","DeDietrich","Glasslined","","Tube side: (2) DN150; shell side: (2) DN150;","Vertical","300 mm (11.8 in)","Glasslined","10 bar (145 psi)","200 °C (392 °F)","","Shell and Tube","","14 mm (0.55 in)","4,000 mm (157.5 in)","","121","10 bar (145 psi)","200 °C (392 °F)","1.5 mm (0.06 in)","Straight Tube","1","PTFE Lined","Heat Exchanger","Yes"
"247298","Heat Exchanger - IPP# 247298","https://ims.internationalprocessplants.com/inventory/equipment/detail/247298","27","180 L (47.6 gallons)","","Used","Glasslined","66 L (17.4 gallons)","20 m&#xB2; (215.3 ft&#xB2;)","4,800 mm (189 in)","DeDietrich","Glasslined","","Tube side: (2) DN150; shell side: (2) DN150;","Vertical","300 mm (11.8 in)","Glasslined","10 bar (145 psi)","200 °C (392 °F)","1","Shell and Tube","","14 mm (0.55 in)","4,000 mm (157.5 in)","","121","10 bar (145 psi)","200 °C (392 °F)","1.5 mm (0.06 in)","Straight Tube","1","PTFE Lined","Heat Exchanger","Yes"
"247299","Heat Exchanger - IPP# 247299","https://ims.internationalprocessplants.com/inventory/equipment/detail/247299","27","180 L (47.6 gallons)","","Used","Glasslined","66 L (17.4 gallons)","20 m&#xB2; (215.3 ft&#xB2;)","4,800 mm (189 in)","DeDietrich","Glasslined","","Tube side: (2) DN150; shell side: (2) DN150;","Vertical","300 mm (11.8 in)","Glasslined","10 bar (145 psi)","200 °C (392 °F)","1","Shell and Tube","","14 mm (0.55 in)","4,000 mm (157.5 in)","","121","10 bar (145 psi)","200 °C (392 °F)","1.5 mm (0.06 in)","Straight Tube","1","PTFE Lined","Heat Exchanger","Yes"
"247300","Heat Exchanger - IPP# 247300","https://ims.internationalprocessplants.com/inventory/equipment/detail/247300","28","745 L (196.8 gallons)","","Used","Stainless Steel 304L","675 L (178.3 gallons)","100 m&#xB2; (1,100 ft&#xB2;)","5,950 mm (233.7 in)","AEL Apparatebau GmbH","Stainless Steel 304L","","Tube side: (2) DN250; shell side: (2) DN40, (2) DN150;","Horizontal","604 mm (23.8 in)","Stainless Steel 304L","10 bar (145 psi)","150 °C (302 °F)","1","Shell and Tube","","25 mm (0.98 in)","5,000 mm (196.9 in)","Stainless Steel 304L","260","8 bar (116 psi)","150 °C (302 °F)","2 mm (0.08 in)","Straight Tube","2","Stainless Steel 304L","Heat Exchanger","Yes"
"247301","Heat Exchanger - IPP# 247301","https://ims.internationalprocessplants.com/inventory/equipment/detail/247301","28","90 L (23.8 gallons)","","Used","Stainless Steel 310L","55 L (14.5 gallons)","11.3 m&#xB2; (121.6 ft&#xB2;)","4,000 mm (157.5 in)","Richard Stiehler KG","Stainless Steel 310L","","(2) DN100 shell side","Horizontal","219 mm (8.6 in)","Stainless Steel 310L","10 bar (145 psi)","200 °C (392 °F)","1","Shell and Tube","","16 mm (0.63 in)","4,000 mm (157.5 in)","Stainless Steel 310L","56","10 bar (145 psi)","200 °C (392 °F)","2 mm (0.08 in)","Straight Tube","1","Stainless Steel 310L","Heat Exchanger","Yes"
"247302","Heat Exchanger - IPP# 247302","https://ims.internationalprocessplants.com/inventory/equipment/detail/247302","28","339 L (89.6 gallons)","","Used","Stainless Steel 316L","168 L (44.4 gallons)","25 m&#xB2; (269.1 ft&#xB2;)","3,550 mm (139.4 in)","Harnisch Filter Warmetauscher Apparate","Stainless Steel 316L","BEM","Tube side: (2) DN100; shell side: (2) DN150;","Horizontal","500 mm (19.7 in)","Stainless Steel 316L","10 bar (145 psi)","100 °C (212 °F)","","Shell and Tube","","25 mm (0.98 in)","3,000 mm (118.1 in)","Stainless Steel 316L","460","6 bar (87 psi)","100 °C (212 °F)","2 mm (0.08 in)","Straight Tube","4","Stainless Steel 316L","Heat Exchanger","Yes"
"247303","Heat Exchanger - IPP# 247303","https://ims.internationalprocessplants.com/inventory/equipment/detail/247303","28","339 L (89.6 gallons)","","Used","Stainless Steel 316L","168 L (44.4 gallons)","25 m&#xB2; (269.1 ft&#xB2;)","3,550 mm (139.4 in)","Harnisch Filter Warmetauscher Apparate","Stainless Steel 316L","BEM","Tube side: (2) DN100; shell side: (2) DN150;","Horizontal","500 mm (19.7 in)","Stainless Steel 316L","10 bar (145 psi)","100 °C (212 °F)","","Shell and Tube","","25 mm (0.98 in)","3,000 mm (118.1 in)","Stainless Steel 316L","460","6 bar (87 psi)","100 °C (212 °F)","2 mm (0.08 in)","Straight Tube","4","Stainless Steel 316L","Heat Exchanger","Yes"
"247304","Heat Exchanger - IPP# 247304","https://ims.internationalprocessplants.com/inventory/equipment/detail/247304","27","180 L (47.6 gallons)","","Used","Glasslined","66 L (17.4 gallons)","20 m&#xB2; (215.3 ft&#xB2;)","4,750 mm (187.6 in)","DeDietrich","Glasslined","","Tube side: (2) DN150; shell side: (1) DN100, (2) DN200, (1) DN300;","Vertical","300 mm (11.8 in)","Glasslined","10 bar (145 psi)","200 °C (392 °F)","1","Shell and Tube","","14 mm (0.55 in)","4,000 mm (157.5 in)","","151","10 bar (145 psi)","200 °C (392 °F)","1.5 mm (0.06 in)","Straight Tube","1","PTFE Lined","Heat Exchanger","Yes"
"247462","Carbon Steel Electric 18 K watts Shell and Tube Heat Exchanger - IPP# 247462","https://ims.internationalprocessplants.com/inventory/equipment/detail/247462","19","","","Unused","Carbon Steel","","","1,050 mm (42 in)","Ogden","Carbon Steel","CK3A 0319","Two 1" NPT","Vertical","158.8 mm (6.3 in)","Carbon Steel","10.3 bar (150 psi)","","1","Shell and Tube","","","","Carbon Steel","","10.3 bar (150 psi)","","","U-Tube","1","Carbon Steel","Heat Exchanger",""
"247463","Carbon Steel  Electric 40K watts Shell and Tube Heat Exchanger - IPP# 247463","https://ims.internationalprocessplants.com/inventory/equipment/detail/247463","19","","","Unused","Carbon Steel","","","1,500 mm (59 in)","Ogden","Carbon Steel","CK5A-0284","Two 2" NPT nipples'","Vertical","203.2 mm (8 in)","Carbon Steel","10.3 bar (150 psi)","","1","Shell and Tube","","","","Carbon Steel","","10.3 bar (150 psi)","","","U-Tube","1","Carbon Steel","Heat Exchanger",""
"247464","Carbon Steel Electric 40 K watts  Shell and Tube Heat Exchanger - IPP# 247464","https://ims.internationalprocessplants.com/inventory/equipment/detail/247464","19","","","Unused","Carbon Steel","","","1,500 mm (59 in)","Ogden","Carbon Steel","CK5A-0284","Two 2" NPT nipples'","Vertical","203.2 mm (8 in)","Carbon Steel","10.3 bar (150 psi)","","1","Shell and Tube","","","","Carbon Steel","","10.3 bar (150 psi)","","","U-Tube","1","Carbon Steel","Heat Exchanger",""
"248073","Hastelloy C276-  &#x27;U&#x27; Tube &amp; carbon steel shell Horizontal Heat Exchanger - IPP# 248073","https://ims.internationalprocessplants.com/inventory/equipment/detail/248073","21","","","Used","Hastelloy - C276","","22 m&#xB2; (236.8 ft&#xB2;)","","Reactive Metal Fabricators Ltd","Hastelloy - C276","","","Horizontal","600 mm (23.6 in)","Carbon Steel","11 bar (159.5 psi)","200 °C (392 °F)","","Shell and Tube","1988 class R","25 mm (0.98 in)","2,850 mm (112.6 in)","Hastelloy - C276","156","3 bar (43.5 psi)","200 °C (392 °F)","","Straight Tube","4","","Heat Exchanger",""
"248289","Titanium Shell and Tube Heat Exchanger - IPP# 248289","https://ims.internationalprocessplants.com/inventory/equipment/detail/248289","25","","","Used","Carbon Steel","","374.6 m&#xB2; (4,050 ft&#xB2;)","7,750 mm (306 in)","Titanium Limited","Titanium","","(1) 1.6" Drain nozzle, (1) 20' inlet, (1) 20" outlet, (1) 1.5" vent.","Vertical","1,000 mm (40 in)","Titanium","6.9 bar (100 psi)","176.7 °C (350 °F)","5","Shell and Tube","","1,000 mm (40 in)","7,900 mm (312 in)","Titanium","790","10.3 bar (150 psi)","176.7 °C (350 °F)","66 mm (2.6 in)","Straight Tube","5","Titanium","Heat Exchanger",""
"27756","Shell and Tube Heat Exchanger 186.1 m&#xB2; (2,000 ft&#xB2;) Carbon Steel For Sale - IPP# 27756","https://ims.internationalprocessplants.com/inventory/equipment/detail/27756","25","","","Used","Carbon Steel","","186.1 m&#xB2; (2,000 ft&#xB2;)","8,300 mm (326.3 in)","Shell and Tube Incorporated","Carbon Steel","","Nozzles: 2-8" shell side nozzles, 2-4" tube side nozzles","Horizontal","","Carbon Steel","36.2 bar (525 psi)","76.7 °C (170 °F)","2","Shell and Tube","","19.1 mm (0.75 in)","7,300 mm (288 in)","Carbon Steel","360","48.3 bar (700 psi)","-45.6 °C (-50 °F)","1.52 mm (0.06 in)","Straight Tube","2","Carbon Steel","Heat Exchanger","Yes"
"30640","Shell and Tube Heat Exchanger 13 m&#xB2; (140 ft&#xB2;) Graphite For Sale - IPP# 30640","https://ims.internationalprocessplants.com/inventory/equipment/detail/30640","19","","","Used","Graphite","","13 m&#xB2; (140 ft&#xB2;)","","Kearney","Graphite","","Openings: shell 2-4"; heads 2-2"","","254 mm (10 in)","Carbon Steel","5.2 bar (75 psi)","182.2 °C (360 °F)","","Shell and Tube","","31.8 mm (1.25 in)","4,350 mm (172 in)","Graphite","30","5.2 bar (75 psi)","182.2 °C (360 °F)","","","","Graphite","Heat Exchanger",""
"34268","Unused Stainless Steel 304 Shell and Tube Heat Exchanger - IPP# 34268","https://ims.internationalprocessplants.com/inventory/equipment/detail/34268","24","","","Unused","Carbon Steel","","367.6 m&#xB2; (3,950 ft&#xB2;)","","Joseph Oat","Stainless Steel 304","CEU","Shell 2-8" connections; tube 2-8" connections.","Vertical","","Carbon Steel","17.2 bar (250 psi)","65.6 °C (150 °F)","1","Shell and Tube","","19.1 mm (0.75 in)","8,550 mm (336 in)","Stainless Steel 304","350","10.3 bar (150 psi)","65.6 °C (150 °F)","1.27 mm (0.05 in)","U-Tube","2","Stainless Steel 304","Heat Exchanger",""
"37981","Shell and Tube Heat Exchanger 299.1 m&#xB2; (3,200 ft&#xB2;) Carbon Steel For Sale - IPP# 37981","https://ims.internationalprocessplants.com/inventory/equipment/detail/37981","26","56,800 L (15,000 gallons)","","Used","Carbon Steel","","299.1 m&#xB2; (3,200 ft&#xB2;)","7,250 mm (286 in)","Western Supply","Carbon Steel","BEM","","Horizontal","914 mm (36 in)","Carbon Steel","5.2 bar (75 psi)","260 °C (500 °F)","1","Shell and Tube","","3,450 mm (135 in)","6,100 mm (240 in)","Carbon Steel","625","5.2 bar (75 psi)","260 °C (500 °F)","","Straight Tube","2","Carbon Steel","Heat Exchanger","Yes"
"703572","Stainless Steel 316 Balfour 52836 Shell and Tube Heat Exchanger - IPP# 703572","https://ims.internationalprocessplants.com/inventory/equipment/detail/703572","20","","","Used","Stainless Steel 316","","48 m&#xB2; (517 ft&#xB2;)","2,450 mm (96 in)","Balfour","Stainless Steel 316","52836","- Tube side openings: 1-12", 1-3", 1-1 1/2" - Shell side openings: 2-6"","Horizontal","559 mm (22 in)","Carbon Steel","","","","Shell and Tube","","19.1 mm (0.75 in)","2,450 mm (96 in)","Stainless Steel 316","329","2.1 bar (30 psi)","","","","1","Stainless Steel Other","Heat Exchanger",""
"703780","Shell and Tube Heat Exchanger 2 m&#xB2; (21.5 ft&#xB2;) Graphite For Sale - IPP# 703780","https://ims.internationalprocessplants.com/inventory/equipment/detail/703780","18","","","Refurbished/Rebuilt","","","2 m&#xB2; (21.5 ft&#xB2;)","914 mm (36 in)","Le-Carbone Lorraine","Graphite","GM/8","Openings: Tube side 2-5"; Shell side 2-3"","Vertical","304.8 mm (12 in)","Carbon Steel","9 bar (130 psi)","147.2 °C (297 °F)","1","Shell and Tube","","","","Graphite","","9 bar (130 psi)","147.2 °C (297 °F)","","","","","Heat Exchanger",""
"706429","Graphite VICARB HP2/20 Shell and Tube Heat Exchanger - IPP# 706429","https://ims.internationalprocessplants.com/inventory/equipment/detail/706429","17","","","Used","","","21 m&#xB2; (226 ft&#xB2;)","","VICARB","Graphite","HP2/20","openings: process 2-100mm, 2-25mm, service 2-100mm,","Vertical","","Carbon Steel","2.5 bar (36.3 psi)","34 °C (93.2 °F)","2","Shell and Tube","","","","Graphite","","6 bar (87 psi)","61 °C (141.8 °F)","","","3","","Heat Exchanger",""
"706595","Shell and Tube Heat Exchanger 10.3 m&#xB2; (110.9 ft&#xB2;) Stainless Steel 316 For Sale - IPP# 706595","https://ims.internationalprocessplants.com/inventory/equipment/detail/706595","16","","","Used","Carbon Steel","","10.3 m&#xB2; (110.9 ft&#xB2;)","","","Stainless Steel 316","","- Tube side openings: 2-50mm - Shell openings: 1-200mm, 1-150mm, 1-50mm","Horizontal","420 mm (16.5 in)","Stainless Steel 316","4.1 bar (60 psi)","","","Shell and Tube","","32 mm (1.26 in)","1,850 mm (72.7 in)","Stainless Steel 316","57","4.1 bar (60 psi)","","","","","","Heat Exchanger",""
"706596","Shell and Tube Heat Exchanger 10.3 m&#xB2; (110.9 ft&#xB2;) Stainless Steel 316 For Sale - IPP# 706596","https://ims.internationalprocessplants.com/inventory/equipment/detail/706596","16","","","Used","Carbon Steel","","10.3 m&#xB2; (110.9 ft&#xB2;)","","","Stainless Steel 316","","- Tube side openings: 2-50mm - Shell openings: 1-200mm, 1-150mm, 1-50mm","Horizontal","420 mm (16.5 in)","Stainless Steel 316","4.1 bar (60 psi)","","","Shell and Tube","","32 mm (1.26 in)","1,850 mm (72.7 in)","Stainless Steel 316","57","4.1 bar (60 psi)","","","","","","Heat Exchanger",""
"706597","Shell and Tube Heat Exchanger 24 m&#xB2; (258.3 ft&#xB2;) Stainless Steel 316 For Sale - IPP# 706597","https://ims.internationalprocessplants.com/inventory/equipment/detail/706597","23","","","Used","Carbon Steel","","24 m&#xB2; (258.3 ft&#xB2;)","3,050 mm (120.1 in)","Stainless Steel Fabrications LTD","Stainless Steel 316","","openings tubeside - 2-75mm, 4-6mm, shell - 2-300mm, 1-75mm, 1-20mm","Horizontal","560 mm (22 in)","Stainless Steel 316","1.01 bar (14.7 psi)","250 °C (482 °F)","","Shell and Tube","","25 mm (0.98 in)","2,500 mm (98.4 in)","Stainless Steel 316","122","4.1 bar (60 psi)","75 °C (167 °F)","2 mm (0.08 in)","","4","","Heat Exchanger","Yes"
"706628","Shell and Tube Heat Exchanger 9.6 m&#xB2; (103.3 ft&#xB2;) Stainless Steel 304 For Sale - IPP# 706628","https://ims.internationalprocessplants.com/inventory/equipment/detail/706628","21","","","Used","Carbon Steel","","9.6 m&#xB2; (103.3 ft&#xB2;)","","Graham Hart (Process Technology) Ltd","Stainless Steel 304","","openings: 2-75mm - Shell side openings: 3-50mm, 1-25mm","Horizontal","450 mm (17.7 in)","Carbon Steel","7 bar (101.5 psi)","330 °C (626 °F)","","Shell and Tube","","19 mm (0.75 in)","1,850 mm (72 in)","Stainless Steel 304","84","7 bar (101.5 psi)","330 °C (626 °F)","","U-Tube","","Stainless Steel 304L","Heat Exchanger",""
"706629","Shell and Tube Heat Exchanger 10 m&#xB2; (107.6 ft&#xB2;) Stainless Steel 316 For Sale - IPP# 706629","https://ims.internationalprocessplants.com/inventory/equipment/detail/706629","22","","","Used","Carbon Steel","","10 m&#xB2; (107.6 ft&#xB2;)","2,950 mm (116.1 in)","Stainless Steel Fabrications LTD","Stainless Steel 316","","Head openings: - Tubeside: 2-50mm, 4-6mm - Shell: 1-150mm, 1-75mm, 1-50mm, 1-6mm","Horizontal","350 mm (13.8 in)","Stainless Steel 316","1.01 bar (14.7 psi)","140 °C (284 °F)","","Shell and Tube","","25 mm (0.98 in)","2,500 mm (98.4 in)","Stainless Steel 316","54","4.1 bar (60 psi)","50 °C (122 °F)","","","4","","Heat Exchanger","Yes"
"706655","Shell and Tube Heat Exchanger 25.8 m&#xB2; (277.7 ft&#xB2;) Stainless Steel 316 For Sale - IPP# 706655","https://ims.internationalprocessplants.com/inventory/equipment/detail/706655","20","","","Used","Carbon Steel","","25.8 m&#xB2; (277.7 ft&#xB2;)","6,050 mm (238.6 in)","Bramah Process Plant Ltd","Stainless Steel 316","","","Horizontal","350 mm (13.8 in)","Carbon Steel","10.3 bar (150.1 psi)","399 °C (750 °F)","","Shell and Tube","","19 mm (0.75 in)","6,050 mm (238.6 in)","Stainless Steel 316","72","10.3 bar (150.1 psi)","299 °C (570 °F)","","","4","","Heat Exchanger",""
"706729","Graphite Ralph Coidan 85-04.5A Shell and Tube Heat Exchanger - IPP# 706729","https://ims.internationalprocessplants.com/inventory/equipment/detail/706729","19","","","Used","","","11.6 m&#xB2; (125.1 ft&#xB2;)","63,500 mm (2,500 in)","Ralph Coidan LTD.","Graphite","85-04.5A","openings tubeside: 1-200mm, 1-150mm, 1-100mm, 1-80mm, shell: 2-80mm","Inclined","438 mm (17.2 in)","","3.5 bar (50.8 psi)","90 °C (194 °F)","","Shell and Tube","","32 mm (1.26 in)","1,400 mm (54.8 in)","","85","1.01 bar (14.7 psi)","170 °C (338 °F)","10 mm (0.39 in)","","","","Heat Exchanger",""
"706731","Graphite Ralph Coidan 85-04.5A Shell and Tube Heat Exchanger - IPP# 706731","https://ims.internationalprocessplants.com/inventory/equipment/detail/706731","20","","","Used","","","11.6 m&#xB2; (125.1 ft&#xB2;)","2,500 mm (98.4 in)","Ralph Coidan LTD.","Graphite","85-04.5A","openings tubeside: 1-200mm, 1-150mm, 1-100mm, 1-80mm, shell: 2-80mm,","Inclined","438 mm (17.2 in)","","3.5 bar (50.8 psi)","90 °C (194 °F)","","Shell and Tube","","32 mm (1.26 in)","1,400 mm (54.8 in)","Graphite","85","1.01 bar (14.7 psi)","170 °C (338 °F)","10 mm (0.39 in)","","","","Heat Exchanger",""
"706732","Graphite Ralph Coidan 85-04.5A Shell and Tube Heat Exchanger - IPP# 706732","https://ims.internationalprocessplants.com/inventory/equipment/detail/706732","19","","","Used","","","11.6 m&#xB2; (125.1 ft&#xB2;)","2,500 mm (98.4 in)","Ralph Coidan LTD.","Graphite","85-04.5A","openings tubeside: 1-200mm, 1-150mm, 1- 100mm, 1-80mm, shell: 2-80mm,","Horizontal","438 mm (17.2 in)","","3.5 bar (50.8 psi)","90 °C (194 °F)","","Shell and Tube","","32 mm (1.26 in)","1,400 mm (54.8 in)","","85","1.01 bar (14.7 psi)","170 °C (338 °F)","10 mm (0.39 in)","","","","Heat Exchanger",""
"706754","Graphite Ralph Coidan 42-12A Shell and Tube Heat Exchanger - IPP# 706754","https://ims.internationalprocessplants.com/inventory/equipment/detail/706754","18","","","Used","","","15.3 m&#xB2; (165 ft&#xB2;)","4,000 mm (157.5 in)","Ralph Coidan LTD.","Graphite","42-12A","","Inclined","350 mm (13.8 in)","","3.5 bar (50.8 psi)","170 °C (338 °F)","","Shell and Tube","","32 mm (1.26 in)","","Graphite","42","2.5 bar (36.3 psi)","170 °C (338 °F)","10 mm (0.39 in)","","","","Heat Exchanger",""
"706756","Graphite Ralph Coidan 42/12A Shell and Tube Heat Exchanger - IPP# 706756","https://ims.internationalprocessplants.com/inventory/equipment/detail/706756","19","","","Used","","","15.3 m&#xB2; (165 ft&#xB2;)","4,000 mm (157.5 in)","Ralph Coidan LTD.","Graphite","42/12A","","Horizontal","350 mm (13.8 in)","Carbon Steel","3.5 bar (50.8 psi)","170 °C (338 °F)","","Shell and Tube","","32 mm (1.26 in)","","Graphite","42","2.5 bar (36.3 psi)","170 °C (338 °F)","10 mm (0.39 in)","","","","Heat Exchanger",""
"706771","Graphite Ralph Coidan 85-04.5A Shell and Tube Heat Exchanger - IPP# 706771","https://ims.internationalprocessplants.com/inventory/equipment/detail/706771","20","","","Used","","","11.6 m&#xB2; (125.1 ft&#xB2;)","2,500 mm (98.4 in)","Ralph Coidan LTD.","Graphite","85-04.5A","openings tubeside: 1-200mm, 1-100mm, 150mm, shell: 2-80mm,","Inclined","438 mm (17.2 in)","","3.5 bar (50.8 psi)","90 °C (194 °F)","","Shell and Tube","","32 mm (1.26 in)","1,400 mm (54.8 in)","Graphite","85","1.01 bar (14.7 psi)","170 °C (338 °F)","10 mm (0.39 in)","","","","Heat Exchanger",""
"706916","Stainless Steel 304 Cosmos Metalurgical (Camarillo CA) AEL-8-1-96 Shell and Tube Heat Exchanger - IPP# 706916","https://ims.internationalprocessplants.com/inventory/equipment/detail/706916","25","","","Used","Tantalum","","4.6 m&#xB2; (49.5 ft&#xB2;)","3,000 mm (118.7 in)","Cosmos Metalurgical (Camarillo CA)","Stainless Steel 304","AEL-8-1-96","Openings: tubes side - 1 head with 1-4&#x201D;, 1 head with 1-3&#x201D;, 1-1 &#xBD;&#x201D;, shell side - 2-3&#x201D;","Horizontal","219 mm (8.6 in)","Stainless Steel 304","6.9 bar (100.1 psi)","204 °C (399.2 °F)","","Shell and Tube","","19 mm (0.75 in)","2,450 mm (96 in)","Tantalum","32","6.9 bar (100.1 psi)","204 °C (399.2 °F)","0.38 mm (0.015 in)","","1","Stainless Steel 304","Heat Exchanger","Yes"
"706918","Tantalum Cosmos Metalurgical (Camarillo CA) Shell and Tube Heat Exchanger - IPP# 706918","https://ims.internationalprocessplants.com/inventory/equipment/detail/706918","21","","","Used","Stainless Steel 304","","4.3 m&#xB2; (46.3 ft&#xB2;)","","Cosmos Metalurgical (Camarillo CA)","Tantalum","","- Tube side openings: Coned head with 1-100mm, flat channel head with 1-50mm - Shell side openings: 2-80mm","Horizontal","200 mm (7.9 in)","Stainless Steel 304","10.3 bar (150 psi)","204.4 °C (400 °F)","","Shell and Tube","","19 mm (0.75 in)","2,300 mm (89.8 in)","Tantalum","33","10.3 bar (150 psi)","204.4 °C (400 °F)","","","1","","Heat Exchanger","Yes"
"73439","Unused Shell and Tube Heat Exchanger 110 m&#xB2; (1,200 ft&#xB2;) Graphite For Sale - IPP# 73439","https://ims.internationalprocessplants.com/inventory/equipment/detail/73439","13","","","Unused","","","110 m&#xB2; (1,200 ft&#xB2;)","5,200 mm (204 in)","Chemiekombinat Bitterfeld (Germany)","Graphite","","- Shell openings: 2-10" (250mm) - Head openings: 1-11" (275mm) each","","864 mm (34 in)","Graphite","4 bar (58 psi)","","","Shell and Tube","","","","Graphite","","4 bar (58 psi)","","","","","","Heat Exchanger",""
"75916","Carbon Steel Shell and Tube Heat Exchanger - IPP# 75916","https://ims.internationalprocessplants.com/inventory/equipment/detail/75916","17","","","Used","","","0.74 m&#xB2; (8 ft&#xB2;)","","Brown Fintube","Carbon Steel","","Openings: shell 2-3"; tube side 2-1 1/2".","","114.3 mm (4.5 in)","Carbon Steel","10.3 bar (150 psi)","65.6 °C (150 °F)","","Shell and Tube","","48.3 mm (1.9 in)","2,150 mm (84 in)","Carbon Steel","2","10.3 bar (150 psi)","165.6 °C (330 °F)","","","","","Heat Exchanger",""
"81656","Shell and Tube Heat Exchanger 6.6 m&#xB2; (71 ft&#xB2;) Stainless Steel 316 For Sale - IPP# 81656","https://ims.internationalprocessplants.com/inventory/equipment/detail/81656","21","","","Used","Carbon Steel","","6.6 m&#xB2; (71 ft&#xB2;)","3,700 mm (144.9 in)","Kleiser Losch","Stainless Steel 316","","Openings: tube side 2- 150 mm; shell side 1-100mm, 1-800mm.","Horizontal","340 mm (13.4 in)","Stainless Steel 316","1 bar (14.5 psi)","20 °C (68 °F)","","Shell and Tube","","37 mm (1.46 in)","3,000 mm (118.1 in)","Stainless Steel 316","18","2 bar (29 psi)","24 °C (75.2 °F)","","","","Stainless Steel 316","Heat Exchanger",""
"83655","Graphite Kearney 981 Shell and Tube Heat Exchanger - IPP# 83655","https://ims.internationalprocessplants.com/inventory/equipment/detail/83655","16","","","Refurbished/Rebuilt","","","8.2 m&#xB2; (88 ft&#xB2;)","","Kearney","Graphite","981","Openings: shell 2-6"; heads 1-2", 1-3".","","","Carbon Steel","5.2 bar (75 psi)","182.2 °C (360 °F)","","Shell and Tube","","22.1 mm (0.87 in)","3,800 mm (150 in)","","64","5.2 bar (75 psi)","182.2 °C (360 °F)","","","","","Heat Exchanger",""
"83808","Shell and Tube Heat Exchanger 127.7 m&#xB2; (1,400 ft&#xB2;) Stainless Steel 316 For Sale - IPP# 83808","https://ims.internationalprocessplants.com/inventory/equipment/detail/83808","21","","","Used","Carbon Steel","","127.7 m&#xB2; (1,400 ft&#xB2;)","4,900 mm (192 in)","Heat Exchanger Service","Stainless Steel 316","FTS","","Horizontal","610 mm (24 in)","Carbon Steel","","232.2 °C (450 °F)","1","Shell and Tube","","19.1 mm (0.75 in)","4,900 mm (192 in)","Stainless Steel 316","452","10.3 bar (150 psi)","232.2 °C (450 °F)","","","2","","Heat Exchanger",""
"85108","Shell and Tube Heat Exchanger 14.3 m&#xB2; (154.3 ft&#xB2;) Graphite For Sale - IPP# 85108","https://ims.internationalprocessplants.com/inventory/equipment/detail/85108","17","","","Refurbished/Rebuilt","","","14.3 m&#xB2; (154.3 ft&#xB2;)","1,500 mm (59.1 in)","Lurgi","Graphite","GAB-3-U6-U91H","","Vertical","400 mm (15.7 in)","Graphite","6 bar (87 psi)","100 °C (212 °F)","","Shell and Tube","","","","Graphite","","3 bar (43.5 psi)","150 °C (302 °F)","","","","","Heat Exchanger","Yes"
"85109","Shell and Tube Heat Exchanger 1.7 m&#xB2; (18.3 ft&#xB2;) Graphite For Sale - IPP# 85109","https://ims.internationalprocessplants.com/inventory/equipment/detail/85109","17","","","Refurbished/Rebuilt","","","1.7 m&#xB2; (18.3 ft&#xB2;)","1,100 mm (42.5 in)","Lurgi","Graphite","WT-GAB","- Tube side openings: 2-150mm, 1-50mm - Shell side openings: 2-50mm","","330.2 mm (13 in)","Graphite","6 bar (87 psi)","100 °C (212 °F)","","Shell and Tube","","","","Graphite","","3 bar (43.5 psi)","150 °C (302 °F)","","","","","Heat Exchanger","Yes"
"85119","Shell and Tube Heat Exchanger 2.3 m&#xB2; (24.7 ft&#xB2;) Stainless Steel 316 For Sale - IPP# 85119","https://ims.internationalprocessplants.com/inventory/equipment/detail/85119","18","","","Used","","","2.3 m&#xB2; (24.7 ft&#xB2;)","2,500 mm (98.2 in)","Paul Schwingel GmbH","Stainless Steel 316","","","Vertical","220 mm (8.7 in)","Stainless Steel 316","64.8 bar (940 psi)","300 °C (572 °F)","","Shell and Tube","","","2,500 mm (98.2 in)","Stainless Steel 316","22","64.8 bar (940 psi)","300 °C (572 °F)","","","","Stainless Steel 316","Heat Exchanger",""
"85966","Graphite Union Carbide Shell and Tube Heat Exchanger - IPP# 85966","https://ims.internationalprocessplants.com/inventory/equipment/detail/85966","18","","","Used","","","8.5 m&#xB2; (91 ft&#xB2;)","","Union Carbide","Graphite","","- Openings: shell 2-4"; 1-6" each head","Horizontal","","Carbon Steel","5.2 bar (75 psi)","170 °C (338 °F)","","Shell and Tube","","22.1 mm (0.87 in)","2,750 mm (108 in)","Graphite","31","5.2 bar (75 psi)","170 °C (338 °F)","","","1","","Heat Exchanger",""
"86459","Shell and Tube Heat Exchanger 151.4 m&#xB2; (1,650 ft&#xB2;) Graphite For Sale - IPP# 86459","https://ims.internationalprocessplants.com/inventory/equipment/detail/86459","15","","","Refurbished/Rebuilt","","","151.4 m&#xB2; (1,650 ft&#xB2;)","","","Graphite","","Openings: 5-3", 1-6"","","","Graphite","5.2 bar (75 psi)","176.7 °C (350 °F)","","Shell and Tube","","22.1 mm (0.87 in)","144 mm (5.7 in)","Graphite","596","5.2 bar (75 psi)","176.7 °C (350 °F)","","","","","Heat Exchanger",""
"87148","Shell and Tube Heat Exchanger 89 m&#xB2; (958 ft&#xB2;) Graphite For Sale - IPP# 87148","https://ims.internationalprocessplants.com/inventory/equipment/detail/87148","17","","","Used","","","89 m&#xB2; (958 ft&#xB2;)","","Kearney","Graphite","","","Vertical","660 mm (26 in)","Graphite","5.2 bar (75 psi)","182.2 °C (360 °F)","","Shell and Tube","","31.8 mm (1.25 in)","3,750 mm (148 in)","Graphite","220","1.03 bar (15 psi)","182.2 °C (360 °F)","","","","","Heat Exchanger",""
"87155","Graphite Shell and Tube Heat Exchanger - IPP# 87155","https://ims.internationalprocessplants.com/inventory/equipment/detail/87155","16","","","Refurbished/Rebuilt","","","62.2 m&#xB2; (669 ft&#xB2;)","","Kearney","Graphite","","","Vertical","559 mm (22 in)","Graphite","6.2 bar (90 psi)","170 °C (338 °F)","","Shell and Tube","","31.8 mm (1.25 in)","4,900 mm (192 in)","Graphite","","5.2 bar (75 psi)","170 °C (338 °F)","","","","","Heat Exchanger",""
"89391","Shell and Tube Heat Exchanger 2.9 m&#xB2; (31 ft&#xB2;) Graphite For Sale - IPP# 89391","https://ims.internationalprocessplants.com/inventory/equipment/detail/89391","16","","","Refurbished/Rebuilt","","","2.9 m&#xB2; (31 ft&#xB2;)","2,450 mm (96 in)","Graphite Apparatebau Gab","Graphite","GAB1-09-08.3","Opening sizes: shell 2-2" (50mm); heads 2-4" (100mm)","Vertical","203.2 mm (8 in)","Graphite","","","","Shell and Tube","","","","Graphite","","6.1 bar (88 psi)","165 °C (329 °F)","","","","","Heat Exchanger","Yes"
"89401","Unused Shell and Tube Heat Exchanger 1.58 m&#xB2; (17 ft&#xB2;) Graphite For Sale - IPP# 89401","https://ims.internationalprocessplants.com/inventory/equipment/detail/89401","14","","","Unused","","","1.58 m&#xB2; (17 ft&#xB2;)","","Graphite Apparatebau","Graphite","GAB-1-06-4.1","","Vertical","","Graphite","6.1 bar (88 psi)","165 °C (329 °F)","","Shell and Tube","","","","Graphite","","6.1 bar (88 psi)","","","","","","Heat Exchanger","Yes"
"89413","Shell and Tube Heat Exchanger 1.39 m&#xB2; (15 ft&#xB2;) Graphite For Sale - IPP# 89413","https://ims.internationalprocessplants.com/inventory/equipment/detail/89413","17","","","Refurbished/Rebuilt","","","1.39 m&#xB2; (15 ft&#xB2;)","1,550 mm (62 in)","Graphite Apparatebau","Graphite","1-06-14.1","Openings: shell 2-2" (50mm); heads 2-4" (100mm","Vertical","203.2 mm (8 in)","Graphite","6.1 bar (88 psi)","165 °C (329 °F)","","Shell and Tube","","","","Graphite","","6.1 bar (88 psi)","","","","","","Heat Exchanger","Yes"
"89414","Shell and Tube Heat Exchanger 1.39 m&#xB2; (15 ft&#xB2;) Graphite For Sale - IPP# 89414","https://ims.internationalprocessplants.com/inventory/equipment/detail/89414","15","","","Refurbished/Rebuilt","","","1.39 m&#xB2; (15 ft&#xB2;)","","Graphite Apparatebau","Graphite","GAB1-06-14-1","- Openings: shell 2-2" (50mm); head 2-4" (100mm)","Vertical","","Graphite","6.1 bar (88 psi)","165 °C (329 °F)","","Shell and Tube","","","","Graphite","","6.1 bar (88 psi)","","","","","","Heat Exchanger","Yes"
"89415","Shell and Tube Heat Exchanger 2.9 m&#xB2; (31 ft&#xB2;) Graphite For Sale - IPP# 89415","https://ims.internationalprocessplants.com/inventory/equipment/detail/89415","17","","","Refurbished/Rebuilt","","","2.9 m&#xB2; (31 ft&#xB2;)","2,350 mm (92 in)","Graphite Apparatebau","Graphite","GAB1-09-08-1","- Shell openings: 2-2" (50mm) - Head openings: 2-4" (100mm)","Vertical","203.2 mm (8 in)","Graphite","6.1 bar (88 psi)","165 °C (329 °F)","","Shell and Tube","","","","Graphite","","6.1 bar (88 psi)","","","","","","Heat Exchanger","Yes"
"89416","Shell and Tube Heat Exchanger 2.9 m&#xB2; (31 ft&#xB2;) Graphite For Sale - IPP# 89416","https://ims.internationalprocessplants.com/inventory/equipment/detail/89416","15","","","Refurbished/Rebuilt","","","2.9 m&#xB2; (31 ft&#xB2;)","2,350 mm (92 in)","Graphite Apparatebau","Graphite","GAB1-09-08-3","Openings: shell 2-2" (50mm); tube side 2-4" (100mm).","Vertical","203.2 mm (8 in)","Graphite","","","","Shell and Tube","","","","Graphite","","6.1 bar (88 psi)","165 °C (329 °F)","","","","","Heat Exchanger",""
"89417","Shell and Tube Heat Exchanger 2.9 m&#xB2; (31 ft&#xB2;) Graphite For Sale - IPP# 89417","https://ims.internationalprocessplants.com/inventory/equipment/detail/89417","18","","","Used","","","2.9 m&#xB2; (31 ft&#xB2;)","2,350 mm (92 in)","Graphite Apparatebau","Graphite","GAB1-09-08-3","- Shell openings: 2-2" (50mm) - Head openings: 2-4" (100mm)","Vertical","203.2 mm (8 in)","Graphite","","","1","Shell and Tube","","","","Graphite","","6.1 bar (88 psi)","165 °C (329 °F)","","","1","","Heat Exchanger","Yes"
"89422","Shell and Tube Heat Exchanger 1.58 m&#xB2; (17 ft&#xB2;) Graphite For Sale - IPP# 89422","https://ims.internationalprocessplants.com/inventory/equipment/detail/89422","13","","","Refurbished/Rebuilt","","","1.58 m&#xB2; (17 ft&#xB2;)","1,550 mm (62 in)","Graphite Apparatebau","Graphite","GAB1-06-14-1","- Head Openings: 2-4" (100mm) - Shell Openings: 2-2" (50mm)","Vertical","203.2 mm (8 in)","","","","","Shell and Tube","","","","Graphite","","3 bar (44 psi)","","","","","","Heat Exchanger",""
"96810","Unused Shell and Tube Heat Exchanger 876 m&#xB2; (9,400 ft&#xB2;) Stainless Steel 304 For Sale - IPP# 96810","https://ims.internationalprocessplants.com/inventory/equipment/detail/96810","26","","","Unused","Stainless Steel 304","","876 m&#xB2; (9,400 ft&#xB2;)","7,300 mm (288 in)","Harris Thermal","Stainless Steel 304","Type AXS","Openings: tube side 2-12"; shell side 1-24", 1-30".","Horizontal","1,400 mm (56 in)","Carbon Steel","5.9 bar (86 psi)","93.3 °C (200 °F)","2","Shell and Tube","","19.1 mm (0.75 in)","6,100 mm (240 in)","Stainless Steel 304","2,451","10.5 bar (153 psi)","65.6 °C (150 °F)","1.52 mm (0.06 in)","","4","Stainless Steel 304","Heat Exchanger","Yes"
"97162","Shell and Tube Heat Exchanger 69.6 m&#xB2; (749 ft&#xB2;) Graphite For Sale - IPP# 97162","https://ims.internationalprocessplants.com/inventory/equipment/detail/97162","21","","","Used","","","69.6 m&#xB2; (749 ft&#xB2;)","4,650 mm (184 in)","Sigri Gmbh","Graphite","RS77/2/22/3401","Openings: tubeside 2-14"; shell 1-6", 1-1 1/2", 2-1" spring assisted bolts.","Vertical","","Carbon Steel","6 bar (87 psi)","170 °C (338 °F)","1","Shell and Tube","","25.4 mm (1 in)","","Graphite","10","3 bar (43.5 psi)","170 °C (338 °F)","","","1","","Heat Exchanger","Yes"
"98389","Shell and Tube Heat Exchanger 212.8 m&#xB2; (2,300 ft&#xB2;) Carbon Steel For Sale - IPP# 98389","https://ims.internationalprocessplants.com/inventory/equipment/detail/98389","24","","","Used","Carbon Steel","","212.8 m&#xB2; (2,300 ft&#xB2;)","7,050 mm (277 in)","Fabsco","Carbon Steel","AJT","- Shell openings: 2-3", 1-6" on shell side; 2-6" on tube side","Horizontal","787 mm (31 in)","Carbon Steel","20.7 bar (300 psi)","37.8 °C (100 °F)","","Shell and Tube","","19.1 mm (0.75 in)","6,100 mm (240 in)","Carbon Steel","594","6.9 bar (100 psi)","65.6 °C (150 °F)","2 mm (0.08 in)","","6","Carbon Steel","Heat Exchanger",""
"99182","Shell and Tube Heat Exchanger 255.9 m&#xB2; (2,750 ft&#xB2;) Stainless Steel 304 For Sale - IPP# 99182","https://ims.internationalprocessplants.com/inventory/equipment/detail/99182","23","","Yes","Used","Stainless Steel 304","","255.9 m&#xB2; (2,750 ft&#xB2;)","2,450 mm (96 in)","Kimura Kakoki","Stainless Steel 304","","Openings: tube side 1-6", 1-8"; shell side 2-4", 1-1", 1-1 1/2".","Vertical","1,500 mm (60 in)","Carbon Steel","5 bar (72 psi)","-28.3 °C (-19 °F)","","Shell and Tube","","31.8 mm (1.25 in)","2,450 mm (96 in)","Stainless Steel 304","1,078","10 bar (145 psi)","2.8 °C (37 °F)","2 mm (0.08 in)","","","Stainless Steel 304","Heat Exchanger",""
"99183","Shell and Tube Heat Exchanger 149.9 m&#xB2; (1,600 ft&#xB2;) Stainless Steel 304 For Sale - IPP# 99183","https://ims.internationalprocessplants.com/inventory/equipment/detail/99183","21","","","Used","Stainless Steel 304","","149.9 m&#xB2; (1,600 ft&#xB2;)","2,000 mm (78 in)","Kimura Kakoki","Stainless Steel 304","","- Openings: tube side 2-8"; shell side 2-4", 1-1", 1-1 1/2".","","1,200 mm (48 in)","Carbon Steel","5 bar (72 psi)","-5 °C (23 °F)","","Shell and Tube","","31.8 mm (1.25 in)","2,000 mm (78 in)","Stainless Steel 304","806","10 bar (145 psi)","-8.9 °C (16 °F)","2 mm (0.08 in)","","","Stainless Steel 304","Heat Exchanger",""
"99497","Shell and Tube Heat Exchanger 120.7 m&#xB2; (1,300 ft&#xB2;) Inconel For Sale - IPP# 99497","https://ims.internationalprocessplants.com/inventory/equipment/detail/99497","22","","","Used","","","120.7 m&#xB2; (1,300 ft&#xB2;)","4,000 mm (157.5 in)","Schulz (Germany)","Inconel","",". Openings: head 1-400mm, head 1-250mm, 1-50mm; shell 1-150mm, 1-50mm.","Vertical","700 mm (27.6 in)","Carbon Steel","6 bar (87 psi)","","1","Shell and Tube","","25.4 mm (1 in)","4,000 mm (157.5 in)","Inconel","379","6 bar (87 psi)","250 °C (482 °F)","1.65 mm (0.06 in)","","1","","Heat Exchanger","Yes"
