"stock_number","title","url","attribute_count","Body Only","Bottom Head Material","Bottom Head Type","Capacity (Design)","Clad","Condition","Diameter","Glass Condition","Glass Fire Polish","Internal Coil","Internal Finish","Internal Full Vacuum","Internal Pressure","Internal Temperature","Jacket Material of Construction","Jacket Pressure","Jacket Temperature","Jacket Type","Manufacturer","Manway","Material","Model","Nozzle Schedule","Orientation","Sanitary Construction","Sanitary Jacket Shroud","Straight Side Length","Subtype","Support Type","Top Head Material","Top Head Type","Type"
"100352","Glasslined Pfaudler P Batch-Type Agitated Reactor - IPP# 100352","https://ims.internationalprocessplants.com/inventory/equipment/detail/100352","17","","","Dish","94.6 L (25 gallons)","","Re-glassed","610 mm (24 in)","","","","","Yes","0.83 bar (12 psi)","232.2 °C (450 °F)","","7.9 bar (115 psi)","232.2 °C (450 °F)","","Pfaudler","","Glasslined","P","Bottom nozzle 2" center.","","","","406.4 mm (16 in)","Batch Type Body Only","Lugs","","","Reactor"
"100515","Glasslined Batch-Type Agitated Reactor - IPP# 100515","https://ims.internationalprocessplants.com/inventory/equipment/detail/100515","19","Yes","","Dish","2,850 L (750 gallons)","","Re-glassed","1,500 mm (60 in)","","","","","Yes","6.9 bar (100 psi)","232.2 °C (450 °F)","","6.2 bar (90 psi)","232.2 °C (450 °F)","","Pfaudler","","Glasslined","RA","Openings: One 30" opening for a main cover, One 8" nozzle and four 4" nozzles. One 4" bottom drain","","","","1,500 mm (59 in)","Batch Type Body Only","Legs","","Dish","Reactor"
"102412","Glasslined DeDietrich SA Batch Type Body Only Reactor - IPP# 102412","https://ims.internationalprocessplants.com/inventory/equipment/detail/102412","27","Yes","Glasslined","Dish","2,850 L (750 gallons)","","Re-glassed","1,700 mm (66 in)","Very Clean (VC)","Full Fire Polish (FF)","","Glass Lined","Yes","6.9 bar (100 psi)","260 °C (500 °F)","Carbon Steel","6.2 bar (90 psi)","260 °C (500 °F)","Standard","DeDietrich","","Glasslined","SA","Openings: (1) 30" great cover opening, (1) 8", (4) 4"; Bottom: (1) 4" outlet. (4) 3" leg couplings","Vertical","","","1,300 mm (52 in)","Batch Type Body Only","Legs","Glasslined","Dish","Reactor"
"107334","Glasslined Pfaudler RA Batch Type Body Only Reactor - IPP# 107334","https://ims.internationalprocessplants.com/inventory/equipment/detail/107334","20","Yes","Glasslined","Dish","3,800 L (1,000 gallons)","","Needs Reglass","1,500 mm (60 in)","","","","Glass Lined","","","","Carbon Steel","","","Standard","Pfaudler","","Glasslined","RA","Openings: top 1-30", 4-4", 1-8"; 1-4" center bottom outlet.","Vertical","","","1,850 mm (72 in)","Batch Type Body Only","Lugs","Glasslined","Dish","Reactor"
"109816","Glasslined Glasscote Batch Type Body Only Reactor - IPP# 109816","https://ims.internationalprocessplants.com/inventory/equipment/detail/109816","25","Yes","Glasslined","Dish","3,800 L (1,000 gallons)","","Used","1,700 mm (66 in)","","","","Glass Lined","Yes","6.9 bar (100 psi)","204.4 °C (400 °F)","Carbon Steel","6.2 bar (90 psi)","204.4 °C (400 °F)","Standard","Glasscote","Yes","Glasslined","","Openings: Top 3 - 4", 2 - 3", 2 - 6", 1 - 4 1/4" center with 4 bosses, 1 - 18 x 24" manway with cover , Bottom 1 - 3",","Vertical","","","1,700 mm (66 in)","Batch Type Body Only","Lugs","Glasslined","Dish","Reactor"
"111005","Glasslined Glasscoat Batch Type Body Only Reactor - IPP# 111005","https://ims.internationalprocessplants.com/inventory/equipment/detail/111005","20","Yes","Glasslined","Dish","7,550 L (2,000 gallons)","","Needs Reglass","2,450 mm (96 in)","","","","","Yes","6.9 bar (100 psi)","","","6.2 bar (90 psi)","","","Glasscoat","Yes","Glasslined","","Openings: Top - 18 x 16" manway with cover and 4" sight glass, on great cover 1-5" for agitator, 2-2", 3-4", 2-6", 2-8"; 1-4" center bottom outlet.","Vertical","","","2,300 mm (90 in)","Batch Type Body Only","Lugs","Glasslined","Dish","Reactor"
"202754","Glasslined Pfaudler E Batch Type Body Only Reactor - IPP# 202754","https://ims.internationalprocessplants.com/inventory/equipment/detail/202754","24","Yes","Glasslined","Dish","9,050 L (2,400 gallons)","","Used","54,600 mm (2,150 in)","","","","Glass Lined","","12 bar (174 psi)","200 °C (392 °F)","Carbon Steel","6 bar (87 psi)","200 °C (392 °F)","Standard","Pfaudler","","Glasslined","E","- Openings: - Top: main cover dia. 1.060 mm, (4) DN100, (2) DN150, (1) DN250; (1) DN200 bottom outlet - Jacket: side wall (4) DN50, (2) DN80, (2) DN50 bottom","Vertical","","","88,900 mm (3,500 in)","Batch Type Body Only","Legs","Glasslined","Dish","Reactor"
"203046","Glasslined DeDietrich SA Batch Type Body Only Reactor - IPP# 203046","https://ims.internationalprocessplants.com/inventory/equipment/detail/203046","26","Yes","Glasslined","Dish","3,800 L (1,000 gallons)","","Used","1,600 mm (63 in)","","","","Glass Lined","Yes","6.9 bar (100 psi)","260 °C (500 °F)","Carbon Steel","6.2 bar (90 psi)","260 °C (500 °F)","Standard","DeDietrich","Yes","Glasslined","SA","- Nozzle schedule: - 4" raised nozzle with sight glass and manway assist - 14 x 18 manway - 30" main cover - (2) 3" nozzles - (7) 4" drive nozzles - (4)" nozzles - (1) 8" baffle nozzle","Vertical","","","1,800 mm (70.8 in)","Batch Type Body Only","Lugs","Glasslined","Dish","Reactor"
"204127","Glasslined DeDietrich Batch Type Body Only Reactor - IPP# 204127","https://ims.internationalprocessplants.com/inventory/equipment/detail/204127","22","Yes","Glasslined","Dish","7,700 L (2,050 gallons)","","Needs Reglass","2,200 mm (86.6 in)","","","","Glass Lined","Yes","6 bar (87 psi)","","","6 bar (87 psi)","120 °C (248 °F)","Standard","DeDietrich","Yes","Glasslined","","Openings 500mm man way (without cover), Top 5X150mm, 1X250mm, jacket 3X60mm 1X80mm 2X100mm; Bottom Outlet 1X150mm.","","","","3,600 mm (141.7 in)","Batch Type Body Only","Ring","Glasslined","Dish","Reactor"
"204128","Glasslined Schwelmer Eisenwerke Batch Type Body Only Reactor - IPP# 204128","https://ims.internationalprocessplants.com/inventory/equipment/detail/204128","23","Yes","Glasslined","Dish","2,000 L (533 gallons)","","Used","1,900 mm (74.8 in)","","","","Glass Lined","Yes","6 bar (87 psi)","","Carbon Steel","6 bar (87 psi)","","Standard","Schwelmer Eisenwerke","Yes","Glasslined","","Openings: top - manway 450mm x 350mm, main cover 850mm, 2-200mm 3-100mm; Jacket 3-50mm; Bottom - outlet 1-100mm.","Vertical","","","1,000 mm (39.4 in)","Batch Type Body Only","Ring","Glasslined","Dish","Reactor"
"205832","Glasslined Pfaudler KA Batch Type Body Only Reactor - IPP# 205832","https://ims.internationalprocessplants.com/inventory/equipment/detail/205832","27","Yes","Glasslined","Dish","7,550 L (2,000 gallons)","","Used","2,000 mm (78 in)","","","","Glass Lined","Yes","6.9 bar (100 psi)","232.2 °C (450 °F)","Carbon Steel","6.9 bar (100 psi)","232.2 °C (450 °F)","Standard","Pfaudler","","Glasslined","KA","- Top head openings: 18", (2) 8", (1) 6", (5) 4", (1) 4 & 3/8" drive nozzle with bosses - Bottom outlet: (1) 4" center bottom outlet","Vertical","Yes","Yes","2,200 mm (87 in)","Batch Type Body Only","Lugs","Glasslined","Dish","Reactor"
"209304","Glasslined DeDietrich SA Batch-Type Agitated Reactor - IPP# 209304","https://ims.internationalprocessplants.com/inventory/equipment/detail/209304","28","Yes","Glasslined","Dish","3,800 L (1,000 gallons)","","Re-glassed","1,600 mm (63 in)","Very Clean (VC)","Full Fire Polish (FF)","","Glass Lined","Yes","6.9 bar (100 psi)","260 °C (500 °F)","Carbon Steel","6.2 bar (90 psi)","260 °C (500 °F)","Standard","DeDietrich","Yes","Glasslined","SA","- Top openings: (1) 14" x 18" manway with sight glass and manway assist on cover, (2) 2" in great cover, (4) 4"","Vertical","","","1,850 mm (72 in)","Batch Type Body Only","Legs","Glasslined","Dish","Reactor"
"209321","Glasslined Pfaudler RA Batch Type Body Only Reactor - IPP# 209321","https://ims.internationalprocessplants.com/inventory/equipment/detail/209321","24","Yes","Glasslined","Dish","2,850 L (750 gallons)","","Re-glassed","1,500 mm (60 in)","","","","Glass Lined","Yes","6.9 bar (100 psi)","232.2 °C (450 °F)","","6.2 bar (90 psi)","232.2 °C (450 °F)","Standard","Pfaudler","","Glasslined","RA","- Top openings: (1) 30&#x201D; Great cover opening, (1) 8&#x201D;, (4) 4&#x201D;","Vertical","","","1,300 mm (52 in)","Batch Type Body Only","Legs","Glasslined","Dish","Reactor"
"209998","Glasslined Pfaudler B-500-LL (special) Batch Type Body Only Reactor - IPP# 209998","https://ims.internationalprocessplants.com/inventory/equipment/detail/209998","22","Yes","Glasslined","Dish","1,900 L (499.8 gallons)","","Used","1,500 mm (60 in)","","","","Glass Lined","","2.8 bar (40 psi)","","Carbon Steel","10.3 bar (150 psi)","","Standard","Pfaudler","","Glasslined","B-500-LL (special)","- Openings: Top - 1-6", 5-4"; Jacket - 2-2" (side)","Vertical","","","1,150 mm (45 in)","Batch Type Body Only","Legs","Glasslined","Dish","Reactor"
"211533","Glasslined Pfaudler E 12500 Batch Type Body Only Reactor - IPP# 211533","https://ims.internationalprocessplants.com/inventory/equipment/detail/211533","25","Yes","Glasslined","Dish","13,350 L (3,500 gallons)","","Used","2,400 mm (94.5 in)","","","","Glass Lined","Yes","6 bar (87 psi)","200 °C (392 °F)","","6.9 bar (100.1 psi)","200 °C (392 °F)","Standard","Pfaudler","Yes","Glasslined","E 12500","Openings Top 1-500mm manway with sight glass in cover, mounted on a swing davit, 1-300mm, 3-150mm, 3-125mm, 2-100mm; 1-50mm (jacket), Bottom 1-150mm, 1-50mm (jacket).","Vertical","","","3,500 mm (137.8 in)","Batch Type Body Only","Lugs","Glasslined","Dish","Reactor"
"212456","Stainless Steel 316 Clad Batch-Type Agitated Reactor - IPP# 212456","https://ims.internationalprocessplants.com/inventory/equipment/detail/212456","22","Yes","Stainless Steel 316","Dish","29,800 L (7,850 gallons)","Yes","Used","3,000 mm (118.1 in)","","","","","","12.5 bar (181.3 psi)","80 °C (176 °F)","Carbon Steel","3.9 bar (56.6 psi)","100 °C (212 °F)","Standard","","Yes","Stainless Steel 316","","","Vertical","","","3,250 mm (128 in)","Batch Type Body Only","Lugs","Stainless Steel 316","Dish","Reactor"
"213107","Glasslined DeDietrich SA Batch Type Body Only Reactor - IPP# 213107","https://ims.internationalprocessplants.com/inventory/equipment/detail/213107","27","Yes","Glasslined","Dish","2,850 L (750 gallons)","","Re-glassed","1,600 mm (63 in)","Very Clean (VC)","Full Fire Polish (FF)","","Glass Lined","Yes","6.9 bar (100 psi)","260 °C (500 °F)","Carbon Steel","6.2 bar (90 psi)","260 °C (500 °F)","Standard","DeDietrich","","Glasslined","SA","Openings include: Top - 30" Great opening with cover, (1) 14" x 18" manway with sight glass, (1) 8", (4) 4"; 4" bottom outlet.","Vertical","","","1,300 mm (52 in)","Batch Type Body Only","Legs","Glasslined","Dish","Reactor"
"213323","Glasslined Pfaudler RA Batch Type Body Only Reactor - IPP# 213323","https://ims.internationalprocessplants.com/inventory/equipment/detail/213323","26","Yes","Glasslined","Dish","7,550 L (2,000 gallons)","","Used","2,000 mm (78 in)","","","","Glass Lined","Yes","6.9 bar (100 psi)","176.7 °C (350 °F)","Carbon Steel","6.9 bar (100 psi)","343.3 °C (650 °F)","Standard","Pfaudler","Yes","Glasslined","RA","Openings include: Top - (1) 18" manway with cover, (4) 4", (2) 8", (2) 6"; bottom (1) 4" outlet.","Vertical","","","2,050 mm (80 in)","Batch Type Body Only","Lugs","Glasslined","Dish","Reactor"
"213492","Glasslined Pfaudler RA Batch Type Body Only Reactor - IPP# 213492","https://ims.internationalprocessplants.com/inventory/equipment/detail/213492","27","Yes","Glasslined","Dish","1,900 L (500 gallons)","","Re-glassed","1,200 mm (48 in)","Very Clean (VC)","Full Fire Polish (FF)","","Glass Lined","Yes","6.9 bar (100 psi)","232.2 °C (450 °F)","Carbon Steel","6.9 bar (100 psi)","176.7 °C (350 °F)","Standard","Pfaudler","","Glasslined","RA","one 24" main, one 6"Two 4" and two 3" nozzles","Vertical","","","1,500 mm (58.5 in)","Batch Type Body Only","Legs","Glasslined","Dish","Reactor"
"213873","Glasslined Pfaudler RA Batch Type Body Only Reactor - IPP# 213873","https://ims.internationalprocessplants.com/inventory/equipment/detail/213873","26","Yes","Glasslined","Dish","3,800 L (1,000 gallons)","","Re-glassed","1,500 mm (60 in)","","","","Glass Lined","Yes","6.9 bar (100 psi)","232.2 °C (450 °F)","Carbon Steel","6.2 bar (90 psi)","176.7 °C (350 °F)","Standard","Pfaudler","Yes","Glasslined","RA","30" main cover with 14" x18" man way and pro ring, One 8" nozzle, four 4" nozzles, two 2" nozzles on main cover, one 4" bottom nozzle.","Vertical","","","1,750 mm (68 in)","Batch Type Body Only","Legs","Glasslined","Dish","Reactor"
"217643","Glasslined Pfaudler E-2000 Batch Type Body Only Reactor - IPP# 217643","https://ims.internationalprocessplants.com/inventory/equipment/detail/217643","24","Yes","Glasslined","Dish","2,150 L (572 gallons)","","Used","1,400 mm (55.1 in)","","","","Glass Lined","Yes","6 bar (87 psi)","200 °C (392 °F)","","6 bar (87 psi)","200 °C (392 °F)","Standard","Pfaudler","","Glasslined","E-2000","openings top: 1-770mm (for grate cover), 1-200mm, 5-100mm, 1-80mm, straight side: 3-50mm (jacket), bottom: 1-100mm, 2-50mm (jacket)","Vertical","","","1,450 mm (56.5 in)","Batch Type Body Only","Lugs","Glasslined","Dish","Reactor"
"218618","Glasslined Pfaudler RA Batch Type Body Only Reactor - IPP# 218618","https://ims.internationalprocessplants.com/inventory/equipment/detail/218618","26","Yes","Glasslined","Dish","3,800 L (1,000 gallons)","","Re-glassed","","Very Clean (VC)","Full Fire Polish (FF)","","Glass Lined","Yes","6.9 bar (100 psi)","343.3 °C (650 °F)","Carbon Steel","6.2 bar (90 psi)","176.7 °C (350 °F)","Standard","Pfaudler","Yes","Glasslined","RA","Openings include: Top - 30" great cover with (2) 2", and (1) 14" x 18" maway with sight glass in cover, manway assist, (4) 4", (1) 8"; Bottom (1) 4" offset.","Vertical","","","","Batch Type Body Only","Legs","Glasslined","Dish","Reactor"
"222201","Glasslined DeDietrich CTJ Batch Type Body Only Reactor - IPP# 222201","https://ims.internationalprocessplants.com/inventory/equipment/detail/222201","21","Yes","Glasslined","Dish","75.7 L (20 gallons)","","Used","406.4 mm (16 in)","","","","Glass Lined","Yes","0.55 bar (8 psi)","200 °C (392 °F)","Carbon Steel","6 bar (87 psi)","200 °C (392 °F)","Standard","DeDietrich","","Glasslined","CTJ","","Vertical","","","406.4 mm (16 in)","Batch Type Body Only","","","","Reactor"
"222316","Glasslined Pfaudler EL series Batch Type Body Only Reactor - IPP# 222316","https://ims.internationalprocessplants.com/inventory/equipment/detail/222316","25","Yes","Glasslined","Dish","1,900 L (500 gallons)","","Re-glassed","1,350 mm (54 in)","Very Clean (VC)","Full Fire Polish (FF)","","Glass Lined","Yes","3.4 bar (50 psi)","176.7 °C (350 °F)","Carbon Steel","6.2 bar (90 psi)","176.7 °C (350 °F)","Standard","Pfaudler","","Glasslined","EL series","One 3" CBO","Vertical","","","1,500 mm (59 in)","Batch Type Body Only","Legs","","","Reactor"
"222571","Glasslined Pfaudler EL Batch Type Body Only Reactor - IPP# 222571","https://ims.internationalprocessplants.com/inventory/equipment/detail/222571","26","Yes","Glasslined","Dish","1,900 L (500 gallons)","","Re-glassed","1,200 mm (48 in)","Very Clean (VC)","Full Fire Polish (FF)","","Glass Lined","Yes","5.2 bar (75 psi)","232.2 °C (450 °F)","","6.2 bar (90 psi)","176.7 °C (350 °F)","Standard","Pfaudler","Yes","Glasslined","EL","Openings: (1) 4" center, (3) 4", (1) 8", (1) 12" x 16" manway with cover Outlet: 4" center bottom","","","","1,750 mm (68 in)","Batch Type Body Only","Lugs","Glasslined","Dish","Reactor"
"225338","Glasslined Pfaudler P Batch Type Body Only Reactor - IPP# 225338","https://ims.internationalprocessplants.com/inventory/equipment/detail/225338","27","Yes","Glasslined","Dish","37.9 L (10 gallons)","","Re-glassed","355.6 mm (14 in)","Very Clean (VC)","Full Fire Polish (FF)","","Glass Lined","Yes","10.3 bar (150 psi)","232.2 °C (450 °F)","Carbon Steel","8.3 bar (120 psi)","232.2 °C (450 °F)","Standard","Pfaudler","","Glasslined","P","Openings include: Top - (3) 2"; bottom (1) 2".","Vertical","","","304.8 mm (12 in)","Batch Type Body Only","Legs","Glasslined","Dish","Reactor"
"225357","Glasslined Pfaudler ELL Batch Type Body Only Reactor - IPP# 225357","https://ims.internationalprocessplants.com/inventory/equipment/detail/225357","28","Yes","Glasslined","Dish","1,900 L (500 gallons)","","Re-glassed","1,500 mm (60 in)","Very Clean (VC)","Full Fire Polish (FF)","","Glass Lined","Yes","6.9 bar (100 psi)","176.7 °C (350 °F)","Carbon Steel","8.3 bar (120 psi)","176.7 °C (350 °F)","Standard","Pfaudler","Yes","Glasslined","ELL","Openings include3: Top - (1) 12" x 16" manway with sight glass and manway assit on cover, (2) 6", (2) 4", (2) 3"; Bottom (1) 3" center bottom outlet","Vertical","","","914 mm (36 in)","Batch Type Body Only","Legs","Glasslined","Dish","Reactor"
"225484","Glasslined Pfaudler P Batch Type Body Only Reactor - IPP# 225484","https://ims.internationalprocessplants.com/inventory/equipment/detail/225484","27","Yes","Glasslined","Dish","37.9 L (10 gallons)","","Re-glassed","355.6 mm (14 in)","Very Clean (VC)","Full Fire Polish (FF)","","Glass Lined","Yes","10.3 bar (150 psi)","232.2 °C (450 °F)","Carbon Steel","8.3 bar (120 psi)","176.7 °C (350 °F)","Standard","Pfaudler","","Glasslined","P","Openings include: agitator (1) 1" nozzle, Baffle (1) " nozzle, inlet (3) 2 " nozzle, outlet (1)2" nozzle, jacket connection (1) 1 1/2 nozzles, 3 bosses","Vertical","","","304.8 mm (12 in)","Batch Type Body Only","Legs","Glasslined","Dish","Reactor"
"226510","Glasslined Ceramic Coatings Batch Type Body Only Reactor - IPP# 226510","https://ims.internationalprocessplants.com/inventory/equipment/detail/226510","25","Yes","Glasslined","Dish","75.7 L (20 gallons)","","Re-glassed","508 mm (20 in)","Very Clean (VC)","Full Fire Polish (FF)","","Glass Lined","Yes","1.72 bar (25 psi)","232.2 °C (450 °F)","Carbon Steel","8.3 bar (120 psi)","232.2 °C (450 °F)","Standard","Ceramic Coatings","","Glasslined","","","Vertical","","","476.3 mm (18.8 in)","Batch Type Body Only","Legs","Glasslined","Dish","Reactor"
"226616","Glasslined DeDietrich CSA Batch Type Body Only Reactor - IPP# 226616","https://ims.internationalprocessplants.com/inventory/equipment/detail/226616","26","Yes","Glasslined","Dish","15,150 L (4,000 gallons)","","Needs Reglass","2,450 mm (96 in)","","","Yes","Glass Lined","Yes","6.9 bar (100 psi)","260 °C (500 °F)","Carbon Steel","31 bar (450 psi)","260 °C (500 °F)","Half Pipe/Limpet","DeDietrich","","Glasslined","CSA","36" main cover, 18" man way,6" drive, two 8", two 6", four 4".","Vertical","","","4,000 mm (157 in)","Batch Type Body Only","Lugs","Glasslined","Dish","Reactor"
"228168","Glasslined DeDietrich Batch-Type Agitated Reactor - IPP# 228168","https://ims.internationalprocessplants.com/inventory/equipment/detail/228168","19","","","Dish","3,800 L (1,000 gallons)","","Used","1,700 mm (66 in)","","","","","Yes","3.4 bar (50 psi)","204.4 °C (400 °F)","Carbon Steel","4.5 bar (65 psi)","204.4 °C (400 °F)","","DeDietrich","","Glasslined","","- Opening: One opening for a 24" cover - Inlet nozzles: One 8", five 5", and five 4"","Vertical","","","1,600 mm (63.8 in)","Batch Type Body Only","Lugs","","Dish","Reactor"
"232071","Glasslined Pfaudler RA Batch Type Body Only Reactor - IPP# 232071","https://ims.internationalprocessplants.com/inventory/equipment/detail/232071","26","Yes","Glasslined","Dish","15,150 L (4,000 gallons)","","Needs Reglass","2,450 mm (96 in)","Dirty (D) (light cleaning needed)","Full Fire Polish (FF)","","Glass Lined","Yes","6.9 bar (100 psi)","232.2 °C (450 °F)","","6.2 bar (90 psi)","232.2 °C (450 °F)","Standard","Pfaudler","","Glasslined","RA","18" pro-ring - Top head schedule: Four 4", Two 6", Two 8", and one 6" center drive.","Vertical","","","2,950 mm (116 in)","Batch Type Body Only","Legs","Glasslined","Dish","Reactor"
"232078","Glasslined Pfaudler RA Batch-Type Agitated Reactor - IPP# 232078","https://ims.internationalprocessplants.com/inventory/equipment/detail/232078","20","","","Dish","15,150 L (4,000 gallons)","","Needs Reglass","2,650 mm (104 in)","","","","","Yes","6.9 bar (100 psi)","232.2 °C (450 °F)","","6.2 bar (90 psi)","232.2 °C (450 °F)","","Pfaudler","Yes","Glasslined","RA","Top head nozzle schedule two 8", two 6", four 4", one 6" drive nozzle. One 4" center bottom nozzle.","Vertical","","","2,900 mm (114 in)","Batch Type Body Only","Legs","","Dish","Reactor"
"232520","Glasslined DeDietrich SA Batch Type Body Only Reactor - IPP# 232520","https://ims.internationalprocessplants.com/inventory/equipment/detail/232520","26","Yes","Glasslined","Dish","15,150 L (4,000 gallons)","","Needs Reglass","2,450 mm (96 in)","Clean (C)","Some Fire Polish (F)","","Glass Lined","Yes","6.9 bar (100 psi)","260 °C (500 °F)","","6.2 bar (90 psi)","260 °C (500 °F)","","DeDietrich","Yes","Glasslined","SA","18" Man way with sight glass, 36" great Cover, One 8" nozzle, two 6" nozzles, four 4" nozzles.","Vertical","","","2,750 mm (108 in)","Batch Type Body Only","Lugs","Glasslined","Dish","Reactor"
"232527","Glasslined DeDietrich SA Batch Type Body Only Reactor - IPP# 232527","https://ims.internationalprocessplants.com/inventory/equipment/detail/232527","27","Yes","Glasslined","Dish","30,300 L (8,000 gallons)","","Needs Reglass","3,050 mm (120 in)","Dirty (D) (light cleaning needed)","Some Fire Polish (F)","","Glass Lined","Yes","6.9 bar (100 psi)","260 °C (500 °F)","","6.2 bar (90 psi)","260 °C (500 °F)","Standard","DeDietrich","Yes","Glasslined","SA","42" Mian cover, 24" manway, Teflon pro ring. (1) 16" , (1) 12", (5) 4", (1) 4 " side nozzle, (1)4" protection sleeve in nozzle, (1) 6" Tantalum inside/outside sleeve.","Vertical","","","3,650 mm (143 in)","Batch Type Body Only","Lugs","Glasslined","Dish","Reactor"
"232596","Glasslined Pfaudler EL series Batch Type Body Only Reactor - IPP# 232596","https://ims.internationalprocessplants.com/inventory/equipment/detail/232596","28","Yes","Glasslined","Dish","1,900 L (500 gallons)","","Re-glassed","1,200 mm (48 in)","Very Clean (VC)","Full Fire Polish (FF)","","Glass Lined","Yes","1.72 bar (25 psi)","232.2 °C (450 °F)","Carbon Steel","6.2 bar (90 psi)","176.7 °C (350 °F)","Standard","Pfaudler","Yes","Glasslined","EL series","Top head nozzles one 12" x 16" man way cover with sight glass assembly, one 4 & 3/8" drive nozzle with four mounting bosses, one 8" nozzle, and three 4" nozzles. One 3" bottom drain.","Vertical","","","1,950 mm (77 in)","Batch Type Body Only","Legs","Glasslined","Dish","Reactor"
"233272","Glasslined Pfaudler KC60-1000-100-90 Batch Type Body Only Reactor - IPP# 233272","https://ims.internationalprocessplants.com/inventory/equipment/detail/233272","25","Yes","Carbon Steel","Dish","3,800 L (1,000 gallons)","","Re-glassed","1,500 mm (60 in)","","","","Glass Lined","Yes","6.9 bar (100 psi)","232.2 °C (450 °F)","Carbon Steel","6.2 bar (90 psi)","232.2 °C (450 °F)","Standard","Pfaudler","Yes","Glasslined","KC60-1000-100-90","(1x) 18in clamped manway, (1x) 4in bottom outlet,","Vertical","","","1,850 mm (72 in)","Batch Type Body Only","","Carbon Steel","Dish","Reactor"
"233275","Glasslined EHW Thale Batch Type Body Only Reactor - IPP# 233275","https://ims.internationalprocessplants.com/inventory/equipment/detail/233275","24","Yes","Glasslined","Dish","5,700 L (1,500 gallons)","","Re-glassed","2,000 mm (78 in)","","","","Glass Lined","Yes","6.9 bar (100 psi)","232.2 °C (450 °F)","Carbon Steel","6.2 bar (90 psi)","232.2 °C (450 °F)","Standard","EHW Thale","","Glasslined","","18" man way 7" agitator, one 8", one 6" three 4" nozzles","Vertical","","","1,500 mm (60 in)","Batch Type Body Only","Legs","Glasslined","Dish","Reactor"
"233737","Glasslined Pfaudler EM Series Batch Type Body Only Reactor - IPP# 233737","https://ims.internationalprocessplants.com/inventory/equipment/detail/233737","24","Yes","Glasslined","Dish","757 L (200 gallons)","","Re-glassed","1,100 mm (44 in)","Very Clean (VC)","Full Fire Polish (FF)","","Glass Lined","Yes","1.72 bar (25 psi)","176.7 °C (350 °F)","Carbon Steel","6.2 bar (90 psi)","176.7 °C (350 °F)","Standard","Pfaudler","","Glasslined","EM Series","","Vertical","","","584 mm (23 in)","Batch Type Body Only","Legs","","","Reactor"
"233739","Glasslined Pfaudler P Batch Type Body Only Reactor - IPP# 233739","https://ims.internationalprocessplants.com/inventory/equipment/detail/233739","24","Yes","Glasslined","Dish","37.9 L (10 gallons)","","Re-glassed","355.6 mm (14 in)","Very Clean (VC)","Full Fire Polish (FF)","","Glass Lined","","","","Carbon Steel","6.6 bar (95 psi)","176.7 °C (350 °F)","Standard","Pfaudler","","Glasslined","P","Nozzle schdule : (3) 1 1/2" nozzle, (1) 2: bottom nozzle, (1) 2" center nozzle","Vertical","","","419.1 mm (16.5 in)","Batch Type Body Only","Legs","Glasslined","Dish","Reactor"
"233741","Hastelloy - Other Batch-Type Reactor Body - IPP# 233741","https://ims.internationalprocessplants.com/inventory/equipment/detail/233741","20","Yes","","Dish","3,600 L (950 gallons)","","Used","1,350 mm (53 in)","","","","Normal Polish","Yes","10.3 bar (150 psi)","204.4 °C (400 °F)","Carbon Steel","10.3 bar (150 psi)","204.4 °C (400 °F)","Half Pipe/Limpet","","","Hastelloy - Other","","","Vertical","","","2,050 mm (81 in)","Batch Type Body Only","Lugs","","Dish","Reactor"
"234102","Glasslined DeDietrich CE Batch Type Body Only Reactor - IPP# 234102","https://ims.internationalprocessplants.com/inventory/equipment/detail/234102","24","Yes","Glasslined","Dish","3,250 L (855 gallons)","","Used","1,600 mm (63 in)","","","","Glass Lined","Yes","6 bar (87 psi)","200 °C (392 °F)","Carbon Steel","6 bar (87 psi)","200 °C (392 °F)","Standard","DeDietrich","","Glasslined","CE","","Vertical","","","2,050 mm (81.1 in)","Batch Type Body Only","Legs","Glasslined","Dish","Reactor"
"234264","Glasslined DeDietrich Batch Type Body Only Reactor - IPP# 234264","https://ims.internationalprocessplants.com/inventory/equipment/detail/234264","18","Yes","","Dish","3,000 L (793 gallons)","","Used","","","","","Glass Lined","Yes","6 bar (87 psi)","200 °C (392 °F)","Carbon Steel","20 bar (290.1 psi)","220 °C (428 °F)","Standard","DeDietrich","","Glasslined","","","Vertical","","","","Batch Type Body Only","","","Dish","Reactor"
"234936","Glasslined Batch-Type Reactor Body - IPP# 234936","https://ims.internationalprocessplants.com/inventory/equipment/detail/234936","26","Yes","","Dish","1,900 L (500 gallons)","","Re-glassed","1,350 mm (54 in)","Very Clean (VC)","Full Fire Polish (FF)","","Glass Lined","Yes","6.9 bar (100 psi)","232.2 °C (450 °F)","Carbon Steel","6.2 bar (90 psi)","232.2 °C (450 °F)","Standard","Pfaudler","Yes","Glasslined","RA","One 24" man way, one 6" nozzle, two 4" nozzles, two 3" nozzles.","Vertical","","","1,550 mm (61 in)","Batch Type Body Only","Legs","","Dish","Reactor"
"234937","Glasslined  Batch-Type Agitated Reactor - IPP# 234937","https://ims.internationalprocessplants.com/inventory/equipment/detail/234937","25","Yes","Glasslined","Dish","1,150 L (300 gallons)","","Re-glassed","1,200 mm (48 in)","Very Clean (VC)","Full Fire Polish (FF)","","Glass Lined","Yes","6.9 bar (100 psi)","176.7 °C (350 °F)","Carbon Steel","6.9 bar (100 psi)","176.7 °C (350 °F)","Standard","","","Glasslined","","One 24", One 6"two 4", two 3"","Vertical","","","838 mm (33 in)","Batch Type Body Only","Legs","Glasslined","Dish","Reactor"
"235279","Glasslined Pfaudler RS Batch Type Body Only Reactor - IPP# 235279","https://ims.internationalprocessplants.com/inventory/equipment/detail/235279","28","Yes","Glasslined","Dish","7,550 L (2,000 gallons)","","Re-glassed","2,000 mm (78 in)","Very Clean (VC)","Full Fire Polish (FF)","","Glass Lined","Yes","6.9 bar (100 psi)","232.2 °C (450 °F)","Carbon Steel","6.2 bar (90 psi)","242.2 °C (468 °F)","Standard","Pfaudler","Yes","Glasslined","RS","One 18" man way nozzle, two 8" nozzles, one 4 3/8" drive nozzle, Six 4" nozzles, two 3" nozzles-Jacket, eight 2" nozzles-Jacket, two 1/2" nozzles.","Vertical","","","2,050 mm (80 in)","Batch Type Body Only","Lugs","Glasslined","Dish","Reactor"
"235532","Glasslined Pfaudler RA Batch Type Body Only Reactor - IPP# 235532","https://ims.internationalprocessplants.com/inventory/equipment/detail/235532","26","Yes","Glasslined","Dish","22,700 L (6,000 gallons)","","Used","2,750 mm (108 in)","","","","Glass Lined","Yes","6.9 bar (100 psi)","232.2 °C (450 °F)","Carbon Steel","6.2 bar (90 psi)","232.2 °C (450 °F)","Standard","Pfaudler","Yes","Glasslined","RA","- Top openings: - (1) 42" main opening - (1) 18" manway opening - (2) 12" - (2) 10" - (2) 6" - (4) 4". Bottom: (1) 6" outlet","Vertical","","","3,300 mm (130 in)","Batch Type Body Only","Legs","Glasslined","Dish","Reactor"
"235740","Glasslined Pfaudler K Batch Type Body Only Reactor - IPP# 235740","https://ims.internationalprocessplants.com/inventory/equipment/detail/235740","25","Yes","Glasslined","Dish","15,150 L (4,000 gallons)","","Used","2,450 mm (96 in)","","","","Glass Lined","Yes","6.9 bar (100 psi)","232.2 °C (450 °F)","Carbon Steel","6.2 bar (90 psi)","232.2 °C (450 °F)","Standard","Pfaudler","","Glasslined","K","- Top openings: 2-12", 6-4", 1-6", 1-8", 1-24", 1-8" center for agitator w/(6) bosses","Vertical","","","2,750 mm (109 in)","Batch Type Body Only","Legs","Glasslined","Dish","Reactor"
"235962","Glasslined Batch-Type Reactor Body - IPP# 235962","https://ims.internationalprocessplants.com/inventory/equipment/detail/235962","27","Yes","Glasslined","Dish","1,150 L (300 gallons)","","Re-glassed","1,200 mm (48 in)","Very Clean (VC)","Full Fire Polish (FF)","","Glass Lined","Yes","6.9 bar (100 psi)","204.4 °C (400 °F)","Carbon Steel","6.9 bar (100 psi)","204.4 °C (400 °F)","Standard","DeDietrich","","Glasslined","SA Series","- Openings: One 24" main cover opening, Three 6" nozzles, Two 3" nozzles, one 3" CBO.","Vertical","","","838 mm (33 in)","Batch Type Body Only","Legs","Glasslined","Dish","Reactor"
"235963","Glasslined DeDietrich SA Batch Type Body Only Reactor - IPP# 235963","https://ims.internationalprocessplants.com/inventory/equipment/detail/235963","25","Yes","Glasslined","Dish","7,550 L (2,000 gallons)","","Needs Reglass","2,100 mm (82 in)","","","","Glass Lined","Yes","6.9 bar (100 psi)","260 °C (500 °F)","Carbon Steel","6.2 bar (90 psi)","260 °C (500 °F)","Standard","DeDietrich","","Glasslined","SA","- Openings: One 30" main cover opening, two 8" nozzles, two 6' nozzles, three 4" nozzles, one 3" CBO, 14 x 18 manhole.","Vertical","","","2,200 mm (86 in)","Batch Type Body Only","Legs","Glasslined","Dish","Reactor"
"23785","Glasslined Pfaudler EL Batch Type Body Only Reactor - IPP# 23785","https://ims.internationalprocessplants.com/inventory/equipment/detail/23785","23","Yes","Glasslined","Dish","757 L (200 gallons)","","Re-glassed","1,200 mm (48 in)","Very Clean (VC)","Full Fire Polish (FF)","","Glass Lined","","0.14 bar (2 psi)","176.7 °C (350 °F)","Carbon Steel","6.2 bar (90 psi)","176.7 °C (350 °F)","Standard","Pfaudler","","Glasslined","EL","","Vertical","","","889 mm (35 in)","Batch Type Body Only","Sockets for pipe legs","","","Reactor"
"238184","Unused Reactor Glasslined Pfaudler KC Batch Type **Body Only** Can be equipped with Agitation System - IPP# 238184","https://ims.internationalprocessplants.com/inventory/equipment/detail/238184","23","Yes","Glasslined","Dish","18,950 L (5,000 gallons)","","Unused","2,750 mm (108 in)","","","","Glass Lined","Yes","6.2 bar (90 psi)","204.4 °C (400 °F)","","8.6 bar (125 psi)","204.4 °C (400 °F)","Standard","Pfaudler","","Glasslined","KC","Opening (1) 24" main cover . Nozzle Schdule : (3) 8" , (1) 8" drive nozzle, (3) 6", (3) 4" , (1) 6" bottom head nozzle.","","","","4,550 mm (179 in)","Batch Type Body Only","Legs","Glasslined","Dish","Reactor"
"238185","Unused Glasslined Pfaudler KC Batch-Type Agitated Reactor - IPP# 238185","https://ims.internationalprocessplants.com/inventory/equipment/detail/238185","16","Yes","","","18,950 L (5,000 gallons)","","Unused","2,750 mm (108 in)","","","","","Yes","6.2 bar (90 psi)","204.4 °C (400 °F)","","8.6 bar (125 psi)","204.4 °C (400 °F)","","Pfaudler","","Glasslined","KC","","","","","4,550 mm (179 in)","Batch Type Body Only","Lugs","","","Reactor"
"238291","Unused Glasslined Pfaudler RS Batch Type Body Only Reactor - IPP# 238291","https://ims.internationalprocessplants.com/inventory/equipment/detail/238291","27","Yes","Glasslined","Dish","7,550 L (2,000 gallons)","","Unused","2,000 mm (78 in)","Very Clean (VC)","Full Fire Polish (FF)","","Glass Lined","Yes","10.3 bar (150 psi)","232.2 °C (450 °F)","Carbon Steel","10.3 bar (150 psi)","204.4 °C (400 °F)","Standard","Pfaudler","","Glasslined","RS","24" manway opening less cover, Three 10", one 6", Nine 4"","Vertical","","","2,050 mm (80 in)","Batch Type Body Only","Lugs","Glasslined","Dish","Reactor"
"238292","Unused Glasslined Pfaudler RS Batch Type Body Only Reactor - IPP# 238292","https://ims.internationalprocessplants.com/inventory/equipment/detail/238292","27","Yes","Glasslined","Dish","7,550 L (2,000 gallons)","","Unused","2,000 mm (78 in)","Very Clean (VC)","Full Fire Polish (FF)","","Glass Lined","Yes","10.3 bar (150 psi)","232.2 °C (450 °F)","Carbon Steel","10.3 bar (150 psi)","204.4 °C (400 °F)","Standard","Pfaudler","","Glasslined","RS","24" manway opening less cover, Three 10", one 6", Nine 4"","Vertical","","","2,050 mm (80 in)","Batch Type Body Only","Lugs","Glasslined","Dish","Reactor"
"238293","Unused Glasslined Pfaudler RS Batch Type Body Only Reactor - IPP# 238293","https://ims.internationalprocessplants.com/inventory/equipment/detail/238293","27","Yes","Glasslined","Dish","11,350 L (3,000 gallons)","","Unused","2,450 mm (96 in)","Very Clean (VC)","Full Fire Polish (FF)","","Glass Lined","Yes","10.3 bar (150 psi)","232.2 °C (450 °F)","Carbon Steel","10.3 bar (150 psi)","232.2 °C (450 °F)","Standard","Pfaudler","","Glasslined","RS","24" manway opening ,One 12', two 10" Two 6", nine 4", one 3"","Vertical","","","1,850 mm (73 in)","Batch Type Body Only","Legs","Glasslined","Dish","Reactor"
"238294","Unused Glasslined Pfaudler RS Batch Type Body Only Reactor - IPP# 238294","https://ims.internationalprocessplants.com/inventory/equipment/detail/238294","28","Yes","Glasslined","Dish","11,350 L (3,000 gallons)","","Unused","2,450 mm (96 in)","Very Clean (VC)","Full Fire Polish (FF)","","Glass Lined","Yes","10.3 bar (150 psi)","232.2 °C (450 °F)","Carbon Steel","10.3 bar (150 psi)","232.2 °C (450 °F)","Standard","Pfaudler","Yes","Glasslined","RS","24" manway opening ,One 12', two 10" Two 6", nine 4", one 3"","Vertical","","","1,850 mm (73 in)","Batch Type Body Only","Lugs","Glasslined","Dish","Reactor"
"238308","Glasslined DeDietrich SA Batch Type Body Only Reactor - IPP# 238308","https://ims.internationalprocessplants.com/inventory/equipment/detail/238308","27","Yes","Glasslined","Dish","2,850 L (750 gallons)","","Re-glassed","1,600 mm (63 in)","Very Clean (VC)","Full Fire Polish (FF)","","Glass Lined","Yes","6.9 bar (100 psi)","260 °C (500 °F)","Carbon Steel","6.2 bar (90 psi)","260 °C (500 °F)","Standard","DeDietrich","Yes","Glasslined","SA","","Vertical","","","1,350 mm (52.8 in)","Batch Type Body Only","Legs","Glasslined","Dish","Reactor"
"238310","Glasslined DeDietrich CTJ Batch Type Body Only Reactor - IPP# 238310","https://ims.internationalprocessplants.com/inventory/equipment/detail/238310","27","Yes","Glasslined","Dish","189.3 L (50 gallons)","","Re-glassed","889 mm (35 in)","Very Clean (VC)","Full Fire Polish (FF)","","Glass Lined","Yes","20.7 bar (300 psi)","204.4 °C (400 °F)","Carbon Steel","10.3 bar (150 psi)","204.4 °C (400 °F)","Standard","DeDietrich","","Glasslined","CTJ","Nozzle schedule : (3) 1 1/2" nozzle, (1) 3" nozzle, (1) 2" nozzle, (1) 4" nozzle, (1) 2" drive nozzle, (1) 2" bottom nozzle.","Vertical","","","737 mm (29 in)","Batch Type Body Only","Legs","Glasslined","Dish","Reactor"
"238315","Glasslined DeDietrich SA-1000 Batch Type Body Only Reactor - IPP# 238315","https://ims.internationalprocessplants.com/inventory/equipment/detail/238315","28","Yes","Glasslined","Dish","3,800 L (1,000 gallons)","","Re-glassed","1,600 mm (63 in)","Very Clean (VC)","Full Fire Polish (FF)","","Glass Lined","Yes","6.9 bar (100 psi)","204.4 °C (400 °F)","Carbon Steel","6.2 bar (90 psi)","204.4 °C (400 °F)","Standard","DeDietrich","Yes","Glasslined","SA-1000","30" Main cover with 4 3/8" drive and two 2" nozzles, 14" x 18 " man way, & pro ring, One 8" nozzlefour 4" nozzles.","Vertical","","","1,850 mm (72 in)","Batch Type Body Only","Legs","Glasslined","Dish","Reactor"
"238333","Glasslined Pfaudler RA Batch Type Body Only Reactor - IPP# 238333","https://ims.internationalprocessplants.com/inventory/equipment/detail/238333","27","Yes","Glasslined","Dish","3,800 L (1,000 gallons)","","Re-glassed","1,500 mm (60 in)","Very Clean (VC)","Full Fire Polish (FF)","","Glass Lined","Yes","6.9 bar (100 psi)","232.2 °C (450 °F)","Carbon Steel","6.2 bar (90 psi)","176.7 °C (350 °F)","Standard","Pfaudler","","Glasslined","RA","30" for GC, One 8", four 4" nozzles","Vertical","","","1,900 mm (74 in)","Batch Type Body Only","Legs","Glasslined","Dish","Reactor"
"238425","Batch Type Body Only Reactor - IPP# 238425","https://ims.internationalprocessplants.com/inventory/equipment/detail/238425","20","Yes","Glasslined","Dish","15,150 L (4,000 gallons)","","Needs Reglass","","","","","Glass Lined","Yes","6.9 bar (100 psi)","232.2 °C (450 °F)","Carbon Steel","6.2 bar (90 psi)","232.2 °C (450 °F)","Standard","Pfaudler","","Glasslined","","","Vertical","","","","Batch Type Body Only","","Glasslined","Dish","Reactor"
"238473","Glasslined Pfaudler RA Batch Type Body Only Reactor - IPP# 238473","https://ims.internationalprocessplants.com/inventory/equipment/detail/238473","28","Yes","Glasslined","Dish","1,900 L (500 gallons)","","Re-glassed","1,200 mm (48 in)","Very Clean (VC)","Full Fire Polish (FF)","","Glass Lined","Yes","6.9 bar (100 psi)","232.2 °C (450 °F)","Carbon Steel","10.3 bar (150 psi)","232.2 °C (450 °F)","Half Pipe/Limpet","Pfaudler","Yes","Glasslined","RA","One 24" man way, one 3" CBO, One 6" two 4", two 3", Four 3" ANSI flanged for jacket connections.","Vertical","","","1,350 mm (54 in)","Batch Type Body Only","Lugs","Glasslined","Dish","Reactor"
"238474","Glasslined Pfaudler RA Batch-Type Agitated Reactor - IPP# 238474","https://ims.internationalprocessplants.com/inventory/equipment/detail/238474","26","Yes","","Elliptical","3,800 L (1,000 gallons)","","Re-glassed","1,500 mm (60 in)","Very Clean (VC)","Full Fire Polish (FF)","","Glass Lined","Yes","6.9 bar (100 psi)","232.2 °C (450 °F)","Glasslined","10.3 bar (150 psi)","232.2 °C (450 °F)","Half Pipe/Limpet","Pfaudler","","Glasslined","RA","One 30" Main cover, One 8", five 4" nozzles(one is the drain)","Vertical","","","1,850 mm (73 in)","Batch Type Body Only","Lugs","Glasslined","Elliptical","Reactor"
"238475","Glasslined Pfaudler RT Batch Type Body Only Reactor - IPP# 238475","https://ims.internationalprocessplants.com/inventory/equipment/detail/238475","28","Yes","Glasslined","Dish","1,900 L (500 gallons)","","Re-glassed","1,500 mm (60 in)","Very Clean (VC)","Full Fire Polish (FF)","","Glass Lined","Yes","6.9 bar (100 psi)","232.2 °C (450 °F)","Carbon Steel","5.9 bar (85 psi)","176.7 °C (350 °F)","Standard","Pfaudler","Yes","Glasslined","RT","12" x 16" Man way, 4 3/8" drive nozzle with 4 bosses, one 8" one 6", one 4" and four 3" nozzles.","Vertical","","","1,300 mm (51.8 in)","Batch Type Body Only","Lugs","Glasslined","Dish","Reactor"
"238480","Glasslined Pfaudler RC Batch Type Body Only Reactor - IPP# 238480","https://ims.internationalprocessplants.com/inventory/equipment/detail/238480","28","Yes","Glasslined","Dish","1,900 L (500 gallons)","","Re-glassed","1,200 mm (48 in)","Very Clean (VC)","Full Fire Polish (FF)","","Glass Lined","Yes","6.9 bar (100 psi)","232.2 °C (450 °F)","Carbon Steel","6.9 bar (100 psi)","232.2 °C (450 °F)","Standard","Pfaudler","Yes","Glasslined","RC","Openings top: (1) 12" x 16" manway with 4" sight glass and Pro ring,, (1) 6" (2) 4" and (2) 3". (1) 3" x 2" bottom drain flush valve","Vertical","","","1,600 mm (63 in)","Batch Type Body Only","Legs","Glasslined","Dish","Reactor"
"238482","Glasslined Pfaudler RA Batch Type Body Only Reactor - IPP# 238482","https://ims.internationalprocessplants.com/inventory/equipment/detail/238482","26","Yes","Glasslined","Dish","3,800 L (1,000 gallons)","","Used","1,500 mm (60 in)","","","","Glass Lined","Yes","5.9 bar (85 psi)","232.2 °C (450 °F)","Carbon Steel","10.3 bar (150 psi)","232.2 °C (450 °F)","Half Pipe/Limpet","Pfaudler","Yes","Glasslined","RA","Fittings top: (1) 30" cover with 12" x 16" manway (2) 2" (1) 4" sight glass (4) 4" flanges and (1) 8". Center bottom 3" drain","Vertical","","","1,850 mm (73 in)","Batch Type Body Only","Lugs","Glasslined","Dish","Reactor"
"238483","Glasslined Pfaudler RA Batch-Type Agitated Reactor - IPP# 238483","https://ims.internationalprocessplants.com/inventory/equipment/detail/238483","28","Yes","Glasslined","Dish","3,800 L (1,000 gallons)","","Re-glassed","1,500 mm (60 in)","Very Clean (VC)","Full Fire Polish (FF)","","Glass Lined","Yes","6.9 bar (100 psi)","232.2 °C (450 °F)","Carbon Steel","10.3 bar (150 psi)","232.2 °C (450 °F)","Half Pipe/Limpet","Pfaudler","Yes","Glasslined","RA","Fittings top: (1) 30" cover with 12" x 16" manway (2) 2" (1) 4" sight glass (4) 4" flanges and (1) 8". Center bottom 3" drain","Vertical","","","1,850 mm (73 in)","Batch Type Body Only","Lugs","Glasslined","Dish","Reactor"
"238492","Glasslined Pfaudler Batch Type Body Only Reactor - IPP# 238492","https://ims.internationalprocessplants.com/inventory/equipment/detail/238492","22","Yes","Glasslined","Dish","11,350 L (3,000 gallons)","","Needs Reglass","2,450 mm (96 in)","","","","Glass Lined","Yes","6.9 bar (100 psi)","260 °C (500 °F)","Carbon Steel","6.2 bar (90 psi)","260 °C (500 °F)","Standard","Pfaudler","","Glasslined","","","Vertical","","","1,950 mm (76 in)","Batch Type Body Only","","Glasslined","Dish","Reactor"
"23885","Glasslined Pfaudler P Series Batch Type Body Only Reactor - IPP# 23885","https://ims.internationalprocessplants.com/inventory/equipment/detail/23885","23","Yes","Glasslined","Dish","56.8 L (15 gallons)","","Re-glassed","457.2 mm (18 in)","Very Clean (VC)","Full Fire Polish (FF)","","Glass Lined","","","176.7 °C (350 °F)","Carbon Steel","6.9 bar (100 psi)","176.7 °C (350 °F)","Standard","Pfaudler","","Glasslined","P Series","","Vertical","","","508 mm (20 in)","Batch Type Body Only","Legs","","Open","Reactor"
"240129","New UGE Glasslined Batch Type Reactor - IPP# 240129","https://ims.internationalprocessplants.com/inventory/equipment/detail/240129","24","Yes","Glasslined","Elliptical","15,150 L (4,000 gallons)","","New","2,450 mm (96 in)","","","","Glass Lined","Yes","6.9 bar (100 psi)","232.2 °C (450 °F)","Carbon Steel","6.2 bar (90 psi)","232.2 °C (450 °F)","Standard","Redicon","","Glasslined","","18" man way, Two 8", two 6", Four 4".","Vertical","","","3,050 mm (120.6 in)","Batch Type Body Only","Lugs","Glasslined","Elliptical","Reactor"
"240162","Glasslined Pfaudler RA Batch Type Body Only Reactor - IPP# 240162","https://ims.internationalprocessplants.com/inventory/equipment/detail/240162","25","Yes","Glasslined","Dish","3,800 L (1,000 gallons)","","Used","1,500 mm (60 in)","","","","Glass Lined","Yes","6.9 bar (100 psi)","232.2 °C (450 °F)","Carbon Steel","6.2 bar (90 psi)","232.2 °C (450 °F)","Standard","Pfaudler","","Glasslined","RA","Openings : 30" mian cover. One 8" nozzle. Four 4" nozzles.","Vertical","","","1,850 mm (72 in)","Batch Type Body Only","Lugs","Glasslined","Dish","Reactor"
"240182","Glasslined Pfaudler RS Batch Type Body Only Reactor - IPP# 240182","https://ims.internationalprocessplants.com/inventory/equipment/detail/240182","25","Yes","Glasslined","Dish","22,700 L (6,000 gallons)","","Re-glassed","2,750 mm (108 in)","","","","Glass Lined","Yes","8.6 bar (125 psi)","232.2 °C (450 °F)","Carbon Steel","6.2 bar (90 psi)","176.7 °C (350 °F)","Standard","Pfaudler","","Glasslined","RS","Nozzle schedule: (1) 24" clamped flange manway , (1) 8" nozzle, (2) 6" nozzles, (6) 4" nozzles, (1) 6" bottom outelt,","Vertical","","","3,300 mm (130 in)","Batch Type Body Only","Legs","Glasslined","Dish","Reactor"
"240772","Glasslined Pfaudler P Batch Type Body Only Reactor - IPP# 240772","https://ims.internationalprocessplants.com/inventory/equipment/detail/240772","27","Yes","Glasslined","Dish","37.9 L (10 gallons)","","Re-glassed","355.6 mm (14 in)","Very Clean (VC)","Full Fire Polish (FF)","","Glass Lined","Yes","1.72 bar (25 psi)","176.7 °C (350 °F)","Carbon Steel","8.3 bar (120 psi)","176.7 °C (350 °F)","Standard","Pfaudler","","Glasslined","P","Nozzle schedule: (2) 1 1/2" nozzle, (1) 2 & 1/4" nozzle. One 2" center bottom nozzle","Vertical","","","355.6 mm (14 in)","Batch Type Body Only","Legs","Glasslined","Dish","Reactor"
"241017","Glasslined Pfaudler RS Batch Type Body Only Reactor - IPP# 241017","https://ims.internationalprocessplants.com/inventory/equipment/detail/241017","28","Yes","Glasslined","Elliptical","1,150 L (300 gallons)","","Re-glassed","1,200 mm (48 in)","Very Clean (VC)","Full Fire Polish (FF)","","Glass Lined","Yes","10.3 bar (150 psi)","232.2 °C (450 °F)","Carbon Steel","10.3 bar (150 psi)","232.2 °C (450 °F)","Standard","Pfaudler","Yes","Glasslined","RS-48","One 14" x 18" man way with pro ring and sight glass assembly and man way assist. one 6" nozzle, one 4 & 3/8" drive nozzle, three 4" nozzles, five 3" nozzles, ten 2" jacket connections","Vertical","","","737 mm (29 in)","Batch Type Body Only","Legs","Glasslined","Elliptical","Reactor"
"241036","Glasslined Pfaudler RS Batch Type Body Only Reactor - IPP# 241036","https://ims.internationalprocessplants.com/inventory/equipment/detail/241036","26","Yes","Glasslined","Elliptical","1,900 L (500 gallons)","","Used","1,200 mm (48 in)","","","","Glass Lined","Yes","10.3 bar (150 psi)","232.2 °C (450 °F)","Carbon Steel","10.3 bar (150 psi)","232.2 °C (450 °F)","Standard","Pfaudler","Yes","Glasslined","RS","One 14" x 18" man way with sight glass assembly and man way assist. With Pro ring. One 6" nozzle, one 4 & 3/8" drive nozzle, three 4" nozzles, Five 3" nozzles, and one 2" nozzle","Vertical","","","1,400 mm (56 in)","Batch Type Body Only","Legs","Glasslined","Elliptical","Reactor"
"241061","Glasslined Pfaudler RS Batch Type Body Only Reactor - IPP# 241061","https://ims.internationalprocessplants.com/inventory/equipment/detail/241061","28","Yes","Glasslined","Elliptical","7,550 L (2,000 gallons)","","Used","2,000 mm (78 in)","Dirty (D) (light cleaning needed)","Some Fire Polish (F)","","Glass Lined","Yes","10.3 bar (150 psi)","232.2 °C (450 °F)","Carbon Steel","10.3 bar (150 psi)","232.2 °C (450 °F)","Standard","Pfaudler","Yes","Glasslined","RS","Three 10" nozzles, one 8" nozzles, one 4 & 3/8" drive nozzle, seven 4" nozzles, one 4" bottom outlet, eleven 3" nozzles for jackets, two 2" nozzles and three 1/2" nipples.","Vertical","","","2,050 mm (80 in)","Batch Type Body Only","Lugs","Glasslined","Elliptical","Reactor"
"241062","Glasslined Pfaudler RS Batch Type Body Only Reactor - IPP# 241062","https://ims.internationalprocessplants.com/inventory/equipment/detail/241062","28","Yes","Glasslined","Elliptical","11,350 L (3,000 gallons)","","Used","2,450 mm (96 in)","Clean (C)","Some Fire Polish (F)","","Glass Lined","Yes","10.3 bar (150 psi)","232.2 °C (450 °F)","Carbon Steel","10.3 bar (150 psi)","232.2 °C (450 °F)","Standard","Pfaudler","Yes","Glasslined","RS","One 12" nozzle, two 10" nozzles, two 6" nozzles, nine 4" nozzles, one 3" CBO, two 3" jacket connections, ten 2" jacket connections, three 1/2" nipples.","Vertical","","","1,850 mm (73 in)","Batch Type Body Only","Lugs","Glasslined","Elliptical","Reactor"
"241092","Glasslined DeDietrich SA Batch-Type Agitated Reactor - IPP# 241092","https://ims.internationalprocessplants.com/inventory/equipment/detail/241092","28","Yes","Glasslined","Dish","1,900 L (500 gallons)","","Re-glassed","1,200 mm (48 in)","Very Clean (VC)","Full Fire Polish (FF)","","Glass Lined","Yes","6.9 bar (100 psi)","260 °C (500 °F)","Carbon Steel","6.9 bar (100 psi)","260 °C (500 °F)","Standard","DeDietrich","Yes","Glasslined","SA","24" main cover with 12" x 16" manway opening, Two 2" nozzles. Main nozzles are one 6" two 4" two 3" and one 3" center bottom outlet","Vertical","","","1,450 mm (57 in)","Batch Type Body Only","Legs","Glasslined","Dish","Reactor"
"241093","Glasslined DeDietrich SA Batch-Type Agitated Reactor - IPP# 241093","https://ims.internationalprocessplants.com/inventory/equipment/detail/241093","28","Yes","Glasslined","Dish","3,800 L (1,000 gallons)","","Re-glassed","1,700 mm (66 in)","Very Clean (VC)","Full Fire Polish (FF)","","Glass Lined","Yes","6.9 bar (100 psi)","260 °C (500 °F)","Carbon Steel","6.2 bar (90 psi)","260 °C (500 °F)","Standard","DeDietrich","Yes","Glasslined","SA","30" main cover, with 14" x 18" man way cover. Man way has a 4" raised sight glass assembly and assist. One 8" nozzle, 4" drive nozzle, four 4" nozzles, two 2" nozzles and one 4" center bottom nozzle.","Vertical","","","1,800 mm (71 in)","Batch Type Body Only","Legs","Glasslined","Dish","Reactor"
"241164","Glasslined DeDietrich CTJ Batch Type Body Only Reactor - IPP# 241164","https://ims.internationalprocessplants.com/inventory/equipment/detail/241164","28","Yes","Glasslined","Dish","757 L (200 gallons)","","Re-glassed","991 mm (39 in)","Very Clean (VC)","Full Fire Polish (FF)","","Glass Lined","Yes","5.2 bar (75 psi)","260 °C (500 °F)","Carbon Steel","7.2 bar (105 psi)","260 °C (500 °F)","Standard","DeDietrich","Yes","Glasslined","CTJ","12"" x 18"" man way with 4"" raised sight glass assembly and pro ring. one 6"" nozzle and four 4"" nozzles one 3"" bottom outlet.","Vertical","","","813 mm (32 in)","Batch Type Body Only","Legs","Glasslined","Dish","Reactor"
"245505","Stainless Steel 316 Batch-Type Agitated Reactor - IPP# 245505","https://ims.internationalprocessplants.com/inventory/equipment/detail/245505","22","Yes","Stainless Steel 316","Dish","1,900 L (500 gallons)","","Used","1,500 mm (60 in)","","","","Mill 2B","","3.8 bar (55 psi)","176.7 °C (350 °F)","Carbon Steel","2.8 bar (40 psi)","176.7 °C (350 °F)","Standard","Pfaudler","Yes","Stainless Steel 316","","","Vertical","","","1,000 mm (40 in)","Batch Type Body Only","Legs","Stainless Steel 316","","Reactor"
"245563","Glasslined DeDietrich CTJ Batch Type Body Only Reactor - IPP# 245563","https://ims.internationalprocessplants.com/inventory/equipment/detail/245563","27","Yes","Glasslined","Dish","113.6 L (30 gallons)","","Used","482.6 mm (19 in)","Very Clean (VC)","Full Fire Polish (FF)","","Glass Lined","Yes","10.3 bar (150 psi)","260 °C (500 °F)","Carbon Steel","7.9 bar (115 psi)","260 °C (500 °F)","Standard","DeDietrich","","Glasslined","CTJ","","Vertical","","Yes","584 mm (23 in)","Batch Type Body Only","Legs","Glasslined","Dish","Reactor"
"245639","Glasslined Pfaudler E Series Batch Type Body Only Reactor - IPP# 245639","https://ims.internationalprocessplants.com/inventory/equipment/detail/245639","25","Yes","Glasslined","Dish","1,900 L (500 gallons)","","Re-glassed","1,700 mm (66 in)","Very Clean (VC)","Full Fire Polish (FF)","","Glass Lined","Yes","6.9 bar (100 psi)","232.2 °C (450 °F)","Carbon Steel","5.9 bar (85 psi)","176.7 °C (350 °F)","Standard","Pfaudler","","Glasslined","ELL Series","","Vertical","","","1,000 mm (39.5 in)","Batch Type Body Only","Legs","","None","Reactor"
"246114","Glasslined Pfaudler EM Batch Type Body Only Reactor - IPP# 246114","https://ims.internationalprocessplants.com/inventory/equipment/detail/246114","25","Yes","Glasslined","Dish","568 L (150 gallons)","","Re-glassed","1,100 mm (44 in)","Very Clean (VC)","Full Fire Polish (FF)","","Glass Lined","Yes","1.72 bar (25 psi)","176.7 °C (350 °F)","Glasslined","6.2 bar (90 psi)","176.7 °C (350 °F)","Standard","Pfaudler","","Glasslined","EM","(1) 3" bottom opening","Vertical","","","686 mm (27 in)","Batch Type Body Only","Legs","","","Reactor"
"246266","Glasslined DeDietrich SA-3000 Batch Type Body Only Reactor - IPP# 246266","https://ims.internationalprocessplants.com/inventory/equipment/detail/246266","26","Yes","Glasslined","Dish","11,350 L (3,000 gallons)","","Needs Reglass","2,450 mm (96 in)","","","","Glass Lined","Yes","6.9 bar (100 psi)","260 °C (500 °F)","Carbon Steel","6.2 bar (90 psi)","260 °C (500 °F)","Standard","DeDietrich","Yes","Glasslined","SA-3000","36" Main opening, 18" manway, (2) 8" nozzles, (2) 6" nozzles, (4) 4" nozzles, (1) 4" bottom nozzle","Vertical","","","2,050 mm (80 in)","Batch Type Body Only","Lugs","Glasslined","Dish","Reactor"
"246494","New Glasslined UGE UA-300 Batch Type Reactor Body - IPP# 246494","https://ims.internationalprocessplants.com/inventory/equipment/detail/246494","28","Yes","Glasslined","Dish","1,150 L (300 gallons)","","New","1,200 mm (48 in)","New","New","","Glass Lined","Yes","6.9 bar (100 psi)","232.2 °C (450 °F)","Carbon Steel","6.9 bar (100 psi)","232.2 °C (450 °F)","Standard","UGE","Yes","Glasslined","UA-300","24" main cover with 12" x 16" man way assembly including a 4" sight glass, protection ring and hinge assist. one 4 3/8" agitator nozzle, One 6" nozzle, three 4" nozzles, one 3" nozzle and two 2" nozzles.","Vertical","","","1,200 mm (48 in)","Batch Type Body Only","Legs","Glasslined","Dish","Reactor"
"246495","New Glasslined UGE UA-500 Batch Type Body Only Reactor - IPP# 246495","https://ims.internationalprocessplants.com/inventory/equipment/detail/246495","28","Yes","Glasslined","Dish","1,900 L (500 gallons)","","New","1,200 mm (48 in)","New","New","","Glass Lined","Yes","6.9 bar (100 psi)","232.2 °C (450 °F)","Carbon Steel","6.9 bar (100 psi)","232.2 °C (450 °F)","Standard","UGE","Yes","Glasslined","UA-500","One 24" main cover including 12" x 16" man wat with sight glass assembly, pro ring and hinge assist. One 6" nozzle, one 4 3/8" drive nozzle, three 4" nozzles, one 3" nozzle and two 2" nozzles.","Vertical","","","1,500 mm (59 in)","Batch Type Body Only","Legs","Glasslined","Dish","Reactor"
"246496","New Glasslined UGE UA-500 Batch Type Body Only Reactor - IPP# 246496","https://ims.internationalprocessplants.com/inventory/equipment/detail/246496","28","Yes","Glasslined","Dish","1,900 L (500 gallons)","","New","1,200 mm (48 in)","New","New","","Glass Lined","Yes","6.9 bar (100 psi)","232.2 °C (450 °F)","Carbon Steel","6.9 bar (100 psi)","232.2 °C (450 °F)","Standard","UGE","Yes","Glasslined","UA-500","One 24" main cover including 12" x 16" man wat with sight glass assembly, pro ring and hinge assist. One 6" nozzle, one 4 3/8" drive nozzle, three 4" nozzles, one 3" nozzle and two 2" nozzles.","Vertical","","","1,500 mm (59 in)","Batch Type Body Only","Legs","Glasslined","Dish","Reactor"
"246497","New Glasslined UGE UA-1000 Batch Type Reactor Body /Receiver/Jacketed Tank - IPP# 246497","https://ims.internationalprocessplants.com/inventory/equipment/detail/246497","28","Yes","Glasslined","Dish","3,800 L (1,000 gallons)","","New","1,500 mm (60 in)","New","New","","Glass Lined","Yes","6.9 bar (100 psi)","232.2 °C (450 °F)","Carbon Steel","6.2 bar (90 psi)","232.2 °C (450 °F)","Standard","UGE","Yes","Glasslined","UA-1000","30"main cover with 4 3/8" drive nozzle, two 2" nozzles, a 14" x 18" man way with a 4" sight glass assembly, protection ring and hinge assist. One 8"nozzle, and four 4" nozzles.","Vertical","","","2,250 mm (89 in)","Batch Type Body Only","Legs","Glasslined","Dish","Reactor"
"246498","New Glasslined UGE UA-1000  Reactor Body /Jacketed Tank/Receiver - IPP# 246498","https://ims.internationalprocessplants.com/inventory/equipment/detail/246498","28","Yes","Glasslined","Dish","3,800 L (1,000 gallons)","","New","1,500 mm (60 in)","New","New","","Glass Lined","Yes","6.9 bar (100 psi)","232.2 °C (450 °F)","Carbon Steel","6.2 bar (90 psi)","232.2 °C (450 °F)","Standard","UGE","Yes","Glasslined","UA-1000","30"main cover with 4 3/8" drive nozzle, two 2" nozzles, a 14" x 18" man way with a 4" sight glass assembly, protection ring and hinge assist. One 8"nozzle, and four 4" nozzles.","Vertical","","","2,250 mm (89 in)","Batch Type Body Only","Legs","Glasslined","Dish","Reactor"
"246499","New Glasslined UGE UA-1500 Batch Type Body Only Reactor - IPP# 246499","https://ims.internationalprocessplants.com/inventory/equipment/detail/246499","28","Yes","Glasslined","Dish","5,700 L (1,500 gallons)","","New","2,000 mm (78 in)","New","New","","Glass Lined","Yes","6.9 bar (100 psi)","232.2 °C (450 °F)","Carbon Steel","6.2 bar (90 psi)","232.2 °C (450 °F)","Standard","UGE","Yes","Glasslined","UA-1500","30"main cover with 4 3/8" drive nozzle, two 2" nozzles, a 14" x 18" man way with a 4" sight glass assembly, protection ring and hinge assist. One 8"nozzle, Two 6" nozzles, and two 4" nozzles.","Vertical","","","2,200 mm (87.5 in)","Batch Type Body Only","Legs","Glasslined","Dish","Reactor"
"246500","New Glasslined UGE UA-2000 Batch Type Body Only Reactor - IPP# 246500","https://ims.internationalprocessplants.com/inventory/equipment/detail/246500","28","Yes","Glasslined","Dish","7,550 L (2,000 gallons)","","New","2,000 mm (78 in)","New","New","","Glass Lined","Yes","6.9 bar (100 psi)","232.2 °C (450 °F)","Carbon Steel","6.2 bar (90 psi)","232.2 °C (450 °F)","Standard","UGE","Yes","Glasslined","UA-2000","30" main cover with 4 3/8" drive nozzle, two 2" nozzles, a 14" x 18" man way with a 4" sight glass assembly, protection ring and hinge assist. Two 8"nozzlea, Two 6" nozzles, and three 4" nozzles.","Vertical","","","2,700 mm (106 in)","Batch Type Body Only","Legs","Glasslined","Dish","Reactor"
"246501","New Glasslined UGE UA-2000 Batch Type Body Only Reactor - IPP# 246501","https://ims.internationalprocessplants.com/inventory/equipment/detail/246501","28","Yes","Glasslined","Dish","7,550 L (2,000 gallons)","","New","2,000 mm (78 in)","New","New","","Glass Lined","Yes","6.9 bar (100 psi)","232.2 °C (450 °F)","Carbon Steel","6.2 bar (90 psi)","37.8 °C (100 °F)","Standard","UGE","Yes","Glasslined","UA-2000","30" main cover with 4 3/8" drive nozzle, two 2" nozzles, a 14" x 18" man way with a 4" sight glass assembly, protection ring and hinge assist. Two 8"nozzlea, Two 6" nozzles, and three 4" nozzles.","Vertical","","","2,700 mm (106 in)","Batch Type Body Only","Legs","Glasslined","Dish","Reactor"
"246502","New Glasslined UGE UA-2000 Batch Type Body Only Reactor - IPP# 246502","https://ims.internationalprocessplants.com/inventory/equipment/detail/246502","28","Yes","Glasslined","Dish","7,550 L (2,000 gallons)","","New","2,000 mm (78 in)","New","New","","Glass Lined","Yes","6.9 bar (100 psi)","232.2 °C (450 °F)","Carbon Steel","6.2 bar (90 psi)","232.2 °C (450 °F)","Standard","UGE","Yes","Glasslined","UA-2000","30" main cover with 4 3/8" drive nozzle, two 2" nozzles, a 14" x 18" man way with a 4" sight glass assembly, protection ring and hinge assist. Two 8"nozzlea, Two 6" nozzles, and three 4" nozzles.","Vertical","","","2,700 mm (106 in)","Batch Type Body Only","Legs","Glasslined","Dish","Reactor"
"246503","New Glasslined UGE UA-3000 Batch Type Body Only Reactor - IPP# 246503","https://ims.internationalprocessplants.com/inventory/equipment/detail/246503","28","Yes","Glasslined","Dish","11,350 L (3,000 gallons)","","New","2,450 mm (96 in)","New","New","","Glass Lined","Yes","6.9 bar (100 psi)","232.2 °C (450 °F)","Carbon Steel","6.2 bar (90 psi)","232.2 °C (450 °F)","Standard","UGE","Yes","Glasslined","UA-3000","36" main cover with a 6" drive nozzle. 18" man way with a 4" sight glass assembly, protection ring and hinge assist. Two 8" nozzles, two 6" nozzles, four 4" nozzles.","Vertical","","","2,650 mm (105 in)","Batch Type Body Only","Legs","Glasslined","Dish","Reactor"
"246504","New Glasslined UGE UA-4000 Batch Type Body Only Reactor - IPP# 246504","https://ims.internationalprocessplants.com/inventory/equipment/detail/246504","28","Yes","Glasslined","Dish","15,150 L (4,000 gallons)","","New","2,450 mm (96 in)","New","New","","Glass Lined","Yes","6.9 bar (100 psi)","232.2 °C (450 °F)","Carbon Steel","6.2 bar (90 psi)","232.2 °C (450 °F)","Standard","UGE","Yes","Glasslined","UA-4000","36" main cover with a 6" drive nozzle. 18" man way with a 4" sight glass assembly, protection ring and hinge assist. Two 8" nozzles, Two 6" nozzles, four 4" nozzles.","Vertical","","","3,500 mm (137 in)","Batch Type Body Only","Legs","Glasslined","Dish","Reactor"
"246505","New Glasslined UGE UA-4000 Batch Type Body Only Reactor - IPP# 246505","https://ims.internationalprocessplants.com/inventory/equipment/detail/246505","28","Yes","Glasslined","Dish","15,150 L (4,000 gallons)","","New","2,450 mm (96 in)","New","New","","Glass Lined","Yes","6.9 bar (100 psi)","232.2 °C (450 °F)","Carbon Steel","6.2 bar (90 psi)","232.2 °C (450 °F)","Standard","UGE","Yes","Glasslined","UA-4000","36" main cover with a 6" drive nozzle. 18" man way with a 4" sight glass assembly, protection ring and hinge assist. Two 8" nozzles, Two 6" nozzles, four 4" nozzles.","Vertical","","","3,500 mm (137 in)","Batch Type Body Only","Legs","Glasslined","Dish","Reactor"
"246541","New Glasslined UGE Base UT-30 Batch Type Body Only Reactor - IPP# 246541","https://ims.internationalprocessplants.com/inventory/equipment/detail/246541","27","Yes","Glasslined","Dish","113.6 L (30 gallons)","","New","508 mm (20 in)","New","New","","Glass Lined","Yes","10.3 bar (150 psi)","232.2 °C (450 °F)","Carbon Steel","8.6 bar (125 psi)","232.2 °C (450 °F)","Standard","UGE","","Glasslined","Base UT-30","4 3/8" hand hole, 2 3/8" agitation, 2" bottom outlet, Two 2" two 1.5"","Vertical","","","629 mm (24.8 in)","Batch Type Body Only","Legs","Glasslined","Dish","Reactor"
"246542","New Glasslined UGE Base UT-30 Batch Type Body Only Reactor - IPP# 246542","https://ims.internationalprocessplants.com/inventory/equipment/detail/246542","27","Yes","Glasslined","Dish","113.6 L (30 gallons)","","New","508 mm (20 in)","New","New","","Glass Lined","Yes","10.3 bar (150 psi)","232.2 °C (450 °F)","Carbon Steel","8.6 bar (125 psi)","232.2 °C (450 °F)","Standard","UGE","","Glasslined","Base UT-30","4 3/8" hand hole, 2 3/8" agitation, 2" bottom outlet, Two 2" two 1.5"","Vertical","","","629 mm (24.8 in)","Batch Type Body Only","Legs","Glasslined","Dish","Reactor"
"246543","New Glasslined UGE Base UT-30 Batch Type Body Only Reactor - IPP# 246543","https://ims.internationalprocessplants.com/inventory/equipment/detail/246543","27","Yes","Glasslined","Dish","113.6 L (30 gallons)","","New","508 mm (20 in)","New","New","","Glass Lined","Yes","10.3 bar (150 psi)","232.2 °C (450 °F)","Carbon Steel","8.6 bar (125 psi)","232.2 °C (450 °F)","Standard","UGE","","Glasslined","Base UT-30","4 3/8" hand hole, 2 3/8" agitation, 2" bottom outlet, Two 2" two 1.5"","Vertical","","","629 mm (24.8 in)","Batch Type Body Only","Legs","Glasslined","Dish","Reactor"
"246544","New Glasslined UGE Base UT-50 Batch Type Body Only Reactor - IPP# 246544","https://ims.internationalprocessplants.com/inventory/equipment/detail/246544","27","Yes","Glasslined","Dish","189.3 L (50 gallons)","","New","610 mm (24 in)","New","New","","Glass Lined","Yes","10.3 bar (150 psi)","232.2 °C (450 °F)","Carbon Steel","8.6 bar (125 psi)","232.2 °C (450 °F)","Standard","UGE","","Glasslined","Base UT-50","One 4 3/8" hand hole, with sight glass assembly, one agitation nozzle 2 3/8", One 2" bottom outlet, One 3", One 2", two 1.5" nozzles.","Vertical","","","730 mm (28.8 in)","Batch Type Body Only","Legs","Glasslined","Dish","Reactor"
"246545","New Glasslined UGE Base UT-50 Batch Type Body Only Reactor - IPP# 246545","https://ims.internationalprocessplants.com/inventory/equipment/detail/246545","27","Yes","Glasslined","Dish","189.3 L (50 gallons)","","New","610 mm (24 in)","New","New","","Glass Lined","Yes","10.3 bar (150 psi)","232.2 °C (450 °F)","Carbon Steel","8.6 bar (125 psi)","232.2 °C (450 °F)","Standard","UGE","","Glasslined","Base UT-50","One 4 3/8" hand hole, with sight glass assembly, one agitation nozzle 2 3/8", One 2" bottom outlet, One 3", One 2", two 1.5" nozzles.","Vertical","","","730 mm (28.8 in)","Batch Type Body Only","Legs","Glasslined","Dish","Reactor"
"246546","New Glasslined UGE Base UT-50 Batch Type Body Only Reactor - IPP# 246546","https://ims.internationalprocessplants.com/inventory/equipment/detail/246546","27","Yes","Glasslined","Dish","189.3 L (50 gallons)","","New","610 mm (24 in)","New","New","","Glass Lined","Yes","10.3 bar (150 psi)","232.2 °C (450 °F)","Carbon Steel","8.6 bar (125 psi)","232.2 °C (450 °F)","Standard","UGE","","Glasslined","Base UT-50","One 4 3/8" hand hole, with sight glass assembly, one agitation nozzle 2 3/8", One 2" bottom outlet, One 3", One 2", two 1.5" nozzles.","Vertical","","","730 mm (28.8 in)","Batch Type Body Only","Legs","Glasslined","Dish","Reactor"
"246547","New Glasslined UGE Base UT-100 Batch Type Body Only Reactor - IPP# 246547","https://ims.internationalprocessplants.com/inventory/equipment/detail/246547","27","Yes","Glasslined","Dish","378.5 L (100 gallons)","","New","813 mm (32 in)","New","New","","Glass Lined","Yes","10.3 bar (150 psi)","232.2 °C (450 °F)","Carbon Steel","8.6 bar (125 psi)","232.2 °C (450 °F)","Standard","UGE","","Glasslined","Base UT-100","One 8" hand Hole, with sight glass assembly One 2/3/8" agitator nozzle, one 3" center bottom outlet, Four 4" nozzles.","Vertical","","","921 mm (36.3 in)","Batch Type Body Only","Legs","Glasslined","Dish","Reactor"
"246548","New Glasslined UGE Base UT-100 Batch Type Body Only Reactor - IPP# 246548","https://ims.internationalprocessplants.com/inventory/equipment/detail/246548","27","Yes","Glasslined","Dish","378.5 L (100 gallons)","","New","813 mm (32 in)","New","New","","Glass Lined","Yes","10.3 bar (150 psi)","232.2 °C (450 °F)","Carbon Steel","8.6 bar (125 psi)","232.2 °C (450 °F)","Standard","UGE","","Glasslined","Base UT-100","One 8" hand Hole, with sight glass assembly One 2/3/8" agitator nozzle, one 3" center bottom outlet, Four 4" nozzles.","Vertical","","","914 mm (36 in)","Batch Type Body Only","Legs","Glasslined","Dish","Reactor"
"246549","New Glasslined UGE Base UT-100 Batch Type Body Only Reactor - IPP# 246549","https://ims.internationalprocessplants.com/inventory/equipment/detail/246549","27","Yes","Glasslined","Dish","378.5 L (100 gallons)","","New","813 mm (32 in)","New","New","","Glass Lined","Yes","10.3 bar (150 psi)","232.2 °C (450 °F)","Carbon Steel","8.6 bar (125 psi)","232.2 °C (450 °F)","Standard","UGE","","Glasslined","Base UT-100","One 8" hand Hole, with sight glass assembly One 2/3/8" agitator nozzle, one 3" center bottom outlet, Four 4" nozzles.","Vertical","","","921 mm (36.3 in)","Batch Type Body Only","Legs","Glasslined","Dish","Reactor"
"246550","New Glasslined UGE Base UT-100 Batch Type Body Only Reactor - IPP# 246550","https://ims.internationalprocessplants.com/inventory/equipment/detail/246550","27","Yes","Glasslined","Dish","378.5 L (100 gallons)","","New","813 mm (32 in)","New","New","","Glass Lined","Yes","10.3 bar (150 psi)","232.2 °C (450 °F)","Carbon Steel","8.6 bar (125 psi)","232.2 °C (450 °F)","Standard","UGE","","Glasslined","Base UT-100","One 8" hand Hole, with sight glass assembly. One 2/3/8" agitator nozzle, one 3" center bottom outlet, Four 4" nozzles.","Vertical","","","921 mm (36.3 in)","Batch Type Body Only","Legs","Glasslined","Dish","Reactor"
"246551","New Glasslined UGE Base UT-200 Batch Type Body Only Reactor - IPP# 246551","https://ims.internationalprocessplants.com/inventory/equipment/detail/246551","28","Yes","Glasslined","Dish","757 L (200 gallons)","","New","1,000 mm (40 in)","New","New","","Glass Lined","Yes","10.3 bar (150 psi)","232.2 °C (450 °F)","Carbon Steel","8.6 bar (125 psi)","232.2 °C (450 °F)","Standard","UGE","Yes","Glasslined","Base UT-200","One 12" x 16" Man way, with sight glass assembly, protection ring and man way assist. One 4 3/8" agitation nozzle, one 3" center bottom outlet, One 6" nozzle, five 4" nozzles","Vertical","","","1,150 mm (45.5 in)","Batch Type Body Only","Legs","Glasslined","Dish","Reactor"
"246552","New Glasslined UGE Base UT-200 Batch Type Body Only Reactor - IPP# 246552","https://ims.internationalprocessplants.com/inventory/equipment/detail/246552","28","Yes","Glasslined","Dish","757 L (200 gallons)","","New","1,000 mm (40 in)","New","New","","Glass Lined","Yes","10.3 bar (150 psi)","232.2 °C (450 °F)","Carbon Steel","8.6 bar (125 psi)","232.2 °C (450 °F)","Standard","UGE","Yes","Glasslined","Base UT-200","One 12" x 16" Man way, with sight glass assembly, protection ring and man way assist. One 4 3/8" agitation nozzle, one 3" center bottom outlet, One 6" nozzle, five 4" nozzles","Vertical","","","1,150 mm (45.5 in)","Batch Type Body Only","Legs","Glasslined","Dish","Reactor"
"246553","New Glasslined UGE Base UT-200 Batch Type Body Only Reactor - IPP# 246553","https://ims.internationalprocessplants.com/inventory/equipment/detail/246553","28","Yes","Glasslined","Dish","757 L (200 gallons)","","New","1,000 mm (40 in)","New","New","","Glass Lined","Yes","10.3 bar (150 psi)","232.2 °C (450 °F)","Carbon Steel","8.6 bar (125 psi)","232.2 °C (450 °F)","Standard","UGE","Yes","Glasslined","Base UT-200","One 12" x 16" Man way, with sight glass assembly, protection ring and man way assist. One 4 3/8" agitation nozzle, one 3" center bottom outlet, One 6" nozzle, five 4" nozzles","Vertical","","","1,150 mm (45.5 in)","Batch Type Body Only","Legs","Glasslined","Dish","Reactor"
"246554","New Glasslined UGE Base UT-200 Batch Type Body Only Reactor - IPP# 246554","https://ims.internationalprocessplants.com/inventory/equipment/detail/246554","28","Yes","Glasslined","Dish","757 L (200 gallons)","","New","1,000 mm (40 in)","New","New","","Glass Lined","Yes","10.3 bar (150 psi)","232.2 °C (450 °F)","Carbon Steel","8.6 bar (125 psi)","232.2 °C (450 °F)","Standard","UGE","Yes","Glasslined","Base UT-200","One 12" x 16" Man way, with sight glass assembly, protection ring and man way assist. One 4 3/8" agitation nozzle, one 3" center bottom outlet, One 6" nozzle, five 4" nozzles","Vertical","","","1,150 mm (45.5 in)","Batch Type Body Only","Legs","Glasslined","Dish","Reactor"
"246601","Glasslined Pfaudler P Series Batch Type Body Only Reactor - IPP# 246601","https://ims.internationalprocessplants.com/inventory/equipment/detail/246601","26","Yes","Glasslined","Dish","56.8 L (15 gallons)","","Re-glassed","457.2 mm (18 in)","Very Clean (VC)","Full Fire Polish (FF)","","Glass Lined","","1.72 bar (25 psi)","176.7 °C (350 °F)","Carbon Steel","6.9 bar (100 psi)","176.7 °C (350 °F)","Standard","Pfaudler","","Glasslined","P Series","One 4" hand hole, Two 2" two 1.5" one 2" center bottom nozzle.","Vertical","","","508 mm (20 in)","Batch Type Body Only","Legs","Glasslined","Dish","Reactor"
"246602","Glasslined Pfaudler Batch Type Body Only Reactor - IPP# 246602","https://ims.internationalprocessplants.com/inventory/equipment/detail/246602","19","Yes","Glasslined","Dish","3,800 L (1,000 gallons)","","Needs Reglass","","","","","Glass Lined","","3.4 bar (50 psi)","260 °C (500 °F)","","5.2 bar (75 psi)","260 °C (500 °F)","Standard","Pfaudler","","Glasslined","","","Vertical","","","","Batch Type Body Only","Legs","Glasslined","Dish","Reactor"
"246840","Glasslined DeDietrich SA-2000 Batch Type Body Only Reactor - IPP# 246840","https://ims.internationalprocessplants.com/inventory/equipment/detail/246840","26","Yes","Glasslined","Flat","7,550 L (2,000 gallons)","","Re-glassed","2,100 mm (82 in)","","","","Glass Lined","Yes","6.9 bar (100 psi)","315.6 °C (600 °F)","Carbon Steel","6.2 bar (90 psi)","260 °C (500 °F)","Standard","DeDietrich","Yes","Glasslined","SA-2000","30" inlet cover, (1) 4 3/8" nozzle, (2) 3" nozzle, (1) 14 x 18 manhole with sight glass .(2) 8" , ( 2) 6", (3) 4"","Vertical","","","2,150 mm (84 in)","Batch Type Body Only","Legs","Glasslined","Flat","Reactor"
"246858","Glasslined Pfaudler RA60 Batch Type Body Only Reactor - IPP# 246858","https://ims.internationalprocessplants.com/inventory/equipment/detail/246858","27","Yes","Glasslined","Dish","3,800 L (1,000 gallons)","","Re-glassed","1,500 mm (60 in)","Very Clean (VC)","Full Fire Polish (FF)","","Glass Lined","Yes","6.9 bar (100 psi)","232.2 °C (450 °F)","Carbon Steel","5.2 bar (75 psi)","176.7 °C (350 °F)","Standard","Pfaudler","","Glasslined","RA60","30" main cover, (1) 8" , (4) 4"","Vertical","","","1,900 mm (75 in)","Batch Type Body Only","Legs","Glasslined","Dish","Reactor"
"246968","Glasslined Pfaudler RA 4000 Batch Type Body Only Reactor - IPP# 246968","https://ims.internationalprocessplants.com/inventory/equipment/detail/246968","26","Yes","Carbon Steel","Dish","15,150 L (4,000 gallons)","","Needs Reglass","2,450 mm (96 in)","","Bad Glass (BG)","","Glass Lined","Yes","6.9 bar (100 psi)","343.3 °C (650 °F)","Carbon Steel","5.5 bar (80 psi)","260 °C (500 °F)","Standard","Pfaudler","","Glasslined","RA 4000","36" main opening, 18' manway opening, (4) 4" nozzles, (2) 6" nozzles, (2) 8" nozzles, (1) 4" bottom outlet,","Vertical","","","2,950 mm (117 in)","Batch Type Body Only","Legs","Carbon Steel","Dish","Reactor"
"246969","Glasslined DeDietrich SA Batch Type Body Only Reactor - IPP# 246969","https://ims.internationalprocessplants.com/inventory/equipment/detail/246969","25","Yes","Glasslined","Dish","15,150 L (4,000 gallons)","","Needs Reglass","2,450 mm (96 in)","","","","Glass Lined","Yes","6.9 bar (100 psi)","260 °C (500 °F)","Carbon Steel","6.2 bar (90 psi)","260 °C (500 °F)","Standard","DeDietrich","","Glasslined","SA","36" main opening, 18" manway opening, (4)4" nozzles, (2) 6" nozzles, (2_ 8" nozzles. (4) 4" bottom outlet with tantalum sleeve, 4.5" legs couplings threaded","Vertical","","","2,750 mm (108 in)","Batch Type Body Only","Lugs","Glasslined","Dish","Reactor"
"247009","Glasslined EHW Thale BE Series Batch Type Body Only Reactor - IPP# 247009","https://ims.internationalprocessplants.com/inventory/equipment/detail/247009","26","Yes","Glasslined","Dish","1,900 L (500 gallons)","","Needs Reglass","1,200 mm (48 in)","","","","Glass Lined","Yes","6.9 bar (100 psi)","232.2 °C (450 °F)","Carbon Steel","6.9 bar (100 psi)","232.2 °C (450 °F)","Standard","EHW Thale","Yes","Glasslined","BE Series","12 x 16 opening with protection ring, manway cover with sight glass assembly, (1) 8" nozzle, (1) 6" nozzle, (3) 4" nozzle, (2) 3" nozzles. (1) 4" bottom outlet.","Vertical","","","1,400 mm (55 in)","Batch Type Body Only","Lugs","Glasslined","Dish","Reactor"
"247255","316 stainless steel Reactor Batch Type Body - IPP# 247255","https://ims.internationalprocessplants.com/inventory/equipment/detail/247255","23","Yes","Stainless Steel 316L","Dish","14,950 L (3,950 gallons)","","Used","2,400 mm (94.5 in)","","","","","Yes","6.2 bar (90.1 psi)","200 °C (392 °F)","Carbon Steel","5.2 bar (75 psi)","200 °C (392 °F)","Standard","Portobello Fabrications LTD.","Yes","Stainless Steel 316L","","","Vertical","","","2,500 mm (98.4 in)","Batch Type Body Only","Lugs","Stainless Steel 316L","Dish","Reactor"
"247411","Batch-Type Agitated Reactor - IPP# 247411","https://ims.internationalprocessplants.com/inventory/equipment/detail/247411","22","","","Dish","7,550 L (2,000 gallons)","","Needs Reglass","2,000 mm (78 in)","","","","Glass Lined","Yes","6.9 bar (100 psi)","343.3 °C (650 °F)","Glasslined","6.2 bar (90 psi)","176.7 °C (350 °F)","Standard","Pfaudler","Yes","Glasslined","RA","(3) 4", (2) 6". (2) 8" nozzles, bottom (1) 4" outlet,","","","","2,150 mm (84 in)","Batch Type Body Only","Sockets for pipe legs","","Dish","Reactor"
"247426","Batch Type Body Only Reactor - IPP# 247426","https://ims.internationalprocessplants.com/inventory/equipment/detail/247426","24","Yes","","Dish","8,350 L (2,200 gallons)","","Needs Reglass","","Very Dirty (VD) Power wash at minimum","No Fire Polish (NF)","","Glass Lined","Yes","13.8 bar (200 psi)","204.4 °C (400 °F)","Glasslined","5.5 bar (80 psi)","176.7 °C (350 °F)","Standard","Pfaudler","Yes","Glasslined","k78","18" blind manway, 18" protection ring with manway assist hinge, (6) 4' nozzles","Vertical","","","","Batch Type Body Only","Legs","","Dish","Reactor"
"247778","Batch Type Body Only Reactor - IPP# 247778","https://ims.internationalprocessplants.com/inventory/equipment/detail/247778","24","Yes","Glasslined","Dish","3,800 L (1,000 gallons)","","Needs Reglass","1,500 mm (60 in)","","","","Glass Lined","Yes","6.9 bar (100 psi)","232.2 °C (450 °F)","","6.2 bar (90 psi)","232.2 °C (450 °F)","Standard","Pfaudler","","Glasslined","RA60","(5) 4" nozzles (5) 8"nozzles, ( 1) 1 " nozzle, one 30" manhole, (10) 1 1/2, 2", 3", two 1/2" nozzle.","Vertical","","","1,750 mm (68 in)","Batch Type Body Only","Legs","Glasslined","Dish","Reactor"
"248032","Batch-Type Agitated Reactor - IPP# 248032","https://ims.internationalprocessplants.com/inventory/equipment/detail/248032","5","","","","15,150 L (4,000 gallons)","","Needs Reglass","","","","","","","","","","","","","","","Glasslined","","","","","","","Batch Type Body Only","","","","Reactor"
"39789","Glasslined EHW Thale C1.6/1e-2-D1-1/G Batch Type Body Only Reactor - IPP# 39789","https://ims.internationalprocessplants.com/inventory/equipment/detail/39789","24","Yes","Glasslined","Dish","1,750 L (467.6 gallons)","","Used","1,200 mm (47.2 in)","","","","Glass Lined","Yes","10 bar (145 psi)","200 °C (392 °F)","","10 bar (145 psi)","200 °C (392 °F)","Standard","EHW Thale","Yes","Glasslined","C1.6/1e-2-D1-1/G","Openings: top 300mm x 400mm manway w/cover, 5-100mm, 2-200mm; jkt 2-50mm, 2-40mm; 1-150mm center btm discharge","","","","1,300 mm (51.2 in)","Batch Type Body Only","Lugs","Glasslined","Dish","Reactor"
"43129","Glasslined Balfour RA Batch Type Body Only Reactor - IPP# 43129","https://ims.internationalprocessplants.com/inventory/equipment/detail/43129","21","Yes","Glasslined","Dish","3,400 L (900 gallons)","","Re-glassed","1,500 mm (60 in)","","","","Glass Lined","","6.9 bar (100 psi)","","","6.2 bar (90 psi)","","Standard","Balfour","Yes","Glasslined","RA","Openings: 18" x 14" manway (no cover), 6-4", 2-6"; jacket 2-1 1/2", 4-1 1/2"; btm 1-4".","","","","1,100 mm (43 in)","Batch Type Body Only","Legs","Glasslined","Dish","Reactor"
"43132","Glasslined  Batch Type Body Only Reactor - IPP# 43132","https://ims.internationalprocessplants.com/inventory/equipment/detail/43132","17","Yes","Glasslined","Dish","1,900 L (500 gallons)","","Re-glassed","1,200 mm (48 in)","","","","Glass Lined","","","","Carbon Steel","","","Standard","","","Glasslined","","Openings: top 1-12", 4-4"; bottom 1-4".","Vertical","","","1,650 mm (65.4 in)","Batch Type Body Only","","Glasslined","Dish","Reactor"
"43134","Glasslined Pfaudler RA Batch Type Body Only Reactor - IPP# 43134","https://ims.internationalprocessplants.com/inventory/equipment/detail/43134","25","Yes","Glasslined","Dish","2,850 L (750 gallons)","","Re-glassed","1,500 mm (60 in)","","","","Glass Lined","Yes","6.9 bar (100 psi)","343.3 °C (650 °F)","Carbon Steel","5.5 bar (80 psi)","176.7 °C (350 °F)","Standard","Pfaudler","","Glasslined","RA","Top openings: (1) 8", (1) 4" nozzles, 30" main opening with cover has (1) 4 3/8" drive nozzle, (2) 2" nozzles, 14" x 18" manway opening, (4) drive bosses. Bottom (1) 4" nozzle","Vertical","","","2,100 mm (82 in)","Batch Type Body Only","Legs","Glasslined","Dish","Reactor"
"48718","Unused Glasslined EHW Thale EHW-N680 Batch Type Body Only Reactor - IPP# 48718","https://ims.internationalprocessplants.com/inventory/equipment/detail/48718","24","Yes","Glasslined","Dish","4,900 L (1,300 gallons)","","Unused","1,800 mm (70.9 in)","","","","Glass Lined","Yes","6 bar (87 psi)","200 °C (392 °F)","","6 bar (87 psi)","200 °C (392 °F)","Standard","EHW Thale","Yes","Glasslined","EHW-N680","Openings: top 300mm x 400mm manway w/cover, 1-100mm sight glass, 2-200mm, 1-150mm, 3-125mm; side 2-75mm jkt drains; no btm outlet; 2-50mm, 1-12mm","","","","1,250 mm (48.4 in)","Batch Type Body Only","Legs","Glasslined","Dish","Reactor"
"48732","Unused Glasslined EHW Thale G6.3/1e-5H0.6-0.6EHW-N680/03 Batch Type Body Only Reactor - IPP# 48732","https://ims.internationalprocessplants.com/inventory/equipment/detail/48732","26","Yes","Glasslined","Dish","7,150 L (1,900 gallons)","","Unused","2,000 mm (78.7 in)","","","","Glass Lined","Yes","6 bar (87 psi)","100 °C (212 °F)","Carbon Steel","6 bar (87 psi)","200 °C (392 °F)","Standard","EHW Thale","Yes","Glasslined","G6.3/1e-5H0.6-0.6EHW-N680/03","top 800mm great cover opening, 300mm x 400mm manway w/cover, 3-125mm, 2-200mm, 1-150mm, 1-100mm; 150mm center btm discharge","Vertical","","","1,500 mm (58.1 in)","Batch Type Body Only","Lugs","Glasslined","Dish","Reactor"
"49366","Glasslined Pfaudler RA Batch Type Body Only Reactor - IPP# 49366","https://ims.internationalprocessplants.com/inventory/equipment/detail/49366","25","Yes","Glasslined","Dish","2,850 L (750 gallons)","","Re-glassed","1,500 mm (60 in)","Very Clean (VC)","Full Fire Polish (FF)","","Glass Lined","Yes","6.9 bar (100 psi)","232.2 °C (450 °F)","","6.2 bar (90 psi)","176.7 °C (350 °F)","Standard","Pfaudler","","Glasslined","RA","Openings: top 4-4", 1-8", 1-30"; btm 1-4"","","","","1,300 mm (52 in)","Batch Type Body Only","Legs","Galvanized","Dish","Reactor"
"49375","Glasslined Glascote Batch Type Body Only Reactor - IPP# 49375","https://ims.internationalprocessplants.com/inventory/equipment/detail/49375","24","Yes","Glasslined","Dish","1,500 L (400 gallons)","","Used","1,150 mm (46 in)","","","","Glass Lined","Yes","2.1 bar (30 psi)","260 °C (500 °F)","Carbon Steel","5.2 bar (75 psi)","343.3 °C (650 °F)","Standard","Glascote","","Glasslined","","Openings: top 14" x 18" w/cover and sight glass, 4-4", 1-6"; btm 1-3" outlet. (3) bosses w/14" bolt circle. (*)","Vertical","","","1,350 mm (54 in)","Batch Type Body Only","Lugs","Glasslined","Dish","Reactor"
"701033","Glasslined Pfaudler B Batch Type Body Only Reactor - IPP# 701033","https://ims.internationalprocessplants.com/inventory/equipment/detail/701033","21","Yes","Glasslined","Dish","2,250 L (600 gallons)","","Re-glassed","1,500 mm (59.1 in)","","","","Glass Lined","","","","Carbon Steel","","","Standard","Pfaudler","Yes","Glasslined","B","1-18" manway and 4" sight glass, 1-8", 4-4" openings - Straight side: 2-1 1/2" openings","Vertical","","","1,100 mm (43.3 in)","Batch Type Body Only","Lugs","Glasslined","Dish","Reactor"
"702196","Glasslined Lampart Batch Type Body Only Reactor - IPP# 702196","https://ims.internationalprocessplants.com/inventory/equipment/detail/702196","22","Yes","Glasslined","Dish","4,000 L (1,050 gallons)","","Used","2,650 mm (104 in)","","","","Glass Lined","","4.8 bar (70 psi)","","Carbon Steel","4.8 bar (70 psi)","","Standard","Lampart","Yes","Glasslined","","12" x 16" oval manway and cover, 11-4" and 1-6" openings","Vertical","","","3,500 mm (138 in)","Batch Type Body Only","Lugs","Glasslined","Dish","Reactor"
"702590","Glasslined Pfaudler Batch Type Body Only Reactor - IPP# 702590","https://ims.internationalprocessplants.com/inventory/equipment/detail/702590","24","Yes","Glasslined","Dish","1,350 L (360.1 gallons)","","Used","1,200 mm (47 in)","","","","Glass Lined","Yes","3 bar (43.9 psi)","200 °C (392 °F)","Carbon Steel","5.7 bar (82.5 psi)","","Standard","Pfaudler","Yes","Glasslined","","- Openings: - Top: 1-5", 4-4", 1-12" manway - Side: 4-2"","Vertical","","","1,100 mm (44 in)","Batch Type Body Only","Lugs","Glasslined","Dish","Reactor"
"70539","Stainless Steel 316 Veb Erfurt-Rudisleben Batch-Type Reactor Body - IPP# 70539","https://ims.internationalprocessplants.com/inventory/equipment/detail/70539","21","Yes","Stainless Steel 316","Dish","1,500 L (396.3 gallons)","","Used","1,150 mm (46 in)","","","","","","1.5 bar (21.8 psi)","40 °C (104 °F)","Stainless Steel Other","4 bar (58 psi)","40 °C (104 °F)","Standard","Veb Erfurt-Rudisleben","","Stainless Steel 316","","","Vertical","","","991 mm (39 in)","Batch Type Body Only","Lugs","Stainless Steel 316","Dish","Reactor"
"705409","Glasslined DeDietrich Batch Type Body Only Reactor - IPP# 705409","https://ims.internationalprocessplants.com/inventory/equipment/detail/705409","20","Yes","Glasslined","Dish","15 L (4 gallons)","","Used","285 mm (11.2 in)","","","","Glass Lined","Yes","1 bar (14.5 psi)","","Carbon Steel","6 bar (87 psi)","","Standard","DeDietrich","","Glasslined","","Openings: jacket 3-25mm; bottom 1-50mm","Vertical","","","300 mm (11.8 in)","Batch Type Body Only","Lugs","","","Reactor"
"705603","Glasslined Schwelm Batch Type Body Only Reactor - IPP# 705603","https://ims.internationalprocessplants.com/inventory/equipment/detail/705603","24","Yes","Glasslined","Dish","3,400 L (903 gallons)","","Used","1,600 mm (63 in)","","","","Glass Lined","Yes","6 bar (87 psi)","200 °C (392 °F)","Carbon Steel","5 bar (72.5 psi)","200 °C (392 °F)","Standard","Schwelm","","Glasslined","","- Top openings: 1-800mm off center grate cover (with 1-200mm), 1-200mm, 1-125mm, 4-100mm, jacket 4-50mm, bottom 1-100mm","Vertical","","","1,300 mm (50.6 in)","Batch Type Body Only","Lugs","Glasslined","Dish","Reactor"
"706268","Glasslined DeDietrich CE Batch Type Body Only Reactor - IPP# 706268","https://ims.internationalprocessplants.com/inventory/equipment/detail/706268","23","Yes","Glasslined","Dish","6,300 L (1,650 gallons)","","Used","2,000 mm (78.7 in)","","","","Glass Lined","Yes","6 bar (87 psi)","200 °C (392 °F)","Carbon Steel","","","Standard","DeDietrich","Yes","Glasslined","CE","openings: top: 770mm for grate cover, 1-450mm x 350mm manway with cover, 2-250mm, 5-150mm, jacket: 3-75mm, 2-50mm, bottom: 1-150mm","Vertical","","","2,000 mm (78.7 in)","Batch Type Body Only","","Glasslined","Dish","Reactor"
"706269","Glasslined DeDietrich CE Batch Type Body Only Reactor - IPP# 706269","https://ims.internationalprocessplants.com/inventory/equipment/detail/706269","23","Yes","Glasslined","Dish","6,300 L (1,650 gallons)","","Used","2,000 mm (78.7 in)","","","","Glass Lined","Yes","6 bar (87 psi)","200 °C (392 °F)","","","","Standard","DeDietrich","Yes","Glasslined","CE","Openings: - Top: 770mm for grate cover, 1-450mm x 350mm manway with cover, 2-250mm, 5-150mm, jacket: 3-75mm, 2-50mm, bottom: 1-150mm","Vertical","","","2,000 mm (78.7 in)","Batch Type Body Only","Ring","Glasslined","Dish","Reactor"
"706511","Glasslined DeDietrich Batch Type Body Only Reactor - IPP# 706511","https://ims.internationalprocessplants.com/inventory/equipment/detail/706511","22","Yes","Glasslined","Dish","980 L (258.9 gallons)","","Used","975 mm (38.4 in)","","","","Glass Lined","Yes","6 bar (87 psi)","200 °C (392 °F)","Carbon Steel","6 bar (87 psi)","200 °C (392 °F)","Standard","DeDietrich","","Glasslined","","jacket 3-40mm","Vertical","","","800 mm (31.5 in)","Batch Type Body Only","Lugs","","","Reactor"
"706515","Glasslined Pfaudler Batch Type Body Only Reactor - IPP# 706515","https://ims.internationalprocessplants.com/inventory/equipment/detail/706515","23","Yes","Glasslined","Dish","975 L (257.6 gallons)","","Used","1,000 mm (39.4 in)","","","","Glass Lined","Yes","6 bar (87 psi)","200 °C (392 °F)","Carbon Steel","6 bar (87 psi)","200 °C (392 °F)","Standard","Pfaudler","","Glasslined","","","Vertical","","","800 mm (31.5 in)","Batch Type Body Only","Legs","Glasslined","Dish","Reactor"
"706869","Unused Glasslined Clad DeDietrich Batch Type Body Only Reactor - IPP# 706869","https://ims.internationalprocessplants.com/inventory/equipment/detail/706869","23","Yes","Glasslined","Dish","100 L (26.4 gallons)","Yes","Unused","470 mm (18.5 in)","Very Clean (VC)","Full Fire Polish (FF)","","Glass Lined","Yes","6 bar (87 psi)","150 °C (302 °F)","","16 bar (232.1 psi)","150 °C (302 °F)","Standard","DeDietrich","","Glasslined","","","Vertical","","","430 mm (16.9 in)","Batch Type Body Only","Lugs","","","Reactor"
"71272","Glasslined Pfaudler R Batch Type Body Only Reactor - IPP# 71272","https://ims.internationalprocessplants.com/inventory/equipment/detail/71272","25","Yes","Glasslined","Dish","2,850 L (750 gallons)","","Re-glassed","1,500 mm (60 in)","","","","Glass Lined","Yes","3.4 bar (50 psi)","260 °C (500 °F)","Carbon Steel","6.2 bar (90 psi)","260 °C (500 °F)","Standard","Pfaudler","","Glasslined","R","(1) 30" main, (1) 8", (1) 6", (2) 4" nozzles. Bottom: (1) 3" outlet, (4) 3" leg couplings.","Vertical","","","1,300 mm (52 in)","Batch Type Body Only","Legs","Glasslined","Dish","Reactor"
"73491","Glasslined EHW Thale N680 Batch Type Body Only Reactor - IPP# 73491","https://ims.internationalprocessplants.com/inventory/equipment/detail/73491","24","Yes","Glasslined","Elliptical","3,950 L (1,050 gallons)","","Used","1,800 mm (70.9 in)","","","","Glass Lined","Yes","6.1 bar (88 psi)","200 °C (392 °F)","","6.1 bar (88 psi)","200 °C (392 °F)","Standard","EHW Thale","Yes","Glasslined","N680","- Openings: - Top: 1-800mm great cover opening, 300mm x 400mm manway, 2-200mm, 1-150mm, 2-100mm, 3-125mm - Bottom: 1-150mm","","","","1,250 mm (48.4 in)","Batch Type Body Only","Lugs","Glasslined","Elliptical","Reactor"
"73493","Glasslined EHW Thale N680 Batch Type Body Only Reactor - IPP# 73493","https://ims.internationalprocessplants.com/inventory/equipment/detail/73493","25","Yes","Glasslined","Elliptical","4,000 L (1,050 gallons)","","Used","1,800 mm (70.9 in)","","","","Glass Lined","Yes","6 bar (87 psi)","200 °C (392 °F)","Carbon Steel","6 bar (87 psi)","200 °C (392 °F)","Standard","EHW Thale","","Glasslined","N680","Openings: top 1-800mm great cover opening, 300mm x 400mm, 2-200mm, 3-125mm, 1-100mm; btm 1-150mm.","Vertical","","","1,250 mm (48.4 in)","Batch Type Body Only","Lugs","Glasslined","Elliptical","Reactor"
"73691","Glasslined EHW Thale N680 Batch Type Body Only Reactor - IPP# 73691","https://ims.internationalprocessplants.com/inventory/equipment/detail/73691","26","Yes","Glasslined","Elliptical","6,300 L (1,650 gallons)","","Re-glassed","2,000 mm (78.7 in)","","","","Glass Lined","Yes","6 bar (87 psi)","200 °C (392 °F)","Carbon Steel","6 bar (87 psi)","200 °C (392 °F)","Standard","EHW Thale","Yes","Glasslined","N680","Openings: top 350mm x 450mm manway, 2-200mm, 1-150mm, 2-125mm, 1-100mm sight glass; jkt 2-65mm, 2-50mm, 1-12mm; btm 1-150mm.","Vertical","","","2,600 mm (103.3 in)","Batch Type Body Only","Legs","Glasslined","Elliptical","Reactor"
"76567","Unused Glasslined Thale (Germany) C0.25/1e-2D-1-1/GN680 Batch Type Body Only Reactor - IPP# 76567","https://ims.internationalprocessplants.com/inventory/equipment/detail/76567","22","Yes","Glasslined","Elliptical","469.4 L (124 gallons)","","Unused","20,300 mm (800 in)","","","","Glass Lined","","10 bar (145 psi)","200 °C (392 °F)","Carbon Steel","10 bar (145 psi)","200 °C (392 °F)","Standard","Thale (Germany)","Yes","Glasslined","C0.25/1e-2D-1-1/GN680","","Vertical","","","10,650 mm (420 in)","Batch Type Body Only","Legs","","","Reactor"
"79937","Glasslined Pfaudler P Batch Type Body Only Reactor - IPP# 79937","https://ims.internationalprocessplants.com/inventory/equipment/detail/79937","23","Yes","Glasslined","Dish","75.7 L (20 gallons)","","Re-glassed","508 mm (20 in)","","","","Glass Lined","Yes","2.1 bar (30 psi)","232.2 °C (450 °F)","Carbon Steel","5.2 bar (75 psi)","232.2 °C (450 °F)","Standard","Pfaudler","","Glasslined","P","Bottom opening size: 1-2"","Vertical","","","457.2 mm (18 in)","Batch Type Body Only","Legs","","","Reactor"
"81119","Glasslined EHW Thale C2.5/1e-2D1-1 Batch Type Body Only Reactor - IPP# 81119","https://ims.internationalprocessplants.com/inventory/equipment/detail/81119","24","Yes","Glasslined","Dish","2,500 L (660 gallons)","","Used","1,400 mm (55.1 in)","","","","Glass Lined","Yes","10 bar (145 psi)","100 °C (212 °F)","Carbon Steel","10 bar (145 psi)","200 °C (392 °F)","Standard","EHW Thale","","Glasslined","C2.5/1e-2D1-1","","Vertical","","","1,100 mm (43.9 in)","Batch Type Body Only","Lugs","Glasslined","Dish","Reactor"
"81911","Glasslined Pfaudler E Batch Type Body Only Reactor - IPP# 81911","https://ims.internationalprocessplants.com/inventory/equipment/detail/81911","25","Yes","Glasslined","Dish","1,350 L (361.9 gallons)","","Needs Reglass","1,200 mm (47.2 in)","","","","Glass Lined","Yes","6 bar (87 psi)","200 °C (392 °F)","Carbon Steel","6 bar (87 psi)","200 °C (392 °F)","Standard","Pfaudler","","Glasslined","E","Openings: top 4-100mm, 1-200mm; btm 1-100mm.","Vertical","","","1,000 mm (39.4 in)","Batch Type Body Only","Legs","Glasslined","Dish","Reactor"
"81975","Glasslined Pfaudler Batch Type Body Only Reactor - IPP# 81975","https://ims.internationalprocessplants.com/inventory/equipment/detail/81975","24","Yes","Glasslined","Dish","1,900 L (500 gallons)","","Needs Reglass","1,400 mm (55.1 in)","","","","Glass Lined","","6 bar (87 psi)","200 °C (392 °F)","Carbon Steel","6 bar (87 psi)","200 °C (392 °F)","Standard","Pfaudler","Yes","Glasslined","","- Openings: - Openings: top 300mm x 400mm manway, 1-200mm, 5-100mm, 2-80mm, bottom: 1-100mm","Vertical","","","1,200 mm (47.2 in)","Batch Type Body Only","Lugs","Glasslined","Dish","Reactor"
"81988","Glasslined DeDietrich STU Batch Type Body Only Reactor - IPP# 81988","https://ims.internationalprocessplants.com/inventory/equipment/detail/81988","24","Yes","Glasslined","Dish","1,300 L (343.4 gallons)","","Needs Reglass","1,200 mm (48 in)","","","","Glass Lined","","6.1 bar (88 psi)","200 °C (392 °F)","Carbon Steel","6.1 bar (88 psi)","200 °C (392 °F)","Standard","DeDietrich","","Glasslined","STU","Openings: top 1-8" (200mm), 1-6" (150mm), 2-4" (100mm)","Vertical","","","1,000 mm (40 in)","Batch Type Body Only","Legs","Glasslined","Dish","Reactor"
"81993","Glasslined DeDietrich STU Batch Type Body Only Reactor - IPP# 81993","https://ims.internationalprocessplants.com/inventory/equipment/detail/81993","24","Yes","Glasslined","Dish","1,200 L (315 gallons)","","Needs Reglass","1,200 mm (48 in)","","","","Glass Lined","","6.1 bar (88 psi)","200 °C (392 °F)","Carbon Steel","6.1 bar (88 psi)","200 °C (392 °F)","Standard","DeDietrich","","Glasslined","STU","- Openings: top 12" x 16", 1-8" (200mm), 1-6" (150mm), 2-4" (100mm)","Vertical","","","1,000 mm (40 in)","Batch Type Body Only","Legs","Glasslined","Dish","Reactor"
"82033","Glasslined Pfaudler E Batch Type Body Only Reactor - IPP# 82033","https://ims.internationalprocessplants.com/inventory/equipment/detail/82033","23","Yes","Glasslined","Dish","2,000 L (528 gallons)","","Used","1,150 mm (46 in)","","","","Glass Lined","Yes","6 bar (87 psi)","200 °C (392 °F)","","6 bar (87 psi)","200 °C (392 °F)","Standard","Pfaudler","","Glasslined","E","Openings: top 300mm x 400mm (no cover), 1-200mm, 4-100mm, 2-80mm; btm 1-100mm","","","","1,100 mm (44 in)","Batch Type Body Only","Lugs","Glasslined","Dish","Reactor"
"83398","Glasslined Pfaudler E Batch Type Body Only Reactor - IPP# 83398","https://ims.internationalprocessplants.com/inventory/equipment/detail/83398","24","Yes","Glasslined","Dish","4,000 L (1,050 gallons)","","Used","1,800 mm (70 in)","","","","Glass Lined","Yes","6 bar (87 psi)","","Carbon Steel","6 bar (87 psi)","200 °C (392 °F)","Standard","Pfaudler","","Glasslined","E","Openings: top 1-30", 1-10" (250mm), 6-4" (100mm); btm 1-4" (100mm).","Vertical","","","1,950 mm (76 in)","Batch Type Body Only","Legs","Glasslined","Dish","Reactor"
"83433","Glasslined Pfaudler E Batch Type Body Only Reactor - IPP# 83433","https://ims.internationalprocessplants.com/inventory/equipment/detail/83433","26","Yes","Glasslined","Dish","2,150 L (568 gallons)","","Used","35,550 mm (1,400 in)","","","","Glass Lined","Yes","6 bar (87 psi)","200 °C (392 °F)","Carbon Steel","6 bar (87 psi)","200 °C (392 °F)","Standard","Pfaudler","Yes","Glasslined","E","- Openings: - Top: 350mm x 450mm manway w/100mm sight glass, 1-200mm, 1-125mm (agit nozzle), 4-100mm (1-baffle), 1-80mm - Jacket: 4-80mm, 2-25mm, 1-12mm - Bottom: 1-100mm","Vertical","","","30,500 mm (1,200 in)","Batch Type Body Only","Lugs","Glasslined","Dish","Reactor"
"85050","Unused Glasslined Schwelm Batch Type Body Only Reactor - IPP# 85050","https://ims.internationalprocessplants.com/inventory/equipment/detail/85050","22","Yes","Glasslined","Dish","3,750 L (990 gallons)","","Unused","2,200 mm (86.6 in)","","","","Glass Lined","Yes","3 bar (43.5 psi)","","","3 bar (43.5 psi)","200 °C (392 °F)","Standard","Schwelm","","Glasslined","","Openings: top 1-400mm, 400mm x 300mm, 1-500mm, 1-250mm center nozzle for flange mtd drive, 4-75mm, 3-100mm; str side 2-76mm, 1-12mm; btm 1-100mm, 2-76mm","Vertical","","","500 mm (19.7 in)","Batch Type Body Only","Lugs","Glasslined","Dish","Reactor"
"85116","Glasslined Schwelm Batch Type Body Only Reactor - IPP# 85116","https://ims.internationalprocessplants.com/inventory/equipment/detail/85116","24","Yes","Glasslined","Dish","6,300 L (1,650 gallons)","","Needs Reglass","2,000 mm (78.7 in)","","","","Glass Lined","Yes","6.1 bar (88 psi)","200 °C (392 °F)","Carbon Steel","6.1 bar (88 psi)","200 °C (392 °F)","Standard","Schwelm","","Glasslined","","top 1-250mm, 3-150mm, 6-100mm; btm 1-150mm","Vertical","","","1,600 mm (63 in)","Batch Type Body Only","Lugs","Glasslined","Dish","Reactor"
"85512","Glasslined Pfaudler E Batch Type Body Only Reactor - IPP# 85512","https://ims.internationalprocessplants.com/inventory/equipment/detail/85512","26","Yes","Glasslined","Dish","8,000 L (2,100 gallons)","","Needs Reglass","2,000 mm (79 in)","","","","Glass Lined","Yes","6.1 bar (88 psi)","200 °C (392 °F)","Carbon Steel","6.1 bar (88 psi)","200 °C (392 °F)","Standard","Pfaudler","Yes","Glasslined","E","- Openings: top - (1) 4-5" (125mm), (1) 12" (300mm), (1) 14" x 18" (350mm x 450mm) manway; bottom - (1) 150mm center outlet","Vertical","","","2,600 mm (102 in)","Batch Type Body Only","Legs","Glasslined","Dish","Reactor"
"86049","Glasslined Pfaudler R60 Batch Type Body Only Reactor - IPP# 86049","https://ims.internationalprocessplants.com/inventory/equipment/detail/86049","25","Yes","Glasslined","Dish","2,850 L (750 gallons)","","Re-glassed","1,500 mm (60 in)","","","","Glass Lined","Yes","6.9 bar (100 psi)","232.2 °C (450 °F)","Carbon Steel","6.2 bar (90 psi)","176.7 °C (350 °F)","Standard","Pfaudler","","Glasslined","R60","Openings: 1-6", 1-5", 2-4", 1-30"; btm 1-4" outlet.","Vertical","","","1,300 mm (52 in)","Batch Type Body Only","Legs","Glasslined","Dish","Reactor"
"90415","Glasslined Pfaudler ELL Batch Type Body Only Reactor - IPP# 90415","https://ims.internationalprocessplants.com/inventory/equipment/detail/90415","24","Yes","Glasslined","Dish","1,900 L (500 gallons)","","Re-glassed","1,500 mm (60 in)","","","","Glass Lined","Yes","1.72 bar (25 psi)","176.7 °C (350 °F)","Carbon Steel","6.2 bar (90 psi)","176.7 °C (350 °F)","Standard","Pfaudler","","Glasslined","ELL","Openings: top 12" x 16" , one 4 3/8" drive nozzle with four bosses, , 3-4", 1-8"; bottom 1-3".","","","","1,300 mm (52 in)","Batch Type Body Only","Lugs","Glasslined","Dish","Reactor"
"90589","Glasslined Pfaudler Batch Type Body Only Reactor - IPP# 90589","https://ims.internationalprocessplants.com/inventory/equipment/detail/90589","20","Yes","Glasslined","Dish","500 L (132.1 gallons)","","Re-glassed","800 mm (31.5 in)","","","","Glass Lined","Yes","2 bar (29 psi)","","Carbon Steel","11 bar (159.5 psi)","200 °C (392 °F)","Standard","Pfaudler","","Glasslined","","","Vertical","","","750 mm (29.5 in)","Batch Type Body Only","Ring","","","Reactor"
"92498","Glasslined DeDietrich SA Batch Type Body Only Reactor - IPP# 92498","https://ims.internationalprocessplants.com/inventory/equipment/detail/92498","25","Yes","Glasslined","Dish","2,850 L (750 gallons)","","Used","1,550 mm (61.5 in)","","","","Glass Lined","Yes","6.9 bar (100 psi)","260 °C (500 °F)","Carbon Steel","6.2 bar (90 psi)","260 °C (500 °F)","Standard","DeDietrich","","Glasslined","SA","bottom (1)-4", (4) -4" (1)8" 30" opening","Vertical","","","1,250 mm (50 in)","Batch Type Body Only","Legs","Glasslined","Dish","Reactor"
"93030","Glasslined Pfaudler (Germany) Batch Type Body Only Reactor - IPP# 93030","https://ims.internationalprocessplants.com/inventory/equipment/detail/93030","23","Yes","Glasslined","Cone","492.1 L (130 gallons)","","Used","1,000 mm (39.4 in)","","","","Glass Lined","Yes","3 bar (43.5 psi)","","Carbon Steel","4.5 bar (65.3 psi)","","Standard","Pfaudler (Germany)","Yes","Glasslined","","Openings: top 250mm x 350mm oval manway, 1-150mm, 1-100mm sight glass, 2-75mm, 2-50mm; 1-150mm center btm outlet.","Vertical","","","390 mm (15.4 in)","Batch Type Body Only","Lugs","Glasslined","Dish","Reactor"
"94370","Glasslined DeDietrich Batch Type Body Only Reactor - IPP# 94370","https://ims.internationalprocessplants.com/inventory/equipment/detail/94370","22","Yes","Glasslined","Dish","2,550 L (671 gallons)","","Re-glassed","1,300 mm (51.2 in)","","","","Glass Lined","Yes","6 bar (87 psi)","200 °C (392 °F)","Carbon Steel","6 bar (87 psi)","200 °C (392 °F)","Standard","DeDietrich","","Glasslined","","Openings: jkt 2-80mm, 3-40mm, 1-12mm; btm 1-100mm.","Vertical","","","1,050 mm (41.9 in)","Batch Type Body Only","Lugs","","","Reactor"
"94371","Glasslined Pfaudler Batch Type Body Only Reactor - IPP# 94371","https://ims.internationalprocessplants.com/inventory/equipment/detail/94371","18","Yes","Glasslined","Dish","2,000 L (528 gallons)","","Re-glassed","1,300 mm (51.2 in)","","","","Glass Lined","","","","Carbon Steel","6 bar (87 psi)","200 °C (392 °F)","Standard","Pfaudler","","Glasslined","","Openings: jacket 2-40mm, 1-12mm; bottom 1-100mm.","","","","1,050 mm (41.9 in)","Batch Type Body Only","Lugs","","","Reactor"
"94481","Unused Glasslined DeDietrich Batch Type Body Only Reactor - IPP# 94481","https://ims.internationalprocessplants.com/inventory/equipment/detail/94481","24","Yes","Glasslined","Dish","355 L (93.8 gallons)","","Unused","750 mm (29.5 in)","Very Clean (VC)","Full Fire Polish (FF)","","Glass Lined","Yes","6 bar (87 psi)","200 °C (392 °F)","Carbon Steel","6 bar (87 psi)","200 °C (392 °F)","Standard","DeDietrich","","Glasslined","","Openings: top 1-750mm; str side 2-25mm, 1-12mm; btm 1-50mm, 3-25mm","Vertical","","","400 mm (15.7 in)","Batch Type Body Only","Legs","","","Reactor"
"94484","Glasslined DeDietrich (France) Batch Type Body Only Reactor - IPP# 94484","https://ims.internationalprocessplants.com/inventory/equipment/detail/94484","25","Yes","Glasslined","Dish","290 L (76.6 gallons)","","Re-glassed","900 mm (35.4 in)","Very Clean (VC)","Full Fire Polish (FF)","","Glass Lined","","2 bar (29 psi)","","Carbon Steel","6 bar (87 psi)","200 °C (392 °F)","Standard","DeDietrich (France)","Yes","Glasslined","","Openings: top 1-100mm manway w/cover, 4-50mm, 1-100mm; str side (jkt) 2-38mm, 2-25mm, 1-12mm; 1-50mm center btm outlet w/valve, 2-25mm","Vertical","","","600 mm (23.6 in)","Batch Type Body Only","Legs","Glasslined","Dish","Reactor"
"94504","Stainless Steel Austenitic Schulz (Germany) Batch-Type Agitated Reactor - IPP# 94504","https://ims.internationalprocessplants.com/inventory/equipment/detail/94504","20","Yes","","Dish","500 L (132.1 gallons)","","Used","1,000 mm (39.4 in)","","","","","Yes","6 bar (87 psi)","130 °C (266 °F)","Carbon Steel","6 bar (87 psi)","-20 °C (-4 °F)","","Schulz (Germany)","","Stainless Steel Austenitic","","Openings: top 1-200mm, 1-150mm, 4-50mm, 1-100mm sight glass; straight side 2-50mm, 1-12mm; bottom 1-100mm, 2-50mm","Vertical","","","720 mm (28.3 in)","Batch Type Body Only","Lugs","","Dish","Reactor"
"95550","Glasslined Pfaudler ELL Batch Type Body Only Reactor - IPP# 95550","https://ims.internationalprocessplants.com/inventory/equipment/detail/95550","25","Yes","Glasslined","Dish","1,900 L (500 gallons)","","Re-glassed","1,500 mm (60 in)","Very Clean (VC)","Full Fire Polish (FF)","","Glass Lined","Yes","1.72 bar (25 psi)","176.7 °C (350 °F)","Carbon Steel","5.9 bar (85 psi)","176.7 °C (350 °F)","Standard","Pfaudler","","Glasslined","ELL","","Vertical","","","1,300 mm (52 in)","Batch Type Body Only","Legs","","Open","Reactor"
"95826","Glasslined DeDietrich BE Batch Type Body Only Reactor - IPP# 95826","https://ims.internationalprocessplants.com/inventory/equipment/detail/95826","26","Yes","Glasslined","Dish","3,450 L (917 gallons)","","Used","1,600 mm (63 in)","","","","Glass Lined","Yes","6 bar (87 psi)","200 °C (392 °F)","Carbon Steel","6 bar (87 psi)","200 °C (392 °F)","Standard","DeDietrich","Yes","Glasslined","BE","top 1-500mm manway, 2-200mm, 5-100mm; jkt 5-50mm, 1-12mm; btm 1-100mm.","Vertical","","","2,250 mm (87.9 in)","Batch Type Body Only","Legs","Glasslined","Dish","Reactor"
