"stock_number","title","url","attribute_count","Agitation","Agitation Seal Type","Agitator Details","Baffle Details","Baffle Type","Body Only","Bottom Head Material","Bottom Head Type","CIP","Capacity (Design)","Clad","Condition","Diameter","Drive Power","Glass Condition","Glass Fire Polish","Impeller Type","Internal Coil","Internal Finish","Internal Full Vacuum","Internal Pressure","Internal Temperature","Jacket Material of Construction","Jacket Pressure","Jacket Temperature","Jacket Type","Manufacturer","Manway","Material","Model","Motor Power","Nozzle Schedule","Orientation","Sanitary Construction","Sanitary Jacket Shroud","Straight Side Length","Subtype","Support Type","Top Head Material","Top Head Type","Type"
"100392","Batch-Type Agitated Reactor 3,500 L (925 gallons) Stainless Steel 321 For Sale - IPP# 100392","https://ims.internationalprocessplants.com/inventory/equipment/detail/100392","24","Yes","Mechanical","- Agitator: double spiral, driven by 3.75/15HP, 3/50/400/440V, 340-1455 RPM motor, - Shaft seal: double mechanical seal","","","","","Cone","","3,500 L (925 gallons)","","Used","1,200 mm (48.2 in)","","","","","Yes","","","25.9 bar (375 psi)","315.6 °C (600 °F)","Carbon Steel","5.2 bar (75 psi)","360 °C (680 °F)","Standard","Taylor Reid & Co Ltd","","Stainless Steel 321","","11.2 kW (15 HP)","- Top: bolted dished top, with 1-200mm, 2-75mm, 1-50mm openings - Straight side: with 4-25mm, 2-75mm, 1-38mm, 1-30mm openings - Bottom: with 1-75mm, 3-50mm, 1-25mm openings","Vertical","","","1,800 mm (70.2 in)","Batch-Type Agitated","Lugs","","Dish","Reactor"
"100393","Batch-Type Agitated Reactor 3,500 L (925 gallons) Stainless Steel 321 For Sale - IPP# 100393","https://ims.internationalprocessplants.com/inventory/equipment/detail/100393","23","Yes","Mechanical","- Agitator: double spiral - Shaft seal: double mechanical","","","","","Cone","","3,500 L (925 gallons)","","Used","1,200 mm (48.2 in)","","","","","Yes","","","25.9 bar (375 psi)","315.6 °C (600 °F)","Carbon Steel","5.2 bar (75 psi)","360 °C (680 °F)","","Taylor Reid & Co Ltd","","Stainless Steel 321","","11.2 kW (15 HP)","- Openings: - Top: 1-200mm, 2-75mm, 1-50mm - Straight side: 4-25mm, 2-75mm, 1-38mm, 1-30mm - Bottom: 1-75mm, 3-50mm, 1-25mm","Vertical","","","1,800 mm (70.2 in)","Batch-Type Agitated","Lugs","","Dish","Reactor"
"100394","Batch-Type Agitated Reactor 3,500 L (925 gallons) Stainless Steel 321 For Sale - IPP# 100394","https://ims.internationalprocessplants.com/inventory/equipment/detail/100394","23","Yes","Mechanical","- Agitated: Yes, with double spiral agitator","","","","","Cone","","3,500 L (925 gallons)","","Used","1,200 mm (48.2 in)","","","","","Yes","","","25.9 bar (375 psi)","315.6 °C (600 °F)","Carbon Steel","5.2 bar (75 psi)","360 °C (680 °F)","","Taylor Reid & Co Ltd","","Stainless Steel 321","","11.2 kW (15 HP)","- Top: Bolted dished top with 1-200mm, 2-75mm, and 1-50mm openings - Straight side: 4-25mm, 2-75mm, 1-38mm, and 1-30mm openings - Bottom: Welded cone bottom with 1-75mm, 3-50mm, and 1-25mm openings","Vertical","","","1,800 mm (70.2 in)","Batch-Type Agitated","Lugs","","Dish","Reactor"
"100395","Batch-Type Agitated Reactor 3,500 L (925 gallons) Stainless Steel 321 For Sale - IPP# 100395","https://ims.internationalprocessplants.com/inventory/equipment/detail/100395","23","Yes","Mechanical","double spiral agitator","","","","","Cone","","3,500 L (925 gallons)","","Used","1,200 mm (48.2 in)","","","","","Yes","","","25.9 bar (375 psi)","315.6 °C (600 °F)","Carbon Steel","5.2 bar (75 psi)","360 °C (680 °F)","","Taylor Reid & Co. and Preston Engineering","","Stainless Steel 321","","11.2 kW (15 HP)","Openings: Top- 2- 3" (75mm), 1- 2" (50mm), 4-1" (25mm), Straight side- jacket 2- 3" (75mm), 1- 11/2" (38mm), bottom 1-3" (75mm), 3-2" (50mm) (1 for jacket, 2 for coil),1-1" (25mm)","Vertical","","","1,800 mm (70.2 in)","Batch-Type Agitated","Lugs","","Dish","Reactor"
"100612","Glasslined DeDietrich STA Batch-Type Agitated Reactor - IPP# 100612","https://ims.internationalprocessplants.com/inventory/equipment/detail/100612","22","Yes","Packing","W/3-blade retreat curve impellor agit,","2-finger upward baffle w/restricted tip.","Finger Baffle","","","Dish","","875 L (231.2 gallons)","","Used","1,000 mm (39.4 in)","","","","","","","Yes","2 bar (29 psi)","","","6 bar (87 psi)","200 °C (392 °F)","","DeDietrich","","Glasslined","STA","2.2 kW (3 HP)","Openings: top 1-200mm handway w/cover w/125mm sight glass, 1-150mm, 1-100mm, 2-65mm; jkt 4-32mm, 1-12mm; 1-80mm center btm outlet.","","","","1,200 mm (46.5 in)","Batch-Type Agitated","Lugs","","","Reactor"
"100613","Glasslined DeDietrich STA Batch-Type Agitated Reactor - IPP# 100613","https://ims.internationalprocessplants.com/inventory/equipment/detail/100613","23","Yes","Packing","W/3-blade retreat curve impellor agit,","2-finger upward baffle w/restricted tip","Finger Baffle","","","Dish","","875 L (231.2 gallons)","","Used","1,000 mm (39.4 in)","","","","","","","Yes","2 bar (29 psi)","","","6 bar (87 psi)","200 °C (392 °F)","","DeDietrich","","Glasslined","STA","2.2 kW (3 HP)","Openings: top 1-200mm handway w/125mm sight glass, 1-150mm, 1-100mm, 2-65mm; jkt 4-32mm, 1-12mm; 1-80mm center btm outlet.","","","","1,200 mm (46.5 in)","Batch-Type Agitated","Lugs","","Dish","Reactor"
"100614","Glasslined DeDietrich STA Batch-Type Agitated Reactor - IPP# 100614","https://ims.internationalprocessplants.com/inventory/equipment/detail/100614","23","Yes","Packing","plastic coated 6-blade turbine agit.","- Baffle: 2-finger upward baffle","Finger Baffle","","","Dish","","875 L (231.2 gallons)","","Used","1,000 mm (39.4 in)","","","","","","","Yes","2 bar (29 psi)","","","6 bar (87 psi)","","","DeDietrich","Yes","Glasslined","STA","1.5 kW (2 HP)","Openings: top 1-200mm handway w/cover, 1-150mm, 2-65mm, 1-100mm; jkt 4-32mm, 1-12mm; 1-80mm center btm outlet.","","","","1,200 mm (46.5 in)","Batch-Type Agitated","Lugs","","Dish","Reactor"
"100761","Glasslined Tycon AE Batch-Type Agitated Reactor - IPP# 100761","https://ims.internationalprocessplants.com/inventory/equipment/detail/100761","24","Yes","Mechanical","- Agitator: Equipped with a 3-blade retreat curve impellor agitator and a dry running mechanical seal on the shaft - Motor: 2.5 KW motor, driven by a Reeves variable speed drive with a Ruba gear reducer (Type 332-C-15, SN 78218-1) and an output speed of 20-120 rpm","2-finger upward baffle","Finger Baffle","","","Dish","","1,450 L (381.7 gallons)","","Used","1,200 mm (47.2 in)","","","","","","","Yes","3.2 bar (46.4 psi)","","Carbon Steel","6 bar (87 psi)","200 °C (392 °F)","","Tycon","Yes","Glasslined","AE","2.5 kW (3.4 HP)","- Top: Clamp dished top with a 350mm x 450mm manway and cover, and a 125mm sight glass - Bottom: Welded dished bottom with a 100mm center outlet","","","","1,000 mm (39.4 in)","Batch-Type Agitated","","","Dish","Reactor"
"101259","Stainless Steel 316 Batch-Type Agitated Reactor - IPP# 101259","https://ims.internationalprocessplants.com/inventory/equipment/detail/101259","27","Yes","Packing","Reliance Mdl 5-SM156 agit drive, SN 10111463, 4-blade pitch paddle agit,","(4) welded baffles","","","","Dish","","378.5 L (100 gallons)","","Used","762 mm (30 in)","0.75 kW (1 HP)","","","","","","Yes","5.2 bar (75 psi)","176.7 °C (350 °F)","Carbon Steel","6.9 bar (100 psi)","176.7 °C (350 °F)","Standard","Patterson Ind","Yes","Stainless Steel 316","","0.75 kW (1 HP)","Openings: top 6" x 10" manway w/hinged cover and swing bolt closure, 2-2", 1-4", 1-1 1/2", 1-1"; side 1-2"; 2" center btm outlet.","Vertical","","","864 mm (34 in)","Batch-Type Agitated","Legs","","Dish","Reactor"
"101388","Glasslined Pfaudler P Batch-Type Agitated Reactor - IPP# 101388","https://ims.internationalprocessplants.com/inventory/equipment/detail/101388","16","","","","","","","","Dish","","37.9 L (10 gallons)","","Re-glassed","355.6 mm (14 in)","","","","","","","Yes","1.72 bar (25 psi)","176.7 °C (350 °F)","","8.3 bar (120 psi)","176.7 °C (350 °F)","","Pfaudler","","Glasslined","P","","","","","","457.2 mm (18 in)","Batch-Type Agitated","Legs","","","Reactor"
"101479","Stainless Steel 304 Batch-Type Agitated Reactor - IPP# 101479","https://ims.internationalprocessplants.com/inventory/equipment/detail/101479","25","","Mechanical","Lightnin Mdl 83-S-15 drive, SN 75/6918777, rated 15 HP, 7.79:1 ratio, 230 rpm output, thru 15 HP Allispeed drive, 15 HP, 3/60/230/460 volt motor. Mech seal. 2-blade str paddle","(4) baffles on wall","","","","Dish","","3,800 L (1,000 gallons)","","Used","1,350 mm (54 in)","11.2 kW (15 HP)","","","","","","Yes","2.1 bar (30 psi)","176.7 °C (350 °F)","Inconel","6.9 bar (100 psi)","176.7 °C (350 °F)","Dimple","Alloy Fab","","Stainless Steel 304","","11.2 kW (15 HP)","Openings: top 1-16"" w/cover on davit (swing bolt closure), 4-1"", 4-2"", 1-4"" sight glass; btm 1-2"", 1-1 1/2""; btm side 6-1 1/2"","Vertical","","","2,650 mm (104 in)","Batch-Type Agitated","Lugs","","Dish","Reactor"
"101853","Glasslined Pfaudler P Batch-Type Agitated Reactor - IPP# 101853","https://ims.internationalprocessplants.com/inventory/equipment/detail/101853","18","","","","","","","","Dish","","757 L (200 gallons)","","Used","914 mm (36 in)","","","","","","","Yes","1.72 bar (25 psi)","232.2 °C (450 °F)","","6.9 bar (100 psi)","176.7 °C (350 °F)","","Pfaudler","","Glasslined","P","","Openings: top 1-8", 2-3", 3-2"; btm 1-2"","","","","898 mm (35.4 in)","Batch-Type Agitated","Lugs","","Dish","Reactor"
"102397","Stainless Steel 316 Batch-Type Agitated Reactor - IPP# 102397","https://ims.internationalprocessplants.com/inventory/equipment/detail/102397","21","","","","","","Yes","","Dish","","2,450 L (650 gallons)","","Used","1,200 mm (48 in)","","","","","Yes","","","6.9 bar (100 psi)","182.2 °C (360 °F)","Carbon Steel","9.7 bar (140 psi)","182.2 °C (360 °F)","Standard","Hicks","","Stainless Steel 316","","","Openings: top 2-3", 1-4", 2-6", 1-10"; side btm 1-6"; 4" center btm outlet.","Vertical","","","1,850 mm (72 in)","Batch-Type Agitated","Lugs","","Dish","Reactor"
"102620","Glasslined Pfaudler RA Batch-Type Agitated Reactor - IPP# 102620","https://ims.internationalprocessplants.com/inventory/equipment/detail/102620","24","Yes","Mechanical","alloy anchor agitator, Pfaudler 5TW agit drive","","","","","Dish","","3,800 L (1,000 gallons)","","Re-glassed","1,500 mm (60 in)","19.2 kW (25.8 HP)","","","","","","Yes","6.9 bar (100 psi)","343.3 °C (650 °F)","","6.2 bar (90 psi)","176.7 °C (350 °F)","","Pfaudler","Yes","Glasslined","RA","7.5 kW (10 HP)","Openings: top 1-8", 4-4", 2-2", 14" x 18" manway; btm 1-4".","","","","1,850 mm (72 in)","Batch-Type Agitated","Legs","","Dish","Reactor"
"103472","Glasslined Pfaudler (Germany) CE Batch-Type Agitated Reactor - IPP# 103472","https://ims.internationalprocessplants.com/inventory/equipment/detail/103472","21","","Mechanical","Equipped with 1100mm diameter 3-blade retreat curve impellor agitator., Pfaudler Type VSA20G agitator drive,","","D-Baffle","","","Dish","","4,000 L (1,050 gallons)","","Re-glassed","1,800 mm (70.9 in)","","","","","","","Yes","16 bar (232.1 psi)","","","14 bar (203.1 psi)","200 °C (392 °F)","","Pfaudler (Germany)","Yes","Glasslined","CE","11 kW (14.8 HP)","Openings: top 350mm x 450mm manway with cover and 1-100 mm sight glass, 5-150 mm, 2-250 mm; 1-100mm bottom outlet.","","","","2,150 mm (83.9 in)","Batch-Type Agitated","","","Dish","Reactor"
"103481","Glasslined Pfaudler (Germany) E Batch-Type Agitated Reactor - IPP# 103481","https://ims.internationalprocessplants.com/inventory/equipment/detail/103481","24","Yes","Mechanical","Pfaudler VS5 agit drive, 3-blade retreat curve impellor agit","2-finger upward baffle w/restricted tip","Finger Baffle","","","Dish","","1,350 L (362.4 gallons)","","Used","1,200 mm (47.2 in)","3.5 kW (4.7 HP)","","","","","","Yes","6 bar (87 psi)","","","6 bar (87 psi)","200 °C (392 °F)","","Pfaudler (Germany)","Yes","Glasslined","E","3.5 kW (4.7 HP)","Openings: top 350mm x 450mm nucerite manway w/cover, 4-100mm, 1-150mm; 1-100mm center btm outlet.","","","","1,250 mm (49.6 in)","Batch-Type Agitated","","","Dish","Reactor"
"103511","Glasslined Schwelmer CE Batch-Type Agitated Reactor - IPP# 103511","https://ims.internationalprocessplants.com/inventory/equipment/detail/103511","21","","","Equipped w/950 mm dia 3-blade retreat curve impellor agitator, dip tube ,","2-finger upward baffle w/restricted tip.","Finger Baffle","","","Dish","","4,400 L (1,150 gallons)","","Re-glassed","1,800 mm (70.9 in)","","","","Retreat Curve","","","Yes","16 bar (232.1 psi)","","","16 bar (232.1 psi)","200 °C (392 °F)","","Schwelmer","Yes","Glasslined","CE","","Openings: top 350mm x 450mm manway w/cover and 100mm sight glass, 1-100mm, 1-125mm, 3-150mm, 1-250mm; 1-100mm center bottom outlet.","","","","1,100 mm (43.3 in)","Batch-Type Agitated","","","Dish","Reactor"
"103515","Glasslined Schwelmer (Germany) Batch-Type Agitated Reactor - IPP# 103515","https://ims.internationalprocessplants.com/inventory/equipment/detail/103515","20","Yes","Mechanical","- Type: Agitated jacketed reactor, - Agitator: 950mm diameter nucerite 3-blade retreat curve impeller - Mechanical seal on shaft - Agitator drive: Kestermann Type SVO-100-3, 85/47.5 rpm output speed, 5.5/7.7 KW, 3/50/380 volt, 1450 rpm motor","- D-baffle","D-Baffle","","","","","3,800 L (1,000 gallons)","","Used","45,700 mm (1,800 in)","","","","","","","Yes","15 bar (217.6 psi)","","","9 bar (130.5 psi)","200 °C (392 °F)","","Schwelmer (Germany)","Yes","Glasslined","","7.7 kW (10.3 HP)","- Openings: - Top: 350mm x 450mm manway with cover and 100mm sight glass, 1-250mm, 3-150mm, 1-125mm, 1-100mm - Bottom: 1-100mm outlet - Internal: 1-150mm outlet","","","","57,150 mm (2,250 in)","Batch-Type Agitated","","","","Reactor"
"103767","Glasslined Schwelm ST Batch-Type Agitated Reactor - IPP# 103767","https://ims.internationalprocessplants.com/inventory/equipment/detail/103767","24","Yes","Mechanical","- Agitator drive: Leroy Soner Type 1413V1, 13:1 ratio - Motor: Flange mounted 10 KW, 3/50/220 volt, 1500 rpm - Agitator type: 3-finger retreat curve - Seal type: Mechanical seal","","","","","Dish","","4,900 L (1,300 gallons)","","Used","45,700 mm (1,800 in)","","","","","","","Yes","6 bar (87 psi)","200 °C (392 °F)","Carbon Steel","6 bar (87 psi)","200 °C (392 °F)","","Schwelm","Yes","Glasslined","ST","10 kW (13.4 HP)","- Openings: - Top: 2-250mm, 5-150mm, 350mm x 450mm manway - Jacket: 1-80mm, 4-50mm, 2-12mm - Bottom: 1-100mm","","","","1,450 mm (56.7 in)","Batch-Type Agitated","Lugs","","Dish","Reactor"
"103768","Glasslined DeDietrich STU Batch-Type Agitated Reactor - IPP# 103768","https://ims.internationalprocessplants.com/inventory/equipment/detail/103768","22","Yes","Packing","DeDietrich Mdl MCR70 agit drive, belt driven. 3-blade retreat curve agit","","","","","Dish","","3,250 L (859 gallons)","","Used","1,600 mm (63 in)","","","","","","","Yes","6 bar (87 psi)","200 °C (392 °F)","Carbon Steel","6 bar (87 psi)","200 °C (392 °F)","","DeDietrich","Yes","Glasslined","STU","","Openings: top 350mm x 450mm manway, 1-250mm, 1-150mm, 4-100mm; jkt 2-80mm, 6-50mm; btm 1-100mm.","","","","1,100 mm (44.1 in)","Batch-Type Agitated","","","Dish","Reactor"
"103769","Glasslined DeDietrich STU Batch-Type Agitated Reactor - IPP# 103769","https://ims.internationalprocessplants.com/inventory/equipment/detail/103769","25","Yes","Packing","- Agitator drive: DeDietrich Mdl 1413V1, 13:1 ratio, belt driven with varispeed pulleys - Motor: 7.5 KW, 3/50/220/380 volt (missing) - Gland type: Low duty packing - Agitator type: 3-blade retreat curve","- Baffle type: 2-finger up","Finger Baffle","","","Dish","","4,400 L (1,150 gallons)","","Used","1,800 mm (70.9 in)","","","","","","","Yes","6 bar (87 psi)","200 °C (392 °F)","Carbon Steel","6 bar (87 psi)","200 °C (392 °F)","","DeDietrich","Yes","Glasslined","STU","7.5 kW (10.1 HP)","- Openings: - Top: 1-250mm, 1-125mm, 3-100mm, 350mm x 450mm manway - Jacket: 4-50mm - Bottom: 1-100mm","","","","1,200 mm (47.2 in)","Batch-Type Agitated","","","Dish","Reactor"
"104023","Glasslined Pfaudler (Germany) E Batch-Type Agitated Reactor - IPP# 104023","https://ims.internationalprocessplants.com/inventory/equipment/detail/104023","22","Yes","Mechanical","900mm dia 3-blade retreat curve impellor agit. Agit output speed 60 rpm.","W/Type 83 2-finger upward baffle.","Finger Baffle","","","","","1,350 L (362.4 gallons)","","Used","1,200 mm (47.2 in)","","","","","","","Yes","6 bar (87 psi)","","","6 bar (87 psi)","200 °C (392 °F)","","Pfaudler (Germany)","Yes","Glasslined","E","2.2 kW (3 HP)","Openings: top 300mm x 400mm manway, 1-150mm, 2-100mm sight glasses, 3-100mm; 1-100mm center btm outlet.","","","","1,250 mm (49.2 in)","Batch-Type Agitated","Legs","","","Reactor"
"104025","Glasslined Pfaudler (Germany) Batch-Type Agitated Reactor - IPP# 104025","https://ims.internationalprocessplants.com/inventory/equipment/detail/104025","19","Yes","Packing","1250mm dia anchor agit, Bauer Type DF443/164 agit drive, Agit output speed 60 rpm","Dip tube baffle w/restricted tip and Ruessel temp sensor","","","","","","1,000 L (264.2 gallons)","","Used","1,500 mm (59.1 in)","","","","","","","","2.9 bar (42.6 psi)","","","5.9 bar (85.3 psi)","200 °C (392 °F)","","Pfaudler","Yes","Glasslined","","2.2 kW (3 HP)","Openings: top 350mm x 450mm manway, 1-400mm, 2-100mm sight glasses, 6-70mm; 1-100mm center btm outlet.","","","","1,200 mm (47.2 in)","Batch-Type Agitated","Lugs","","","Reactor"
"104572","Glasslined Von Roll NK2 Batch-Type Agitated Reactor - IPP# 104572","https://ims.internationalprocessplants.com/inventory/equipment/detail/104572","22","Yes","Mechanical","3-blade retreat curve impellor agitator; With Spiess Tschudin agitator drive, Type FZS63F, rated 4.9 PS.","","","","","Dish","","1,500 L (396.3 gallons)","","Used","1,200 mm (47.2 in)","","","","","","","Yes","6 bar (87 psi)","","","7 bar (101.5 psi)","200 °C (392 °F)","","Von Roll","Yes","Glasslined","NK2","5 kW (6.7 HP)","Openings: top 350mm x 450mm manway w/cover, 2-200mm, 5-100mm; 1-100mm center bottom outlet","","","","1,200 mm (47.2 in)","Batch-Type Agitated","Lugs","","Dish","Reactor"
"104577","Stainless Steel 316 Otto Wild Batch-Type Agitated Reactor - IPP# 104577","https://ims.internationalprocessplants.com/inventory/equipment/detail/104577","23","Yes","Mechanical","Agitation: Agitated with 3-blade retreat curve impellor agitator, Motor: V-belt driven by 6.8 KW, 3/50/500 volt, 1450 rpm","Baffle: 2-finger upward baffle","Finger Baffle","","","Dish","","1,000 L (264.2 gallons)","","Used","1,200 mm (47.2 in)","","","","","","","","2 bar (29 psi)","","Carbon Steel","6 bar (87 psi)","","Half Pipe/Limpet","Otto Wild","Yes","Stainless Steel 316","","6.8 kW (9.1 HP)","Openings: top 300mm manway w/cover, davit and 125mm sight glass, 1-300mm w/175mm sight glass, 1-75mm, 1-300mm w/3-75mm; 1-50mm center bottom outlet.","","","","1,000 mm (39.4 in)","Batch-Type Agitated","Lugs","","Dish","Reactor"
"104578","Batch-Type Agitated Reactor 1,000 L (264.2 gallons) Stainless Steel 316 For Sale - IPP# 104578","https://ims.internationalprocessplants.com/inventory/equipment/detail/104578","21","Yes","Mechanical","Agitator type: (4) sets of 2-blade 45 deg axial flow turbine agitators Seal type: Mechanical seal on shaft Drive type: V-belt driven by 6.8 KW, 3/50/500 volt, 1455 rpm ExeT6 BBC motor","","","","","Dish","","1,000 L (264.2 gallons)","","Used","1,200 mm (47.2 in)","","","","","","","","2 bar (29 psi)","","Carbon Steel","6 bar (87 psi)","","Half Pipe/Limpet","Otto Wild","Yes","Stainless Steel 316","","6.8 kW (9.1 HP)","Openings: - Top: 300mm manway w/cover, davit and 125mm sight glass, 1-300mm w/175mm sight glass, 1-75mm, 1-300mm w/3-75mm - Center bottom: 1-50mm outlet","","","","1,000 mm (39.4 in)","Batch-Type Agitated","Lugs","","Dish","Reactor"
"104580","Batch-Type Agitated Reactor 630 L (166.4 gallons) Stainless Steel 316 For Sale - IPP# 104580","https://ims.internationalprocessplants.com/inventory/equipment/detail/104580","22","Yes","Mechanical","3-blade retreat curve impellor agitator, V-belt driven by Von Rohr agit","2-finger upward baffle w/sensor.","Finger Baffle","","","Dish","","630 L (166.4 gallons)","","Used","1,000 mm (39.6 in)","","","","","","","Yes","1.96 bar (28.4 psi)","","","5.9 bar (85.3 psi)","","","Estrella","Yes","Stainless Steel 316","","1.84 kW (2.5 HP)","Openings: top 300mm manway w/cover, davit and 150mm sight glass, 1-80mm for light, 1-200mm, 2-65mm, 1-50mm, 2-40mm; 1-50mm center bottom outlet.","","","","700 mm (27.6 in)","Batch-Type Agitated","Lugs","","Dish","Reactor"
"104585","Glasslined Pfaudler (Germany) E Batch-Type Agitated Reactor - IPP# 104585","https://ims.internationalprocessplants.com/inventory/equipment/detail/104585","24","Yes","Mechanical","3-blade retreat curve impellor agit, W/VS10 agit drive","2-finger upward baffle.","Finger Baffle","","","Dish","","2,000 L (528 gallons)","","Re-glassed","1,400 mm (55.1 in)","","","","","","","Yes","4 bar (58 psi)","","","6 bar (87 psi)","200 °C (392 °F)","","Pfaudler (Germany)","Yes","Glasslined","E","3.7 kW (5 HP)","Openings: top 350mm x 450mm manway w/cover and 125mm sight glass, 3-100mm, 1-200mm for light; 1-150mm center btm outlet.","","","","1,100 mm (43.3 in)","Batch-Type Agitated","Lugs","","Dish","Reactor"
"104595","Batch-Type Agitated Reactor 1,000 L (264.2 gallons) Stainless Steel 316 For Sale - IPP# 104595","https://ims.internationalprocessplants.com/inventory/equipment/detail/104595","23","Yes","Mechanical","","2-finger baffle","Finger Baffle","","","Dish","","1,000 L (264.2 gallons)","","Used","1,200 mm (47.2 in)","","","","","","","","2 bar (29 psi)","","Carbon Steel","6 bar (87 psi)","","Half Pipe/Limpet","Buss","Yes","Stainless Steel 316","","1.86 kW (2.5 HP)","Openings: top 400mm manway w/cover and 80mm sight glass, 1-250mm, 4-50mm, 1-100mm for dip tube, 1-80mm for light, 1-40mm; 1-75mm center btm outlet.","","Yes","","700 mm (27.6 in)","Batch-Type Agitated","Lugs","","Dish","Reactor"
"104605","Batch-Type Agitated Reactor 606 L (160 gallons) Stainless Steel 316 For Sale - IPP# 104605","https://ims.internationalprocessplants.com/inventory/equipment/detail/104605","21","Yes","Mechanical","- Agitator: Anchor type - Shaft seal: Mechanical seal - Motor: 2.5 PS, 3/50/500 volt, 940 rpm XP motor - Agitator output speed: 40 rpm","","","","","Dish","","606 L (160 gallons)","","Used","1,000 mm (39.4 in)","","","","","","","Yes","2 bar (29 psi)","","Carbon Steel","6 bar (87 psi)","","","Estrella","Yes","Stainless Steel 316","","1.86 kW (2.5 HP)","top 300mm manway w/cover and 80mm sight glass, 1-200mm, 1-75mm for light, 3-50mm, 2-65mm; 1-75mm btm outlet.","","","","800 mm (31.5 in)","Batch-Type Agitated","Legs","","Dish","Reactor"
"105439","Glasslined Pfaudler (Germany) E Batch-Type Agitated Reactor - IPP# 105439","https://ims.internationalprocessplants.com/inventory/equipment/detail/105439","24","Yes","Packing","- Agitator: 900mm diameter 3-blade retreat curve impeller - Shaft seal: Packing gland - Agitator drive: Bauer gear reducer, Type DF143/146, 2.2 KW, 3/50/380 volt, 1420 rpm motor - Agitator output speed: 60 rpm","- Baffle: Type 89 2-finger upward","Finger Baffle","","","Dish","","1,350 L (361.9 gallons)","","Used","1,200 mm (47.2 in)","","","","","","","Yes","6 bar (87 psi)","","","6 bar (87 psi)","200 °C (392 °F)","","Pfaudler (Germany)","Yes","Glasslined","E","2.2 kW (3 HP)","- Openings: - Top: 300mm x 400mm manway with cover and 100mm sight glass, 1-150mm, 4-100mm - Bottom: 1-100mm center outlet","","","","1,250 mm (49.6 in)","Batch-Type Agitated","Legs","","Dish","Reactor"
"105761","Batch-Type Agitated Reactor 4,150 L (1,100 gallons) Stainless Steel 316 For Sale - IPP# 105761","https://ims.internationalprocessplants.com/inventory/equipment/detail/105761","26","Yes","Mechanical","(1) 4-blade pitch paddle agitator, and (2) 6-blade flat turbine agitators.","(4) welded baffles, (baffle brackets not polished)","","","","Hemi","","4,150 L (1,100 gallons)","Yes","Used","1,700 mm (66 in)","","","","","Yes","","","137.9 bar (2,000 psi)","204.4 °C (400 °F)","Carbon Steel","10.3 bar (150 psi)","204.4 °C (400 °F)","Internal Pipe Coil","Blaw Knox","","Stainless Steel 316","","44.7 kW (60 HP)","top 4-2", 1-1", 1-16" w/bolt cover, 3-1 1/2"; 4" center bottom outlet.","Vertical","","","1,350 mm (54 in)","Batch-Type Agitated","Legs","","Hemi","Reactor"
"105983","Glasslined DeDietrich (France) STU Batch-Type Agitated Reactor - IPP# 105983","https://ims.internationalprocessplants.com/inventory/equipment/detail/105983","23","Yes","Mechanical","- Agitator: 3-blade retreat curve impellor,- Baffle: 2-finger upward reglassed - Mechanical Seal: Yes - Gear Reducer: Leroy Somer Type 1313VR - Output Speed: 109 rpm - Motor: 4 KW, 3/50/220-380 volt, 1500 rpm EEX3 motor.","2-finger upward reglassed baffle","Finger Baffle","","","Dish","","2,200 L (581 gallons)","","Re-glassed","1,400 mm (55.1 in)","","","","","","","Yes","6 bar (87 psi)","","","6 bar (87 psi)","200 °C (392 °F)","","DeDietrich (France)","Yes","Glasslined","STU","4 kW (5.4 HP)","- Openings: - Top: 1-750mm dia great cover, 350mm x 450mm manway w/cover and 1-100mm sight glass, 1-250mm, 1-200mm, 1-150mm, 4-100mm - Center Bottom: 1-100mm discharge","","","","1,700 mm (66.9 in)","Batch-Type Agitated","","","Dish","Reactor"
"107645","Unused Glasslined Pfaudler Batch-Type Agitated Reactor - IPP# 107645","https://ims.internationalprocessplants.com/inventory/equipment/detail/107645","17","","","","","","","","Dish","","18.9 L (5 gallons)","","Unused","406.4 mm (16 in)","","","","","","","Yes","20.7 bar (300 psi)","260 °C (500 °F)","Carbon Steel","7.6 bar (110 psi)","260 °C (500 °F)","","Pfaudler","","Glasslined","","","Openings: bottom 1-2".","","","","342.9 mm (13.5 in)","Batch-Type Agitated","Legs","","","Reactor"
"107646","Unused Glasslined Pfaudler Batch-Type Agitated Reactor - IPP# 107646","https://ims.internationalprocessplants.com/inventory/equipment/detail/107646","17","","","","","","","","Dish","","18.9 L (5 gallons)","","Unused","406.4 mm (16 in)","","","","","","","Yes","2.1 bar (30 psi)","260 °C (500 °F)","Carbon Steel","7.6 bar (110 psi)","260 °C (500 °F)","","Pfaudler","","Glasslined","","","bottom 1-2"","","","","342.9 mm (13.5 in)","Batch-Type Agitated","Legs","","","Reactor"
"108136","Batch-Type Agitated Reactor 570 L (150.6 gallons) Hastelloy - C4 For Sale - IPP# 108136","https://ims.internationalprocessplants.com/inventory/equipment/detail/108136","21","Yes","Mechanical","- Agitator drive: Ekato Type EM060D - Agitator drive serial number: 86/183638 - Agitator drive pressure rating: 65 bar - Mechanical seal type: 581-060 - Motor: 7.5 KW, 3/50/380/660 volt, 2900 rpm - Variable speed drive: Lenze - Agitator type: (3) fin 200mm diameter propellor agitator","","","","","Dish","","570 L (150.6 gallons)","Yes","Used","800 mm (31.5 in)","","","","","","","","64 bar (928 psi)","","","28 bar (406.1 psi)","275 °C (527 °F)","Half Pipe/Limpet","Wilner and Mutter (Germany)","","Hastelloy - C4","","7.5 kW (10.1 HP)","- Openings: top 6-19mm, 1-150mm for baffle; 1-50mm bottom outlet with discharge valve","","","","1,050 mm (40.7 in)","Batch-Type Agitated","Lugs","","Dish","Reactor"
"108795","Glasslined Pfaudler CTJ Batch-Type Agitated Reactor - IPP# 108795","https://ims.internationalprocessplants.com/inventory/equipment/detail/108795","20","","Packing","","","","","","","","2,850 L (750 gallons)","","Used","1,500 mm (60 in)","","","","","","","Yes","5.2 bar (75 psi)","232.2 °C (450 °F)","Carbon Steel","7.2 bar (105 psi)","176.7 °C (350 °F)","","Pfaudler","","Glasslined","CTJ","22.4 kW (30 HP)","Openings: top 4-4", 1-8", 1-18" w/4" SG, bottom 3" CBO.","","","","2,050 mm (80 in)","Batch-Type Agitated","Lugs","","Dish","Reactor"
"112138","Stainless Steel 304 Batch-Type Agitated Reactor - IPP# 112138","https://ims.internationalprocessplants.com/inventory/equipment/detail/112138","21","","","","","","Yes","","Dish","","3,800 L (1,000 gallons)","","Used","1,500 mm (60 in)","","","","","","","Yes","15.5 bar (225 psi)","37.8 °C (100 °F)","Carbon Steel","4.5 bar (65 psi)","37.8 °C (100 °F)","Standard","Kelley","","Stainless Steel 304","","","Openings: Top - 1-12" x 16", 3-4", 1-2", 1-6"; Bottom - 1-4".","Vertical","","","1,850 mm (72 in)","Batch-Type Agitated","Legs","","Dish","Reactor"
"112153","Batch-Type Agitated Reactor 378.5 L (100 gallons) Stainless Steel 316 For Sale - IPP# 112153","https://ims.internationalprocessplants.com/inventory/equipment/detail/112153","22","Yes","Mechanical","Flange mounted Lightnin drive, Model # V5-575, Serial # 96-E84300, (2) 4 blade pitch paddle agitators.","","","","","Dish","","378.5 L (100 gallons)","","Used","610 mm (24 in)","","","","","","","Yes","4.1 bar (60 psi)","60 °C (140 °F)","Carbon Steel","6.9 bar (100 psi)","121.1 °C (250 °F)","Standard","Mitternight Boiler Works","","Stainless Steel 316","","2.2 kW (3 HP)","","Vertical","","","1,350 mm (54 in)","Batch-Type Agitated","","","Dish","Reactor"
"112226","500 Gal Glass-Lined Batch-Type Agitated Reactor &#x2013; DeDietrich ASME Certified - IPP# 112226","https://ims.internationalprocessplants.com/inventory/equipment/detail/112226","31","Yes","Mechanical","4 RW Drive system with wet lubricator","removable tip","Beavertail","","Glasslined","Elliptical","","1,900 L (500 gallons)","","Re-glassed","1,200 mm (48 in)","","Very Clean (VC)","Full Fire Polish (FF)","CBT","","Glass Lined","","2.8 bar (40 psi)","176.7 °C (350 °F)","Carbon Steel","5.2 bar (75 psi)","176.7 °C (350 °F)","Standard","DeDietrich","Yes","Glasslined","","","Bottom has openings: 1-3". 12 x 16 manway with sight glass, One 8" nozzle, six 4" nozzles.","Vertical","","","1,500 mm (58.8 in)","Batch-Type Agitated","Legs","Glasslined","Elliptical","Reactor"
"112227","Stainless Steel 304 Batch-Type Agitated Reactor - IPP# 112227","https://ims.internationalprocessplants.com/inventory/equipment/detail/112227","23","Yes","Packing","- Agitator drive: Lightnin, straight thru design","","","","","Dish","","3,800 L (1,000 gallons)","","Used","1,500 mm (60 in)","","","","","","","Yes","15.5 bar (225 psi)","176.7 °C (350 °F)","","6.9 bar (100 psi)","176.7 °C (350 °F)","Standard","O.G. Kelley","","Stainless Steel 304","","1.49 kW (2 HP)","Openings: Top - 12 x 16", 2-2", 2-4"; Bottom 1-4"","Vertical","","","1,850 mm (72 in)","Batch-Type Agitated","Legs","","Dish","Reactor"
"112228","Stainless Steel 316 Batch-Type Agitated Reactor - IPP# 112228","https://ims.internationalprocessplants.com/inventory/equipment/detail/112228","22","Yes","Packing","","","","","","Dish","","833 L (220 gallons)","","Used","1,000 mm (40 in)","1.49 kW (2 HP)","","","","","","","1.38 bar (20 psi)","148.9 °C (300 °F)","Carbon Steel","4.1 bar (60 psi)","148.9 °C (300 °F)","Standard","Irby Brothers Iron Works","","Stainless Steel 316","","","Openings: Top 1-4", 1-12" x 16", 1-10", 1-4"; Bottom 1-2".","Vertical","","","1,000 mm (40 in)","Batch-Type Agitated","Legs","","Dish","Reactor"
"117044","Glasslined Pfaudler ELL Batch-Type Agitated Reactor - IPP# 117044","https://ims.internationalprocessplants.com/inventory/equipment/detail/117044","16","","","","","","","","Dish","","1,900 L (500 gallons)","","Re-glassed","1,650 mm (65.5 in)","","","","","","","","1.03 bar (15 psi)","176.7 °C (350 °F)","","4.8 bar (70 psi)","176.7 °C (350 °F)","","Pfaudler","","Glasslined","ELL","","","","","","1,350 mm (54 in)","Batch-Type Agitated","Lugs","","Dish","Reactor"
"117092","Stainless Steel 316 Pfaudler Batch-Type Agitated Reactor - IPP# 117092","https://ims.internationalprocessplants.com/inventory/equipment/detail/117092","24","Yes","Mechanical","Belt driven 4TW agitator drive, Model #FHV-459570-EJN, Serial #13883X, 15:1 ratio. 2 1/2" shaft with (2) 6-blade flat paddle agitators.","","","","","Dish","","2,850 L (750 gallons)","","Used","1,500 mm (60 in)","","","","","","","Yes","5.2 bar (75 psi)","204.4 °C (400 °F)","Stainless Steel Other","12.4 bar (180 psi)","204.4 °C (400 °F)","Dimple","Pfaudler","","Stainless Steel 316","","3.7 kW (5 HP)","Openings: top 1-18" with cover, 1-4", 1-4" sight glass, 3-2", 1-6".","Vertical","","","1,700 mm (66 in)","Batch-Type Agitated","Lugs","","Dish","Reactor"
"11769","Glasslined Pfaudler P Series Batch-Type Agitated Reactor - IPP# 11769","https://ims.internationalprocessplants.com/inventory/equipment/detail/11769","17","","","","","","","","Dish","","75.7 L (20 gallons)","","Re-glassed","508 mm (20 in)","","","","","","","","20.7 bar (300 psi)","232.2 °C (450 °F)","","6.9 bar (100 psi)","232.2 °C (450 °F)","","Pfaudler","","Glasslined","P Series","","(1) 2" outlet","Vertical","","","476.3 mm (18.8 in)","Batch-Type Agitated","Legs","","","Reactor"
"12051","Batch-Type Agitated Reactor 1,900 L (500 gallons) Glasslined For Sale - IPP# 12051","https://ims.internationalprocessplants.com/inventory/equipment/detail/12051","23","","Mechanical","Reglass 3-blade retreat curve agit","reglass H-baffle","H-Baffle","","","Dish","","1,900 L (500 gallons)","","Re-glassed","1,200 mm (48 in)","","","","","","","","6 bar (87 psi)","200 °C (392 °F)","","4 bar (58 psi)","200 °C (392 °F)","","Pfaudler","Yes","Glasslined","R48","","Openings: top 16" x 12" manway w/4" sight glass, 4-4", 2-2"; jkt 4-2", 4-1 1/2", 1-3/4"; btm 1-3" outlet.","Vertical","","","1,450 mm (58 in)","Batch-Type Agitated","Legs","","Dish","Reactor"
"14815","Glasslined Pfaudler EL Batch-Type Agitated Reactor - IPP# 14815","https://ims.internationalprocessplants.com/inventory/equipment/detail/14815","22","Yes","","Agitator type: Angled MB drive with impellor and finger type baffle Motor: 3 HP, 3/60/220 volt, 1730 rpm Stuffing box: Hi-duty","finger type baffle.","Finger Baffle","","","","","1,150 L (300 gallons)","","Used","1,200 mm (48 in)","","","","","","","Yes","1.72 bar (25 psi)","","","6.2 bar (90 psi)","176.7 °C (350 °F)","","Pfaudler","Yes","Glasslined","EL","2.2 kW (3 HP)","Top openings: 14" x 11" manway with 4" sight glass, 1-7", 3-4" Jacket openings: 3-1 1/2" Bottom openings: 1-3"","Vertical","","","950 mm (37.4 in)","Batch-Type Agitated","Legs","","","Reactor"
"200833","Glasslined Pfaudler E Batch-Type Agitated Reactor - IPP# 200833","https://ims.internationalprocessplants.com/inventory/equipment/detail/200833","32","Yes","Packing","Pfaudler HS10 agitator drive, three blade retreat curve impeller agitator","2 finger upward baffle # 83 with restricted tip","Finger Baffle","","Glasslined","Dish","","1,350 L (362.4 gallons)","","Used","1,300 mm (51.2 in)","5.5 kW (7.4 HP)","","","Retreat Curve","","","Yes","6 bar (87 psi)","200 °C (392 °F)","Carbon Steel","6 bar (87 psi)","200 °C (392 °F)","Standard","Pfaudler","Yes","Glasslined","E","5.5 kW (7.4 HP)","Openings: Top- 300 x 400 mm manway with cover, 4-100mm, 1-150mm; 1-100mm bottom outlet.","Vertical","","","1,400 mm (56.1 in)","Batch-Type Agitated","Lugs","Glasslined","Dish","Reactor"
"201121","Glasslined DeDietrich STU Batch-Type Agitated Reactor - IPP# 201121","https://ims.internationalprocessplants.com/inventory/equipment/detail/201121","23","Yes","Mechanical","- Agitator: 1200 mm diameter three blade retreat curve impeller - Mechanical seal: Yes, on shaft with lubricator - Agitator serial number: 421320 - Agitator drive: De Dietrich model MCR90 - Motor: 10.0 kW electrical motor manufactured by AEG, type eAM160MV4Ex, serial number 20602799-3, 3~/50Hz/220/380V by 1.450rpm, EExeIIT3 - Dip tube: Yes","","","","","Dish","","6,850 L (1,800 gallons)","","Used","2,000 mm (78.7 in)","","","","","","","Yes","6 bar (87 psi)","200 °C (392 °F)","","6 bar (87 psi)","200 °C (392 °F)","","DeDietrich","Yes","Glasslined","STU","10 kW (13.4 HP)","- Openings: - Top: 350 x 450 mm manway with cover and 1-80 mm sight glass and davit, 1-250mm,1-125, 4-100mm - Bottom: 1-150 mm outlet - Jacket: Side wall (6) DN50, bottom (6) DN50,","","","","2,650 mm (104.3 in)","Batch-Type Agitated","Lugs","","Dish","Reactor"
"202106","Stainless Steel 316 Chicago Bridge &amp; Crane Batch-Type Agitated Reactor - IPP# 202106","https://ims.internationalprocessplants.com/inventory/equipment/detail/202106","21","Yes","Packing","Lightnin agitator drive","","","","","Elliptical","","9,850 L (2,600 gallons)","","Used","2,150 mm (84 in)","","","","","","","","82.7 bar (1,200 psi)","343.3 °C (650 °F)","","10.3 bar (150 psi)","343.3 °C (650 °F)","","Chicago Bridge & Crane","Yes","Stainless Steel 316","","11.2 kW (15 HP)","Openings: Top- 24" manway with bolted cover, 6-4"; 1-4" bottom outlet.","","","","2,150 mm (84 in)","Batch-Type Agitated","Lugs","","Elliptical","Reactor"
"202112","Stainless Steel 316 Batch-Type Agitated Reactor - IPP# 202112","https://ims.internationalprocessplants.com/inventory/equipment/detail/202112","17","Yes","","Equipped with Pfaudler 5TW drive with one anchor agitator and one two blade paddle agitator,","","","","","Dish","","9,450 L (2,500 gallons)","","Used","2,150 mm (84 in)","","","","","","","","","","","","","Dimple","Pfaudler","Yes","Stainless Steel 316","","7.5 kW (10 HP)","Openings: Top- 18" manway with cover and 4" sight glass, 1-8", 2-4", 3-2"; 1-3" bottom outlet.","","","","2,450 mm (96 in)","Batch-Type Agitated","Legs","","Dish","Reactor"
"202357","Stainless Steel 304 Batch-Type Agitated Reactor - IPP# 202357","https://ims.internationalprocessplants.com/inventory/equipment/detail/202357","25","Yes","","Tank is suitable for agitator mounting through top center port","4 baffles.","","Yes","","Dish","","9,650 L (2,550 gallons)","","Used","1,600 mm (63 in)","","","","","","","Yes","1.72 bar (25 psi)","148.9 °C (300 °F)","Stainless Steel 304","6.9 bar (100 psi)","148.9 °C (300 °F)","Dimple","Mueller","Yes","Stainless Steel 304","","","Openings: Top- 14" x 16" oval manway with cover, (1) 14" top center for agitator, (2)1 1/2", (7)2"; 1-2" bottom outlet.","Vertical","","","5,200 mm (204 in)","Batch-Type Agitated","Lugs","","Dish","Reactor"
"202359","Stainless Steel 304 Batch-Type Agitated Reactor - IPP# 202359","https://ims.internationalprocessplants.com/inventory/equipment/detail/202359","23","","","","4 baffles","","Yes","","Dish","","9,650 L (2,550 gallons)","","Used","1,600 mm (63 in)","","","","","","","Yes","1.72 bar (25 psi)","148.9 °C (300 °F)","Stainless Steel 304","6.9 bar (100 psi)","148.9 °C (300 °F)","Dimple","Mueller","Yes","Stainless Steel 304","","","Openings: Top- 14" x 16" oval manway with cover, (1) 14" top center for agitator, (2)1 1/2", (7)2"; 1-2" bottom outlet.","Vertical","","","5,200 mm (204 in)","Batch-Type Agitated","Lugs","","Dish","Reactor"
"202711","Glasslined DeDietrich STU Batch-Type Agitated Reactor - IPP# 202711","https://ims.internationalprocessplants.com/inventory/equipment/detail/202711","23","Yes","Packing","Equipped with 950 mm diameter three blade retreat curve impeller agitator, De Dietrich type MDL 60 agitator drive,","Two finger upward baffle","Finger Baffle","","","Dish","","1,200 L (317 gallons)","","Used","1,200 mm (47.2 in)","","","","","","","Yes","6 bar (87 psi)","","","6 bar (87 psi)","200 °C (392 °F)","","DeDietrich","Yes","Glasslined","STU","3 kW (4 HP)","Openings: top- 240 x 360 mm manway with cover and 50 mm sight glass;1-100 mm bottom outlet,","","","","","Batch-Type Agitated","Legs","","Dish","Reactor"
"202715","Glasslined DeDietrich Batch-Type Agitated Reactor - IPP# 202715","https://ims.internationalprocessplants.com/inventory/equipment/detail/202715","21","Yes","Mechanical","300 mm diameter three blade retreat curve impeller agitator","","","","","Dish","","155 L (40.9 gallons)","","Used","500 mm (19.7 in)","","","","","","","Yes","6 bar (87 psi)","200 °C (392 °F)","","6 bar (87 psi)","200 °C (392 °F)","","DeDietrich","","Glasslined","","1.47 kW (1.97 HP)","Openings: Top- 100 mm handway with cover, 2-50 mm, 2-80 mm; 1-80 mm bottom outlet.","","","","600 mm (23.6 in)","Batch-Type Agitated","Lugs","","Dish","Reactor"
"202750","Glasslined Pfaudler E Batch-Type Agitated Reactor - IPP# 202750","https://ims.internationalprocessplants.com/inventory/equipment/detail/202750","26","Yes","Mechanical","Equipped with three blade retreat curve impeller agitator, mechanical seal on shaft. V belt driven by Pfaudler type VS10 agitator drive with 3.0 kW 3/50/380V 1440 RPM motor.","Beaver tail baffle.","Beavertail","","","Dish","","2,150 L (572 gallons)","","Used","1,400 mm (55.1 in)","","","","","","","Yes","4 bar (58 psi)","200 °C (392 °F)","","5.9 bar (85.6 psi)","200 °C (392 °F)","","Pfaudler","Yes","Glasslined","E","3 kW (4 HP)","Nozzles: top 350 x 450 mm manway with cover and 100 mm sight glass,1-200 mm, 4-100 mm, 2-80 mm; 1-100 mm bottom outlet,jacket sight 2-80mm, 2-40mm","Vertical","","","1,400 mm (55.1 in)","Batch-Type Agitated","Lugs","","Dish","Reactor"
"202774","Glasslined Pfaudler E Batch-Type Agitated Reactor - IPP# 202774","https://ims.internationalprocessplants.com/inventory/equipment/detail/202774","23","","Mechanical","Equipped with 1100 mm diameter three blade retreat curve impeller agitator, mechanical seal on shaft","Beaver tail baffle","Beavertail","","","Dish","","8,000 L (2,100 gallons)","","Used","2,000 mm (78.7 in)","","","","","","","Yes","6 bar (87 psi)","","","6 bar (87 psi)","","","Pfaudler","Yes","Glasslined","E","15 kW (20.1 HP)","top- 350 x 450 mm manway with cover and 100 mm sight glass, 1-250 mm, 4-100 mm; 1-150 mm bottom outlet.","Vertical","","","2,200 mm (86.6 in)","Batch-Type Agitated","Legs","","Dish","Reactor"
"202822","Batch-Type Agitated Reactor 27,000 L (7,150 gallons) Stainless Steel 316 For Sale - IPP# 202822","https://ims.internationalprocessplants.com/inventory/equipment/detail/202822","14","","","","","","Yes","","Dish","","27,000 L (7,150 gallons)","","Used","2,800 mm (110.2 in)","","","","","","","","","","","","","Half Pipe/Limpet","","","Stainless Steel 316","","","Openings: Top- 500 mm with75 mm sight glass, 1-300 mm at the center, 1-300 mm, 1-200 mm sight glass, 1-75 mm, 4-50 mm; 1075 mm bottom outlet","Vertical","","","4,200 mm (165.4 in)","Batch-Type Agitated","Lugs","","Dish","Reactor"
"202832","Glasslined DeDietrich STU Batch-Type Agitated Reactor - IPP# 202832","https://ims.internationalprocessplants.com/inventory/equipment/detail/202832","25","Yes","Mechanical","Agitator type: GLASLOCK Agitator dimensions: 850 mm diameter, three blade, 45 degrees axial flow Agitator drive type: DeDietrich type MDL100 Gear reducer type: SEW Usocome type RF107P160 Motor type: 11 kW, 3/50/400/690V, 1500 RPM EExdIIBT4 Mechanical seal type: AD-16B-37","Baffle type: Three fingers upward","Finger Baffle","","","Dish","","9,400 L (2,500 gallons)","","Used","2,200 mm (86.6 in)","","","","","","","Yes","6 bar (87 psi)","","","6 bar (87 psi)","200 °C (392 °F)","","DeDietrich","Yes","Glasslined","STU","11 kW (14.8 HP)","Openings: Top- 350 x450 mm manway with cover and davit, 1-250 mm,2-175 mm, 1-125 mm, 4-100 mm; 1-125mm bottom outlet.","Vertical","","","1,950 mm (76 in)","Batch-Type Agitated","Legs","","Dish","Reactor"
"202876","Stainless Steel 316 Batch-Type Agitated Reactor - IPP# 202876","https://ims.internationalprocessplants.com/inventory/equipment/detail/202876","22","Yes","","Shaft has (2) sets of 6 flat blade turbines.","","","","","Dish","","9,450 L (2,500 gallons)","","Used","2,150 mm (84 in)","5.6 kW (7.5 HP)","","","","","","","1.01 bar (14.7 psi)","","Stainless Steel Other","10.3 bar (150 psi)","204.4 °C (400 °F)","Dimple","Tolan","","Stainless Steel 316","","5.6 kW (7.5 HP)","Openings include; top-(1) 20" with cover, (1) 14", (2) 2" (1) 4" sight glass; bottom- (1) 2" bottom outlet.","Vertical","","","2,150 mm (84 in)","Batch-Type Agitated","Lugs","","Dish","Reactor"
"202925","Glasslined Pfaudler E Batch-Type Agitated Reactor - IPP# 202925","https://ims.internationalprocessplants.com/inventory/equipment/detail/202925","16","Yes","Mechanical","- Agitation: Agitated with six blade CRYOLOC agitator, - Seal: VS20 mechanical seal on shaft - Motor: 15 kW, 3/50/380 v, 1450 RPM","With D baffle","D-Baffle","","","","","8,000 L (2,100 gallons)","","Used","","","","","","","","","","","","","","","Pfaudler","Yes","Glasslined","E","15 kW (20.1 HP)","- Top: manway 350-450mm, 5-150mm, 1-125mm, 1-300mm - Side: 2-80mm, 4-50mm - Bottom: 1-150mm, 2-50mm","","","","","Batch-Type Agitated","Lugs","","","Reactor"
"202926","Glasslined Pfaudler E Batch-Type Agitated Reactor - IPP# 202926","https://ims.internationalprocessplants.com/inventory/equipment/detail/202926","22","Yes","Mechanical","four blade CRYOLOC agitator, Pfaudler VS20 agitator drive,","- Baffle: D","D-Baffle","","","Dish","","8,900 L (2,350 gallons)","","Used","","","","","","","","Yes","6 bar (87 psi)","200 °C (392 °F)","","6 bar (87 psi)","200 °C (392 °F)","","Pfaudler","Yes","Glasslined","E","15 kW (20.1 HP)","openings top: 1-450 x 350mm manway, 1-250mm, 6-125mm, 1-100mm, straight side: 1-200mm (internal), jacket 1-75mm, 3-40mm, bottom: 1-150mm,","","","","","Batch-Type Agitated","","","Dish","Reactor"
"202928","Glasslined Pfaudler E Batch-Type Agitated Reactor - IPP# 202928","https://ims.internationalprocessplants.com/inventory/equipment/detail/202928","19","Yes","Mechanical","3- blades retreat curve impeller agitator","","D-Baffle","","","Dish","","6,000 L (1,600 gallons)","","Used","2,000 mm (78.7 in)","","","","","","","","","","","","","","Pfaudler","Yes","Glasslined","E","15 kW (20.1 HP)","openings top: 1-400mm x 300mm manway, 2-200mm, 5-100mm, jacket: 2-75mm, 6-50mm, bottom: 1-150mm","","","","1,600 mm (63 in)","Batch-Type Agitated","Lugs","","Dish","Reactor"
"203044","Stainless Steel 316 Batch-Type Agitated Reactor - IPP# 203044","https://ims.internationalprocessplants.com/inventory/equipment/detail/203044","22","","","","","","Yes","","Dish","","3,800 L (1,000 gallons)","","Used","1,700 mm (67 in)","","","","","","","Yes","5.2 bar (75 psi)","176.7 °C (350 °F)","Carbon Steel","2.8 bar (40 psi)","176.7 °C (350 °F)","Standard","NST Metals Inc","Yes","Stainless Steel 316","","","include (1) 18" manway with cover, (1) 10", (3) 4", (2) 6", (3) 2"","Vertical","","","1,700 mm (67 in)","Batch-Type Agitated","Lugs","","Dish","Reactor"
"203108","Stainless Steel 316 G.H. Hicks &amp; Sons Batch-Type Agitated Reactor - IPP# 203108","https://ims.internationalprocessplants.com/inventory/equipment/detail/203108","19","","","","","","Yes","","Elliptical","","8,350 L (2,200 gallons)","","Used","2,150 mm (84 in)","","","","","","","","4.1 bar (60 psi)","182.2 °C (360 °F)","Inconel","6.2 bar (90 psi)","182.2 °C (360 °F)","Dimple","G.H. Hicks & Sons","Yes","Stainless Steel 316","","","- Openings: - Top: (1) 18" manway, (1) 4", (1) main opening measures 10"ID x 16" OD with 12" bolt circle - Bottom: center bottom outlet","","","","2,150 mm (84 in)","Batch-Type Agitated","","","Elliptical","Reactor"
"203149","Batch-Type Agitated Reactor 113.6 L (30 gallons) Stainless Steel 316L For Sale - IPP# 203149","https://ims.internationalprocessplants.com/inventory/equipment/detail/203149","25","","Mechanical","","","","","","Dish","","113.6 L (30 gallons)","","Used","508 mm (20 in)","","","","Flat Blade Turbine","","#3 Ra50","Yes","4.1 bar (60 psi)","176.7 °C (350 °F)","Carbon Steel","5.9 bar (85 psi)","176.7 °C (350 °F)","Standard","Pfaudler","","Stainless Steel 316L","P series","","Top head nozzle schedule, one 4" hand hole, One 2" nozzle, one 2" agitator nozzle, Three 1.5" nozzles. (three drive bosses.)","Vertical","","","533 mm (21 in)","Batch-Type Agitated","Legs","Stainless Steel 316L","Dish","Reactor"
"203331","Batch-Type Agitated Reactor 36 L (9.5 gallons) Hastelloy - C276 For Sale - IPP# 203331","https://ims.internationalprocessplants.com/inventory/equipment/detail/203331","19","Yes","Mechanical","- Agitator: Internal with discs, 150mm disk diameter, (53) discs on the shaft, 24 to 53 rpm disc speed - Shaft: Double mechanical seals, belt driven through a vari-speed gear reducer rated 900 rpm input to 279 to 1115 rpm output - Motor: 55 KW, 3/60/480 volt","","","","","","","36 L (9.5 gallons)","","Used","190 mm (7.5 in)","","","","","","","Yes","10.5 bar (152.3 psi)","400 °C (752 °F)","Carbon Steel","10 bar (145 psi)","400 °C (752 °F)","","Mitsubishi","","Hastelloy - C276","","55 kW (73.8 HP)","","Horizontal","","","1,750 mm (68.7 in)","Batch-Type Agitated","","","","Reactor"
"203332","Hastelloy - Other Clad Hitachi Batch-Type Agitated Reactor - IPP# 203332","https://ims.internationalprocessplants.com/inventory/equipment/detail/203332","18","Yes","Mechanical","- Materials: Hastelloy C clad shell, Hastelloy C276 shaft and screws, carbon steel jacket - Shaft drive: variable speed reduction gear direct coupled to a 5.5 KW 3/60/230/460 volt motor - Seals: double mechanical seals on the shafts","","","","","","","140 L (37 gallons)","Yes","Used","","","","","","","","Yes","10.5 bar (152.3 psi)","400 °C (752 °F)","Carbon Steel","10.5 bar (152.3 psi)","325 °C (617 °F)","","Hitachi","","Hastelloy - Other","","5.5 kW (7.4 HP)","","Horizontal","","","","Batch-Type Agitated","","","","Reactor"
"203549","Batch-Type Agitated Reactor 7,550 L (2,000 gallons) Stainless Steel 316 For Sale - IPP# 203549","https://ims.internationalprocessplants.com/inventory/equipment/detail/203549","23","Yes","","Top mounted ProQuip agitator drive, model JC25, direct coupled to approximately 1HP motor, with 3 blades pitched paddle turbine.","","","","","Dish","","7,550 L (2,000 gallons)","","Used","1,500 mm (60 in)","","","","","","","Yes","3.4 bar (50 psi)","65.6 °C (150 °F)","Stainless Steel Other","6.9 bar (100 psi)","37.8 °C (100 °F)","Half Pipe/Limpet","Alloy Fab","Yes","Stainless Steel 316","","0.75 kW (1 HP)","(1) 22" manway with cover, (1) 22" vent, (2) 4" sight glass, (1) 4', (3) 1.5", (2) 3", (1) 1"","Vertical","","","2,750 mm (108 in)","Batch-Type Agitated","","","Dish","Reactor"
"203912","Glasslined Pfaudler RA Batch-Type Agitated Reactor - IPP# 203912","https://ims.internationalprocessplants.com/inventory/equipment/detail/203912","25","Yes","Mechanical","Equipped with 5RW drive, mechanical seal on shaft, light blue 3 blade retreat curve impellor agitator, no baffle.","no baffle","","","","Dish","","3,800 L (1,000 gallons)","","Used","1,500 mm (60 in)","","","","","","Glass Lined","Yes","6.9 bar (100 psi)","343.3 °C (650 °F)","","6.2 bar (90 psi)","260 °C (500 °F)","","Pfaudler","Yes","Glasslined","RA","","Top openings: (1) 30" main with cover, with (1) ,14 x 18 manway with no manway cover, (1) 4 3/8" drive nozzle, and (2) 2" nozzles. Other top head nozzles are (1) 8" and (4) 4", nozzles.","Vertical","","","1,300 mm (52 in)","Batch-Type Agitated","Legs","","Dish","Reactor"
"204103","Glasslined Pfaudler Batch-Type Agitated Reactor - IPP# 204103","https://ims.internationalprocessplants.com/inventory/equipment/detail/204103","17","Yes","Packing","Top mounted agitator drive, 3 blade retreat curve impeller agitator.","","","","","","","200 L (52.8 gallons)","","Used","950 mm (37.4 in)","","","","","","","Yes","2 bar (29 psi)","200 °C (392 °F)","","6 bar (87 psi)","200 °C (392 °F)","","Pfaudler","","Glasslined","","","Openings include: Top - (1) 120mm, (1) 10mm; Bottom - (1) 80mm.","","","","1,750 mm (68.9 in)","Batch-Type Agitated","","","","Reactor"
"204425","Glasslined Eisenwerk Kaiserslautern AE Batch-Type Agitated Reactor - IPP# 204425","https://ims.internationalprocessplants.com/inventory/equipment/detail/204425","21","","Mechanical","- Agitator: 3 blade retreat curve with 2 finger up baffle - Drive: Kesterman with reeves varispeed, model 442/80GRF7-300, 40 to 125 u/min output, driven by 6.6KW motor, 3Ph 60Cyc, 600V - Mechanical seal on shaft","2 finger up baffle","Finger Baffle","","","","","2,500 L (660 gallons)","","Re-glassed","1,600 mm (63 in)","","","","","","","Yes","6 bar (87 psi)","200 °C (392 °F)","","6 bar (87 psi)","200 °C (392 °F)","","EWK Eisenwerke Kaiserslautern","Yes","Glasslined","AE","6.6 kW (8.9 HP)","Openings: top (1) 350 x 450mm manway with cover, (4)100mm, (1)150 mm, (1)200mm, (1)400mm; Bottom (1) 100 center outlet and (1) 100 mm","","","","2,050 mm (81.5 in)","Batch-Type Agitated","","","","Reactor"
"204540","Batch-Type Agitated Reactor 630 L (166.4 gallons) Stainless Steel Other For Sale - IPP# 204540","https://ims.internationalprocessplants.com/inventory/equipment/detail/204540","15","Yes","Mechanical","Top mounted agitator drive","","","","","","","630 L (166.4 gallons)","","Used","","","","","","","","Yes","","204.4 °C (400 °F)","","15.7 bar (227 psi)","204.4 °C (400 °F)","Half Pipe/Limpet","Alpha Ltd. (Switzerland)","","Stainless Steel Other","","","Openings Include: Top - (1) 10", (1) 8", (1) 8" with drive; Bottom (1) 4" with valve","","","","","Batch-Type Agitated","","","","Reactor"
"204541","Glasslined Pfaudler R Batch-Type Agitated Reactor - IPP# 204541","https://ims.internationalprocessplants.com/inventory/equipment/detail/204541","19","Yes","Mechanical","- Drive: Pfaudler3 DTW - Shaft seal: Mechanical","","","","","","","757 L (200 gallons)","","Used","","","","","","","","Yes","6.9 bar (100 psi)","232.2 °C (450 °F)","Stainless Steel 316","12.4 bar (180 psi)","176.7 °C (350 °F)","Half Pipe/Limpet","Pfaudler","Yes","Glasslined","R","","(1) 14" x 18" manway with cover and manway assist, (3) 4", (2) 6" nozzles.","","","","","Batch-Type Agitated","","","","Reactor"
"204542","Stainless Steel 316 Batch-Type Agitated Reactor - IPP# 204542","https://ims.internationalprocessplants.com/inventory/equipment/detail/204542","14","","","","","","Yes","","Dish","","189.3 L (50 gallons)","","Used","610 mm (24 in)","","","","","","","","","","Stainless Steel 316","","","Half Pipe/Limpet","Alpha Ltd. (Switzerland)","","Stainless Steel 316","","","Openings include: Top - (1) 6" hand hole with cover, (2) 4", (1) 3/4"; Bottom (1) 2" outlet.","","","","559 mm (22 in)","Batch-Type Agitated","","","Dish","Reactor"
"204561","Glasslined Tycon CE Batch-Type Agitated Reactor - IPP# 204561","https://ims.internationalprocessplants.com/inventory/equipment/detail/204561","21","Yes","","- Agitator drive: 13.5Kw 3/50/500V EEX-e/II/T3 - Agitator type: 3 blade impellor","- Baffle type: beavertail baffle (DN 300)","Beavertail","","","","","9,350 L (2,450 gallons)","","Used","2,200 mm (86.6 in)","13.5 kW (18.1 HP)","","","","","","Yes","6 bar (87 psi)","200 °C (392 °F)","","6 bar (87 psi)","200 °C (392 °F)","","Tycon","Yes","Glasslined","CE","","- Openings: - Top: (1) 500 mm manway, (1) 200mm for agitator, (1) 100mm sightglass, (1) 300mm for baffle, (7) 150mm - Bottom: (1) 150mm bottom outlet","","","","3,450 mm (134.9 in)","Batch-Type Agitated","","","","Reactor"
"204568","Batch-Type Agitated Reactor 4,000 L (1,050 gallons) Stainless Steel Austenitic For Sale - IPP# 204568","https://ims.internationalprocessplants.com/inventory/equipment/detail/204568","17","Yes","Mechanical","agitator (marine propeller)","","","","","","","4,000 L (1,050 gallons)","","Used","","","","","","","","Yes","3 bar (43.5 psi)","300 °C (572 °F)","","32 bar (464.1 psi)","300 °C (572 °F)","Half Pipe/Limpet","Gebrueder Schmeck GmbH.","Yes","Stainless Steel Austenitic","","","Openings: 490 mm manway cover; 1x250 mm; 6x100 mm; 1x28 mm on side wall and 28 mm on bottom (half pipe coil); 1x80mm outlet","","","","","Batch-Type Agitated","","","","Reactor"
"204766","Alloy 20 Batch-Type Agitated Reactor - IPP# 204766","https://ims.internationalprocessplants.com/inventory/equipment/detail/204766","31","Yes","Mechanical","Two tier, flat, 4 blade turbine agitators","Four 6" full length side wall baffles.","Sidewall Mounted Straight Baffle","","Alloy 20","Elliptical","","11,350 L (3,000 gallons)","","Used","2,500 mm (98 in)","18.6 kW (25 HP)","","","Hydrofoil","","Mill 2B","Yes","5.9 bar (85 psi)","100 °C (212 °F)","Stainless Steel 304","10.3 bar (150 psi)","150 °C (302 °F)","Half Pipe/Limpet","","Yes","Alloy 20","","18.6 kW (25 HP)","opening, 22" manway, two 6" nozzles, and four 4" nozzles on top head. Bottom head has two 6" nozzles and three 4" nozzles","Vertical","","","1,900 mm (74 in)","Batch-Type Agitated","Lugs","Alloy 20","Elliptical","Reactor"
"204767","Alloy 20 Batch-Type Agitated Reactor - IPP# 204767","https://ims.internationalprocessplants.com/inventory/equipment/detail/204767","31","Yes","Mechanical","Two tier, flat, 4 blade turbine agitators","Four 6" full length side wall baffles.","Sidewall Mounted Straight Baffle","","Alloy 20","Elliptical","","11,350 L (3,000 gallons)","","Used","2,500 mm (98 in)","","","","High Sheer","","Mill 2B","Yes","5.9 bar (85 psi)","100 °C (212 °F)","Stainless Steel 304","10.3 bar (150 psi)","150 °C (302 °F)","Half Pipe/Limpet","Norwalk Fabricators, Inc.","Yes","Alloy 20","","18.6 kW (25 HP)","opening, 22" manway, two 6" nozzles, and four 4" nozzles on top head. Bottom head has two 6" nozzles and three 4" nozzles.","Vertical","","","1,900 mm (74 in)","Batch-Type Agitated","Lugs","Alloy 20","Elliptical","Reactor"
"204789","Stainless Steel 304 Pemco Batch-Type Agitated Reactor - IPP# 204789","https://ims.internationalprocessplants.com/inventory/equipment/detail/204789","30","Yes","Packing","4 blade pitched turbine agitator","with four 6" sidewall baffles","","","Carbon Steel","Dish","","12,600 L (3,350 gallons)","","Used","2,500 mm (99 in)","","","","Pitch Blade","","Mill 2B","Yes","1.72 bar (25 psi)","121.1 °C (250 °F)","Carbon Steel","2.8 bar (40 psi)","121.1 °C (250 °F)","Standard","Pemco","Yes","Stainless Steel 304","","11.2 kW (15 HP)","One 24" man way, one 12" agitator mount, three 8" nozzles, two 6" nozzles, four 4" nozzles, six 3" nozzles.","Vertical","","","2,100 mm (83 in)","Batch-Type Agitated","Legs","Carbon Steel","Dish","Reactor"
"205702","Glasslined Pfaudler RA Batch-Type Agitated Reactor - IPP# 205702","https://ims.internationalprocessplants.com/inventory/equipment/detail/205702","13","Yes","Mechanical","double mechanical seal on shaft, white glass lock agitator","white beaver tail baffle.","Beavertail","","","","","7,550 L (2,000 gallons)","","Used","","","","","","","","","","","","","","","Pfaudler","","Glasslined","RA","","","","","","","Batch-Type Agitated","Legs","","","Reactor"
"205799","Stainless Steel 316 Batch-Type Agitated Reactor - IPP# 205799","https://ims.internationalprocessplants.com/inventory/equipment/detail/205799","13","Yes","","Top mounted Lightnin agitator drive, Model 224 TEC 5.2, 56 rpm output, with 5 HP motor.","","","","","","","3,800 L (1,000 gallons)","","Used","","","","","","","","","","","Inconel","","","Dimple","","Yes","Stainless Steel 316","","3.7 kW (5 HP)","Openings include: top - (1) 12" x 16" manway with cover, (3) 3", (1) 6", (1) 10" for drive, (2) 2", (1) 6" SG, (1) 1"; Bottom - (1) 8" with valve.","","","","","Batch-Type Agitated","Legs","","","Reactor"
"206022","Batch-Type Agitated Reactor 24,600 L (6,500 gallons) Nickel For Sale - IPP# 206022","https://ims.internationalprocessplants.com/inventory/equipment/detail/206022","23","Yes","","Top mounted 50 HP agitator drive manufactured by Lightnin, model # 780-S-50,","Four Hastelloy D internal side wall baffles,","","","","Dish","","24,600 L (6,500 gallons)","Yes","Used","2,650 mm (105 in)","37.3 kW (50 HP)","","","","","","","2.4 bar (35 psi)","121.1 °C (250 °F)","Carbon Steel","15.5 bar (225 psi)","232.2 °C (450 °F)","Half Pipe/Limpet","Vulcan","","Nickel","","","(1) 10' nozzle, (6) 4" nozzle (4)3" nozzle, (2) 2" nozzle, (16) 1" nozzle","Vertical","","","3,750 mm (147 in)","Batch-Type Agitated","","","Dish","Reactor"
"20606","Glasslined Pfaudler P Batch-Type Agitated Reactor - IPP# 20606","https://ims.internationalprocessplants.com/inventory/equipment/detail/20606","17","","","","","","","","Dish","","75.7 L (20 gallons)","","Re-glassed","508 mm (20 in)","","","","","","","","2.4 bar (35 psi)","","Carbon Steel","6.9 bar (100 psi)","","Standard","Pfaudler","","Glasslined","P","","","Vertical","","","406.4 mm (16 in)","Batch-Type Agitated","Legs","","Dish","Reactor"
"206207","Titanium Permascand (Sweden) Batch-Type Agitated Reactor - IPP# 206207","https://ims.internationalprocessplants.com/inventory/equipment/detail/206207","16","Yes","","Hastelloy C276 agitator shaft with 2-blade picthed paddles","","","","","","","5,400 L (1,450 gallons)","","Used","1,900 mm (74.8 in)","","","","","","","","1 bar (14.5 psi)","120 °C (248 °F)","","","","","Permascand (Sweden)","Yes","Titanium","","6.8 kW (9.1 HP)","Openings include: Top 2-500mm manway, 1-150mm, 4-75mm, 7-50mm, straight side: 4-100mm, bottom: 1-100mm","","","","2,300 mm (90.6 in)","Batch-Type Agitated","Lugs","","","Reactor"
"206208","Batch-Type Agitated Reactor 7,400 L (1,950 gallons) Titanium For Sale - IPP# 206208","https://ims.internationalprocessplants.com/inventory/equipment/detail/206208","21","Yes","Mechanical","agitator speed 13 rpm, mechanical seal on shaft with lubricator","","","","","Dish","","7,400 L (1,950 gallons)","","Used","1,750 mm (69.3 in)","","","","","","","","1 bar (14.5 psi)","50 °C (122 °F)","","3 bar (43.5 psi)","50 °C (122 °F)","","Permascand (Sweden)","Yes","Titanium","","4 kW (5.4 HP)","Openings include: Top - 1-500mm manway, 3- 80mm, 1-25mm, straight side: 1-125mm, 1-32mm, Bottom 2-25mm","","","","3,000 mm (118.1 in)","Batch-Type Agitated","Lugs","","Dish","Reactor"
"206531","Glasslined Pfaudler R Batch-Type Agitated Reactor - IPP# 206531","https://ims.internationalprocessplants.com/inventory/equipment/detail/206531","14","Yes","Mechanical","- Agitator: 3 blade retreat curve, light blue, - Drive: TW","light blue h baffle","H-Baffle","","","","","3,800 L (1,000 gallons)","","Used","","","","","","","","","","","","","","","Pfaudler","Yes","Glasslined","R","","","","","","","Batch-Type Agitated","Lugs","","","Reactor"
"206534","Glasslined Pfaudler R Batch-Type Agitated Reactor - IPP# 206534","https://ims.internationalprocessplants.com/inventory/equipment/detail/206534","17","Yes","Mechanical","- Agitator type: 3 blade retreat curve - Agitator color: Light blue - Agitator drive: TW drive, belt driven","","","","","","","3,800 L (1,000 gallons)","","Used","","","","","","","","Yes","6.9 bar (100 psi)","343.3 °C (650 °F)","","5.2 bar (75 psi)","176.7 °C (350 °F)","","Pfaudler","Yes","Glasslined","R","","","","","","","Batch-Type Agitated","Lugs","","","Reactor"
"206541","Glasslined Pfaudler R Batch-Type Agitated Reactor - IPP# 206541","https://ims.internationalprocessplants.com/inventory/equipment/detail/206541","13","","Mechanical","Drive type: TW drive Agitator type: 3 blade retreat curve agitator Agitator color: Light blue","light blue h baffle","H-Baffle","","","","","3,800 L (1,000 gallons)","","Used","","","","","","","","","","","","","","","Pfaudler","Yes","Glasslined","R","","","","","","","Batch-Type Agitated","Lugs","","","Reactor"
"206636","Stainless Steel 316 Batch-Type Agitated Reactor - IPP# 206636","https://ims.internationalprocessplants.com/inventory/equipment/detail/206636","24","","","","Baffles: None","","Yes","","Dish","","1,500 L (400 gallons)","","Used","1,050 mm (42 in)","","","","","","","Yes","5.2 bar (75 psi)","93.3 °C (200 °F)","","6.9 bar (100 psi)","93.3 °C (200 °F)","Dimple","Mueller","","Stainless Steel 316","F","","Top: (1) 18" with cover, (1) off center 6", One 4" designed for an agitator, (2) 1.5"; One 1"","Vertical","Yes","Yes","1,500 mm (59 in)","Batch-Type Agitated","Lugs","","Dish","Reactor"
"206796","Unused Glasslined Pfaudler CV Batch-Type Agitated Reactor - IPP# 206796","https://ims.internationalprocessplants.com/inventory/equipment/detail/206796","16","","","","","","","","Dish","","7,550 L (2,000 gallons)","","Unused","2,000 mm (78 in)","","","","","","","Yes","6.9 bar (100 psi)","232.2 °C (450 °F)","","","","","Pfaudler","Yes","Glasslined","CV","","Top openings: (1) 24" manway with 4" sight glass and stainless steel manway assist, (9) 4", (1) 8" nozzles. Straight side: (3) support lugs, (4) lifting lugs. Bottom: (1) 4" nozzle, (1) thermowell, (4) pads for legs.","","","","","Batch-Type Agitated","Lugs","","Dish","Reactor"
"207104","Glasslined DeDietrich CE 50m&#xB3; Batch-Type Agitated Reactor - IPP# 207104","https://ims.internationalprocessplants.com/inventory/equipment/detail/207104","18","Yes","","Ekato agitator drive 45 KW, Type HWL140E, with 3 level glas-lock blade agitator.","","","","","Cone","","54,900 L (14,500 gallons)","","Used","3,700 mm (145.3 in)","","","","","","","Yes","0.5 bar (7.3 psi)","132 °C (269.6 °F)","","6 bar (87 psi)","105 °C (221 °F)","","DeDietrich","","Glasslined","CE 50m&#xB3;","45 kW (60.3 HP)","","","","","7,500 mm (295.3 in)","Batch-Type Agitated","","","","Reactor"
"207105","Glasslined DeDietrich CE 50m&#xB3; Batch-Type Agitated Reactor - IPP# 207105","https://ims.internationalprocessplants.com/inventory/equipment/detail/207105","18","Yes","","Ekato agitator drive 45 KW, Type HWL140E, with 3 level blade (paddle) agitator type impellor.","","","","","Cone","","54,900 L (14,500 gallons)","","Used","3,700 mm (145.3 in)","","","","","","","Yes","0.5 bar (7.3 psi)","132 °C (269.6 °F)","","6 bar (87 psi)","102 °C (215.6 °F)","","DeDietrich","","Glasslined","CE 50m&#xB3;","45 kW (60.3 HP)","","","","","7,500 mm (295.3 in)","Batch-Type Agitated","","","","Reactor"
"207106","Glasslined Pfaudler E Batch-Type Agitated Reactor - IPP# 207106","https://ims.internationalprocessplants.com/inventory/equipment/detail/207106","22","Yes","Mechanical","45 rpm anchor agitator,VS40 G Pfaudler drive","","","","","Dish","","8,800 L (2,350 gallons)","","Used","2,000 mm (78.7 in)","","","","","","","Yes","6 bar (87 psi)","","","6 bar (87 psi)","200 °C (392 °F)","","Pfaudler","Yes","Glasslined","E","9.7 kW (13 HP)","openings top: 1- 450mm x 350mm manway with 100mm sight glass on cover, 1-250mm, 4-100mm, 1-125mm, jacket: 2-50mm, bottom: 1-150mm,","","","","2,350 mm (92.1 in)","Batch-Type Agitated","Legs","","Dish","Reactor"
"207107","Glasslined Pfaudler CE Batch-Type Agitated Reactor - IPP# 207107","https://ims.internationalprocessplants.com/inventory/equipment/detail/207107","21","Yes","","impeller agitator, with Pfaudler VSO-8/80 drive","beaver tail baffle","Beavertail","","","","","2,050 L (540 gallons)","","Re-glassed","1,500 mm (59.1 in)","","","","","","","Yes","6 bar (87 psi)","","Stainless Steel 321","6 bar (87 psi)","200 °C (392 °F)","","Pfaudler","Yes","Glasslined","CE","18.5 kW (24.8 HP)","","","","","2,000 mm (78.7 in)","Batch-Type Agitated","Legs","","","Reactor"
"207122","Stainless Steel 317 JENS OLSEN Batch-Type Agitated Reactor - IPP# 207122","https://ims.internationalprocessplants.com/inventory/equipment/detail/207122","14","Yes","Mechanical","","","","","","","","2,400 L (634 gallons)","","Used","1,400 mm (55.1 in)","","","","","","","","1.5 bar (21.8 psi)","","","2 bar (29 psi)","","","JENS OLSEN","","Stainless Steel 317","","3 kW (4 HP)","Openings Include: Top 400mm manhole, 1x125mm, 1x100mm and 1x80mm bottom outlet","","","","","Batch-Type Agitated","Lugs","","","Reactor"
"207125","Batch-Type Agitated Reactor 3,000 L (793 gallons) Stainless Steel 316 For Sale - IPP# 207125","https://ims.internationalprocessplants.com/inventory/equipment/detail/207125","15","","Mechanical","","","","","","","","3,000 L (793 gallons)","","Used","1,400 mm (55.1 in)","","","","","","","","","","Stainless Steel Other","","","Half Pipe/Limpet","","Yes","Stainless Steel 316","SK","3.6 kW (4.8 HP)","openings top: (2) 35mm, (2) 45mm, (1) DN100 with Butterfly valve (1) DN100 with lamp, (1) 500mm manway &#x2B; cover with sight glass, opening half pipe coil: (2) 35mm, opening bottom: (1) 45mm","","","","2,200 mm (85.8 in)","Batch-Type Agitated","Lugs","","","Reactor"
"207128","Glasslined DeDietrich STA Batch-Type Agitated Reactor - IPP# 207128","https://ims.internationalprocessplants.com/inventory/equipment/detail/207128","23","Yes","Mechanical","3-finger retreat curve agitator,","","","","","Dish","","1,600 L (417.4 gallons)","","Used","1,200 mm (47.2 in)","","","","","","","Yes","6 bar (87 psi)","200 °C (392 °F)","","6 bar (87 psi)","200 °C (392 °F)","","DeDietrich","Yes","Glasslined","STA","5 kW (6.7 HP)","openings top: 1-400mm x 300mm manway, 1-150mm, 1-120mm, 1-100mm, 1-75mm, jacket: 2-75mm, 4-50mm, bottom: 1-100mm","","","","1,200 mm (47.2 in)","Batch-Type Agitated","Lugs","","Dish","Reactor"
"207131","Batch-Type Agitated Reactor 250 L (66 gallons) Stainless Steel 316 For Sale - IPP# 207131","https://ims.internationalprocessplants.com/inventory/equipment/detail/207131","14","","Packing","","","","","","","","250 L (66 gallons)","","Used","650 mm (25.6 in)","","","","","","","","1.5 bar (21.8 psi)","","Carbon Steel","2 bar (29 psi)","","","JENS OLSEN","","Stainless Steel 316","","0.75 kW (1.01 HP)","Handhole with 190mm sight glass and 1-125mm sight glass.","","","","","Batch-Type Agitated","Lugs","","","Reactor"
"207281","Batch-Type Agitated Reactor 11,350 L (3,000 gallons) Stainless Steel 321 For Sale - IPP# 207281","https://ims.internationalprocessplants.com/inventory/equipment/detail/207281","22","Yes","","Agitation is by Lightnin, Model # 781-05-200, Serial # 9862830601. Drive ratio is 25.8, outlet rpm is 17.3 - 69.2, Agitator is single action with bottom scrapers. With Toshiba G-3 TOSVERT-130 transitor Inverter, and operating control panels.","","","","","","","11,350 L (3,000 gallons)","","Used","2,600 mm (102 in)","","","","","","","Yes","2.1 bar (30 psi)","135 °C (275 °F)","Stainless Steel 321","6.9 bar (100 psi)","170 °C (338 °F)","Half Pipe/Limpet","Lee Industries","Yes","Stainless Steel 321","1500U9MS","149.1 kW (200 HP)","Top openings: 24" manway, 24" blank flange, two 6" sightglass', one 8" blank flange, one 6" blank flange, five 4" blank flanges, and one 3" blank flange","","","","2,150 mm (84 in)","Batch-Type Agitated","Legs","","","Reactor"
"207282","Stainless Steel 304 Batch-Type Agitated Reactor - IPP# 207282","https://ims.internationalprocessplants.com/inventory/equipment/detail/207282","26","Yes","Packing","Mixer was a double-motion agitator with scraper blades, but has been converted to a single motion agitator with scrapers. Mixer utilizes a stuffing box seal and is driven by a Lee DM-4 drive","","","","Stainless Steel 304","Dish","","5,700 L (1,500 gallons)","","Used","3,500 mm (138 in)","","","","Wide sweep","","Mill 2B","","","","Stainless Steel 304","6.9 bar (100 psi)","170 °C (338 °F)","Half Pipe/Limpet","Process Systems ltd","Yes","Stainless Steel 304","","74.6 kW (100 HP)","openings, Top: five; 4" flanges, three; 6" flanges (one with sight glass), one 24" vapour flange, one 3" flange, and one 24 " hinged manway, Bottom openings include: One 6" flange, one 4" flange ,and one 2 1/8" flush.","Vertical","","","2,350 mm (92 in)","Batch-Type Agitated","Legs","Stainless Steel 304","Dish","Reactor"
"207563","Stainless Steel 316 Batch-Type Agitated Reactor - IPP# 207563","https://ims.internationalprocessplants.com/inventory/equipment/detail/207563","20","Yes","Mechanical","Four agitation blades on shaft.","","","","","","","3,800 L (1,000 gallons)","","Used","1,500 mm (60 in)","","","","","","","Yes","3.4 bar (50 psi)","148.9 °C (300 °F)","","5.2 bar (75 psi)","148.9 °C (300 °F)","","Mueller Corp","","Stainless Steel 316","","1.49 kW (2 HP)","Openings include: Top - (1) 18" with Sight Glass in cover, (1) 18", (1) 8" with agitator, (4) 4", (1) 2"; Side - (1) 6" tangential; Bottom (1) 3" outlet.","Vertical","","","1,950 mm (77 in)","Batch-Type Agitated","Legs","","","Reactor"
"207639","Stainless Steel 304 Gaston County Batch-Type Agitated Reactor - IPP# 207639","https://ims.internationalprocessplants.com/inventory/equipment/detail/207639","19","Yes","Mechanical","- Mixer: Top mounted Philadelphia mixer, model PTE08, 30 to 1 ratio","","","","","","","5,700 L (1,500 gallons)","","Used","1,500 mm (60 in)","","","","","","","","3.4 bar (50 psi)","232.2 °C (450 °F)","Stainless Steel 304","3.4 bar (50 psi)","","","Gaston County","Yes","Stainless Steel 304","","","Openings include: Top - (1) 16" manway with SG in cover, (3) 3", (3) 2", (1) 5", (2)1"; No bottom outlet.","Vertical","","","3,200 mm (126 in)","Batch-Type Agitated","Legs","","","Reactor"
"208081","Stainless Steel 316 Batch-Type Agitated Reactor - IPP# 208081","https://ims.internationalprocessplants.com/inventory/equipment/detail/208081","21","Yes","Mechanical","3 blade retreat curve impellor","","H-Baffle","","","","","189.3 L (50 gallons)","","Used","610 mm (24 in)","","","","","","","Yes","5.5 bar (80 psi)","343.3 °C (650 °F)","","6.2 bar (90 psi)","148.9 °C (300 °F)","","Pfaudler","","Stainless Steel 316","","2.2 kW (3 HP)","Openings include: Top - (1) 4" hand hole with cover, (3) 1.5", (1)3"; Bottom - (1) 2" outlet.","Vertical","","","711 mm (28 in)","Batch-Type Agitated","Lugs","","","Reactor"
"208214","Glasslined DeDietrich CE Batch-Type Agitated Reactor - IPP# 208214","https://ims.internationalprocessplants.com/inventory/equipment/detail/208214","15","","","","","","","","","","7,550 L (2,000 gallons)","","Re-glassed","2,000 mm (78.7 in)","","","","","","","Yes","6 bar (87 psi)","250 °C (482 °F)","","6 bar (87 psi)","250 °C (482 °F)","","DeDietrich","Yes","Glasslined","CE","","","","","","2,850 mm (111.8 in)","Batch-Type Agitated","","","","Reactor"
"208220","Batch-Type Agitated Reactor 7,000 L (1,850 gallons) Stainless Steel Austenitic For Sale - IPP# 208220","https://ims.internationalprocessplants.com/inventory/equipment/detail/208220","20","Yes","Mechanical","","","","","","","","7,000 L (1,850 gallons)","","Used","1,800 mm (70.9 in)","","","","","","","","1.5 bar (21.8 psi)","100 °C (212 °F)","Carbon Steel","6 bar (87 psi)","150 °C (302 °F)","Half Pipe/Limpet","Kosik Gmbh","Yes","Stainless Steel Austenitic","","6.3 kW (8.4 HP)","Openings coil: (1) DN32, (1) DN25, openings vessel top: DN500 manway, (2) DN50, (2) DN65, (2) DN150 with sight glass, (1) DN200, vessel bottom: (1) DN80,","","","","3,500 mm (137.8 in)","Batch-Type Agitated","Lugs","","","Reactor"
"208221","Glasslined DeDietrich STA Batch-Type Agitated Reactor - IPP# 208221","https://ims.internationalprocessplants.com/inventory/equipment/detail/208221","20","Yes","Mechanical","3 finger curved agitator","Baffle: 2 finger done","Finger Baffle","","","","","980 L (258.9 gallons)","","Used","100 mm (3.9 in)","","","","","","","Yes","6 bar (87 psi)","200 °C (392 °F)","","6 bar (87 psi)","200 °C (392 °F)","","DeDietrich","","Glasslined","STA","2.5 kW (3.4 HP)","","","","","1,200 mm (46.5 in)","Batch-Type Agitated","","","","Reactor"
"208222","Glasslined DeDietrich STA Batch-Type Agitated Reactor - IPP# 208222","https://ims.internationalprocessplants.com/inventory/equipment/detail/208222","22","Yes","Packing","2- level s/steel turbine agitator","","","","","Dish","","3,800 L (1,000 gallons)","","Used","1,600 mm (63 in)","","","","","","","Yes","6 bar (87 psi)","200 °C (392 °F)","","6 bar (87 psi)","200 °C (392 °F)","","DeDietrich","Yes","Glasslined","STA","","Opeinings top: 1-250mm x 450mm manway, 1-200mm, 2-150mm, 4-100mm, jacket: 2-75mm, 6-40mm, bottom: 1-100 mm.bottom jacket: 2-50mm","","","","1,400 mm (55.1 in)","Batch-Type Agitated","Lugs","","Dish","Reactor"
"208259","Batch-Type Agitated Reactor 12,500 L (3,300 gallons) Stainless Steel 316 For Sale - IPP# 208259","https://ims.internationalprocessplants.com/inventory/equipment/detail/208259","17","","Packing","","","","","","","","12,500 L (3,300 gallons)","","Used","2,100 mm (82.7 in)","","","","","","","","2 bar (29 psi)","180 °C (356 °F)","Carbon Steel","8 bar (116 psi)","174.5 °C (346.1 °F)","Half Pipe/Limpet","Kosik","","Stainless Steel 316","","9.7 kW (13 HP)","","","","","4,250 mm (168.1 in)","Batch-Type Agitated","Lugs","","","Reactor"
"208266","Glasslined Pfaudler E Batch-Type Agitated Reactor - IPP# 208266","https://ims.internationalprocessplants.com/inventory/equipment/detail/208266","20","Yes","Mechanical","3 blade impellor agitator.","","","","","","","2,000 L (528 gallons)","","Used","1,400 mm (55.1 in)","","","","","","","Yes","6 bar (87 psi)","200 °C (392 °F)","","6 bar (87 psi)","200 °C (392 °F)","","Pfaudler","","Glasslined","E","7.7 kW (10.3 HP)","Openings Include: Top 1- 350mm x 450mm manhole, 1-200mm, 5-100mm (1 with baffle), Bottom 1- 100 mm","","","","1,100 mm (43.3 in)","Batch-Type Agitated","Lugs","","","Reactor"
"208267","Glasslined Pfaudler E Batch-Type Agitated Reactor - IPP# 208267","https://ims.internationalprocessplants.com/inventory/equipment/detail/208267","22","Yes","Mechanical","Agitator: 3 blade impellor","","","","","Dish","","1,200 L (317 gallons)","","Refurbished/Rebuilt","","","","","","","","Yes","6 bar (87 psi)","200 °C (392 °F)","","6 bar (87 psi)","200 °C (392 °F)","","Pfaudler","Yes","Glasslined","E","4.5 kW (6 HP)","Openings Include: Top 1- 300mm x 400mm manhole, 1-150mm, 3-100mm, 2-80mm Bottom 1- 100mm, weld dished top and bottom","Vertical","","","","Batch-Type Agitated","Lugs","","Dish","Reactor"
"208315","Glasslined DeDietrich STU Batch-Type Agitated Reactor - IPP# 208315","https://ims.internationalprocessplants.com/inventory/equipment/detail/208315","15","","","","","","","","","","4,000 L (1,050 gallons)","","Re-glassed","1,800 mm (70.9 in)","","","","","","","","6 bar (87 psi)","200 °C (392 °F)","","6 bar (87 psi)","200 °C (392 °F)","","DeDietrich","Yes","Glasslined","STU","","- Top opening: 350 x 450 mm manhole","","","","2,100 mm (82.7 in)","Batch-Type Agitated","","","","Reactor"
"208316","Glasslined Pfaudler E Batch-Type Agitated Reactor - IPP# 208316","https://ims.internationalprocessplants.com/inventory/equipment/detail/208316","17","","","","","","","","","","2,000 L (528 gallons)","","Re-glassed","1,400 mm (55.1 in)","","","","","","","Yes","6 bar (87 psi)","200 °C (392 °F)","","6 bar (87 psi)","200 °C (392 °F)","","Pfaudler","Yes","Glasslined","E","","Openings: - Top: 1- 350mm x 450mm manway","Vertical","","","1,650 mm (65 in)","Batch-Type Agitated","","","","Reactor"
"208347","Glasslined DeDietrich STA Batch-Type Agitated Reactor - IPP# 208347","https://ims.internationalprocessplants.com/inventory/equipment/detail/208347","17","","Mechanical","","","","","","","","980 L (258.9 gallons)","","Used","1,000 mm (39.4 in)","","","","","","","Yes","6 bar (87 psi)","200 °C (392 °F)","","6 bar (87 psi)","200 °C (392 °F)","","DeDietrich","Yes","Glasslined","STA","","- Top opening: 1-320mm x 420mm manway","","","","1,200 mm (46.5 in)","Batch-Type Agitated","","","","Reactor"
"208362","Batch-Type Agitated Reactor 2,900 L (766 gallons) Stainless Steel Austenitic For Sale - IPP# 208362","https://ims.internationalprocessplants.com/inventory/equipment/detail/208362","20","Yes","","Agitator pressure rating: 6 bar @ 130 degrees C","","","","","","","2,900 L (766 gallons)","","Used","1,500 mm (59.1 in)","","","","","","","","6 bar (87 psi)","160 °C (320 °F)","Carbon Steel","6 bar (87 psi)","160 °C (320 °F)","Half Pipe/Limpet","Gerhard & Rauh","Yes","Stainless Steel Austenitic","","5.5 kW (7.4 HP)","Top openings: (1) 450mm manway, (3) 50mm, (1) 150mm, (3) 100 mm with (2) sight glass","","","","1,200 mm (48 in)","Batch-Type Agitated","Legs","","","Reactor"
"208387","Glasslined DeDietrich STU Batch-Type Agitated Reactor - IPP# 208387","https://ims.internationalprocessplants.com/inventory/equipment/detail/208387","15","","","","","","","","","","1,200 L (317 gallons)","","Used","1,200 mm (47.2 in)","","","","","","","Yes","6 bar (87 psi)","200 °C (392 °F)","","6 bar (87 psi)","200 °C (392 °F)","","DeDietrich","","Glasslined","STU","","Openings: Top -1-240mm x 369mm handway;","","","","1,400 mm (55.1 in)","Batch-Type Agitated","","","","Reactor"
"208389","Glasslined Pfaudler E Batch-Type Agitated Reactor - IPP# 208389","https://ims.internationalprocessplants.com/inventory/equipment/detail/208389","24","Yes","Mechanical","- Agitator: 3 finger","","D-Baffle","","","Dish","","2,100 L (559 gallons)","","Used","1,400 mm (55.1 in)","","","","","","","Yes","6 bar (87 psi)","200 °C (392 °F)","","6 bar (87 psi)","200 °C (392 °F)","","Pfaudler","Yes","Glasslined","E","7.5 kW (10.1 HP)","- Openings: Top - 1-350mm x 450mm manway, 1-200mm, 4-100mm (1 with baffle), 2-75mm; Jacket - 2-40mm, 2-80mm","","","","1,100 mm (43.3 in)","Batch-Type Agitated","Lugs","","Dish","Reactor"
"208398","Glasslined Pfaudler E Batch-Type Agitated Reactor - IPP# 208398","https://ims.internationalprocessplants.com/inventory/equipment/detail/208398","21","Yes","Mechanical","impeller agitator","","","","","","","1,400 L (363.2 gallons)","","Used","1,300 mm (51.2 in)","","","","","","","Yes","6 bar (87 psi)","200 °C (392 °F)","","6 bar (87 psi)","200 °C (392 °F)","","Pfaudler","Yes","Glasslined","E","5.5 kW (7.4 HP)","- Openings: top 1-320mm x 420mm manway with sight glass, 4-100mm, 1-80mm","","","","1,800 mm (71.1 in)","Batch-Type Agitated","Lugs","","","Reactor"
"208473","Stainless Steel Austenitic Batch-Type Agitated Reactor - IPP# 208473","https://ims.internationalprocessplants.com/inventory/equipment/detail/208473","16","Yes","Mechanical","","","","","","","","630 L (166.4 gallons)","","Used","","","","","","","","Yes","6 bar (87 psi)","200 °C (392 °F)","","20 bar (290.1 psi)","200 °C (392 °F)","Half Pipe/Limpet","K. Ley, Germany","","Stainless Steel Austenitic","","5.5 kW (7.4 HP)","Openings: Top (1)250mm handhole, (4)100mm, (1)150mm; Bottom (1)100mm outlet.","","","","","Batch-Type Agitated","","","","Reactor"
"209900","Glasslined Pfaudler-Balfour RA Batch-Type Agitated Reactor - IPP# 209900","https://ims.internationalprocessplants.com/inventory/equipment/detail/209900","25","Yes","Mechanical","Agitator type: 3-finger retreat curve","Baffle type: 2-finger up baffle","Finger Baffle","","","Dish","","6,800 L (1,800 gallons)","","Refurbished/Rebuilt","2,150 mm (84 in)","","","","","","","Yes","3.8 bar (54.8 psi)","180 °C (356 °F)","","5.2 bar (75.3 psi)","180 °C (356 °F)","","Pfaudler-Balfour","Yes","Glasslined","RA","15 kW (20.1 HP)","Openings: Top: 1-18" manway with cover, 2-6", 5-4", Straight side: 2-2", 1-1/2"","","","","1,700 mm (66 in)","Batch-Type Agitated","Lugs","","Dish","Reactor"
"209902","Glasslined Pfaudler-Balfour RA Batch-Type Agitated Reactor - IPP# 209902","https://ims.internationalprocessplants.com/inventory/equipment/detail/209902","25","Yes","Mechanical","- Agitator type: 3-finger retreat curve","- Baffle type: 2-finger up","Finger Baffle","","","Dish","","6,800 L (1,800 gallons)","","Used","2,150 mm (84 in)","","","","","","","Yes","3.8 bar (54.8 psi)","180 °C (356 °F)","","5.2 bar (75.3 psi)","180 °C (356 °F)","","Pfaudler-Balfour","Yes","Glasslined","RA","15 kW (20.1 HP)","- Openings: - Top: 1-18" manway with cover, 2-6", 5-4" - Straight side: 2-2", 1-1/2"","","","","1,700 mm (66 in)","Batch-Type Agitated","Lugs","","Dish","Reactor"
"209904","Batch-Type Agitated Reactor 11,000 L (2,900 gallons) Stainless Steel 316 For Sale - IPP# 209904","https://ims.internationalprocessplants.com/inventory/equipment/detail/209904","25","Yes","Mechanical","- Agitator: (2) 4-blade pitched paddle agitator","","","","","Dish","","11,000 L (2,900 gallons)","","Used","2,300 mm (90.2 in)","","","","","Yes","","Yes","3.8 bar (54.8 psi)","235 °C (455 °F)","","14.7 bar (213.2 psi)","235 °C (455 °F)","Half Pipe/Limpet","S.S.V Ltd","Yes","Stainless Steel 316","","15 kW (20.1 HP)","- Openings: - Top: 1-20" manway with cover, 1-8", 2-6", 3-4", 1-3", 4-2", 1-1 1/2" - Straight side: 4-3", 2-1 1/2"","Vertical","","","2,600 mm (101.6 in)","Batch-Type Agitated","Lugs","","Dish","Reactor"
"209907","Batch-Type Agitated Reactor 11,000 L (2,900 gallons) Stainless Steel 316 For Sale - IPP# 209907","https://ims.internationalprocessplants.com/inventory/equipment/detail/209907","25","Yes","Mechanical","- Agitator: (2) 4-blade pitched paddle agitator","","","","","Dish","","11,000 L (2,900 gallons)","","Used","2,300 mm (90.2 in)","","","","","Yes","","Yes","3.8 bar (54.8 psi)","235 °C (455 °F)","","14.7 bar (213.2 psi)","235 °C (455 °F)","Half Pipe/Limpet","S.S.V Ltd","Yes","Stainless Steel 316","","11 kW (14.8 HP)","- Openings: - Top: 1-20" manway with cover, 1-8", 2-6", 3-4", 1-3", 4-2", 1-1 1/2" - Straight side: 4-3", 2-1 1/2"","Vertical","","","2,600 mm (101.6 in)","Batch-Type Agitated","Lugs","","Dish","Reactor"
"209908","Stainless Steel 316 Bibby&#x27;s of Halifax Batch-Type Agitated Reactor - IPP# 209908","https://ims.internationalprocessplants.com/inventory/equipment/detail/209908","27","Yes","Mechanical","Agitator blade: 4-blade pitched paddle on shaft","","","","Stainless Steel 316L","Dish","","5,000 L (1,300 gallons)","","Used","1,950 mm (77.4 in)","","","","","","","Yes","2.5 bar (36.3 psi)","180 °C (356 °F)","Stainless Steel 316","11.6 bar (168.2 psi)","185 °C (365 °F)","Half Pipe/Limpet","Bibbys of Halifax","Yes","Stainless Steel 316","","7.5 kW (10.1 HP)","- Openings: - Top: 1-18" manway, 1-6", 3-4", 1-3", 3-2", 1-1 1/2" - Straight side: 1-2"","Vertical","","","1,300 mm (52 in)","Batch-Type Agitated","Lugs","Stainless Steel 316L","Dish","Reactor"
"209921","Glasslined Pfaudler RA Batch-Type Agitated Reactor - IPP# 209921","https://ims.internationalprocessplants.com/inventory/equipment/detail/209921","24","Yes","Mechanical","Agitator type: 6-blade pitched paddle","","Beavertail","","","Dish","","2,500 L (660 gallons)","","Used","1,500 mm (60 in)","","","","","","","Yes","6.8 bar (99.1 psi)","200 °C (392 °F)","","6.8 bar (99.1 psi)","200 °C (392 °F)","","Pfaudler","Yes","Glasslined","RA","5.5 kW (7.4 HP)","Openings: - Top: 1-460 x 410mm manway, 2-150mm, 5-100mm - Straight side: 2-75mm, 2-50mm","","","","1,100 mm (43 in)","Batch-Type Agitated","Lugs","","Dish","Reactor"
"209960","Glasslined DeDietrich Batch-Type Agitated Reactor - IPP# 209960","https://ims.internationalprocessplants.com/inventory/equipment/detail/209960","24","Yes","Mechanical","- Agitator drive: Off center model 100, - Agitator type: 4-blade pitched paddle","","","","","Dish","","10,000 L (2,650 gallons)","","Used","2,000 mm (78.7 in)","","","","","","","Yes","3.3 bar (47.9 psi)","170 °C (338 °F)","Carbon Steel","6 bar (87 psi)","200 °C (392 °F)","","DeDietrich","Yes","Glasslined","","7.5 kW (10.1 HP)","- Openings: - Top: 1-500mm manway, 2-150mm, 5-100mm - Straight side: 3-100mm (internal), 1-80mm (jkt)","Vertical","","","2,850 mm (112.1 in)","Batch-Type Agitated","Legs","","Dish","Reactor"
"210473","Batch-Type Agitated Reactor 757 L (200 gallons) Stainless Steel 316 For Sale - IPP# 210473","https://ims.internationalprocessplants.com/inventory/equipment/detail/210473","14","","","","","","","","Dish","","757 L (200 gallons)","","Used","965 mm (38 in)","","","","","","","","","","Carbon Steel","","","","","Yes","Stainless Steel 316","","","14" eliptical manway, 4" sight glass, 4" top opening. 1.5" center bottom opening,","Vertical","","","914 mm (36 in)","Batch-Type Agitated","Legs","","Dish","Reactor"
"210769","DeDietrich AE-630 850 L Glass-Lined Batch-Type Agitated Reactor - IPP# 210769","https://ims.internationalprocessplants.com/inventory/equipment/detail/210769","24","Yes","","Agitator type: Anchor, 2-speed ex proof motor,","beavertail baffle","Beavertail","","","Dish","","850 L (224.5 gallons)","","Used","950 mm (37.4 in)","","","","","","","Yes","6 bar (87 psi)","200 °C (392 °F)","","6 bar (87 psi)","200 °C (392 °F)","","DeDietrich","Yes","Glasslined","AE-630","3.6 kW (4.8 HP)","Top openings: 1-250mm manway, 4-100mm, 1-150mm, jacket: 2-50mm, 1-17mm valve","","","","780 mm (30.7 in)","Batch-Type Agitated","Lugs","","Dish","Reactor"
"210770","Glasslined DeDietrich AE Batch-Type Agitated Reactor - IPP# 210770","https://ims.internationalprocessplants.com/inventory/equipment/detail/210770","19","Yes","","- Agitator type: Anchor","","","","","","","700 L (184.9 gallons)","","Used","1,000 mm (39.4 in)","","","","","","","Yes","6 bar (87 psi)","200 °C (392 °F)","","6 bar (87 psi)","200 °C (392 °F)","","DeDietrich","Yes","Glasslined","AE","3 kW (4 HP)","- Openings: - Top: (1)-250mm manway, (4)-100mm, (1)-150mm","","","","1,300 mm (51.2 in)","Batch-Type Agitated","","","","Reactor"
"210962","Batch-Type Agitated Reactor 1,050 L (275 gallons) Stainless Steel 304 For Sale - IPP# 210962","https://ims.internationalprocessplants.com/inventory/equipment/detail/210962","22","Yes","Mechanical","Agitation by Lightnin, vertical mount, Model # XJDS-350, with mechanical seal. Serial # 85/257760-01 ,Three small flat paddle agitator blades","baffles mounted to interior of vessel","","","","Dish","","1,050 L (275 gallons)","","Used","813 mm (32 in)","","","","","","","Yes","3.4 bar (50 psi)","","Carbon Steel","3.4 bar (50 psi)","","","Brown Hutchinson, Inc.","","Stainless Steel 304","","2.6 kW (3.5 HP)","Top openings are one 6" sight glass, one 10" with agitiator center opening, one 2" , three 1", one 0.25", one 0.5", one 6".","Vertical","","","1,950 mm (76 in)","Batch-Type Agitated","Lugs","","Dish","Reactor"
"210982","New Glasslined DeDietrich CSA Batch-Type Agitated Reactor - IPP# 210982","https://ims.internationalprocessplants.com/inventory/equipment/detail/210982","18","","","","","","Yes","","","","2,850 L (750 gallons)","","New","1,500 mm (60 in)","","","","","","","Yes","6.9 bar (100 psi)","260 °C (500 °F)","","31 bar (450 psi)","260 °C (500 °F)","","DeDietrich","","Glasslined","CSA","","Top openings: (1) 24" main, (1) 6", (4) 4" nozzles. Side lug supports. Bottom: (1) 4" outlet.","Vertical","","","1,200 mm (48 in)","Batch-Type Agitated","Lugs","","","Reactor"
"211509","Glasslined Pfaudler CE Batch-Type Agitated Reactor - IPP# 211509","https://ims.internationalprocessplants.com/inventory/equipment/detail/211509","23","Yes","Mechanical","3 blade agitator","","D-Baffle","","","","","2,100 L (559 gallons)","","Used","1,500 mm (59.1 in)","","","","","","","Yes","6 bar (87 psi)","200 °C (392 °F)","Carbon Steel","7 bar (101.5 psi)","200 °C (392 °F)","","Pfaudler","Yes","Glasslined","CE","3.6 kW (4.8 HP)","openings jacket: side wall (2) DN50, bottom (1) DN50, openings vessel: top (1) 335mm x 440mm manway with DN100 sight glass on cover, (2) DN80, (2) DN100, (1) DN100 sight glass, (1) DN100 for D-baffle with temperature measurement, (1) DN200, bottom outlet (1) DN100,","","","","1,200 mm (47.2 in)","Batch-Type Agitated","Lugs","","","Reactor"
"211546","Glasslined Pfaudler E Batch-Type Agitated Reactor - IPP# 211546","https://ims.internationalprocessplants.com/inventory/equipment/detail/211546","19","Yes","Mechanical","- Drive: VS80 Pfaudler drive","","","","","","","13,350 L (3,500 gallons)","","Used","","","","","","","","Yes","6 bar (87 psi)","200 °C (392 °F)","","6.9 bar (100.1 psi)","200 °C (392 °F)","","Pfaudler","Yes","Glasslined","E","44 kW (59 HP)","Openings include: Top - (1) 600mm manway with sight glass in cover, mounted on a swing davit, (4) 200mm, (2) 300mm, (1) 400mm; Bottom (1) 250mm.","","","","","Batch-Type Agitated","Lugs","","","Reactor"
"211550","Glasslined Pfaudler E Batch-Type Agitated Reactor - IPP# 211550","https://ims.internationalprocessplants.com/inventory/equipment/detail/211550","25","Yes","Mechanical","- Agitator: 3 blade retreat curve agitator","3 finger up baffle","Finger Baffle","","","Dish","","13,350 L (3,500 gallons)","","Used","2,500 mm (98.4 in)","","","","","","","Yes","6 bar (87 psi)","200 °C (392 °F)","","6.9 bar (100.1 psi)","200 °C (392 °F)","","Pfaudler","Yes","Glasslined","E","44 kW (59 HP)","Openings include: Top - (1) 500mm manway with sight glass in cover, mounted on a swing davit, (3) 125mm, (3) 150mm, (1) 300mm(2) 100mm; Bottom (1) 150mm.","","","","3,500 mm (137.8 in)","Batch-Type Agitated","Lugs","","Dish","Reactor"
"211562","Glasslined Pfaudler E Batch-Type Agitated Reactor - IPP# 211562","https://ims.internationalprocessplants.com/inventory/equipment/detail/211562","23","Yes","Mechanical","3-blade retreat curved agitator, mecahanical seal on shaft with lubricator","D baffle","D-Baffle","","","Dish","","2,100 L (559 gallons)","","Used","1,200 mm (47.2 in)","","","","","","","Yes","6 bar (87 psi)","200 °C (392 °F)","","7 bar (101.5 psi)","200 °C (392 °F)","","Pfaudler","Yes","Glasslined","E","","openings: top; 1-80mm, 1-150mm, 4-100mm, 1-400x500mm manway, bottom: 1-100mm, 1-50mm, strait side: 2-50mm","","","","1,400 mm (55.1 in)","Batch-Type Agitated","","","Dish","Reactor"
"211565","Glasslined DeDietrich CE Batch-Type Agitated Reactor - IPP# 211565","https://ims.internationalprocessplants.com/inventory/equipment/detail/211565","25","Yes","Mechanical","- Agitator: 3 blade retreat curve agitator","3 finger up baffle","Finger Baffle","","","Dish","","11,700 L (3,100 gallons)","","Used","2,400 mm (94.5 in)","","","","","","","Yes","6 bar (87 psi)","200 °C (392 °F)","","7 bar (101.5 psi)","200 °C (392 °F)","","DeDietrich","Yes","Glasslined","CE","20 kW (26.8 HP)","Openings include: Top - (1) 500 mm manway with 100 mm sightglass in the cover, (6) 200 mm, (1) 300mm; Bottom (1) 150 mm outlet.","","","","3,200 mm (125.2 in)","Batch-Type Agitated","Lugs","","Dish","Reactor"
"211697","Batch-Type Agitated Reactor 565 L (149.3 gallons) Stainless Steel 316 For Sale - IPP# 211697","https://ims.internationalprocessplants.com/inventory/equipment/detail/211697","19","","","","","","Yes","","","","565 L (149.3 gallons)","","Used","800 mm (31.5 in)","","","","","","","Yes","6 bar (87 psi)","200 °C (392 °F)","Stainless Steel 304","13 bar (188.5 psi)","200 °C (392 °F)","Half Pipe/Limpet","Hanag AG","","Stainless Steel 316","","","Openings include: top - (1) 200mm, (2) 150 mm, (1) 100mm, (2) 80 mm, (1) top center opening for drive; Bottom (1) 100 mm outlet.","","","","975 mm (38.4 in)","Batch-Type Agitated","Lugs","","Dish","Reactor"
"211847","Glasslined DeDietrich BE Batch-Type Agitated Reactor - IPP# 211847","https://ims.internationalprocessplants.com/inventory/equipment/detail/211847","19","Yes","Mechanical","- Agitator drive: DeDietrich MDL-140-317 with Flender gear reducer","","","","","","","37,550 L (9,900 gallons)","","Used","3,500 mm (137.8 in)","","","","","","","Yes","6 bar (87 psi)","200 °C (392 °F)","","","","","DeDietrich","Yes","Glasslined","BE","37 kW (49.6 HP)","- Openings: 1-600mm manway, 5-200mm, 2-250mm, 2-400mm","","","","4,950 mm (195 in)","Batch-Type Agitated","Lugs","","","Reactor"
"212444","Glasslined DeDietrich BE Batch-Type Agitated Reactor - IPP# 212444","https://ims.internationalprocessplants.com/inventory/equipment/detail/212444","23","Yes","Mechanical","with two level three blade glass-lock agitator","beavertail baffle","Beavertail","","","","","14,350 L (3,800 gallons)","","Used","2,400 mm (94.5 in)","","","","","","","Yes","6 bar (87 psi)","200 °C (392 °F)","","30 bar (435.1 psi)","235 °C (455 °F)","Half Pipe/Limpet","DeDietrich","Yes","Glasslined","BE","37 kW (49.6 HP)","Openings include: Top 600 mm manway cover with sight glass, (3) 200 mm, (1) 300mm; Bottom outlet (1) 150mm.","","","","2,500 mm (98.4 in)","Batch-Type Agitated","","","","Reactor"
"212450","Glasslined DeDietrich CE Batch-Type Agitated Reactor - IPP# 212450","https://ims.internationalprocessplants.com/inventory/equipment/detail/212450","16","","","","","","","","","","7,600 L (2,000 gallons)","","Used","2,000 mm (78.7 in)","","","","","","","Yes","6 bar (87 psi)","200 °C (392 °F)","","6 bar (87 psi)","200 °C (392 °F)","","DeDietrich","","Glasslined","CE","10 kW (13.4 HP)","openings: top: 1-500mm, 2-250mm, 5-150mm, bottom: 1-150mm, 1-50mm, straid side: 3-50mm, 2-100mm","","","","2,850 mm (111.8 in)","Batch-Type Agitated","","","","Reactor"
"212451","Glasslined DeDietrich CE Batch-Type Agitated Reactor - IPP# 212451","https://ims.internationalprocessplants.com/inventory/equipment/detail/212451","13","","Mechanical","","","","","","","","7,600 L (2,000 gallons)","","Used","2,000 mm (78.7 in)","","","","","","","","","","","","","Half Pipe/Limpet","DeDietrich","","Glasslined","CE","18.5 kW (24.8 HP)","openings: top: 1-500mm, 2-250mm, 5-150mm, bottom: 1-150mm, 1-50mm, straid side: 3-50mm, 2-100mm,","","","","2,850 mm (111.8 in)","Batch-Type Agitated","","","","Reactor"
"212452","Glasslined DeDietrich CE Batch-Type Agitated Reactor - IPP# 212452","https://ims.internationalprocessplants.com/inventory/equipment/detail/212452","12","","Mechanical","","","","","","","","7,600 L (2,000 gallons)","","Used","2,000 mm (78.7 in)","","","","","","","","","","","","","","DeDietrich","","Glasslined","CE","13.2 kW (17.7 HP)","openings: top: 1-500mm, 2-250mm, 5-150mm, bottom: 1-150mm, 1-50mm, straid side: 3-50mm, 2-100mm,","","","","2,850 mm (111.8 in)","Batch-Type Agitated","","","","Reactor"
"212453","Glasslined DeDietrich STU Batch-Type Agitated Reactor - IPP# 212453","https://ims.internationalprocessplants.com/inventory/equipment/detail/212453","21","Yes","Mechanical","3- blade retreat curve agitator","beavertail baffle.","Beavertail","","","","","6,850 L (1,800 gallons)","","Used","2,000 mm (78.7 in)","","","","","","","Yes","6 bar (87 psi)","200 °C (392 °F)","","6 bar (87 psi)","200 °C (392 °F)","","DeDietrich","","Glasslined","STU","3 kW (4 HP)","","Vertical","","","2,650 mm (104.3 in)","Batch-Type Agitated","","","","Reactor"
"212459","Batch-Type Agitated Reactor 29,800 L (7,850 gallons) Stainless Steel 316 For Sale - IPP# 212459","https://ims.internationalprocessplants.com/inventory/equipment/detail/212459","13","","","","","","Yes","","","","29,800 L (7,850 gallons)","Yes","Used","3,000 mm (118.1 in)","","","","","","","","12.5 bar (181.3 psi)","80 °C (176 °F)","Carbon Steel","3.8 bar (55.1 psi)","","","","","Stainless Steel 316","","","","","","","4,950 mm (195.4 in)","Batch-Type Agitated","","","","Reactor"
"212466","Glasslined DeDietrich BE Batch-Type Agitated Reactor - IPP# 212466","https://ims.internationalprocessplants.com/inventory/equipment/detail/212466","23","Yes","Mechanical","- Agitator: Glass Lock three blade","beavertail baffle with grea look","Beavertail","","","","","9,350 L (2,450 gallons)","","Used","2,400 mm (94.5 in)","","","","","","","Yes","6 bar (87 psi)","200 °C (392 °F)","","6 bar (87 psi)","200 °C (392 °F)","","DeDietrich","Yes","Glasslined","BE","11 kW (14.8 HP)","openings: top: manway cover1-500mm, 1-300mm, 7-150mm, jacket: 1-100mm, 4-50mm, 1-150mm, bottom: 1-80mm","","","","1,800 mm (70.9 in)","Batch-Type Agitated","Lugs","","","Reactor"
"212472","Glasslined DeDietrich Codap 85 Batch-Type Agitated Reactor - IPP# 212472","https://ims.internationalprocessplants.com/inventory/equipment/detail/212472","22","","Mechanical","- Agitator: 3 blade curve agitator","(2) beavertail baffles,","Beavertail","","","","","18,100 L (4,800 gallons)","","Used","","","","","","","","Yes","6 bar (87 psi)","232 °C (449.6 °F)","Carbon Steel","6 bar (87 psi)","232 °C (449.6 °F)","","DeDietrich","Yes","Glasslined","Codap 85","22 kW (29.5 HP)","openings vessel top: (4) DN200, (2) DN300, 500mm manway including cover with DN200 sight glass, vessel bottom: (1) DN150; openings jacket side wall: (5) DN50, (1) DN80, jacket bottom: (1) DN80","Vertical","","","","Batch-Type Agitated","Legs","","","Reactor"
"212508","Stainless Steel 316 Batch-Type Agitated Reactor - IPP# 212508","https://ims.internationalprocessplants.com/inventory/equipment/detail/212508","21","","","","3) 3" wide baffles on side wall,","","Yes","","Dish","","1,150 L (300 gallons)","","Used","1,050 mm (42 in)","","","","","","","","3.4 bar (50 psi)","165.6 °C (330 °F)","Stainless Steel 304","6.2 bar (90 psi)","165.6 °C (330 °F)","Dimple","Letsch Precision Stainless","","Stainless Steel 316","","","Openings include: Top - (1) 8" center for an agitator, (2) 2", (1) 1", (1) 4", (1) 3", (1) 8" hand hole with 4" sight glass in the cover. Bottom - (1) 1.5" cbo.","","Yes","","1,100 mm (44 in)","Batch-Type Agitated","Legs","","Dish","Reactor"
"212925","Glasslined Pfaudler E Batch-Type Agitated Reactor - IPP# 212925","https://ims.internationalprocessplants.com/inventory/equipment/detail/212925","20","Yes","Mechanical","","","","","","Dish","","2,150 L (570 gallons)","","Used","","","","","","","","Yes","6 bar (87 psi)","200 °C (392 °F)","","6 bar (87 psi)","200 °C (392 °F)","","Pfaudler","","Glasslined","E","5.5 kW (7.4 HP)","openings body on the top: (1) 400mm x 500mm man hole, (1) DN80, (5) DN100, (1) DN150, openings bottom (1) DN100, openings jacket side wall (1) DN80, jacket bottom (1) DN50,","Vertical","","","","Batch-Type Agitated","Lugs","","Dish","Reactor"
"213075","Stainless Steel 316 Batch-Type Agitated Reactor - IPP# 213075","https://ims.internationalprocessplants.com/inventory/equipment/detail/213075","23","Yes","Mechanical","- Agitator: Top mounted Lightnin drive, Model 85-5-40, 9.33 to 1 ratio, direct coupled, shaft, (4) blade pitched paddle mid shaft, 4 blade flat turbine on bottom,","","","","","Dish","","2,850 L (750 gallons)","","Used","1,700 mm (66 in)","","","","","","","","10.3 bar (150 psi)","148.9 °C (300 °F)","Carbon Steel","10.3 bar (150 psi)","148.9 °C (300 °F)","","Cream City Boiler","Yes","Stainless Steel 316","","3.7 kW (5 HP)","Openings include: Top - (1) 14" x 18" manway with cover, (3) 2", (1) 4", (1) 3"; (1) 2" center bottom outlet.","Vertical","","","1,450 mm (57 in)","Batch-Type Agitated","Lugs","","Dish","Reactor"
"213076","Monel Batch-Type Agitated Reactor - IPP# 213076","https://ims.internationalprocessplants.com/inventory/equipment/detail/213076","22","Yes","Mechanical","- Top mounted Lightnin drive, Model 85-5-40, 9.33 to 1 ratio, direct coupled, - Mixing blades: (4) blade pitched paddle mid shaft, 4 blade flat turbine on bottom","","","","","Dish","","2,850 L (750 gallons)","","Used","1,500 mm (60 in)","","","","","","","","10.3 bar (150 psi)","148.9 °C (300 °F)","Carbon Steel","10.3 bar (150 psi)","148.9 °C (300 °F)","","Cream City Boiler","Yes","Monel","","3.7 kW (5 HP)","Openings include: Top - (1) 14" x 18" manway with cover, (2) 1.5", (1) 3", (1)1", (1) 5" SG; (1) 2" center bottom outlet.","","","","1,500 mm (60 in)","Batch-Type Agitated","Lugs","","Dish","Reactor"
"213087","Glasslined DeDietrich Batch-Type Agitated Reactor - IPP# 213087","https://ims.internationalprocessplants.com/inventory/equipment/detail/213087","27","Yes","Mechanical","- Agitator type: 3 blade retreat curve - Agitator drive: 5 TW - Agitator speed: 40-60 rpm","2 Finger baffle","Finger Baffle","","","Cone","","3,800 L (1,000 gallons)","","Used","1,700 mm (66 in)","","","","","","Glass Lined","Yes","6.9 bar (100 psi)","204.4 °C (400 °F)","Carbon Steel","6.2 bar (90 psi)","204.4 °C (400 °F)","Standard","DeDietrich","","Glasslined","","3.7 kW (5 HP)","Openings include: top - (1) 14" x 18" manway with cover, (2) 8", (2) 6", (3) 4"; 4" bottom outlet.","Vertical","","","2,000 mm (78 in)","Batch-Type Agitated","Lugs","","Cone","Reactor"
"213176","Stainless Steel 316 Batch-Type Agitated Reactor - IPP# 213176","https://ims.internationalprocessplants.com/inventory/equipment/detail/213176","18","Yes","Mechanical","Lightnin drive Model 5A27 TEC-30.2, serial # 648275, rated for ratio of 38.4, - Agitator Blades: (2) 4 blade pitched paddle agitators","","","","","","","7,550 L (2,000 gallons)","","Used","","","","","","","","Yes","9.1 bar (132 psi)","232.2 °C (450 °F)","","6.9 bar (100 psi)","176.7 °C (350 °F)","","Tower Iron Works","Yes","Stainless Steel 316","","14.9 kW (20 HP)","Openings include: Top - (1) 14" x 18" manway with cover, (3) 4", (3) 2", (1) 6", (1) 8", (1) 12"; Bottom - Center bottom outlet","","","","","Batch-Type Agitated","Lugs","","","Reactor"
"213177","Glasslined  Batch-Type Agitated Reactor - IPP# 213177","https://ims.internationalprocessplants.com/inventory/equipment/detail/213177","14","Yes","Mechanical","","","","","","","","7,550 L (2,000 gallons)","","Used","","","","","","","","Yes","6.9 bar (100 psi)","","","6.2 bar (90 psi)","","","","Yes","Glasslined","","3.7 kW (5 HP)","Openings include: top - (1) 14" x 18" manway with cover, (3) 8", (1) 6", (3) 4"; 4" bottom outlet.","","","","","Batch-Type Agitated","Lugs","","","Reactor"
"213179","Glasslined Pfaudler RA Batch-Type Agitated Reactor - IPP# 213179","https://ims.internationalprocessplants.com/inventory/equipment/detail/213179","19","Yes","Mechanical","3 blade retreat curve agitator","","H-Baffle","","","","","7,550 L (2,000 gallons)","","Used","","","","","","","","Yes","6.9 bar (100 psi)","176.7 °C (350 °F)","","6.2 bar (90 psi)","176.7 °C (350 °F)","","Pfaudler","","Glasslined","RA","11.2 kW (15 HP)","Openings include: top - (1) 18" manway with cover, (3) 8", (1) 6", (3) 4"; 4" bottom outlet.","","","","","Batch-Type Agitated","Lugs","","","Reactor"
"213184","Glasslined DeDietrich Batch-Type Agitated Reactor - IPP# 213184","https://ims.internationalprocessplants.com/inventory/equipment/detail/213184","19","Yes","Mechanical","3 blade retreat curve agitator","Flat baffle","Flat Vertical","","","","","3,800 L (1,000 gallons)","","Used","","","","","","","","Yes","6.9 bar (100 psi)","176.7 °C (350 °F)","","6.2 bar (90 psi)","176.7 °C (350 °F)","","DeDietrich","","Glasslined","","7.5 kW (10 HP)","Openings include: top - (1) 18" manway with cover, (1) 8", (4) 4"; 4" bottom outlet.","","","","","Batch-Type Agitated","Lugs","","","Reactor"
"213220","Nickel Batch-Type Agitated Reactor - IPP# 213220","https://ims.internationalprocessplants.com/inventory/equipment/detail/213220","26","Yes","Mechanical","Pfaudler 4TW flange mounted agitator drive, 4-blade nickel mill finish, pitch paddle agitators, 20" dia, 45 deg pitch and (4) welded baffles.","","","","","Dish","","2,850 L (750 gallons)","","Used","1,500 mm (60 in)","","","","","","","Yes","3.4 bar (50 psi)","176.7 °C (350 °F)","Inconel","6.9 bar (100 psi)","176.7 °C (350 °F)","Dimple","Pfaudler","Yes","Nickel","SB162","5.6 kW (7.5 HP)","Openings: top 1-16", 1-8", 2-6", 1-18" manway w/hinged cover w/6" sight glass, 2-2", 2-1 1/2", 2-1"; 4" center btm outlet with SS ball valve.","Vertical","","","1,800 mm (70 in)","Batch-Type Agitated","Lugs","","Dish","Reactor"
"213275","Glasslined Pfaudler RA Batch-Type Agitated Reactor - IPP# 213275","https://ims.internationalprocessplants.com/inventory/equipment/detail/213275","20","Yes","Mechanical","3 blade retreat curve agitator","2 finger up baffle","Finger Baffle","","","","","3,800 L (1,000 gallons)","","Used","","","","","","","","Yes","6.9 bar (100 psi)","343.3 °C (650 °F)","","6.2 bar (90 psi)","176.7 °C (350 °F)","","Pfaudler","","Glasslined","RA","7.5 kW (10 HP)","Openings include: Top - 30" great cover with (1) 14 x 18" manway with cover and (2) 2", (4) 4", (1) 8"; Bottom - (1) 4".","","","","","Batch-Type Agitated","Legs","","","Reactor"
"213289","Glasslined Pfaudler Batch-Type Agitated Reactor - IPP# 213289","https://ims.internationalprocessplants.com/inventory/equipment/detail/213289","29","Yes","Mechanical","3 blade retreat curve","3 Finger Baffle","Finger Baffle","","Glasslined","Dish","","7,550 L (2,000 gallons)","","Used","","","","","Retreat Curve","","Glass Lined","Yes","6.9 bar (100 psi)","232.2 °C (450 °F)","Glasslined","6.2 bar (90 psi)","232.2 °C (450 °F)","Standard","Pfaudler","Yes","Glasslined","","11.2 kW (15 HP)","30" Main cover, 14 x 8 manway cover, 14 x 18 Pro ring, (2) 8 nozzles, (2) 6" nozzles, (3) 4 " nozzles, (1) 4" nozzle.","Horizontal","","","","Batch-Type Agitated","Lugs","Glasslined","Dish","Reactor"
"213381","Glasslined Pfaudler P Batch-Type Agitated Reactor - IPP# 213381","https://ims.internationalprocessplants.com/inventory/equipment/detail/213381","21","Yes","Mechanical","Three blade retreat curve agitator running at 136 rpm.","","","","","","","113.6 L (30 gallons)","","Re-glassed","508 mm (20 in)","","","","","","","Yes","10.3 bar (150 psi)","232.2 °C (450 °F)","","6.2 bar (90 psi)","176.7 °C (350 °F)","","Pfaudler","","Glasslined","P","1.49 kW (2 HP)","Openings include: Top - (1) 6" hand hole, (3) 2"; Bottom (1) 2" outlet.","","","","610 mm (24 in)","Batch-Type Agitated","Lugs","","Dish","Reactor"
"213617","Glasslined DeDietrich CTJ Batch-Type Agitated Reactor - IPP# 213617","https://ims.internationalprocessplants.com/inventory/equipment/detail/213617","17","","","- Drive system: Pfaudler","","","","","Dish","","1,900 L (500 gallons)","","Used","1,500 mm (60 in)","2.2 kW (3 HP)","","","","","","Yes","5.2 bar (75 psi)","260 °C (500 °F)","","6.2 bar (90 psi)","260 °C (500 °F)","","DeDietrich","","Glasslined","CTJ","","","","","","1,200 mm (48 in)","Batch-Type Agitated","","","","Reactor"
"213669","Batch-Type Agitated Reactor 3.8 L (1 gallons) Hastelloy - C276 For Sale - IPP# 213669","https://ims.internationalprocessplants.com/inventory/equipment/detail/213669","13","","","","","","Yes","","","","3.8 L (1 gallons)","","Used","2.5 mm (0.1 in)","","","","","","","","206.8 bar (3,000 psi)","176.7 °C (350 °F)","","","","","Parr Instrument Co.","","Hastelloy - C276","","","1/4" drain valve,","Vertical","","","","Batch-Type Agitated","Frame Mounted with Feet","","","Reactor"
"213700","Glasslined Pfaudler Batch-Type Agitated Reactor - IPP# 213700","https://ims.internationalprocessplants.com/inventory/equipment/detail/213700","11","","","","","","","","","","200 L (52.8 gallons)","","Used","","","","","","","","Yes","1.72 bar (25 psi)","204.4 °C (400 °F)","","7.2 bar (105 psi)","204.4 °C (400 °F)","","Pfaudler","","Glasslined","","","","","","","","Batch-Type Agitated","","","","Reactor"
"213908","Stainless Steel 304 Modern Welding Batch-Type Agitated Reactor - IPP# 213908","https://ims.internationalprocessplants.com/inventory/equipment/detail/213908","21","Yes","","3HP agitator","4 baffles on side walls","","","","","","5,700 L (1,500 gallons)","","Used","2,000 mm (78 in)","","","","","","","Yes","3.4 bar (50 psi)","93.3 °C (200 °F)","","2.8 bar (40 psi)","93.3 °C (200 °F)","Half Pipe/Limpet","Modern Welding","Yes","Stainless Steel 304","","2.2 kW (3 HP)","Openings include: Top (1) 18" manway with cover, (1) 4", (1) 8"; bottom (1) 3" outlet.","","","","1,850 mm (72 in)","Batch-Type Agitated","Legs","","","Reactor"
"213966","Batch-Type Agitated Reactor 113.6 L (30 gallons) Stainless Steel 316 For Sale - IPP# 213966","https://ims.internationalprocessplants.com/inventory/equipment/detail/213966","19","Yes","Mechanical","","","","","","Dish","","113.6 L (30 gallons)","","Used","813 mm (32 in)","","","","","","","","3.4 bar (50 psi)","260 °C (500 °F)","","3.1 bar (45 psi)","260 °C (500 °F)","","Chem Pro","","Stainless Steel 316","","0.75 kW (1 HP)","Opening include Top (3) 1", (2) 2", (1) 4"; (1) 2" bottom outlet.","","","","838 mm (33 in)","Batch-Type Agitated","Legs","","Dish","Reactor"
"214685","Glasslined Pfaudler KC Batch-Type Agitated Reactor - IPP# 214685","https://ims.internationalprocessplants.com/inventory/equipment/detail/214685","20","","","","Equipped with flange mounted fin baffle.","Finger Baffle","","","Dish","","1,900 L (500 gallons)","","Re-glassed","1,700 mm (66 in)","","","","","","","Yes","6.9 bar (100 psi)","232.2 °C (450 °F)","","6.2 bar (90 psi)","232.2 °C (450 °F)","","Pfaudler","Yes","Glasslined","KC","","Top openings: (1) 18" manway cover hinged to a protection ring, (1) 4 3/8" center agitator nozzle with (4) drive bosses, (1) 8",(2) 6", (4) 4", (4) ; Bottom: (1) 3" center outlet","","","","1,000 mm (40 in)","Batch-Type Agitated","","","Dish","Reactor"
"214899","Glasslined DeDietrich Batch-Type Agitated Reactor - IPP# 214899","https://ims.internationalprocessplants.com/inventory/equipment/detail/214899","20","Yes","Packing","- Agitator: Flange mounted - Manufacturer of Agitator: ATRIED, - Packing Gland: Yes, Has variable speed drive with .25 kw motor, with 6 blade flat turbine.","","","","","Dish","","26.5 L (7 gallons)","","Used","3,050 mm (120 in)","","","","","","","","1.01 bar (14.7 psi)","204.4 °C (400 °F)","","6.2 bar (90 psi)","204.4 °C (400 °F)","","DeDietrich","","Glasslined","","0.25 kW (0.34 HP)","Top openings: 2-1 1/2", 2-3". Bottom opening: 1-1 1/2".","Vertical","","","330.2 mm (13 in)","Batch-Type Agitated","Lugs","","","Reactor"
"215090","Stainless Steel 316 Diamond Precision Engineering ltd Batch-Type Agitated Reactor - IPP# 215090","https://ims.internationalprocessplants.com/inventory/equipment/detail/215090","21","Yes","Mechanical","","","","","","Cone","","2,500 L (660 gallons)","","Used","1,500 mm (60 in)","0.75 kW (1.01 HP)","","","","Yes","","Yes","2 bar (29 psi)","200 °C (392 °F)","","15 bar (217.6 psi)","","","Diamond Precision Engineering ltd","","Stainless Steel 316","","0.75 kW (1.01 HP)","openings top: 1-250mm, 1-100mm, 2-75mm sightglasses, 1-50mm, 3-25mm (sockets), straight side: 1-75mm, 6-25mm, bottom: 1-75mm (product outlet), 1-50mm, 5-25mm,","","","","850 mm (33.5 in)","Batch-Type Agitated","Lugs","","Cone","Reactor"
"215095","Stainless Steel 321 Clad Portobello Fabrications LTD Batch-Type Agitated Reactor - IPP# 215095","https://ims.internationalprocessplants.com/inventory/equipment/detail/215095","25","Yes","Mechanical","(2) 4-blade pitched paddles","","","","","Dish","","14,750 L (3,900 gallons)","Yes","Used","2,300 mm (90 in)","","","","","Yes","","Yes","3.5 bar (50.8 psi)","260 °C (500 °F)","Stainless Steel 304","41 bar (595 psi)","370 °C (698 °F)","","Portobello Fabrications LTD.","","Stainless Steel 321","","14.5 kW (19.4 HP)","opening top: 1-600mm, 1-250mm, 1-200mm, 5-80mm, 1-50mm, 9-40mm straight side: 9-50mm, 2-40mm, bottom: 1-80mm (product), 6-50mm, 1-40mm","Vertical","","","3,500 mm (137.6 in)","Batch-Type Agitated","Lugs","","Dish","Reactor"
"216355","Glasslined DeDietrich Batch-Type Agitated Reactor - IPP# 216355","https://ims.internationalprocessplants.com/inventory/equipment/detail/216355","21","Yes","Mechanical","- Agitator system: Schott, straight through design, coupled to a Lenze gear box with a manually adjusted variable speed output, mechanical seal on shaft, with a 3 blade agitator shaft and tantalum diptube/baffle","tantalum diptube/ baffle.","","","","","","18.9 L (5 gallons)","","Used","304.8 mm (12 in)","","","","","","","Yes","1.03 bar (15 psi)","204.4 °C (400 °F)","","7.6 bar (110 psi)","204.4 °C (400 °F)","","DeDietrich","","Glasslined","","3 kW (4 HP)","one with a flow valve for regulating feed into the reactor, and a center bottom outlet with a valve.","Vertical","","","304.8 mm (12 in)","Batch-Type Agitated","","","Dish","Reactor"
"216389","Glasslined Pfaudler BE Batch-Type Agitated Reactor - IPP# 216389","https://ims.internationalprocessplants.com/inventory/equipment/detail/216389","26","Yes","Mechanical","- Agitator type: Cryolock agitator with (3) sets of 4-flat turbine blades (multi-flight impellors) on shaft, - Agitator speed: 84 rpm (8/1 overall reduction)","(2) Beavertail baffles with tips","Beavertail","","","Dish","","70,100 L (18,500 gallons)","","Used","3,750 mm (147.1 in)","","","","","","","Yes","6 bar (87 psi)","200 °C (392 °F)","Carbon Steel","6 bar (87 psi)","200 °C (392 °F)","","Pfaudler","Yes","Glasslined","BE","43 kW (57.7 HP)","- Top openings: (2) 600mm (1 with manway cover), (2) 400mm (with beavertaiopenings top: (2) 600mm (1 with manway cover), (2) 400mm (with beavertail baffles), (7) 200mm, jacket: (1) 200mm, (8) 100mm, (1) 25mm, bottom: (1) 150mml baffles), (7) 200mm - Jacket openings: (1) 200mm, (8) 100mm, (1) 25mm","","","","5,150 mm (202.8 in)","Batch-Type Agitated","Legs","","Dish","Reactor"
"216390","Glasslined Pfaudler BE Batch-Type Agitated Reactor - IPP# 216390","https://ims.internationalprocessplants.com/inventory/equipment/detail/216390","26","Yes","Mechanical","- Agitator: Pfaudler VS0-64/160 with cryolock and (3) sets of 4-flat turbine blades (multi-flight impellors) on shaft","(2) Beavertail baffles with tips","Beavertail","","","Dish","","70,100 L (18,500 gallons)","","Used","3,750 mm (147.1 in)","","","","","","","Yes","6 bar (87 psi)","200 °C (392 °F)","Carbon Steel","6 bar (87 psi)","200 °C (392 °F)","","Pfaudler","Yes","Glasslined","BE","45 kW (60.3 HP)","(2) 600mm openings (1 with manway cover), (2) 400mm openings (with beavertail baffles), (7) 200mm openings","","","","5,150 mm (202.8 in)","Batch-Type Agitated","Legs","","Dish","Reactor"
"216391","Glasslined Pfaudler BE Batch-Type Agitated Reactor - IPP# 216391","https://ims.internationalprocessplants.com/inventory/equipment/detail/216391","26","Yes","Mechanical","- Agitator type: Cryolock with (3) sets of 4-flat turbine blades (multi-flight impellors) on shaft","(2) Beavertail baffles with tips","Beavertail","","","Dish","","70,100 L (18,500 gallons)","","Used","3,750 mm (147.1 in)","","","","","","","Yes","6 bar (87 psi)","200 °C (392 °F)","Carbon Steel","6 bar (87 psi)","200 °C (392 °F)","","Pfaudler","Yes","Glasslined","BE","45 kW (60.3 HP)","- Top: (2) 600mm (1 with manway cover), (2) 400mm (with beavertail baffles), (7) 200mm - Jacket: (1) 200mm, (8) 100mm, (1) 25mm","","","","5,150 mm (202.8 in)","Batch-Type Agitated","Legs","","Dish","Reactor"
"216392","Glasslined Pfaudler BE Batch-Type Agitated Reactor - IPP# 216392","https://ims.internationalprocessplants.com/inventory/equipment/detail/216392","25","Yes","Mechanical","- Agitator: Pfaudler VS0-64/160 drive, cryolock agitator with (3) sets of 4-flat turbine blades (multi-flight impellors) on shaft","- Baffles: (2) Beavertail baffles with tips","Beavertail","","","Dish","","70,100 L (18,500 gallons)","","Used","3,750 mm (147.1 in)","","","","","","","Yes","6 bar (87 psi)","200 °C (392 °F)","","6 bar (87 psi)","200 °C (392 °F)","","Pfaudler","Yes","Glasslined","BE","45 kW (60.3 HP)","- Top: (2) 600mm openings (1 with manway cover), (2) 400mm openings (with beavertail baffles), (7) 200mm openings","","","","5,150 mm (202.8 in)","Batch-Type Agitated","Lugs","","Dish","Reactor"
"216393","Glasslined Pfaudler BE Batch-Type Agitated Reactor - IPP# 216393","https://ims.internationalprocessplants.com/inventory/equipment/detail/216393","26","Yes","Mechanical","Agitator drive: Pfaudler VS0-64/160 - Agitator type: Cryolock with (3) sets of 4-flat turbine blades (multi-flight impellors) on shaft","- Baffles: (2) Beavertail baffles with tips","Beavertail","","","Dish","","70,100 L (18,500 gallons)","","Used","3,750 mm (147.1 in)","","","","","","","Yes","6 bar (87 psi)","200 °C (392 °F)","Carbon Steel","6 bar (87 psi)","200 °C (392 °F)","","Pfaudler","Yes","Glasslined","BE","45 kW (60.3 HP)","- Top openings: (2) 600mm (1 with manway cover), (2) 400mm (with beavertail baffles), (7) 200mm - Jacket openings: (1) 200mm, (8) 100mm, (1) 25mm","","","","5,150 mm (202.8 in)","Batch-Type Agitated","Skirt","","Dish","Reactor"
"216394","Glasslined Pfaudler BE Batch-Type Agitated Reactor - IPP# 216394","https://ims.internationalprocessplants.com/inventory/equipment/detail/216394","26","Yes","Mechanical","- Agitator drive: Pfaudler VS0-64/160 - Agitator type: Cryolock - Impellors: (3) sets of 4-flat turbine blades (multi-flight impellors) on shaft, - Agitator speed: 84 rpm (8/1 overall reduction)","- Baffles: (2) Beavertail baffles with tips","Beavertail","","","Dish","","70,100 L (18,500 gallons)","","Used","3,750 mm (147.1 in)","","","","","","","Yes","6 bar (87 psi)","200 °C (392 °F)","Carbon Steel","6 bar (87 psi)","200 °C (392 °F)","","Pfaudler","Yes","Glasslined","BE","45 kW (60.3 HP)","- Top openings: (2) 600mm (1 with manway cover), (2) 400mm (with beavertail baffles), (7) 200mm - Jacket openings: (1) 200mm, (8) 100mm, (1) 25mm","","","","5,150 mm (202.8 in)","Batch-Type Agitated","Legs","","Dish","Reactor"
"216395","Glasslined Pfaudler BE Batch-Type Agitated Reactor - IPP# 216395","https://ims.internationalprocessplants.com/inventory/equipment/detail/216395","26","Yes","Mechanical","- Agitator drive: Pfaudler VS0-64/160 - Agitator type: Cryolock - Impellors: (3) sets of 4-flat turbine blades (multi-flight)","- Baffles: (2) Beavertail with tips","Beavertail","","","Dish","","70,100 L (18,500 gallons)","","Used","3,750 mm (147.1 in)","","","","","","","Yes","6 bar (87 psi)","200 °C (392 °F)","Carbon Steel","6 bar (87 psi)","200 °C (392 °F)","","Pfaudler","Yes","Glasslined","BE","45 kW (60.3 HP)","- Top openings: (2) 600mm (1 with manway cover), (2) 400mm (with beavertail baffles), (7) 200mm","","","","5,150 mm (202.8 in)","Batch-Type Agitated","Lugs","","Dish","Reactor"
"216396","Glasslined Pfaudler BE Batch-Type Agitated Reactor - IPP# 216396","https://ims.internationalprocessplants.com/inventory/equipment/detail/216396","26","Yes","Mechanical","- Agitator Drive: Pfaudler VS0-64/160 - Agitator Type: Cryolock - Impellors: (3) sets of 4-flat turbine blades (multi-flight)","- Baffles: (2) Beavertail baffles with tips","Beavertail","","","Dish","","70,100 L (18,500 gallons)","","Used","3,750 mm (147.1 in)","","","","","","","Yes","6 bar (87 psi)","200 °C (392 °F)","Carbon Steel","6 bar (87 psi)","200 °C (392 °F)","","Pfaudler","Yes","Glasslined","BE","45 kW (60.3 HP)","- Top Openings: (2) 600mm (1 with manway cover), (2) 400mm (with beavertail baffles), (7) 200mm","","","","5,150 mm (202.8 in)","Batch-Type Agitated","Legs","","Dish","Reactor"
"216397","Glasslined Pfaudler BE Batch-Type Agitated Reactor - IPP# 216397","https://ims.internationalprocessplants.com/inventory/equipment/detail/216397","26","Yes","Mechanical","- Agitator drive: Pfaudler VS0-64/160 - Agitator type: Cryolock with (3) sets of 4-flat turbine blades (multi-flight impellors) on shaft","- Baffles: (2) Beavertail with tips","Beavertail","","","Dish","","70,100 L (18,500 gallons)","","Used","3,750 mm (147.1 in)","","","","","","","Yes","6 bar (87 psi)","200 °C (392 °F)","Carbon Steel","6 bar (87 psi)","200 °C (392 °F)","","Pfaudler","Yes","Glasslined","BE","45 kW (60.3 HP)","- Openings: - Top: (2) 600mm (1 with manway cover), (2) 400mm (with beavertail baffles), (7) 200mm","","","","5,150 mm (202.8 in)","Batch-Type Agitated","Lugs","","Dish","Reactor"
"217514","Batch-Type Agitated Reactor 4,000 L (1,050 gallons) Stainless Steel 316 For Sale - IPP# 217514","https://ims.internationalprocessplants.com/inventory/equipment/detail/217514","14","","","","","","Yes","","Dish","","4,000 L (1,050 gallons)","","Used","1,600 mm (63 in)","","","","","","","","","","","","","Half Pipe/Limpet","","","Stainless Steel 316","","","openings: top: 1-300mm (center for agitator drive), 5-150mm, 2-100mm, 3-50mm, jacket: 2-75mm, straight side: 2-250mm, 1-100mm, 1-40mm, bottom: 1-100mm, 3-40mm,","Vertical","","","1,900 mm (74.8 in)","Batch-Type Agitated","Lugs","","Dish","Reactor"
"217606","Titanium Clad Carl Canzler Batch-Type Agitated Reactor - IPP# 217606","https://ims.internationalprocessplants.com/inventory/equipment/detail/217606","21","Yes","Mechanical","","- Baffles: (4) internal baffles on sidewall","","","","Dish","","15,200 L (4,000 gallons)","Yes","Used","2,400 mm (94.5 in)","","","","","","","","10 bar (145 psi)","300 °C (572 °F)","","20 bar (290.1 psi)","300 °C (572 °F)","","Carl Canzler","Yes","Titanium","","70 kW (93.9 HP)","openings top: 1-600mm manway, 1-200mm, 1-150mm, 5-100mm, 1-80mm, 1-50mm, straight side: 1-80mm (jacket), bottom: 1-200mm with manual operated valve, 1-80mm (jacket)","","","","2,550 mm (101.2 in)","Batch-Type Agitated","Lugs","","","Reactor"
"217609","Stainless Steel Austenitic Buss AG Batch-Type Agitated Reactor - IPP# 217609","https://ims.internationalprocessplants.com/inventory/equipment/detail/217609","21","","","","","","","Stainless Steel 316L","Hemi","","4,150 L (1,100 gallons)","","Used","1,000 mm (39.4 in)","","","","","","","","80 bar (1,150 psi)","230 °C (446 °F)","Stainless Steel 304","20 bar (290.1 psi)","230 °C (446 °F)","Half Pipe/Limpet","Buss AG","","Stainless Steel 316L","","","openings top: 5-50mm, straight side: 1-65mm (jacket), bottom: 1-250mm, 1-65mm (jacket)","Vertical","","","4,750 mm (187.8 in)","Batch-Type Agitated","Lugs","Stainless Steel 316L","Hemi","Reactor"
"217613","Stainless Steel Austenitic Dynamite Nobel Batch-Type Agitated Reactor - IPP# 217613","https://ims.internationalprocessplants.com/inventory/equipment/detail/217613","22","Yes","Mechanical","- Agitator drive: Ekato type EM100, 23/113 rpm","","","","","Dish","","3,100 L (819 gallons)","","Used","1,600 mm (63 in)","","","","","","","","6 bar (87 psi)","300 °C (572 °F)","Stainless Steel 316","20 bar (290.1 psi)","300 °C (572 °F)","Half Pipe/Limpet","Dynamite Nobel","Yes","Stainless Steel Austenitic","","","openings top: 1-450mm manway, 1-200mm, 1-100mm, 6-50mm, 1-40mm, straight side: 1-100mm, 1-50mm (jacket), bottom: 1-125mm, 1-50mm","","","","970 mm (38.2 in)","Batch-Type Agitated","Lugs","","Dish","Reactor"
"217615","Stainless Steel 316L Batch-Type Agitated Reactor - IPP# 217615","https://ims.internationalprocessplants.com/inventory/equipment/detail/217615","26","Yes","Mechanical","(3) sets of 2 blade pitched paddles","- Baffles: (3) internal baffles on sidewall","","","Stainless Steel 316L","Dish","","3,100 L (819 gallons)","","Used","1,600 mm (63 in)","","","","","","","Yes","8 bar (116 psi)","200 °C (392 °F)","Carbon Steel","8 bar (116 psi)","250 °C (482 °F)","","Dynamite Nobel","Yes","Stainless Steel 316L","","","openings top: 1-450mm manway, 1-200mm, 1-100mm, 6-50mm, 1-40mm, straight side: 1-100mm, 1-50mm (jacket), bottom: 1-125mm, 1-50mm (jacket)","Vertical","","","930 mm (36.6 in)","Batch-Type Agitated","Lugs","Stainless Steel 316L","Dish","Reactor"
"217619","Glasslined Pfaudler CE Batch-Type Agitated Reactor - IPP# 217619","https://ims.internationalprocessplants.com/inventory/equipment/detail/217619","24","Yes","Mechanical","4- blade cryolock agitator","","Beavertail","","","Dish","","7,600 L (2,000 gallons)","","Used","2,000 mm (78.7 in)","","","","","","","Yes","6 bar (87 psi)","200 °C (392 °F)","","6 bar (87 psi)","200 °C (392 °F)","","Pfaudler","Yes","Glasslined","CE","15 kW (20.1 HP)","openings top: 1-350/450mm manway, 2-250mm, 5-150mm, straight side: 2-50mm (jacket), bottom: 1-150mm, 2-50mm (jacket)","Vertical","","","2,400 mm (95.1 in)","Batch-Type Agitated","","","Dish","Reactor"
"217621","Stainless Steel 316L Dynamite Nobel Batch-Type Agitated Reactor - IPP# 217621","https://ims.internationalprocessplants.com/inventory/equipment/detail/217621","28","Yes","Mechanical","gate type agitator with scrapper blades,","","","","Stainless Steel 316L","Dish","","6,900 L (1,800 gallons)","","Used","1,800 mm (70.9 in)","22 kW (29.5 HP)","","","","","","Yes","6 bar (87 psi)","200 °C (392 °F)","Carbon Steel","8.5 bar (123.3 psi)","300 °C (572 °F)","Dimple","Dynamite Nobel","Yes","Stainless Steel 316L","","22 kW (29.5 HP)","openings top: 1-500mm manway, 2-125mm sightglasses, 3-1100m, 1-100/50mm, 1-80mm, 2-50mm, straight side: 1-80mm (jacket), bottom: 1-150mm, 1-80mm (jacket)","Vertical","","","2,200 mm (85.8 in)","Batch-Type Agitated","Lugs","Stainless Steel 316L","Dish","Reactor"
"217635","Glasslined Pfaudler E Batch-Type Agitated Reactor - IPP# 217635","https://ims.internationalprocessplants.com/inventory/equipment/detail/217635","25","Yes","Mechanical","3-finger retreat curved agitator","","Beavertail","","","Dish","","2,100 L (559 gallons)","","Used","1,400 mm (55.1 in)","","","","","","","Yes","6 bar (87 psi)","200 °C (392 °F)","","6 bar (87 psi)","200 °C (392 °F)","","Pfaudler","Yes","Glasslined","E","6 kW (8 HP)","openings top: 1-800mm manway, 1-200mm, 4-100mm, 2-80mm, straight side: 3-50mm (jacket), bottom: 1-100mm with valve, 2-50mm (jacket),","Vertical","","","1,700 mm (66.3 in)","Batch-Type Agitated","Lugs","","Dish","Reactor"
"217819","Glasslined Pfaudler E Batch-Type Agitated Reactor - IPP# 217819","https://ims.internationalprocessplants.com/inventory/equipment/detail/217819","26","Yes","Mechanical","3-finger retreat curved agitator,","(1) beavertail baffle","Beavertail","","","Dish","","3,100 L (822 gallons)","","Used","1,600 mm (63 in)","","","","","","","Yes","6 bar (87 psi)","200 °C (392 °F)","","6 bar (87 psi)","200 °C (392 °F)","","Pfaudler","Yes","Glasslined","E","22 kW (29.5 HP)","openings top: 1-350mm x 450mm manway, 1-200mm, 6-100mm, straight side: 2-80mm and 2-50mm (jacket), bottom: 1-100mm with valve, 2-50mm (jacket),","Vertical","","","1,900 mm (74.8 in)","Batch-Type Agitated","Lugs","","Dish","Reactor"
"217823","Stainless Steel Austenitic Dynamite Nobel (Amort Siegen-Kaan) Batch-Type Agitated Reactor - IPP# 217823","https://ims.internationalprocessplants.com/inventory/equipment/detail/217823","24","Yes","Mechanical","(3) sets of 2-blade pitched paddles","- Internal baffles: On sidewall","","","","Dish","","3,000 L (793 gallons)","","Used","1,600 mm (63 in)","","","","","","","","6 bar (87 psi)","300 °C (572 °F)","Stainless Steel 316","9 bar (130.5 psi)","300 °C (572 °F)","Half Pipe/Limpet","Dynamite Nobel (Amort Siegen-Kaan)","Yes","Stainless Steel Austenitic","","","openings top; 1-450mm manway, 1-125mm, 1-100mm, 6-50mm, 1-40mm sightglass, straight side; 1-100mm, 1-50mm (jacket), bottom; 1-125mm, 1-50mm (jacket)","Vertical","","","920 mm (36.2 in)","Batch-Type Agitated","Lugs","","Dish","Reactor"
"217833","Glasslined Pfaudler E Batch-Type Agitated Reactor - IPP# 217833","https://ims.internationalprocessplants.com/inventory/equipment/detail/217833","15","","","","","","","","","","17,300 L (4,550 gallons)","","Used","","","","","","","","Yes","6 bar (87 psi)","200 °C (392 °F)","","6 bar (87 psi)","200 °C (392 °F)","","Pfaudler","Yes","Glasslined","E","36 kW (48.3 HP)","openings top: (1)500 mm manway, (2)200 mm, (3)150 mm,(1)250 mm,(2)100 mm, (1)125 mm, straight side: (3)150, jacket side wall: (4)50 mm, (2)80 mm, jacket bottom (2)80 mm, bottom: (1)150 mm","","","","","Batch-Type Agitated","","","","Reactor"
"217835","Glasslined Pfaudler CE Batch-Type Agitated Reactor - IPP# 217835","https://ims.internationalprocessplants.com/inventory/equipment/detail/217835","22","Yes","Mechanical","Agitator: three blade retreat curve (IMPELLER)","- Baffle: normal","","","","","","2,050 L (542 gallons)","","Re-glassed","1,400 mm (55.1 in)","","","","","","","Yes","6 bar (87 psi)","200 °C (392 °F)","","6 bar (87 psi)","200 °C (392 °F)","","Pfaudler","Yes","Glasslined","CE","6.8 kW (9.1 HP)","Openings include: Top - (1) DN 350/450 manway with sight glass in cover, mounted on a swing davit, (3) DN 100, (2) DN 200; nozzle side wall (1) DN 150; bottom outlet (1) 150mm. Openings jacket: side wall (3) DN 50; bottom (2) DN 50.","","","","1,600 mm (63.4 in)","Batch-Type Agitated","Lugs","","","Reactor"
"217836","Glasslined Pfaudler RB-CE Batch-Type Agitated Reactor - IPP# 217836","https://ims.internationalprocessplants.com/inventory/equipment/detail/217836","22","Yes","Mechanical","- Agitator: three blade retreat curve (IMPELLER)","- Baffle: normal","","","","","","2,050 L (542 gallons)","","Re-glassed","1,400 mm (55.1 in)","","","","","","","Yes","6 bar (87 psi)","200 °C (392 °F)","","6 bar (87 psi)","200 °C (392 °F)","","Pfaudler","Yes","Glasslined","RB-CE","7.5 kW (10.1 HP)","- Openings: - Top: - (1) DN 350/450 manway with sight glass in cover, mounted on a swing davit - (3) DN 100 - (2) DN 200 - Nozzle side wall: (1) DN 150","","","","1,600 mm (63.4 in)","Batch-Type Agitated","Lugs","","","Reactor"
"217837","Glasslined Pfaudler RB-CE Batch-Type Agitated Reactor - IPP# 217837","https://ims.internationalprocessplants.com/inventory/equipment/detail/217837","21","Yes","Mechanical","- Agitator type: VSO16/100","","","","","","","7,600 L (2,000 gallons)","","Used","2,000 mm (78.7 in)","","","","","","","Yes","6 bar (87 psi)","200 °C (392 °F)","","6 bar (87 psi)","200 °C (392 °F)","","Pfaudler","Yes","Glasslined","RB-CE","15 kW (20.1 HP)","openings top:(1) DN500 manway with sight glass in cover, (1) DN770, (1) DN200 agitator flange, (4) DN150/PN16, (3) DN250/PN10, DN100/PN10 openings bottom: (1) DN150/PN16, (2) DN80/PN16, (1) DN80/PN10, openings sidewall:(2) DN80/PN16, (3) DN50/PN16, (1) DN150/PN16","","","","2,050 mm (80.3 in)","Batch-Type Agitated","Lugs","","","Reactor"
"217838","Glasslined Pfaudler CE Batch-Type Agitated Reactor - IPP# 217838","https://ims.internationalprocessplants.com/inventory/equipment/detail/217838","22","Yes","Mechanical","agitator: three blade retreat curve (IMPELLER) agitator","three blade retreat curve (IMPELLER)","","","","","","7,600 L (2,000 gallons)","","Used","2,000 mm (78.7 in)","","","","","","","Yes","6 bar (87 psi)","200 °C (392 °F)","","6 bar (87 psi)","200 °C (392 °F)","","Pfaudler","Yes","Glasslined","CE","15 kW (20.1 HP)","openings: Top:1-500mm manway, 2-300mm, 5-150mm, bottom: 1-150mm ,jacket bottom: 2-80mm, jacket strait site: 3-40mm, 1-70mm","","","","2,050 mm (80.3 in)","Batch-Type Agitated","Lugs","","","Reactor"
"217839","Glasslined Pfaudler CE Batch-Type Agitated Reactor - IPP# 217839","https://ims.internationalprocessplants.com/inventory/equipment/detail/217839","21","Yes","Mechanical","three blade retreat curve (IMPELLER)","three blade retreat curve (IMPELLER)","","","","","","7,600 L (2,000 gallons)","","Used","2,000 mm (78.7 in)","","","","","","","Yes","6 bar (87 psi)","200 °C (392 °F)","","6 bar (87 psi)","200 °C (392 °F)","","Pfaudler","","Glasslined","CE","15 kW (20.1 HP)","openings: top: 1-500, 6-150mm, 2-250mm, bottom: 1-150mm, jacket; 1-100, 3-50mm, 3-80mm","","","","2,050 mm (80.3 in)","Batch-Type Agitated","Lugs","","","Reactor"
"217846","Batch-Type Agitated Reactor 8,900 L (2,350 gallons) Stainless Steel Austenitic For Sale - IPP# 217846","https://ims.internationalprocessplants.com/inventory/equipment/detail/217846","18","","","","","","Yes","","","","8,900 L (2,350 gallons)","Yes","Used","1,600 mm (63 in)","","","","","","","Yes","84 bar (1,200 psi)","250 °C (482 °F)","","25 bar (362.6 psi)","250 °C (482 °F)","","Johann Stahl Mannheim/Germany","Yes","Stainless Steel Austenitic","","","Openings include: (1)DN500/PN160 manway, (1)DN300/PN160 agitator flange, (4)DN100/PN160 (1)DN200/PN160, (1)DN50/PN160 openings end:(1)DN65/PN160, (1)DN100/PN160, openings sidewall:(3) DN80/PN64","Vertical","","","3,500 mm (137.8 in)","Batch-Type Agitated","","","","Reactor"
"217850","Stainless Steel Austentic Batch-Type Agitated Reactor - IPP# 217850","https://ims.internationalprocessplants.com/inventory/equipment/detail/217850","20","Yes","Mechanical","EKATO agitator drive type HWL080, (1) 2-blade interprop type impellors, diameter 800mm and (1) 4- balde pitched paddle, diameter 480mm","","","","","","","29,200 L (7,700 gallons)","","Used","3,000 mm (118.1 in)","","","","","","","Yes","6 bar (87 psi)","200 °C (392 °F)","Carbon Steel","6 bar (87 psi)","200 °C (392 °F)","","Winkels GmbH/Germany","Yes","Stainless Steel Austenitic","","7.5 kW (10.1 HP)","openings top: 1-600 manway mounted on a swing davit, 1-500, 8-200, bottom: 1-150, 1-100, 1-80, side: 1-100","","","","3,500 mm (138.6 in)","Batch-Type Agitated","","","","Reactor"
"217854","Glasslined Pfaudler CE Batch-Type Agitated Reactor - IPP# 217854","https://ims.internationalprocessplants.com/inventory/equipment/detail/217854","23","Yes","Mechanical","3- blade retreat curve (IMPELLER) agitator","(1) beavertail baffle","Beavertail","","","","","7,600 L (2,000 gallons)","","Re-glassed","2,000 mm (78.7 in)","","","","","","","Yes","6 bar (87 psi)","200 °C (392 °F)","","6 bar (87 psi)","200 °C (392 °F)","","Pfaudler","Yes","Glasslined","CE","17.5 kW (23.5 HP)","Openings: Top: 1-500mm (manway) w/ 100mm sight-glass, 2-250mm, 5-150mm; Bottom: 1-150mm,","","","","2,000 mm (78 in)","Batch-Type Agitated","Lugs","","","Reactor"
"217900","Unused Batch-Type Agitated Reactor  Stainless Steel Other For Sale - IPP# 217900","https://ims.internationalprocessplants.com/inventory/equipment/detail/217900","9","","Mechanical","","","","","","","","","","Unused","360 mm (14.2 in)","","","","","","","","60 bar (870 psi)","","","","","","Feodor Burgmann","","Stainless Steel Other","M42D/200-E4","","","","","","","Batch-Type Agitated","","","","Reactor"
"217901","Unused Batch-Type Agitated Reactor  Stainless Steel Other For Sale - IPP# 217901","https://ims.internationalprocessplants.com/inventory/equipment/detail/217901","9","","Mechanical","","","","","","","","","","Unused","360 mm (14.2 in)","","","","","","","","60 bar (870 psi)","","","","","","Feodor Burgmann","","Stainless Steel Other","M42D/200-E4","","","","","","","Batch-Type Agitated","","","","Reactor"
"217910","Unused Batch-Type Agitated Reactor  Stainless Steel Other For Sale - IPP# 217910","https://ims.internationalprocessplants.com/inventory/equipment/detail/217910","8","","Mechanical","","","","","","","","","","Unused","410 mm (16.1 in)","","","","","","","","","","","","","","Feodor Burgmann","","Stainless Steel Other","M42-D2/240-E1","","","","","","","Batch-Type Agitated","","","","Reactor"
"217911","Unused Batch-Type Agitated Reactor  Stainless Steel Other For Sale - IPP# 217911","https://ims.internationalprocessplants.com/inventory/equipment/detail/217911","8","","Mechanical","","","","","","","","","","Unused","410 mm (16.1 in)","","","","","","","","","","","","","","Feodor Burgmann","","Stainless Steel Other","M42-D2/240-E1","","","","","","","Batch-Type Agitated","","","","Reactor"
"21800","Stainless Steel 304 Clad Superior Welding Batch-Type Agitated Reactor - IPP# 21800","https://ims.internationalprocessplants.com/inventory/equipment/detail/21800","22","Yes","Packing","4-blade pitched paddle agitator driven by Mdl MAP-30-231 Chemineer drive rated input rpm 1750, ratio 31.4:1, output rpm 56, no motor.","","","","","Dish","","3,800 L (1,000 gallons)","Yes","Used","1,850 mm (72 in)","","","","","","","","10.3 bar (150 psi)","148.9 °C (300 °F)","","3.4 bar (50 psi)","148.9 °C (300 °F)","","Superior Welding","Yes","Stainless Steel 304","","","Openings: top 5-6", 1-18" manway (no cover); side 1-4"; btm 1-6", 1-2".","Vertical","","","1,350 mm (54 in)","Batch-Type Agitated","Lugs","","Dish","Reactor"
"218246","Batch-Type Agitated Reactor 1,150 L (300 gallons) Stainless Steel 304 For Sale - IPP# 218246","https://ims.internationalprocessplants.com/inventory/equipment/detail/218246","23","Yes","","- Agitator: driven by a 1/3 hp WEG ac motor, flange mount, two sets pitch turbine blades, - Electrical specifications: single phase","four side wall baffles","","","","Dish","","1,150 L (300 gallons)","","Used","1,050 mm (42 in)","","","","","","","","5.5 bar (80 psi)","121.1 °C (250 °F)","","10.3 bar (150 psi)","232.2 °C (450 °F)","Half Pipe/Limpet","Dow Chemical Co.","Yes","Stainless Steel 304","","0.25 kW (0.33 HP)","- Top openings: one 17" manway, one 8" flange for agitator, two 1.5" nozzles","Vertical","","","1,200 mm (48 in)","Batch-Type Agitated","Lugs","","Dish","Reactor"
"218589","Glasslined Pfaudler RA Batch-Type Agitated Reactor - IPP# 218589","https://ims.internationalprocessplants.com/inventory/equipment/detail/218589","23","Yes","Mechanical","Impeller: 4 blade cryoloc turbine","H baffle with integral tip","H-Baffle","","","","","7,550 L (2,000 gallons)","","Used","2,000 mm (78 in)","","","","","","","Yes","6.2 bar (90 psi)","232.2 °C (450 °F)","","6.2 bar (90 psi)","232.2 °C (450 °F)","","Pfaudler","Yes","Glasslined","RA","7.5 kW (10 HP)","Openings include: Top - 30" great cover with (2) 2", and (1) 14" x 18" maway with sight glass in cover, and manway assist, (3) 4", (2) 8", (2) 6"; Bottom (1) 4" offset.","","","","2,150 mm (84 in)","Batch-Type Agitated","Legs","","","Reactor"
"218616","Glasslined Pfaudler RA Batch-Type Agitated Reactor - IPP# 218616","https://ims.internationalprocessplants.com/inventory/equipment/detail/218616","23","Yes","Mechanical","Impeller: 4 blade Cryoloc turbine","H baffle with integral tip.","H-Baffle","","","","","7,550 L (2,000 gallons)","","Used","2,000 mm (78 in)","","","","","","","Yes","6.9 bar (100 psi)","343.3 °C (650 °F)","","6.2 bar (90 psi)","176.7 °C (350 °F)","","Pfaudler","Yes","Glasslined","RA","7.5 kW (10 HP)","Openings include: Top - 30" great cover with (2) 2", and (1) 14" x 18" maway with sight glass in cover, and manway assist, (3) 4", (2) 8", (2) 6"; Bottom (1) 4" offset.","","","","2,150 mm (84 in)","Batch-Type Agitated","Legs","","","Reactor"
"218617","Glasslined Pfaudler RA Batch-Type Agitated Reactor - IPP# 218617","https://ims.internationalprocessplants.com/inventory/equipment/detail/218617","35","Yes","Mechanical","Impeller: 4 blade Cryoloc turbine","H baffle with integral tip.","H-Baffle","","Glasslined","Dish","","7,550 L (2,000 gallons)","","Re-glassed","2,000 mm (78 in)","11.2 kW (15 HP)","Very Clean (VC)","Full Fire Polish (FF)","CBT","","Glass Lined","Yes","6.9 bar (100 psi)","232.2 °C (450 °F)","Carbon Steel","6.2 bar (90 psi)","176.7 °C (350 °F)","Standard","Pfaudler","Yes","Glasslined","RA","11.2 kW (15 HP)","Openings include: Top - 30" great cover with (2) 2", and (1) 14" x 18" maway with sight glass in cover, and manway assist, (3) 4", (2) 8", (2) 6"; Bottom (1) 4" offset.","Vertical","","","2,150 mm (84 in)","Batch-Type Agitated","Legs","Glasslined","Dish","Reactor"
"218619","Glasslined Pfaudler RA Batch-Type Agitated Reactor - IPP# 218619","https://ims.internationalprocessplants.com/inventory/equipment/detail/218619","28","Yes","","4 blade Cryolock impellor","H baffle with integral tip.","H-Baffle","","Glasslined","","","7,550 L (2,000 gallons)","","Needs Reglass","2,150 mm (84 in)","","","","","","Glass Lined","Yes","6.9 bar (100 psi)","343.3 °C (650 °F)","Carbon Steel","6.2 bar (90 psi)","176.7 °C (350 °F)","Standard","Pfaudler","Yes","Glasslined","RA","","Openings include: Top - 30" great cover with (2) 2", and (1) 14" x 18" maway with sight glass in cover, and maway assist, (3) 4", (2) 8", (2) 6"; Bottom (1) 4" offset.","Vertical","","","2,250 mm (88 in)","Batch-Type Agitated","Legs","Glasslined","Flat","Reactor"
"219214","Glasslined DeDietrich CE Batch-Type Agitated Reactor - IPP# 219214","https://ims.internationalprocessplants.com/inventory/equipment/detail/219214","22","Yes","","- Agitator: 3-blade retreat curve agitator","","Flat Vertical","","","Dish","","14,350 L (3,800 gallons)","","Used","2,400 mm (94.5 in)","","","","","","","Yes","4 bar (58 psi)","180 °C (356 °F)","","6 bar (87 psi)","180 °C (356 °F)","","DeDietrich","","Glasslined","CE","30 kW (40.2 HP)","openings top: 1-965mm grate cover (drive), 1-500mm manway with cover, 2-300mm, 7-200mm, straight side (jacket): 1-80mm, 3-50mm, bottom: 1-150mm, 1-80mm (jacket),","Vertical","","","2,550 mm (100.2 in)","Batch-Type Agitated","","","Dish","Reactor"
"219216","Glasslined DeDietrich CE Batch-Type Agitated Reactor - IPP# 219216","https://ims.internationalprocessplants.com/inventory/equipment/detail/219216","21","Yes","Mechanical","- Agitator: 3-blade impeller agitator","","Finger Baffle","","","","","9,300 L (2,450 gallons)","","Used","2,200 mm (86.6 in)","","","","","","","Yes","4 bar (58 psi)","180 °C (356 °F)","","6 bar (87 psi)","180 °C (356 °F)","","DeDietrich","","Glasslined","CE","18.5 kW (24.8 HP)","openings vessel top side:(1)770 mm agitator flange, (1) 500 mm manway,(2) 300 mm, (6) 150 mm, bottom outlet (1) 150 mm, openings jacket side(4) 100mm, bottom(1) 100mm;","","","","3,000 mm (118.1 in)","Batch-Type Agitated","Lugs","","","Reactor"
"219217","Glasslined DeDietrich STU Batch-Type Agitated Reactor - IPP# 219217","https://ims.internationalprocessplants.com/inventory/equipment/detail/219217","23","Yes","Mechanical","3- blade impeller agitator (blue)","(1) beavertail baffle (white)","Beavertail","","","Dish","","6,000 L (1,600 gallons)","","Used","2,000 mm (78.7 in)","","","","","","","Yes","6 bar (87 psi)","200 °C (392 °F)","","6 bar (87 psi)","200 °C (392 °F)","","DeDietrich","","Glasslined","STU","10.8 kW (14.5 HP)","","Vertical","","","1,850 mm (73.2 in)","Batch-Type Agitated","","","Dish","Reactor"
"219243","Glasslined Pfaudler DK Batch-Type Agitated Reactor - IPP# 219243","https://ims.internationalprocessplants.com/inventory/equipment/detail/219243","23","Yes","Mechanical","three blade impeller agitator","","Finger Baffle","","","","","654 L (172.8 gallons)","","Used","1,000 mm (39.4 in)","","","","","","","Yes","10 bar (145 psi)","-200 °C (-328 °F)","","6 bar (87 psi)","-200 °C (-328 °F)","","Pfaudler","","Glasslined","DK","6.8 kW (9.1 HP)","openings: top: 1-400 x 300mm, 1-150mm, 1-100mm, 2-65mm, straight side jacket: 1-40mm, bottom: 2-40mm","Vertical","","","1,200 mm (46.9 in)","Batch-Type Agitated","Lugs","","Dish","Reactor"
"219244","Glasslined Pfaudler DK Batch-Type Agitated Reactor - IPP# 219244","https://ims.internationalprocessplants.com/inventory/equipment/detail/219244","22","Yes","Mechanical","three blade impeller agitator with normal baffle","","","","","","","654 L (172.8 gallons)","","Used","1,000 mm (39.4 in)","","","","","","","Yes","10 bar (145 psi)","-200 °C (-328 °F)","","6 bar (87 psi)","-200 °C (-328 °F)","","Pfaudler","","Glasslined","DK","5.1 kW (6.8 HP)","openings: top: 1-400 x 300mm, 1-150mm, 1-100mm, 2-65mm, straight side jacket: 1-40mm, bottom: 1-80mm, jacket bottom: 1-40mm","Vertical","","","1,200 mm (46.9 in)","Batch-Type Agitated","Lugs","","Dish","Reactor"
"219245","Glasslined Pfaudler RB Batch-Type Agitated Reactor - IPP# 219245","https://ims.internationalprocessplants.com/inventory/equipment/detail/219245","22","Yes","Mechanical","","","","","","Dish","","860 L (227.2 gallons)","","Used","1,000 mm (39.4 in)","","","","","","","Yes","6 bar (87 psi)","200 °C (392 °F)","","6 bar (87 psi)","200 °C (392 °F)","","Pfaudler","","Glasslined","RB","1.3 kW (1.74 HP)","openings top 500mm (agitator), 1-125mm, 1-100 mm, 2-50 mm, side 2-40mm, bottom 2-80mm, 1-40mm,","Vertical","","","850 mm (33.5 in)","Batch-Type Agitated","Lugs","","Dish","Reactor"
"21926","Glasslined DeDietrich SA Batch-Type Agitated Reactor - IPP# 21926","https://ims.internationalprocessplants.com/inventory/equipment/detail/21926","23","Yes","Mechanical","Reglass 3-blade retreat curve agit,","- Baffle: H-baffle","H-Baffle","","","Dish","","1,150 L (300 gallons)","","Re-glassed","1,200 mm (48 in)","","","","","","","","6 bar (87 psi)","200 °C (392 °F)","","4.5 bar (65.3 psi)","200 °C (392 °F)","","DeDietrich","Yes","Glasslined","SA","","Openings: top 16" x 12" manway w/cover, 1-6", 2-4", 2-3", 2-2"; jkt 2-2", 6-1 1/2", 1-3/4", 1-1/2"; btm 1-3".","","","","813 mm (32 in)","Batch-Type Agitated","Legs","","Dish","Reactor"
"220350","Batch-Type Agitated Reactor 8,300 L (2,200 gallons) Stainless Steel 316 For Sale - IPP# 220350","https://ims.internationalprocessplants.com/inventory/equipment/detail/220350","20","Yes","Mechanical","- Agitation: Agitated reactor with approx 15KW right angle Lightnin Series 10 agitator drive and mechanical seal on shaft","","","","","Dish","","8,300 L (2,200 gallons)","","Used","","15 kW (20.1 HP)","","","","","","","12.5 bar (181 psi)","70 °C (158 °F)","Carbon Steel","4 bar (58 psi)","0 °C (32 °F)","Standard","","","Stainless Steel 316","","15 kW (20.1 HP)","- Openings: Top - 30" diameter top center opening with drive, (6) 4", (9) 2", (1) opening for additive hopper","","","","","Batch-Type Agitated","Lugs","","Dish","Reactor"
"220452","Glasslined DeDietrich AE Batch-Type Agitated Reactor - IPP# 220452","https://ims.internationalprocessplants.com/inventory/equipment/detail/220452","22","Yes","Mechanical","- Impeller type: 3-blade retreat curve - Impeller diameter: 720mm","","Beavertail","","","Dish","","1,200 L (311.7 gallons)","","Used","1,200 mm (47.2 in)","","","","","","","Yes","6 bar (87 psi)","200 °C (392 °F)","","7 bar (101.5 psi)","200 °C (392 °F)","","DeDietrich","","Glasslined","AE","4 kW (5.4 HP)","","","","","825 mm (32.5 in)","Batch-Type Agitated","Lugs","","Dish","Reactor"
"220953","Glasslined DeDietrich SA Batch-Type Agitated Reactor - IPP# 220953","https://ims.internationalprocessplants.com/inventory/equipment/detail/220953","25","Yes","Mechanical","- Agitator: (3) plade pitched paddle agitator,","baffle with restricted tip.","","","","Dish","","3,800 L (1,000 gallons)","","Used","1,600 mm (63 in)","11.2 kW (15 HP)","","","","","","Yes","6.9 bar (100 psi)","260 °C (500 °F)","","6.2 bar (90 psi)","260 °C (500 °F)","","DeDietrich","Yes","Glasslined","SA","7.5 kW (10 HP)","- Openings: Top 30" great cover, with 14" x 18" manway with cover and (1) 4 3/8" agitator opening; (2) 8", (3) 3", (1) 4"; Bottom nozzle 3" CBO.","","","","1,800 mm (70 in)","Batch-Type Agitated","Lugs","","Dish","Reactor"
"221591","Glasslined Pfaudler RB Batch-Type Agitated Reactor - IPP# 221591","https://ims.internationalprocessplants.com/inventory/equipment/detail/221591","25","Yes","Mechanical","3-finger retreat curved agitator, 95 rpm, VSZ40-G mechanical seal","beavertail baffle","Beavertail","","","Dish","","12,500 L (3,300 gallons)","","Used","2,400 mm (94.5 in)","","","","","","","Yes","1.1 bar (16 psi)","150 °C (302 °F)","","6.3 bar (91.4 psi)","150 °C (302 °F)","","Pfaudler","Yes","Glasslined","RB","18.5 kW (24.8 HP)","- Top openings: - 1-20" manway - 1-12" (baffle) - 2-6" - 5-3" - 3-3" (internal) - 2-2" (jacket) - 1-1" (jacket), bottom: 1-8" (center), 1-12"","","","","2,150 mm (84.6 in)","Batch-Type Agitated","Legs","","Dish","Reactor"
"221608","Glasslined DeDietrich Batch-Type Agitated Reactor - IPP# 221608","https://ims.internationalprocessplants.com/inventory/equipment/detail/221608","24","Yes","Mechanical","- Agitator: 3-finger retreat curved agitator, - Agitator speed: 20-120 rpm","","Finger Baffle","","","Dish","","13,350 L (3,500 gallons)","","Used","2,400 mm (94.5 in)","","","","","","","Yes","1.1 bar (16 psi)","200 °C (392 °F)","Carbon Steel","8.7 bar (126.2 psi)","200 °C (392 °F)","","DeDietrich","Yes","Glasslined","","15 kW (20.1 HP)","openings top: 1-20" manway, 2-6", 4-3", straight side: 6-4", jacket: 4-2", bottom: 1-4", 1-2" (jacket),","","","","2,300 mm (90.4 in)","Batch-Type Agitated","Lugs","","Dish","Reactor"
"221611","Glasslined DeDietrich Batch-Type Agitated Reactor - IPP# 221611","https://ims.internationalprocessplants.com/inventory/equipment/detail/221611","25","Yes","Mechanical","- Agitator: 3-finger retreat curved agitator, - Agitator drive: Model 125, - Agitator speed: 20-120 rpm","beavertail baffle","Beavertail","","","Dish","","13,350 L (3,500 gallons)","","Used","2,400 mm (94.5 in)","","","","","","","Yes","1.1 bar (16 psi)","200 °C (392 °F)","Carbon Steel","8.7 bar (126.2 psi)","200 °C (392 °F)","","DeDietrich","Yes","Glasslined","","15 kW (20.1 HP)","- Openings: - Top: 1-20" manway, 2-12" (1x baffle), 3-4", 2-3" - Straight side: 4-4", jacket: 4-2", bottom: 1-6", 1-2" (jacket)","","","","2,300 mm (90.6 in)","Batch-Type Agitated","Lugs","","Dish","Reactor"
"221681","Glasslined Technoglass CE Batch-Type Agitated Reactor - IPP# 221681","https://ims.internationalprocessplants.com/inventory/equipment/detail/221681","24","Yes","Mechanical","- Agitator drive: DDA-25/01, - Shaft speed: 28-122 rpm - Agitator type: 3-finger retreat curved","(1) Beavertail baffle","Beavertail","","","Dish","","7,600 L (2,000 gallons)","","Used","2,000 mm (78.7 in)","","","","","","","Yes","6 bar (87 psi)","200 °C (392 °F)","","6 bar (87 psi)","200 °C (392 °F)","","Technoglass","Yes","Glasslined","CE","11 kW (14.8 HP)","openings top: 1-450mm x 350mm manway, 2-250mm (1 with baffle), 5-150mm, straight side: 2-25mm (jacket), bottom: 1-150mm with Pneumatic valve, 4-50mm (jacket)","","","","1,950 mm (76.5 in)","Batch-Type Agitated","","","Dish","Reactor"
"221682","Glasslined Technoglass CE Batch-Type Agitated Reactor - IPP# 221682","https://ims.internationalprocessplants.com/inventory/equipment/detail/221682","24","Yes","Mechanical","- Agitator drive: DDA-25/01, - Shaft speed: 28-122 rpm - Agitator type: 3-finger retreat curved","(1) Beavertail baffle","Beavertail","","","Dish","","7,600 L (2,000 gallons)","","Used","2,000 mm (78.7 in)","","","","","","","Yes","6 bar (87 psi)","200 °C (392 °F)","","6 bar (87 psi)","200 °C (392 °F)","","Technoglass","Yes","Glasslined","CE","11 kW (14.8 HP)","- Top openings: openings top: 1-450mm x 350mm manway, 2-250mm (1 with baffle), 5-150mm, straight side: 2-25mm (jacket), bottom: 1-150mm with Pneumatic valve, 4-50mm (jacket)","","","","1,950 mm (76.5 in)","Batch-Type Agitated","","","Dish","Reactor"
"221687","Glasslined Pfaudler BE Batch-Type Agitated Reactor - IPP# 221687","https://ims.internationalprocessplants.com/inventory/equipment/detail/221687","24","Yes","Mechanical","- Agitator: VS0 16/100 agitator drive, driven by SEW Eurodrive, EexellT3 motor via a gearbox, shaft speed 20-120 rpm, 2-level Cryolock agitator with (1) 4-blade pitched paddle and (1) 4-finger retreat curve","(1) beavertail baffle","Beavertail","","","Dish","","8,200 L (2,150 gallons)","","Re-glassed","2,000 mm (78.7 in)","","","","","","","Yes","6 bar (87 psi)","200 °C (392 °F)","","6 bar (87 psi)","200 °C (392 °F)","","Pfaudler","Yes","Glasslined","BE","11 kW (14.8 HP)","- Top: 1-500mm manway, 2-250mm (1 with baffle), 5-150mm, straight side: 1-25mm (jacket), bottom: 1-150mm with pneumatic valve, 4-50mm (jacket)","","","","2,200 mm (87.2 in)","Batch-Type Agitated","","","Dish","Reactor"
"221690","Glasslined EHW Thale RWA-G6.3/1eD6-6 Batch-Type Agitated Reactor - IPP# 221690","https://ims.internationalprocessplants.com/inventory/equipment/detail/221690","23","Yes","Mechanical","3-finger retreat curved agitator, mechanical seal with lubricator","(1) Thermowell baffle","","","","Dish","","7,150 L (1,900 gallons)","","Used","2,000 mm (78.7 in)","","","","","","","","6 bar (87 psi)","200 °C (392 °F)","","6 bar (87 psi)","200 °C (392 °F)","","EHW Thale","Yes","Glasslined","RWA-G6.3/1eD6-6","14 kW (18.8 HP)","openings top: 1-450mm x 350mm manway, 2-200mm, 1-150mm, 3-125mm, straight side: 1-15mm (jacket), bottom: 1-125mm with pneumatic valve, 2-80mm (jacket), 2-50mm (jacket)","","","","1,500 mm (59.1 in)","Batch-Type Agitated","Lugs","","Dish","Reactor"
"221704","Glasslined EHW Thale Batch-Type Agitated Reactor - IPP# 221704","https://ims.internationalprocessplants.com/inventory/equipment/detail/221704","21","","Packing","- Shaft speed: 25-150 rpm - Agitator: 3-finger retreat curved agitator, packed gland,","(1) Thermowell baffle","","","","Dish","","7,150 L (1,900 gallons)","","Used","2,000 mm (78.7 in)","","","","","","","","6 bar (87 psi)","200 °C (392 °F)","","6 bar (87 psi)","200 °C (392 °F)","","EHW Thale","Yes","Glasslined","","14 kW (18.8 HP)","openings top: 1-450mm x 350mm manway, 2-200mm (1 with baffle), 1-150mm, 3-120mm 1-100mm sightglass, straight side: 1-15mm ( jacket), bottom: 1-150mm with Pneumatic valve, 4-50mm (jacket)","","","","2,050 mm (80.7 in)","Batch-Type Agitated","Lugs","","Dish","Reactor"
"221705","Glasslined Technoglass CE Batch-Type Agitated Reactor - IPP# 221705","https://ims.internationalprocessplants.com/inventory/equipment/detail/221705","24","Yes","Mechanical","- Shaft speed: 28-122 rpm - Agitator type: 3-finger retreat curved","(1) Beavertail baffle","Beavertail","","","Dish","","7,600 L (2,000 gallons)","","Used","2,000 mm (78.7 in)","11 kW (14.8 HP)","","","","","","","6 bar (87 psi)","200 °C (392 °F)","","6 bar (87 psi)","200 °C (392 °F)","","Technoglass","Yes","Glasslined","CE","11 kW (14.8 HP)","openings top: 1-450mm x 350mm manway, 2-250mm (1 with baffle), 5-150mm, straight side: 2-25mm (jacket), bottom: 1-150mm with Pneumatic valve, 3-50mm (jacket)","","","","2,050 mm (80.3 in)","Batch-Type Agitated","","","Dish","Reactor"
"221707","Glasslined DeDietrich CE Batch-Type Agitated Reactor - IPP# 221707","https://ims.internationalprocessplants.com/inventory/equipment/detail/221707","24","Yes","Mechanical","- Model DOA-25/01 agitator drive, Ex motor via a SEW gearbox - Shaft speed 28-122 rpm - 3-finger retreat curved agitator","(1) Beavertail baffle","Beavertail","","","Dish","","7,600 L (2,000 gallons)","","Re-glassed","2,000 mm (78.7 in)","","","","","","","Yes","6 bar (87 psi)","200 °C (392 °F)","","6 bar (87 psi)","200 °C (392 °F)","","DeDietrich","Yes","Glasslined","CE","11 kW (14.8 HP)","openings top: 1-450mm x 350mm manway, 2-250mm (1 with baffle), 5-150mm (1 with gate valve), straight side: 2-25mm (jacket), bottom: 1-150mm with Pneumatic valve, 3-50mm (jacket)","","","","2,050 mm (80.3 in)","Batch-Type Agitated","","","Dish","Reactor"
"221715","Glasslined Thale (Germany) RWA-G6.3/1eD6-6 Batch-Type Agitated Reactor - IPP# 221715","https://ims.internationalprocessplants.com/inventory/equipment/detail/221715","24","Yes","Mechanical","- Agitator: SEW Euro-drive rpm EexellT3 motor, - Shaft speed: 25-150 rpm - Agitator type: 8-finger retreat curved","(1) Thermowell baffle,","","","","Dish","","7,150 L (1,900 gallons)","","Used","2,000 mm (78.7 in)","","","","","","","Yes","6 bar (87 psi)","200 °C (392 °F)","","6 bar (87 psi)","200 °C (392 °F)","","Thale (Germany)","Yes","Glasslined","RWA-G6.3/1eD6-6","14 kW (18.8 HP)","openings top: (1) 450mm x 350mm (manway), (2) 250mm, (4) 150mm, (1) 100mm, straight side: (1) 50mm (jacket), bottom: (1) 125mm with pneumatic valve, (2) 50mm (jacket)","","","","1,500 mm (59.1 in)","Batch-Type Agitated","Legs","","Dish","Reactor"
"222555","Stainless Steel 316 Industrial Copper and Alloy Batch-Type Agitated Reactor - IPP# 222555","https://ims.internationalprocessplants.com/inventory/equipment/detail/222555","18","","","","","","","","","","1,900 L (500 gallons)","","Used","1,200 mm (48 in)","","","","","","","Yes","6.9 bar (100 psi)","232.2 °C (450 °F)","Stainless Steel Other","8.6 bar (125 psi)","232.2 °C (450 °F)","Half Pipe/Limpet","Industrial Copper and Alloy","","Stainless Steel 316","","","Openings include Top (1) 12" center with bolted cover, (1) 8" with cover, (2) 4" , (2) 3"; 6" bottom outlet.","Vertical","","","1,500 mm (60 in)","Batch-Type Agitated","Ring","","","Reactor"
"222564","Stainless Steel 316 Batch-Type Agitated Reactor - IPP# 222564","https://ims.internationalprocessplants.com/inventory/equipment/detail/222564","17","Yes","Mechanical","- Agitator: vertical straight through Hitachi agitator drive","","","","","","","5,700 L (1,500 gallons)","","Used","","","","","","","","","7.8 bar (113.8 psi)","340 °C (644 °F)","","3.6 bar (52.6 psi)","340 °C (644 °F)","","Hitachi","Yes","Stainless Steel 316","","26 kW (34.9 HP)","Openings include" 22" x 18" manway, (1) 6", (1) 3" (1) 2.5" (1) 4", (1) 14", plus center drive opening; bottom, (1) 2" with plug valve, (1) 8" center with 4" plug valve.","","","","","Batch-Type Agitated","Lugs","","","Reactor"
"222714","Stainless Steel 316 Imperial Steel Tank Company Batch-Type Agitated Reactor - IPP# 222714","https://ims.internationalprocessplants.com/inventory/equipment/detail/222714","22","Yes","","","","","","","Dish","","852 L (225 gallons)","","Used","914 mm (36 in)","1.49 kW (2 HP)","","","","","","","1 bar (14.5 psi)","148.9 °C (300 °F)","Carbon Steel","3.4 bar (50 psi)","148.9 °C (300 °F)","Half Pipe/Limpet","Imperial Steel Tank Company","","Stainless Steel 316","","1.49 kW (2 HP)","- Openings: (4) 2", (2) 5" sight/light glasses, (1) 8"; (1) 2" bottom outlet","Vertical","","","1,200 mm (48 in)","Batch-Type Agitated","Lugs","","Dish","Reactor"
"222749","Stainless Steel 304 Clad Mechanicca Sarda Batch-Type Agitated Reactor - IPP# 222749","https://ims.internationalprocessplants.com/inventory/equipment/detail/222749","24","Yes","","- Agitator: Top mounted Lightnin Series 10 agitator drive, model 15S-2.2RV, 3 KW motor. 3-blade pitched paddle impellor, with internal baffles mounted to side wall.","internal baffles mounted to side wall.","","","","Dish","","63,900 L (16,900 gallons)","Yes","Used","3,950 mm (155.3 in)","","","","","","","","10.3 bar (149.4 psi)","100 °C (212 °F)","Carbon Steel","5.3 bar (76.9 psi)","100 °C (212 °F)","","Meccanica Sardia","Yes","Stainless Steel 304","","3 kW (4 HP)","- Openings: Top &#x2013; (1) 20&#x201D; manway with bolted cover, (1) 7&#x2019;, (1) 5&#x201D;, (1) 18&#x201D; center top for agitator; Bottom &#x2013; (1)20&#x201D; off center, (1) 250 mm product outlet, (1) 6&#x201D;, (1) 40 mm, (1) 3&#x201D;.","Vertical","","","3,300 mm (130.7 in)","Batch-Type Agitated","Legs","","Dish","Reactor"
"222750","Batch-Type Agitated Reactor 63,900 L (16,900 gallons) Stainless Steel 304 For Sale - IPP# 222750","https://ims.internationalprocessplants.com/inventory/equipment/detail/222750","24","Yes","","Top mounted Lightnin Series 10 agitator drive, model 15S-2.2RV, 3 KW motor. 3-blade pitched paddle impellor, with internal baffles mounted to side wall.","With internal baffles mounted to side wall","","","","Dish","","63,900 L (16,900 gallons)","Yes","Used","3,950 mm (155.3 in)","","","","","","","","10.3 bar (149.4 psi)","100 °C (212 °F)","Carbon Steel","5.3 bar (76.9 psi)","100 °C (212 °F)","","Mechanicca Sarda","Yes","Stainless Steel 304","","3 kW (4 HP)","(1) 20&#x201D; manway with bolted cover, (1) 7&#x2019;, (1) 5&#x201D;, (1) 18&#x201D; center top for agitator; Bottom &#x2013; (1)20&#x201D; off center, (1) 250 mm product outlet, (1) 6&#x201D;, (1) 40 mm, (1) 3&#x201D;.","Vertical","","","3,300 mm (130.7 in)","Batch-Type Agitated","Legs","","Dish","Reactor"
"222751","Batch-Type Agitated Reactor 63,900 L (16,900 gallons) Stainless Steel 304 For Sale - IPP# 222751","https://ims.internationalprocessplants.com/inventory/equipment/detail/222751","24","Yes","","- Agitator: Top mounted Lightnin Series 10 agitator drive, model 15S-2.2RV, 3 KW motor. 3-blade pitched paddle impellor,","With internal baffles mounted to side wall","","","","Dish","","63,900 L (16,900 gallons)","Yes","Used","3,950 mm (155.3 in)","","","","","","","","10.3 bar (149.4 psi)","100 °C (212 °F)","Carbon Steel","5.3 bar (76.9 psi)","100 °C (212 °F)","","Mechanicca Sarda","Yes","Stainless Steel 304","","3 kW (4 HP)","- Openings: Top &#x2013; (1) 20&#x201D; manway with bolted cover, (1) 7&#x2019;, (1) 5&#x201D;, (1) 18&#x201D; center top for agitator; Bottom &#x2013; (1)20&#x201D; off center, (1) 250 mm product outlet, (1) 6&#x201D;, (1) 40 mm, (1) 3&#x201D;.","Vertical","","","3,300 mm (130.7 in)","Batch-Type Agitated","Legs","","Dish","Reactor"
"222752","Batch-Type Agitated Reactor 63,900 L (16,900 gallons) Stainless Steel 304 For Sale - IPP# 222752","https://ims.internationalprocessplants.com/inventory/equipment/detail/222752","26","Yes","","- Agitator: Top mounted Lightnin Series 10 agitator drive, model 15S-2.2RV, 3 KW motor. 3-blade pitched paddle impellor,","With internal baffles mounted to side wall","","","","Dish","","63,900 L (16,900 gallons)","Yes","Used","3,950 mm (155.3 in)","3 kW (4 HP)","","","","","","Yes","10.3 bar (149.4 psi)","100 °C (212 °F)","Carbon Steel","5.3 bar (76.9 psi)","100 °C (212 °F)","","Mechanicca Sarda","Yes","Stainless Steel 304","","3 kW (4 HP)","- Openings: Top - (1) 20&#x201D; manway with bolted cover, (1) 7&#x2019;, (1) 5&#x201D;, (1) 18&#x201D; center top for agitator; Bottom - (1)20&#x201D; off center, (1) 250 mm product outlet, (1) 6&#x201D;, (1) 40 mm, (1) 3&#x201D;.","Vertical","","","3,300 mm (130.7 in)","Batch-Type Agitated","Legs","","Dish","Reactor"
"222753","Batch-Type Agitated Reactor 63,900 L (16,900 gallons) Stainless Steel 304 For Sale - IPP# 222753","https://ims.internationalprocessplants.com/inventory/equipment/detail/222753","25","Yes","","- Agitator: Top mounted Lightnin Series 10 agitator drive, model 15S-2.2RV, 3 KW motor. 3-blade pitched paddle impellor,","with internal baffles mounted to side wall.","","","","Dish","","63,900 L (16,900 gallons)","Yes","Used","3,950 mm (155.3 in)","3 kW (4 HP)","","","","","","","10.3 bar (149.4 psi)","100 °C (212 °F)","Carbon Steel","5.3 bar (76.9 psi)","100 °C (212 °F)","","Mechanicca Sarda","Yes","Stainless Steel 304","","3 kW (4 HP)","- Openings: Top &#x2013; (1) 20&#x201D; manway with bolted cover, (1) 7&#x2019;, (1) 5&#x201D;, (1) 18&#x201D; center top for agitator; Bottom &#x2013; (1)20&#x201D; off center, (1) 250 mm product outlet, (1) 6&#x201D;, (1) 40 mm, (1) 3&#x201D;.","Vertical","","","3,300 mm (130.7 in)","Batch-Type Agitated","Legs","","Dish","Reactor"
"222754","Batch-Type Agitated Reactor 63,900 L (16,900 gallons) Stainless Steel 304 For Sale - IPP# 222754","https://ims.internationalprocessplants.com/inventory/equipment/detail/222754","24","Yes","","- Agitator: Top mounted Lightnin Series 10 agitator drive, model 15S-2.2RV, 3 KW motor. 3-blade pitched paddle impellor,","with internal baffles mounted to side wall.","","","","Dish","","63,900 L (16,900 gallons)","Yes","Used","3,950 mm (155.3 in)","","","","","","","","10.3 bar (149.4 psi)","100 °C (212 °F)","Carbon Steel","5.3 bar (76.9 psi)","100 °C (212 °F)","","Mechanicca Sarda","Yes","Stainless Steel 304","","3 kW (4 HP)","- Openings: Top &#x2013; (1) 20&#x201D; manway with bolted cover, (1) 7&#x2019;, (1) 5&#x201D;, (1) 18&#x201D; center top for agitator; Bottom &#x2013; (1)20&#x201D; off center, (1) 250 mm product outlet, (1) 6&#x201D;, (1) 40 mm, (1) 3&#x201D;.","Vertical","","","3,300 mm (130.7 in)","Batch-Type Agitated","Legs","","Dish","Reactor"
"222755","Batch-Type Agitated Reactor 63,900 L (16,900 gallons) Stainless Steel 304 For Sale - IPP# 222755","https://ims.internationalprocessplants.com/inventory/equipment/detail/222755","25","Yes","","- Agitator: Top mounted Lightnin Series 10 agitator drive, model 15S-2.2RV, 3 KW motor. 3-blade pitched paddle impellor,","with internal baffles mounted to side wall.","","","","Dish","","63,900 L (16,900 gallons)","Yes","Used","3,950 mm (155.3 in)","","","","","","","Yes","10.3 bar (149.4 psi)","100 °C (212 °F)","Carbon Steel","5.3 bar (76.9 psi)","100 °C (212 °F)","","Mechanicca Sarda","Yes","Stainless Steel 304","","3 kW (4 HP)","- Openings: - Top &#x2013; (1) 20&#x201D; manway with bolted cover, (1) 7&#x2019;, (1) 5&#x201D;, (1) 18&#x201D; center top for agitator - Bottom &#x2013; (1)20&#x201D; off center, (1) 250 mm product outlet, (1) 6&#x201D;, (1) 40 mm, (1) 3&#x201D;.","Vertical","","","3,300 mm (130.7 in)","Batch-Type Agitated","Legs","","Dish","Reactor"
"222756","Batch-Type Agitated Reactor 63,900 L (16,900 gallons) Stainless Steel 304 For Sale - IPP# 222756","https://ims.internationalprocessplants.com/inventory/equipment/detail/222756","24","Yes","","- Agitator: Top mounted Lightnin Series 10 agitator drive, model 15S-2.2RV, 3 KW motor. 3-blade pitched paddle impellor,","with internal baffles mounted to side wall.","","","","Dish","","63,900 L (16,900 gallons)","Yes","Used","3,950 mm (155.3 in)","","","","","","","","10.3 bar (149.4 psi)","100 °C (212 °F)","Carbon Steel","5.3 bar (76.9 psi)","100 °C (212 °F)","","Mechanicca Sarda","Yes","Stainless Steel 304","","3 kW (4 HP)","- Openings: Top &#x2013; (1) 20&#x201D; manway with bolted cover, (1) 7&#x2019;, (1) 5&#x201D;, (1) 18&#x201D; center top for agitator; Bottom &#x2013; (1)20&#x201D; off center, (1) 250 mm product outlet, (1) 6&#x201D;, (1) 40 mm, (1) 3&#x201D;.","Vertical","","","3,300 mm (130.7 in)","Batch-Type Agitated","Legs","","Dish","Reactor"
"222757","Batch-Type Agitated Reactor 63,900 L (16,900 gallons) Stainless Steel 304 For Sale - IPP# 222757","https://ims.internationalprocessplants.com/inventory/equipment/detail/222757","24","Yes","","- Agitator: Top mounted Lightnin Series 10 agitator drive, model 15S-2.2RV, 3 KW motor. 3-blade pitched paddle impellor,","with internal baffles mounted to side wall.","","","","Dish","","63,900 L (16,900 gallons)","Yes","Used","3,950 mm (155.3 in)","","","","","","","","10.3 bar (149.4 psi)","100 °C (212 °F)","Carbon Steel","5.3 bar (76.9 psi)","100 °C (212 °F)","","Mechanicca Sarda","Yes","Stainless Steel 304","","3 kW (4 HP)","- Top: (1) 20&#x201D; manway with bolted cover, (1) 7&#x2019;, (1) 5&#x201D;, (1) 18&#x201D; center top for agitator - Bottom: (1)20&#x201D; off center, (1) 250 mm product outlet, (1) 6&#x201D;, (1) 40 mm, (1) 3&#x201D;","Vertical","","","3,300 mm (130.7 in)","Batch-Type Agitated","Legs","","Dish","Reactor"
"222758","Batch-Type Agitated Reactor 63,900 L (16,900 gallons) Stainless Steel 304 For Sale - IPP# 222758","https://ims.internationalprocessplants.com/inventory/equipment/detail/222758","24","Yes","","- Agitator: Top mounted Lightnin Series 10 agitator drive, model 15S-2.2RV, 3 KW motor. 3-blade pitched paddle impellor,","With internal baffles mounted to side wall","","","","Dish","","63,900 L (16,900 gallons)","Yes","Used","3,950 mm (155.3 in)","","","","","","","","10.3 bar (149.4 psi)","100 °C (212 °F)","Carbon Steel","5.3 bar (76.9 psi)","100 °C (212 °F)","","Mechanicca Sarda","Yes","Stainless Steel 304","","3 kW (4 HP)","- Openings: Top &#x2013; (1) 20&#x201D; manway with bolted cover, (1) 7&#x2019;, (1) 5&#x201D;, (1) 18&#x201D; center top for agitator; Bottom &#x2013; (1)20&#x201D; off center, (1) 250 mm product outlet, (1) 6&#x201D;, (1) 40 mm, (1) 3&#x201D;.","Vertical","","","3,300 mm (130.7 in)","Batch-Type Agitated","Legs","","Dish","Reactor"
"222759","Batch-Type Agitated Reactor 63,900 L (16,900 gallons) Stainless Steel 304 For Sale - IPP# 222759","https://ims.internationalprocessplants.com/inventory/equipment/detail/222759","24","Yes","","- Agitator: Top mounted Lightnin Series 10 agitator drive, model 15S-2.2RV, 3 KW motor. 3-blade pitched paddle impellor,","With internal baffles mounted to side wall","","","","Dish","","63,900 L (16,900 gallons)","Yes","Used","3,950 mm (155.3 in)","","","","","","","","10.3 bar (149.4 psi)","100 °C (212 °F)","Carbon Steel","5.3 bar (76.9 psi)","100 °C (212 °F)","","Mechanicca Sarda","Yes","Stainless Steel 304","","3 kW (4 HP)","- Openings: Top &#x2013; (1) 20&#x201D; manway with bolted cover, (1) 7&#x2019;, (1) 5&#x201D;, (1) 18&#x201D; center top for agitator; Bottom &#x2013; (1)20&#x201D; off center, (1) 250 mm product outlet, (1) 6&#x201D;, (1) 40 mm, (1) 3&#x201D;.","Vertical","","","3,300 mm (130.7 in)","Batch-Type Agitated","Legs","","Dish","Reactor"
"222760","Batch-Type Agitated Reactor 63,900 L (16,900 gallons) Stainless Steel 304 For Sale - IPP# 222760","https://ims.internationalprocessplants.com/inventory/equipment/detail/222760","24","Yes","","- Agitator: Top mounted Lightnin Series 10 agitator drive, model 15S-2.2RV, 3 KW motor. 3-blade pitched paddle impellor,","With internal baffles mounted to side wall.","","","","Dish","","63,900 L (16,900 gallons)","Yes","Used","3,950 mm (155.3 in)","","","","","","","","10.3 bar (149.4 psi)","100 °C (212 °F)","Carbon Steel","5.3 bar (76.9 psi)","100 °C (212 °F)","","Mechanicca Sarda","Yes","Stainless Steel 304","","3 kW (4 HP)","- Openings: Top &#x2013; (1) 20&#x201D; manway with bolted cover, (1) 7&#x2019;, (1) 5&#x201D;, (1) 18&#x201D; center top for agitator; Bottom &#x2013; (1)20&#x201D; off center, (1) 250 mm product outlet, (1) 6&#x201D;, (1) 40 mm, (1) 3&#x201D;.","Vertical","","","3,300 mm (130.7 in)","Batch-Type Agitated","Legs","","Dish","Reactor"
"222818","Stainless Steel 316L Clad Mechanicca Sarda Batch-Type Agitated Reactor - IPP# 222818","https://ims.internationalprocessplants.com/inventory/equipment/detail/222818","20","Yes","Mechanical","With bottom entering agitator drive, manufactured by G. Ellis Seites (Milano Italy) direct coupled to a 315 KW motor. The agitator has a 316SS, 4 blade turbine with a mechanical seal on the shaft. Agitator speed 30 to 70 rpm","","","","","","","80,000 L (21,150 gallons)","Yes","Used","3,900 mm (153.5 in)","","","","","","","Yes","21 bar (304.6 psi)","115 °C (239 °F)","Carbon Steel","10 bar (145 psi)","115 °C (239 °F)","Half Pipe/Limpet","Mechanicca Sarda","","Stainless Steel 316L","","315 kW (422.4 HP)","","","","","5,500 mm (216.5 in)","Batch-Type Agitated","","","","Reactor"
"222819","Stainless Steel 316L Clad Mechanicca Sarda Batch-Type Agitated Reactor - IPP# 222819","https://ims.internationalprocessplants.com/inventory/equipment/detail/222819","18","Yes","","- Agitator: Bottom entering, manufactured by G. Ellis Seites (Milano Italy), direct coupled to a 315 KW motor, with a 316SS, 4 blade turbine and mechanical seal on the shaft. Agitator speed 30 to 70 rpm.","","","","","","","80,000 L (21,150 gallons)","","Used","3,900 mm (153.5 in)","","","","","","","Yes","21 bar (304.6 psi)","115 °C (239 °F)","Carbon Steel","10 bar (145 psi)","115 °C (239 °F)","Half Pipe/Limpet","Mechanica Sarda","","Stainless Steel 316L","","315 kW (422.4 HP)","","","","","5,500 mm (216.5 in)","Batch-Type Agitated","","","","Reactor"
"223165","Batch-Type Agitated Reactor 3,000 L (792 gallons) Stainless Steel 316 For Sale - IPP# 223165","https://ims.internationalprocessplants.com/inventory/equipment/detail/223165","22","","","","Has one baffle.","","Yes","","Cone","","3,000 L (792 gallons)","","Used","1,350 mm (54 in)","","","","","","","","1.38 bar (20 psi)","176.7 °C (350 °F)","","6.9 bar (100 psi)","176.7 °C (350 °F)","","Waukesha Cherry Burrell","Yes","Stainless Steel 316","","","Openings include: Top (1) 18: manway with hinged cover, (1) 6" offset for drive, (7) 2", (1) 1.5", (1) 3"; Bottom (1) 2" outlet with valve","Vertical","Yes","Yes","1,950 mm (76 in)","Batch-Type Agitated","Legs","","Dish","Reactor"
"223810","Unused Hastelloy - C276 Batch-Type Agitated Reactor - IPP# 223810","https://ims.internationalprocessplants.com/inventory/equipment/detail/223810","26","Yes","Mechanical","With Hastelloy C276 agitator (Type blades TBD).","(4) baffles on side wall","","","","Elliptical","","1,300 L (350 gallons)","","Unused","1,200 mm (48 in)","","","","","","","Yes","41.4 bar (600 psi)","315.6 °C (600 °F)","Stainless Steel 304","6.2 bar (90 psi)","204.4 °C (400 °F)","Standard","Alloy Fab","Yes","Hastelloy - C276","","3.7 kW (5 HP)","Openings include: Top - (1) 14&#x201D; x 16&#x201D; manway with bolted cover, (2) 6&#x201D; nozzles, (2) 4&#x201D; nozzles, (1) 3&#x201D; nozzle,(3) 2&#x201D; nozzles, and (1) &#xBE;&#x201D; coupling; (1) center bottom outlet.","Vertical","","","965 mm (38 in)","Batch-Type Agitated","Legs","","Elliptical","Reactor"
"224145","Glasslined Pfaudler Batch-Type Agitated Reactor - IPP# 224145","https://ims.internationalprocessplants.com/inventory/equipment/detail/224145","24","Yes","","- Agitator: Cryolock agitator driven by a Lightnin mixer, - Agitator model: 508Q-60 with a 16.75 ratio","Two "D" baffles","D-Baffle","","","Dish","","22,700 L (6,000 gallons)","","Used","2,900 mm (114 in)","","","","","","","Yes","3.4 bar (50 psi)","343.3 °C (650 °F)","Carbon Steel","4.1 bar (60 psi)","176.7 °C (350 °F)","","Pfaudler","Yes","Glasslined","","44.7 kW (60 HP)","Nozzle schedule, One 42" main cover with 16" drive nozzle, one 18" man way with 4" sight glass and pro ring, one 4" center bottom opening, , two 8" nozzles, One 6" nozzle, three 4" nozzles, and six 3" nozzles.","Vertical","","","2,950 mm (117 in)","Batch-Type Agitated","","","Dish","Reactor"
"224151","Glasslined Pfaudler Batch-Type Agitated Reactor - IPP# 224151","https://ims.internationalprocessplants.com/inventory/equipment/detail/224151","21","Yes","","Three blade retreat curve agitator driven by a Lightnin mixer, rated for 30/60 HP at 1770/880 rpm. Model 508Q-60 with a 16.75 ratio. Two "D" baffles","","D-Baffle","","","Dish","","22,700 L (6,000 gallons)","","Used","2,900 mm (114 in)","","","","","","","Yes","3.4 bar (50 psi)","343.3 °C (650 °F)","","4.1 bar (60 psi)","176.7 °C (350 °F)","","Pfaudler","Yes","Glasslined","","44.7 kW (60 HP)","- Nozzle schedule: - One 42" main cover with 16" drive nozzle - One 18" man way with 4" sight glass and pro ring - One 4" center bottom opening - Two 8" nozzles - One 6" nozzle - Three 4" nozzles - Six 3" nozzles.","","","","2,950 mm (117 in)","Batch-Type Agitated","","","Dish","Reactor"
"224189","Reactor Batch-Type Agitated Glasslined Pfaudler BE - IPP# 224189","https://ims.internationalprocessplants.com/inventory/equipment/detail/224189","21","Yes","Mechanical","4 blade Cryolock agitator, 835 mm diameter, (2) beaver tail baffles with TMI measuring probe","","Beavertail","","","","","8,200 L (2,150 gallons)","","Used","2,000 mm (78.7 in)","","","","","","","Yes","6 bar (87 psi)","200 °C (392 °F)","","6 bar (87 psi)","200 °C (392 °F)","","Pfaudler","","Glasslined","BE","14.5 kW (19.4 HP)","","Vertical","","","3,250 mm (128.7 in)","Batch-Type Agitated","Lugs","","","Reactor"
"224190","Glasslined Pfaudler BE Batch-Type Agitated Reactor - IPP# 224190","https://ims.internationalprocessplants.com/inventory/equipment/detail/224190","21","Yes","Mechanical","4- blade Cryolock agitator","with PF/TMI measuring probe baffle","","","","","","11,750 L (3,100 gallons)","","Used","2,500 mm (98.4 in)","24 kW (32.2 HP)","","","","","","Yes","6 bar (87 psi)","200 °C (392 °F)","","6 bar (87 psi)","200 °C (392 °F)","","Pfaudler","","Glasslined","BE","","","Vertical","","","3,400 mm (133.9 in)","Batch-Type Agitated","Lugs","","","Reactor"
"224510","Glasslined Pfaudler Batch-Type Agitated Reactor - IPP# 224510","https://ims.internationalprocessplants.com/inventory/equipment/detail/224510","11","","","","","","","","","","75.7 L (20 gallons)","","Used","584 mm (23 in)","","","","","","","","6.2 bar (90 psi)","","","","","","Pfaudler","","Glasslined","","","Top nozzles include One 4" hand hole with sight glass and pro -ring, Two 3" nozzles, Two 2" nozzles, and One 1" nozzle.","","","","406.4 mm (16 in)","Batch-Type Agitated","Legs","","","Reactor"
"225337","Glasslined Pfaudler P Series Batch-Type Agitated Reactor - IPP# 225337","https://ims.internationalprocessplants.com/inventory/equipment/detail/225337","23","Yes","Mechanical","- Agitator: 3 blade retreat curve agitator and baffle - Drive: Top mounted 2.5 DTW Drive, Model DWV50210AKC, Serial number 2.500-85057304. 5 to 1 OAR,","","","","","Dish","","75.7 L (20 gallons)","","Used","508 mm (20 in)","","","","","","","Yes","10.3 bar (150 psi)","232.2 °C (450 °F)","Carbon Steel","8.3 bar (120 psi)","232.2 °C (450 °F)","","Pfaudler","","Glasslined","P Series","0.75 kW (1 HP)","- Openings: Top (1) 4" hand hole; (4) 2" inlets; bottom (1) 2" outlet","","","","279.4 mm (11 in)","Batch-Type Agitated","Legs","","Dish","Reactor"
"225354","Stainless Steel 316 Batch-Type Agitated Reactor - IPP# 225354","https://ims.internationalprocessplants.com/inventory/equipment/detail/225354","21","Yes","Mechanical","With top mounted Pro-Quip agitator drive","","","","","Dish","","189.3 L (50 gallons)","","Used","610 mm (24 in)","","","","","","","Yes","17.2 bar (250 psi)","148.9 °C (300 °F)","","10.3 bar (150 psi)","180 °C (356 °F)","","Edward Kurth & Sons","","Stainless Steel 316","","2.2 kW (3 HP)","Openings include: Top - (1) 6" center for agitator, (1) 2", (1) 3:, (1)4" sight glass, (1) 3/4"4"; Bottom (1) 1" outlet","","","","508 mm (20 in)","Batch-Type Agitated","Legs","","Dish","Reactor"
"226617","Glasslined Tycon Batch-Type Agitated Reactor - IPP# 226617","https://ims.internationalprocessplants.com/inventory/equipment/detail/226617","17","Yes","","Mixer: 62Q08 Lightnin mixer - Agitator: DeDietrich glasslok","beavertail baffle","Beavertail","","","","","7,550 L (2,000 gallons)","","Used","","","","","","Yes","","Yes","6.9 bar (100 psi)","260 °C (500 °F)","","10.3 bar (150 psi)","260 °C (500 °F)","","Tycon","","Glasslined","","","","Vertical","","","","Batch-Type Agitated","","","","Reactor"
"226619","Glasslined DeDietrich Batch-Type Agitated Reactor - IPP# 226619","https://ims.internationalprocessplants.com/inventory/equipment/detail/226619","13","Yes","","Equipped with 62Q08 Lightnin mixer Ratio 14.06 w/ DeDietrich glasslok agitator","beavertail baffle","Beavertail","","","","","7,550 L (2,000 gallons)","","Used","","","","","","Yes","","","","","","","","","DeDietrich","","Glasslined","","15 kW (20.1 HP)","","Vertical","","","","Batch-Type Agitated","","","","Reactor"
"228077","Stainless Steel Other Clad Batch-Type Agitated Reactor - IPP# 228077","https://ims.internationalprocessplants.com/inventory/equipment/detail/228077","17","","","","Brackets for internal sidewall baffles","","Yes","","Elliptical","","927 L (245 gallons)","Yes","Used","1,100 mm (44 in)","","","","","","","","48.3 bar (700 psi)","","","17.2 bar (250 psi)","","","","","Stainless Steel Other","","","Top nozzle schedule: - One 24" top head main opening - One 8" nozzle - One 4" nozzle - Two 3" nozzles - One 2" nozzle - One 1" nozzle","Vertical","","","762 mm (30 in)","Batch-Type Agitated","Lugs","","Elliptical","Reactor"
"228314","Batch-Type Agitated Reactor 7,000 L (1,850 gallons) Stainless Steel Austenitic For Sale - IPP# 228314","https://ims.internationalprocessplants.com/inventory/equipment/detail/228314","24","Yes","Mechanical","- Body and agitator shaft material: 904L stainless steel, - Agitator drive: Stelzer type SNR-20-04-E, - Impellor: 3 blade marine type on shaft","","","","","Dish","","7,000 L (1,850 gallons)","","Used","2,000 mm (78.3 in)","","","","","","","Yes","6 bar (87 psi)","180 °C (356 °F)","Stainless Steel Austenitic","6 bar (87 psi)","180 °C (356 °F)","Half Pipe/Limpet","Enco","Yes","Stainless Steel Austenitic","","2.5 kW (3.4 HP)","openings top: 1-500mm manway, 1-200mm, 1-100mm sightglass, 6-80mm, 4-50mm, 1-25mm, straight side: 1-80mm (jacket), bottom: 1-50mm, 1-25mm (jacket)","","","","1,650 mm (65.6 in)","Batch-Type Agitated","Lugs","","Dish","Reactor"
"229003","Batch-Type Agitated Reactor 418 L (110.4 gallons) Stainless Steel Other For Sale - IPP# 229003","https://ims.internationalprocessplants.com/inventory/equipment/detail/229003","13","Yes","","","","","","","","","418 L (110.4 gallons)","","Used","","","","","","","","Yes","3.8 bar (55.1 psi)","126 °C (258.8 °F)","","3 bar (43.5 psi)","95 °C (203 °F)","","Goavec Engineering (France)","","Stainless Steel Other","","1.5 kW (2 HP)","","","","","","Batch-Type Agitated","","","","Reactor"
"230157","Glasslined Pfaudler RA Batch-Type Agitated Reactor - IPP# 230157","https://ims.internationalprocessplants.com/inventory/equipment/detail/230157","34","Yes","Mechanical","","Removable tip 5/8"-18 UNF","Beavertail","","Glasslined","Dish","","2,850 L (750 gallons)","","Re-glassed","1,500 mm (60 in)","7.5 kW (10 HP)","Very Clean (VC)","Full Fire Polish (FF)","Retreat Curve","","Glass Lined","Yes","6.9 bar (100 psi)","232.2 °C (450 °F)","Carbon Steel","6.2 bar (90 psi)","176.7 °C (350 °F)","Standard","Pfaudler","Yes","Glasslined","RA","7.5 kW (10 HP)","Top openings: (1) 8", and (4) 4" nozzles. Bottom: (1) 4" offset nozzles","Vertical","","","1,200 mm (48 in)","Batch-Type Agitated","Legs","Glasslined","Dish","Reactor"
"230162","Glasslined Pfaudler RA Batch-Type Agitated Reactor - IPP# 230162","https://ims.internationalprocessplants.com/inventory/equipment/detail/230162","13","","","","","","Yes","","","","22,700 L (6,000 gallons)","","Used","","","","","","","","Yes","6.9 bar (100 psi)","232.2 °C (450 °F)","","6.2 bar (90 psi)","232.2 °C (450 °F)","","Pfaudler","","Glasslined","RA","","","","","","","Batch-Type Agitated","","","","Reactor"
"230169","Glasslined DeDietrich SA Batch-Type Agitated Reactor - IPP# 230169","https://ims.internationalprocessplants.com/inventory/equipment/detail/230169","17","Yes","","agitator shaft","baffle","","","","","","22,700 L (6,000 gallons)","","Used","","","","","","","","","6.9 bar (100 psi)","204.4 °C (400 °F)","","6.2 bar (90 psi)","204.4 °C (400 °F)","","DeDietrich","Yes","Glasslined","SA","","Top head openings: (1) 42" main cover with 6" drive nozzle, (1) 24" manway opening, (1) 12" nozzle, (7) 6" nozzles and (2) 8" baffle nozzles. Bottom: (1) 6" outlet.","","","","","Batch-Type Agitated","Lugs","","","Reactor"
"230182","Batch-Type Agitated Reactor 8,600 L (2,250 gallons) Stainless Steel Austenitic For Sale - IPP# 230182","https://ims.internationalprocessplants.com/inventory/equipment/detail/230182","19","Yes","Mechanical","- Agitator drive: Ekato type HWL-3100 - Agitator type: 4-blade paddle","","","","","Dish","","8,600 L (2,250 gallons)","","Used","","","","","","Yes","","Yes","0.5 bar (7.3 psi)","200 °C (392 °F)","","6 bar (87 psi)","200 °C (392 °F)","Half Pipe/Limpet","Kleiser und Losch Gmbh","","Stainless Steel Austenitic","","","","","","","","Batch-Type Agitated","Lugs","","Dish","Reactor"
"230184","Batch-Type Agitated Reactor 13,750 L (3,650 gallons) Stainless Steel Austenitic For Sale - IPP# 230184","https://ims.internationalprocessplants.com/inventory/equipment/detail/230184","17","","","","","","Yes","","Dish","","13,750 L (3,650 gallons)","","Used","","","","","","","","Yes","3 bar (43.5 psi)","200 °C (392 °F)","Stainless Steel Austenitic","12 bar (174 psi)","200 °C (392 °F)","Half Pipe/Limpet","Richard Stihler Kg","","Stainless Steel Austenitic","","","","","","","","Batch-Type Agitated","Lugs","","Dish","Reactor"
"230187","Glasslined Pfaudler E Batch-Type Agitated Reactor - IPP# 230187","https://ims.internationalprocessplants.com/inventory/equipment/detail/230187","18","Yes","Mechanical","Agitator: 3-blade retreat curve","","","","","Dish","","1,400 L (363.2 gallons)","","Used","","","","","","","","Yes","6 bar (87 psi)","200 °C (392 °F)","","6 bar (87 psi)","200 °C (392 °F)","","Pfaudler","","Glasslined","E","1 kW (1.34 HP)","","","","","","Batch-Type Agitated","","","Dish","Reactor"
"230266","Glasslined DeDietrich Batch-Type Agitated Reactor - IPP# 230266","https://ims.internationalprocessplants.com/inventory/equipment/detail/230266","7","","","","","","","","","","1,900 L (500 gallons)","","Re-glassed","","","","","","","","","","","","","","","DeDietrich","","Glasslined","","","","Vertical","","","","Batch-Type Agitated","","","","Reactor"
"230382","New Stainless Steel 316L Gale Process Solutions Batch-Type Agitated Reactor - IPP# 230382","https://ims.internationalprocessplants.com/inventory/equipment/detail/230382","33","Yes","Double Mechanical Seal","316 SS, three tier, 4 blade PBT agitator, w/ 135 mm diameter shaft, 96 rpm, mixing sweep 1000 mm. 304 SS bearing housing.","(4) 316L stainless steel baffles, 2990mm tall X 200mm wide X 10mm thick.","Sidewall Mounted Straight Baffle","","Stainless Steel 316L","Dish","","15,150 L (4,000 gallons)","","New","2,450 mm (96.5 in)","22.4 kW (30 HP)","","","Pitch Blade","","240 Grit Polish","Yes","10 bar (145 psi)","150 °C (302 °F)","Stainless Steel 304","10 bar (145 psi)","150 °C (302 °F)","Half Pipe/Limpet","Gale Process Solutions","Yes","Stainless Steel 316L","","22.4 kW (30 HP)","20" Manhole with Cover and davit arm assist, one 6" sight glass, three 4" nozzles (one for lamp), seven 3" nozzles, two 1.5" nozzles and four 1" nozzles","Vertical","Yes","","3,150 mm (124 in)","Batch-Type Agitated","Lugs","Stainless Steel 316L","Dish","Reactor"
"231065","Batch-Type Agitated Reactor 1,600 L (422.7 gallons) Stainless Steel Austenitic For Sale - IPP# 231065","https://ims.internationalprocessplants.com/inventory/equipment/detail/231065","23","Yes","Mechanical","Ekato type HWL-040L, - Agitator: 4-blade pitched paddle on shaft","","","","","Dish","","1,600 L (422.7 gallons)","","Used","1,200 mm (47.2 in)","","","","","","","Yes","6 bar (87 psi)","200 °C (392 °F)","Stainless Steel Austenitic","6 bar (87 psi)","200 °C (392 °F)","","Samesreuther Muller Schuss Gmbh","Yes","Stainless Steel Austenitic","","3 kW (4 HP)","- Openings: - Top: 1-300mm x 400mm manway with hinged cover, 1-100mm sightglass, 4-50mm - Side jacket: 1-40mm, bottom: 1-40mm, 1-40mm (jacket)","","","","1,050 mm (42 in)","Batch-Type Agitated","Legs","","Dish","Reactor"
"231066","Batch-Type Agitated Reactor 1,550 L (410.8 gallons) Stainless Steel Austenitic For Sale - IPP# 231066","https://ims.internationalprocessplants.com/inventory/equipment/detail/231066","24","Yes","Mechanical","3-blade marine type impellor on shaft","","","","","Dish","","1,550 L (410.8 gallons)","","Used","1,200 mm (47.2 in)","","","","","","","Yes","6 bar (87 psi)","200 °C (392 °F)","Stainless Steel Austenitic","20 bar (290.1 psi)","200 °C (392 °F)","Half Pipe/Limpet","Pass & Co","Yes","Stainless Steel Austenitic","","1.75 kW (2.3 HP)","- Openings: Top: 1-350 x 450mm manway with hinged cover, 6-100mm, side jacket 1-40mm, bottom: 1-100mm, 1-40mm (jacket)","","","","1,550 mm (61 in)","Batch-Type Agitated","Lugs","","Dish","Reactor"
"231072","Glasslined Tycon CE Batch-Type Agitated Reactor - IPP# 231072","https://ims.internationalprocessplants.com/inventory/equipment/detail/231072","22","Yes","Mechanical","- Agitator drive type: AR4-80/2, - Shaft speed: 160/60 rpm - Agitator type: 3-finger retreat curved agitator","","Beavertail","","","Dish","","3,100 L (824 gallons)","","Used","1,600 mm (63 in)","","","","","","","","6 bar (87 psi)","200 °C (392 °F)","","6 bar (87 psi)","200 °C (392 °F)","Half Pipe/Limpet","Tycon","Yes","Glasslined","CE","7.5 kW (10.1 HP)","- Top: 1-350 x 450mm manway with hinged cover, 2-200mm, 5-100mm, (1 with baffle), side jacket: 1-50mm, bottom: 1-100mm, 1-80mm, 1-50mm (jacket)","","","","1,200 mm (48.1 in)","Batch-Type Agitated","","","","Reactor"
"231073","Batch-Type Agitated Reactor 3,650 L (962 gallons) Stainless Steel Austenitic For Sale - IPP# 231073","https://ims.internationalprocessplants.com/inventory/equipment/detail/231073","22","Yes","Mechanical","- Agitator drive: MUT Tschamber agitator drive, model NR262E-1,5, serial #02-201923, direct driven by a 1.5kw EX motor","","","","","Dish","","3,650 L (962 gallons)","","Used","1,600 mm (63 in)","","","","","","","","6 bar (87 psi)","150 °C (302 °F)","Stainless Steel Austenitic","10 bar (145 psi)","150 °C (302 °F)","Half Pipe/Limpet","Apparatebau gmbh","Yes","Stainless Steel Austenitic","","1.5 kW (2 HP)","- Openings: - Top: 1-600mm manway with hinged cover, 2-200mm, 1-100mm sightglass, 3-80mm, 3-50mm - Straight side: 1-80mm (jacket), 4-50mm, bottom: 1-80mm (discharge), 1-80mm (jacket), 4-50mm","","","","1,450 mm (56.3 in)","Batch-Type Agitated","","","Dish","Reactor"
"231082","Stainless Steel Austenitic Crimmitischau Batch-Type Agitated Reactor - IPP# 231082","https://ims.internationalprocessplants.com/inventory/equipment/detail/231082","26","Yes","Mechanical","- Agitator drive: MUT-Tschamber, - Agitator: (2) sets of 2-blade pitched paddles and a 'V' shaped paddle on the bottom of the shaft","- Baffles: (4) internal baffles plates on sidewall","","","","Cone","","13,500 L (3,550 gallons)","","Used","2,800 mm (110.2 in)","7.5 kW (10.1 HP)","","","","","","Yes","6 bar (87 psi)","150 °C (302 °F)","Stainless Steel Austenitic","10 bar (145 psi)","150 °C (302 °F)","Half Pipe/Limpet","Crimmitischau","Yes","Stainless Steel Austenitic","","7.5 kW (10.1 HP)","- Openings: Top - 1-600mm manway with hinged cover, 2-200mm, 2-150mm, 4-100mm, 8-80mm, 2-50mm; Side jacket - 1-80mm; Cone side - 9-80mm (1 for jacket), 1-50mm, 1-25mm, bottom: 1-80mm","","","","1,350 mm (53.3 in)","Batch-Type Agitated","Ring","","Dish","Reactor"
"231083","Stainless Steel Austenitic Crimmitischau Batch-Type Agitated Reactor - IPP# 231083","https://ims.internationalprocessplants.com/inventory/equipment/detail/231083","24","Yes","Mechanical","- Agitator: MUT agitator drive type NR4-E8F-7,5FR, EX motor via a reduction gearbox, (2) sets of 2-blade pitched paddles on shaft and 'V' shaped paddle on the bottom","(4) internal baffles plates on sidewall","","","","Cone","","13,500 L (3,550 gallons)","","Used","2,800 mm (110.2 in)","","","","","","","Yes","6 bar (87 psi)","150 °C (302 °F)","Stainless Steel Austenitic","10 bar (145 psi)","150 °C (302 °F)","Half Pipe/Limpet","Crimmitischau","Yes","Stainless Steel Austenitic","","7.5 kW (10.1 HP)","1-600mm manway with hinged cover, 2-200mm, 2-150mm, 4-100mm, 8-80mm, 2-50mm openings - Side jacket: 1-80mm opening, cone side: 9-80mm (1 for jacket), 1-50mm, 1-25mm, bottom: 1-80mm","","","","1,350 mm (53.3 in)","Batch-Type Agitated","","","Dish","Reactor"
"231170","Used 861 L Glass-Lined Batch Agitated Reactor&#x2002;|&#x2002;Pfaudler AE-630 - IPP# 231170","https://ims.internationalprocessplants.com/inventory/equipment/detail/231170","22","Yes","Mechanical","- Agitator drive: Pfaudler agitator drive, - Shaft speed: 116 rpm - Agitator type: 3-finger retreat curved agitator","","","","","Dish","","861 L (227.5 gallons)","","Used","1,000 mm (39.4 in)","","","","","","","Yes","6 bar (87 psi)","200 °C (392 °F)","","6 bar (87 psi)","200 °C (392 °F)","","Pfaudler","Yes","Glasslined","AE-630","3.5 kW (4.7 HP)","- Openings: - Top: 1-250mm manway with cover, 1-150mm, 4-100mm (1 with baffle) - Side jacket: 1-50mm, bottom: 1-100mm, 1-50mm (jacket)","","","","1,000 mm (39.4 in)","Batch-Type Agitated","","","Dish","Reactor"
"231172","Batch-Type Agitated Reactor 2,450 L (643 gallons) Stainless Steel Austenitic For Sale - IPP# 231172","https://ims.internationalprocessplants.com/inventory/equipment/detail/231172","24","Yes","Mechanical","Ekato type EM040 with fabrik #87/31828, 475 rpm","- Baffle plates: 3 stainless steel internal baffle plates on sidewall","","","","Dish","","2,450 L (643 gallons)","","Used","1,400 mm (55.1 in)","","","","","","","Yes","6 bar (87 psi)","200 °C (392 °F)","Stainless Steel Austenitic","20 bar (290.1 psi)","200 °C (392 °F)","Half Pipe/Limpet","K.Ley","Yes","Stainless Steel Austenitic","","2.2 kW (3 HP)","- Openings: - Top: 1-350mm x 450mm manway with cover, 1-200mm, 2-150mm, 4-100mm - Straight side: 1-40mm (jacket), bottom: 1-100mm, 1-40mm (jacket)","","","","1,100 mm (43.3 in)","Batch-Type Agitated","","","Dish","Reactor"
"231173","Batch-Type Agitated Reactor 2,450 L (643 gallons) Stainless Steel Austenitic For Sale - IPP# 231173","https://ims.internationalprocessplants.com/inventory/equipment/detail/231173","24","Yes","Mechanical","- Agitator: Ekato type EM040, fabrik #87/31829, EX motor, 3-blade marine type impellor","- Baffle plates: 3 stainless steel internal baffle plates on sidewall","","","","Dish","","2,450 L (643 gallons)","","Used","1,400 mm (55.1 in)","","","","","","","Yes","6 bar (87 psi)","200 °C (392 °F)","Stainless Steel Austenitic","20 bar (290.1 psi)","200 °C (392 °F)","Half Pipe/Limpet","K.Ley","Yes","Stainless Steel Austenitic","","2.2 kW (3 HP)","- Openings: - Top: 1-350mm x 450mm manway with cover, 1-200mm, 2-150mm, 4-100mm - Straight side: 1-40mm (jacket), bottom: 1-100mm","","","","1,100 mm (43.3 in)","Batch-Type Agitated","","","Dish","Reactor"
"231174","Batch-Type Agitated Reactor 1,650 L (440.1 gallons) Stainless Steel Austenitic For Sale - IPP# 231174","https://ims.internationalprocessplants.com/inventory/equipment/detail/231174","24","Yes","Mechanical","- Agitator drive: Ekato type EM2040, - Impellor: 3-blade marine type","","","","","Dish","","1,650 L (440.1 gallons)","","Used","1,400 mm (55.1 in)","","","","","","","Yes","6 bar (87 psi)","200 °C (392 °F)","Stainless Steel Austenitic","20 bar (290.1 psi)","200 °C (392 °F)","Half Pipe/Limpet","Gruber","Yes","Stainless Steel Austenitic","","1.5 kW (2 HP)","Top: 1-350/450mm manway with hinged cover, 1-200mm, 2-150mm, 4-100mm - Straight side jacket: 1-40mm, bottom: 1-100mm, 1-40mm (jacket)","","","","747 mm (29.4 in)","Batch-Type Agitated","Legs","","Dish","Reactor"
"231175","Stainless Steel 316Ti Schleifenbaum &amp; Weber KG Batch-Type Agitated Reactor - IPP# 231175","https://ims.internationalprocessplants.com/inventory/equipment/detail/231175","23","Yes","Mechanical","- Agitator: Hydraulic drive with 3-blade retreat curved agitator on shaft","","","","","Dish","","3,700 L (973 gallons)","","Used","1,600 mm (63 in)","","","","","","","Yes","6 bar (87 psi)","200 °C (392 °F)","Stainless Steel Austenitic","20 bar (290.1 psi)","200 °C (392 °F)","Half Pipe/Limpet","Schleifenbaum & Weber KG","Yes","Stainless Steel Austenitic","","","- Openings: - Top: 1-320mm x 420mm manway with cover, 1-250mm, 6-150mm - Straight side: 1-50mm (jacket), bottom: 1-100mm, 1-40mm (jacket)","","Yes","","1,250 mm (49.2 in)","Batch-Type Agitated","","","Dish","Reactor"
"231243","Stainless Steel Austenitic Chema Balcke-Durr VT Gmbh Batch-Type Agitated Reactor - IPP# 231243","https://ims.internationalprocessplants.com/inventory/equipment/detail/231243","23","","Mechanical","- Agitator: Ekato type HWL 080 D - Agitator drive: Fabrik #94-8265-0030 - Agitator speed: 99 rpm, - Agitator blades: 2-blade intermig pitched paddle","2-internal baffles on sidewall","","","","Dish","","13,350 L (3,550 gallons)","","Used","2,400 mm (94.5 in)","","","","","","","Yes","6 bar (87 psi)","200 °C (392 °F)","Stainless Steel Austenitic","20 bar (290.1 psi)","220 °C (428 °F)","Half Pipe/Limpet","Chema Balcke-Durr VT Gmbh","Yes","Stainless Steel Austenitic","","11 kW (14.8 HP)","- Top: 1-600mm manway with cover, 2-150mm, 9-80mm - Side: 1-50mm (jacket), bottom: 1-350mm (center), 1-100mm, 1-80mm 2-50mm (1 for jacket)","","","","3,350 mm (131.9 in)","Batch-Type Agitated","","","Dish","Reactor"
"231244","Stainless Steel Austenitic Chema Balcke-Durr VT Gmbh Batch-Type Agitated Reactor - IPP# 231244","https://ims.internationalprocessplants.com/inventory/equipment/detail/231244","24","Yes","Mechanical","Ekato type HWL 080 D - Agitator drive: Fabrik #94-8265-0040 - Agitator speed: 99 rpm, - Agitator blades: 2-blade intermig pitched paddle","Baffles: 2 internal baffles on sidewall","","","","Dish","","13,350 L (3,550 gallons)","","Used","2,400 mm (94.5 in)","","","","","","","Yes","6 bar (87 psi)","200 °C (392 °F)","Stainless Steel Austenitic","20 bar (290.1 psi)","220 °C (428 °F)","Half Pipe/Limpet","Chema Balcke-Durr VT Gmbh","Yes","Stainless Steel Austenitic","","11 kW (14.8 HP)","- Openings: - Top: 1-600mm manway with cover, 2-150mm, 9-80mm - Side: 1-50mm (jacket), bottom: 1-350mm (center), 1-100mm, 1-80mm 2-50mm (1 for jacket)","","","","3,350 mm (131.9 in)","Batch-Type Agitated","","","Dish","Reactor"
"232060","Glasslined Pfaudler RA Batch-Type Agitated Reactor - IPP# 232060","https://ims.internationalprocessplants.com/inventory/equipment/detail/232060","20","","","5RW drive system stripped down to just the pedestal. 30" great cover, 14" x 18" manway with a Teflon sleeve, and EZ port.","","","","","Dish","","7,550 L (2,000 gallons)","","Re-glassed","1,950 mm (77 in)","","","","","","","","6.2 bar (90 psi)","204.4 °C (400 °F)","","6.2 bar (90 psi)","176.7 °C (350 °F)","","Pfaudler","Yes","Glasslined","RA","","30" great cover, 14" x 18" manway with a Teflon sleeve, and EZ port. Top head nozzle schedule two 8", two 6", three 4", two 2" and one 4" drive nozzle. One 2" center bottom nozzle.","Vertical","","","2,150 mm (84 in)","Batch-Type Agitated","Legs","","Dish","Reactor"
"232066","Glasslined Pfaudler Batch-Type Agitated Reactor - IPP# 232066","https://ims.internationalprocessplants.com/inventory/equipment/detail/232066","18","Yes","Mechanical","- Drive serial number: 5.01819P - Drive type: 5RW with no motor - Agitator type: Impeller","","H-Baffle","","","Dish","","7,550 L (2,000 gallons)","","Used","1,950 mm (77 in)","","","","","","","","","","","","","","Pfaudler","Yes","Glasslined","","","30" main cover 14 x 18 manway cover , 14 x 18 pro-ring Top head schedule Three 4" , Two 6" , Two 8" and Two 2" and One 4" drive. One 4" bottom head nozzle.","Vertical","","","2,150 mm (84 in)","Batch-Type Agitated","Legs","","Dish","Reactor"
"232068","Glasslined DeDietrich Batch-Type Agitated Reactor - IPP# 232068","https://ims.internationalprocessplants.com/inventory/equipment/detail/232068","19","","","","","","","","","","3,800 L (1,000 gallons)","","Used","1,500 mm (60 in)","","Dirty (D) (light cleaning needed)","Full Fire Polish (FF)","","","","Yes","6.9 bar (100 psi)","260 °C (500 °F)","","31 bar (450 psi)","260 °C (500 °F)","","DeDietrich","Yes","Glasslined","","","Top head nozzle schedule: One 8", four 4", two 2" and one 4" drive nozzle - Bottom nozzle: 4"","Vertical","","","1,900 mm (75 in)","Batch-Type Agitated","Lugs","","","Reactor"
"232070","Glasslined RC Batch-Type Agitated Reactor - IPP# 232070","https://ims.internationalprocessplants.com/inventory/equipment/detail/232070","19","","","","","","","","Dish","","15,150 L (4,000 gallons)","","Used","2,450 mm (96 in)","","","","","","","Yes","6.9 bar (100 psi)","232.2 °C (450 °F)","","6.2 bar (90 psi)","232.2 °C (450 °F)","","","Yes","Glasslined","RC","","- Covers: 36" main cover, 18" manway cover, 18" pro-ring - Top Head Schedule: Four 4", Two 6", Two 8", and one 6" center drive.","Vertical","","","2,950 mm (116 in)","Batch-Type Agitated","Legs","","Dish","Reactor"
"232072","Glasslined Pfaudler RA Batch-Type Agitated Reactor - IPP# 232072","https://ims.internationalprocessplants.com/inventory/equipment/detail/232072","20","Yes","Mechanical","- Drive system: 5RW with double mechanical seal - Drive type: Belt driven - Agitator system: Cryo-Lock curved blade turbine","Baffle: One H baffle with removable tip","H-Baffle","","","Dish","","7,550 L (2,000 gallons)","","Needs Reglass","2,150 mm (84 in)","","","","","","","","","","","","","","Pfaudler","Yes","Glasslined","RA","","Manway: 14" x 18" with pro ring - Top head nozzle schedule: Two 8", two 6", three 4", two 2", and one 4" drive nozzle - Center bottom nozzle: One 2"","Vertical","","","2,150 mm (84 in)","Batch-Type Agitated","Legs","","Dish","Reactor"
"232073","Glasslined Pfaudler RA Batch-Type Agitated Reactor - IPP# 232073","https://ims.internationalprocessplants.com/inventory/equipment/detail/232073","35","Yes","Mechanical","- Drive System: 5RW with double mechanical seal and 15 HP flange mount motor","Integral tip","H-Baffle","","Glasslined","Dish","","7,550 L (2,000 gallons)","","Re-glassed","2,000 mm (78 in)","11.2 kW (15 HP)","Very Clean (VC)","Full Fire Polish (FF)","CBT","","Glass Lined","Yes","6.9 bar (100 psi)","176.7 °C (350 °F)","Carbon Steel","6.2 bar (90 psi)","176.7 °C (350 °F)","Standard","Pfaudler","Yes","Glasslined","RA","11.2 kW (15 HP)","- Cover: 30" main cover, 14" x 18" maw way with pro ring - Top Head Nozzles: Schedule two 8", two 6", three 4", two 2" and one 4" drive nozzle - Center Bottom Nozzle: One 4"","Vertical","","","2,150 mm (84 in)","Batch-Type Agitated","Legs","Glasslined","Dish","Reactor"
"232075","Glasslined DeDietrich GL Batch-Type Agitated Reactor - IPP# 232075","https://ims.internationalprocessplants.com/inventory/equipment/detail/232075","23","Yes","Mechanical","- Drive system: Lightnin, Serial Number # W9941370900501, with mech seal - Agitator: White glass 3-blade pitched Glaslok - Baffle: White glass flange mounted beaver tail baffle","","Beavertail","","","Dish","","15,150 L (4,000 gallons)","","Used","31,100 mm (1,200 in)","","","","","","","Yes","9 bar (130 psi)","260 °C (500 °F)","","6.2 bar (90 psi)","260 °C (500 °F)","","DeDietrich","","Glasslined","GL","","- Manway cover: 24" - Pro-ring: 24" - Top head schedule: Three 4", Two 6", Two 8", One 4", One 10", One 12"","Vertical","","","32,900 mm (1,300 in)","Batch-Type Agitated","Legs","","Dish","Reactor"
"232079","Glasslined Pfaudler RA Batch-Type Agitated Reactor - IPP# 232079","https://ims.internationalprocessplants.com/inventory/equipment/detail/232079","14","","","","","","","","Dish","","7,550 L (2,000 gallons)","","Used","1,950 mm (77 in)","","","","","","","","","","","","","","Pfaudler","","Glasslined","RA","","Top head nozzle schedule two 8", two 6", three 4", two 2" and one 4" drive nozzle. One 4" center bottom nozzle.","Vertical","","","2,150 mm (84 in)","Batch-Type Agitated","Legs","","Dish","Reactor"
"232498","New Reactor Batch-Type Agitated Stainless Steel 316L by Gale Process Solutions - IPP# 232498","https://ims.internationalprocessplants.com/inventory/equipment/detail/232498","34","Yes","Double Mechanical Seal","316 SS, three tier, 4 blade PBT agitator, w/ 135 mm diameter shaft, 96 rpm, mixing sweep 1000 mm. 304 SS bearing housing.","(4) 316L stainless steel baffles, 2990mm tall X 200mm wide X 10mm thick.","Sidewall Mounted Straight Baffle","","Stainless Steel 316L","Dish","","15,150 L (4,000 gallons)","","New","2,450 mm (96.5 in)","22.4 kW (30 HP)","","","Pitch Blade","Yes","240 Grit Polish","Yes","10 bar (145 psi)","150 °C (302 °F)","Stainless Steel 304","10 bar (145 psi)","150 °C (302 °F)","Half Pipe/Limpet","Gale Process Solutions","Yes","Stainless Steel 316L","","22.4 kW (30 HP)","three 4" nozzles (one for lamp), seven 3" nozzles, two 1.5" nozzles and four 1" nozzles. All nozzles have 304 SS flanges.","Vertical","Yes","","3,150 mm (124 in)","Batch-Type Agitated","Lugs","Stainless Steel 316L","Dish","Reactor"
"232519","Glasslined DeDietrich Batch-Type Agitated Reactor - IPP# 232519","https://ims.internationalprocessplants.com/inventory/equipment/detail/232519","18","Yes","","20 Hp Philly drive, three blade retreat curve agitator","one three finger baffle.","Finger Baffle","","","","","16,650 L (4,400 gallons)","","Used","2,450 mm (96 in)","14.9 kW (20 HP)","","","","","","Yes","6.9 bar (100 psi)","260 °C (500 °F)","","6.2 bar (90 psi)","260 °C (500 °F)","","DeDietrich","","Glasslined","","","","","","","2,750 mm (108 in)","Batch-Type Agitated","","","","Reactor"
"232521","Glasslined Pfaudler RC Batch-Type Agitated Reactor - IPP# 232521","https://ims.internationalprocessplants.com/inventory/equipment/detail/232521","20","Yes","","- Agitator: 20 Hp Philly drive, three blade retreat curve","- Baffle: One three finger","Finger Baffle","","","","","15,150 L (4,000 gallons)","","Used","2,450 mm (96 in)","14.9 kW (20 HP)","","","","","","Yes","6.9 bar (100 psi)","232.2 °C (450 °F)","","7.2 bar (105 psi)","260 °C (500 °F)","","Pfaudler","","Glasslined","RC","","","Vertical","","","2,750 mm (108 in)","Batch-Type Agitated","","","","Reactor"
"232522","Glasslined DeDietrich SA Batch-Type Agitated Reactor - IPP# 232522","https://ims.internationalprocessplants.com/inventory/equipment/detail/232522","20","Yes","","- Agitator: 3-blade retreat curve, driven by a 20 Hp Philly drive","- Baffle: 1 three-finger baffle","Finger Baffle","","","","","15,150 L (4,000 gallons)","","Used","2,450 mm (96 in)","14.9 kW (20 HP)","","","","","","Yes","6.9 bar (100 psi)","232.2 °C (450 °F)","","6.2 bar (90 psi)","260 °C (500 °F)","","DeDietrich","","Glasslined","SA","","","Vertical","","","2,750 mm (108 in)","Batch-Type Agitated","","","","Reactor"
"232526","Glasslined DeDietrich SA Batch Type Body Only Reactor - IPP# 232526","https://ims.internationalprocessplants.com/inventory/equipment/detail/232526","27","","","","","","Yes","Glasslined","Dish","","15,150 L (4,000 gallons)","","Used","2,450 mm (96 in)","","Dirty (D) (light cleaning needed)","Full Fire Polish (FF)","","","Glass Lined","Yes","6.9 bar (100 psi)","260 °C (500 °F)","Carbon Steel","6.2 bar (90 psi)","260 °C (500 °F)","Standard","DeDietrich","","Glasslined","SA","","One 36" main opening, one 18" man way, two 8" two 6", four 4" nozzles.","Vertical","","","2,750 mm (108 in)","Batch-Type Agitated","Lugs","Glasslined","Dish","Reactor"
"232584","Glasslined DeDietrich Batch-Type Agitated Reactor - IPP# 232584","https://ims.internationalprocessplants.com/inventory/equipment/detail/232584","12","","","","","","","","","","7,550 L (2,000 gallons)","","Re-glassed","","","","","","","","Yes","6.9 bar (100 psi)","204.4 °C (400 °F)","","6.2 bar (90 psi)","204.4 °C (400 °F)","","DeDietrich","","Glasslined","","","opening top 30", 2-8",3-6",3-4", 1-4" bottom outlet.","","","","","Batch-Type Agitated","","","","Reactor"
"232597","Glasslined  Batch-Type Agitated Reactor - IPP# 232597","https://ims.internationalprocessplants.com/inventory/equipment/detail/232597","6","","","","","","Yes","","","","3,800 L (1,000 gallons)","","Used","","","","","","","","","","","","","","","","","Glasslined","","","","","","","","Batch-Type Agitated","","","","Reactor"
"232598","Batch-Type Agitated Reactor 3,800 L (1,000 gallons) Glasslined For Sale - IPP# 232598","https://ims.internationalprocessplants.com/inventory/equipment/detail/232598","13","","","","","","","","","","3,800 L (1,000 gallons)","","Re-glassed","","","","","","","","Yes","6.9 bar (100 psi)","232.2 °C (450 °F)","","6.2 bar (90 psi)","232.2 °C (450 °F)","","Pfaudler","","Glasslined","RA","","","Vertical","","","","Batch-Type Agitated","","","","Reactor"
"232755","Stainless Steel 316 Tankki OY Batch-Type Agitated Reactor - IPP# 232755","https://ims.internationalprocessplants.com/inventory/equipment/detail/232755","25","Yes","Mechanical","Tankki OY, serial # 8420, driven by Sew-Eurodrive, type FAF80-DV160-M4, - Agitators: (3) 6-blade turbine type","","","","","Dish","","12,500 L (3,300 gallons)","","Used","2,200 mm (86.6 in)","","","","","","","Yes","4 bar (58 psi)","160 °C (320 °F)","Stainless Steel 316","4 bar (58 psi)","160 °C (320 °F)","Dimple","Tankki OY","Yes","Stainless Steel 316","","11 kW (14.8 HP)","- Openings: Top 1-550mm manway with cover, 2-100mm sightglasses, 1-60mm, 1-50mm, 2-32mm, 1-12mm, jacket: 5-25mm, straight side: 1-50mm, 4-32mm, 5-25mm","Vertical","","","2,500 mm (98.4 in)","Batch-Type Agitated","Lugs","","Dish","Reactor"
"233061","Glasslined Pfaudler RA Batch-Type Agitated Reactor - IPP# 233061","https://ims.internationalprocessplants.com/inventory/equipment/detail/233061","29","Yes","","4RW with belt driven motor and dry seal, three blade retreat curve impeller - Baffle: Fin","","Fin Baffle","","Glasslined","Dish","","2,850 L (750 gallons)","","Re-glassed","18,300 mm (720 in)","","Very Clean (VC)","Full Fire Polish (FF)","","","Glass Lined","Yes","6.9 bar (100 psi)","343.3 °C (650 °F)","Carbon Steel","6.2 bar (90 psi)","176.7 °C (350 °F)","","Pfaudler","Yes","Glasslined","RA","","Manway: 14x18" with 4" sight glass, protection ring with spring assist - Top nozzle schedule: (2) 2&#x201D;, (4) 4&#x201D;, (1) 8&#x201D; - Bottom discharge: 4&#x201D; center bottom discharge.","Vertical","","","1,300 mm (52 in)","Batch-Type Agitated","Lugs","Glasslined","Dish","Reactor"
"233062","Glasslined Ceramic Coatings WT Batch-Type Agitated Reactor - IPP# 233062","https://ims.internationalprocessplants.com/inventory/equipment/detail/233062","33","Yes","Mechanical","4RW with belt driven vari-speed motor and dry seal, three blade retreat curve impeller,","Baffle: H-baffle with integral tip","H-Baffle","","Glasslined","Dish","","2,850 L (750 gallons)","","Re-glassed","1,500 mm (60 in)","","Very Clean (VC)","Full Fire Polish (FF)","Retreat Curve","","Glass Lined","Yes","6.9 bar (100 psi)","232.2 °C (450 °F)","Carbon Steel","6.2 bar (90 psi)","176.7 °C (350 °F)","Standard","Ceramic Coatings","Yes","Glasslined","WT 60","","30" cover with 4 3/8" drive nozzle and two 2" nozzles- Manway: 14x18" with 4" sight glass assembly and Protection Ring. One 8" nozzle and four 4" nozzles.","Vertical","","","1,850 mm (72 in)","Batch-Type Agitated","Lugs","Glasslined","Dish","Reactor"
"233153","Glasslined DeDietrich SA Batch-Type Agitated Reactor - IPP# 233153","https://ims.internationalprocessplants.com/inventory/equipment/detail/233153","23","Yes","Mechanical","5RW drive, belt driven vari drive with wet mechanical seal. Three blade retreat curve agitator,",""H" baffle .","H-Baffle","","","Dish","","5,700 L (1,500 gallons)","","Used","2,100 mm (82 in)","","","","","","","Yes","6.9 bar (100 psi)","260 °C (500 °F)","","6.2 bar (90 psi)","260 °C (500 °F)","","DeDietrich","Yes","Glasslined","SA","","Cover: 30" diameter with 12" x 18" hinged manway, 4" sight glass, and 4 5/8" drive nozzle - Top nozzle schedule: (3) 4", (2) 6", (2) 8" - Bottom discharge: 4" center.","","","","1,650 mm (65 in)","Batch-Type Agitated","","","Dish","Reactor"
"233173","Glasslined Pfaudler RA Batch-Type Agitated Reactor - IPP# 233173","https://ims.internationalprocessplants.com/inventory/equipment/detail/233173","18","Yes","","- Agitator type: 5RW with belt driven vari-speed motor and wet seal, three blade retreat curve impeller agitator, fin baffle","","Finger Baffle","","","","","3,800 L (1,000 gallons)","","Used","1,500 mm (60 in)","","","","","","","Yes","6.9 bar (100 psi)","343.3 °C (650 °F)","","6.2 bar (90 psi)","232.2 °C (450 °F)","","Pfaudler","","Glasslined","RA","","- Cover features: 14x18" manway with 4" sight glass, protection ring with spring assist, 4 3/8" drive nozzle, (2) 2" flanged openings - Top nozzle schedule: (4) 4" and (1) 8" - Bottom discharge: 4" center.","","","","1,850 mm (72 in)","Batch-Type Agitated","","","","Reactor"
"233193","Stainless Steel 316 Batch-Type Agitated Reactor - IPP# 233193","https://ims.internationalprocessplants.com/inventory/equipment/detail/233193","20","","","","","","","","Dish","","757 L (200 gallons)","","Used","1,100 mm (44 in)","","","","","","","Yes","1.01 bar (14.7 psi)","204.4 °C (400 °F)","Carbon Steel","6.2 bar (90 psi)","204.4 °C (400 °F)","","Baeuerle and Morris Inc.","Yes","Stainless Steel 316","","","- Manway: 12" x 16" hinged - Top nozzle schedule: (2) 1", (1) 2", (1) 4", (1) 6" - Center top opening for agitator (removed): 6" - Bottom center discharge: 2" - Jacket inlets/outlets: (2) 1 1/2", (1) 3/4" drain on bottom head.","Vertical","","","953 mm (37.5 in)","Batch-Type Agitated","Lugs","","Dish","Reactor"
"233232","Glasslined Pfaudler KC Batch-Type Agitated Reactor - IPP# 233232","https://ims.internationalprocessplants.com/inventory/equipment/detail/233232","20","Yes","","- Agitator: SEW Eurodrive TRD500 with 20HP motor and dry seal, cryolock agitator with single 33" CBT hub","- Baffle: Beavertail baffle with white calibration lines","Beavertail","","","","","5,700 L (1,500 gallons)","","Used","2,000 mm (78 in)","","","","","","","Yes","6.9 bar (100 psi)","232.2 °C (450 °F)","","6.2 bar (90 psi)","232.2 °C (450 °F)","","Pfaudler","Yes","Glasslined","KC","","4 3/8" drive nozzle. 18" manway with 4" sight glass, protection ring with spring assist. Top nozzle schedule : (6) 4", (1) 6", (2) 8", (1)12". 4" center bottom discharge.","","","","1,650 mm (65 in)","Batch-Type Agitated","","","","Reactor"
"233240","Glasslined Pfaudler KC Batch-Type Agitated Reactor - IPP# 233240","https://ims.internationalprocessplants.com/inventory/equipment/detail/233240","20","Yes","","5RW with direct coupled and wet seal, cryolock, single 33" CBT hub","Fin baffle with dark blue calibration lines","Finger Baffle","","","","","5,700 L (1,500 gallons)","","Re-glassed","2,000 mm (78 in)","","","","","","","Yes","6.9 bar (100 psi)","232.2 °C (450 °F)","","6.2 bar (90 psi)","232.2 °C (450 °F)","","Pfaudler","Yes","Glasslined","KC","","- Manway: 14x18" with 4" sight glass and protection ring with spring assist - Top nozzle schedule: (6) 4", (1) 6", (2) 8", (1) 12" - Bottom discharge: 4" center","","","","1,650 mm (65 in)","Batch-Type Agitated","","","","Reactor"
"233242","Glasslined EHW Thale KC Batch-Type Agitated Reactor - IPP# 233242","https://ims.internationalprocessplants.com/inventory/equipment/detail/233242","22","Yes","","5RW with direct coupled motor and dry seal, cryolock, single 33" CBT hub","","Fin Baffle","","","Dish","","3,800 L (1,000 gallons)","","Needs Reglass","1,500 mm (60 in)","","","","","","","Yes","6.9 bar (100 psi)","232.2 °C (450 °F)","","6.2 bar (90 psi)","232.2 °C (450 °F)","","EHW Thale","Yes","Glasslined","KC","","Manway: 18" with 4" sight glass, protection ring with spring assist - Top nozzle schedule: (4) 3", (1) 4", (2) 8", (1) 12" - Bottom discharge: 4" center","Vertical","","","1,850 mm (72 in)","Batch-Type Agitated","","","Dish","Reactor"
"233245","Glasslined Pfaudler RA Batch-Type Agitated Reactor - IPP# 233245","https://ims.internationalprocessplants.com/inventory/equipment/detail/233245","32","Yes","","- Agitator: 5DTW with belt driven vari-speed motor and wet seal, three blade retreat curve impeller agitator","fin baffle","Fin Baffle","","Glasslined","Dish","","2,850 L (750 gallons)","","Re-glassed","1,500 mm (60 in)","","Very Clean (VC)","Full Fire Polish (FF)","Retreat Curve","","Glass Lined","Yes","6.9 bar (100 psi)","232.2 °C (450 °F)","Carbon Steel","6.2 bar (90 psi)","232.2 °C (450 °F)","","Pfaudler","Yes","Glasslined","RA","","30" main cover with 14x18" manway, 4" sight glass and protection ring with spring assist, 4 3/8" drive nozzle, and (2) 2" flanged nozzles - Top nozzle schedule: (4) 4", (1) 8" - Bottom discharge: 4" center discharge","Vertical","Yes","","1,300 mm (52 in)","Batch-Type Agitated","Legs","Glasslined","Dish","Reactor"
"233656","Stainless Steel 316 Giovanola Batch-Type Agitated Reactor - IPP# 233656","https://ims.internationalprocessplants.com/inventory/equipment/detail/233656","28","Yes","Mechanical","3- blade retreat curved agitator,","4-internal baffle plates on sidewall","Flat Vertical","","Stainless Steel 316","Dish","","30,000 L (7,950 gallons)","","Used","2,950 mm (116.1 in)","","","","","","","Yes","3.2 bar (46.4 psi)","200 °C (392 °F)","Stainless Steel 316","16 bar (232.1 psi)","200 °C (392 °F)","Half Pipe/Limpet","Giovanola","","Stainless Steel 316","","22 kW (29.5 HP)","1-500mm manway, 2-400mm, 7-200mm, straight side: 2-200mm (internal), 6-50mm (jackets), bottom: 1-175mm (center), 1-100mm, 4-50mm (jacket)","Vertical","","","3,200 mm (126 in)","Batch-Type Agitated","Ring","Stainless Steel 316","Dish","Reactor"
"233657","Glasslined DeDietrich AAPAVE Batch-Type Agitated Reactor - IPP# 233657","https://ims.internationalprocessplants.com/inventory/equipment/detail/233657","22","Yes","Mechanical","3-finger retreat curved agitator","","","","","Dish","","9,300 L (2,450 gallons)","","Used","2,200 mm (86.6 in)","","","","","","","Yes","6 bar (87 psi)","200 °C (392 °F)","","6 bar (87 psi)","200 °C (392 °F)","","DeDietrich","","Glasslined","AAPAVE","11 kW (14.8 HP)","1-500mm manway, 2-300mm, 7-150mm, straight side jacket: 2-65mm, 3-50mm, bottom: 1-150mm, 1-65mm (jacket)","","","","1,800 mm (70.9 in)","Batch-Type Agitated","Legs","","Dish","Reactor"
"233668","Glasslined DeDietrich SA Batch-Type Agitated Reactor - IPP# 233668","https://ims.internationalprocessplants.com/inventory/equipment/detail/233668","19","","","sets of three blade propellers","","","","","Dish","","30,300 L (8,000 gallons)","","Used","3,050 mm (120 in)","44.7 kW (60 HP)","","","","","","","2.8 bar (40 psi)","204.4 °C (400 °F)","","6.2 bar (90 psi)","204.4 °C (400 °F)","","DeDietrich","","Glasslined","SA","","","Vertical","","","3,650 mm (144 in)","Batch-Type Agitated","Lugs","","Dish","Reactor"
"233731","Glasslined Pfaudler Batch-Type Agitated Reactor - IPP# 233731","https://ims.internationalprocessplants.com/inventory/equipment/detail/233731","18","Yes","","3 blade retreat curve agitator driven by a 2.5 DTW drive with 1 hp motor. With baffle. Portable on dolly wheels.","","","","","","","75.7 L (20 gallons)","","Used","508 mm (20 in)","","","","","","","Yes","2.1 bar (30 psi)","232.2 °C (450 °F)","","6.9 bar (100 psi)","232.2 °C (450 °F)","","Pfaudler","","Glasslined","","0.75 kW (1 HP)",".Nozzles: (2) 1 1/2", (1) 2", (1)2" drive nozzle, (1)4", (1) 2" botton head nozzle.","","","","368.3 mm (14.5 in)","Batch-Type Agitated","Legs","","","Reactor"
"233732","Glasslined Pfaudler Batch-Type Agitated Reactor - IPP# 233732","https://ims.internationalprocessplants.com/inventory/equipment/detail/233732","17","Yes","","3 blade retreat curve agitator driven by a 2.5 DTW drive with 1 hp motor. With baffle.","","","","","","","189.3 L (50 gallons)","","Used","610 mm (24 in)","","","","","","","Yes","1.72 bar (25 psi)","232.2 °C (450 °F)","","6.9 bar (100 psi)","232.2 °C (450 °F)","","Pfaudler","","Glasslined","","0.75 kW (1 HP)","","","","","597 mm (23.5 in)","Batch-Type Agitated","Legs","","","Reactor"
"233734","Glasslined Pfaudler ES Batch-Type Agitated Reactor - IPP# 233734","https://ims.internationalprocessplants.com/inventory/equipment/detail/233734","31","Yes","Mechanical","","","Fin Baffle","","Glasslined","Dish","","189.3 L (50 gallons)","","Re-glassed","813 mm (32 in)","1.12 kW (1.5 HP)","","","Retreat Curve","","Glass Lined","Yes","6.9 bar (100 psi)","176.7 °C (350 °F)","Carbon Steel","6.9 bar (100 psi)","176.7 °C (350 °F)","Standard","Pfaudler","Yes","Glasslined","ES","1.12 kW (1.5 HP)","One 3" bottom outlet, one 2" agitator nozzle, one 6" hand hole, two 3" nozzles, three 2" nozzles.","Vertical","","","381 mm (15 in)","Batch-Type Agitated","Legs","Glasslined","Dish","Reactor"
"233738","Glasslined Pfaudler EM Batch-Type Agitated Reactor - IPP# 233738","https://ims.internationalprocessplants.com/inventory/equipment/detail/233738","14","Yes","","Cover on pallet, Agitator in crate","baffle on a pallet","","","","Dish","","757 L (200 gallons)","","Re-glassed","1,000 mm (40 in)","","","","","","","","","","","","","","Pfaudler","","Glasslined","EM","","","","","","889 mm (35 in)","Batch-Type Agitated","Legs","","","Reactor"
"233740","Hastelloy - C276 Perry Products Corp Batch-Type Agitated Reactor - IPP# 233740","https://ims.internationalprocessplants.com/inventory/equipment/detail/233740","21","","Mechanical","Three turns schedule 10 half pipe on bottom head, Eight turns schedule 10 half pipe on side walls. Mixing by Eastern model FRG-C2M","Four side wall baffles.","","","","Dish","","946 L (250 gallons)","","Used","1,000 mm (40 in)","","","","","","","","10.3 bar (150 psi)","232.2 °C (450 °F)","Stainless Steel 304","5.2 bar (75 psi)","232.2 °C (450 °F)","Half Pipe/Limpet","Perry Products Corp","","Hastelloy - C276","","0.75 kW (1 HP)","","Vertical","","","1,150 mm (45 in)","Batch-Type Agitated","Legs","","","Reactor"
"233742","Stainless Steel 316 Pfaudler Batch-Type Agitated Reactor - IPP# 233742","https://ims.internationalprocessplants.com/inventory/equipment/detail/233742","28","","Mechanical","2.5 DTW drive with vari speed motor.","","","","Stainless Steel 316L","Dish","","189.3 L (50 gallons)","","Used","610 mm (24 in)","2.2 kW (3 HP)","","","Anchor","","Mill 2B","Yes","17.2 bar (250 psi)","315.6 °C (600 °F)","Carbon Steel","9.3 bar (135 psi)","315.6 °C (600 °F)","Standard","Pfaudler","","Stainless Steel 316L","","2.2 kW (3 HP)","One 4" hand hole, One 3" Three 1.5 " nozzles, and one agitator opening with three bosses.","Vertical","","","572 mm (22.5 in)","Batch-Type Agitated","Legs","Stainless Steel 316L","Dish","Reactor"
"233805","Batch-Type Agitated Reactor - IPP# 233805","https://ims.internationalprocessplants.com/inventory/equipment/detail/233805","8","","","","","","Yes","","","","7,550 L (2,000 gallons)","","Re-glassed","","","Very Clean (VC)","Full Fire Polish (FF)","","","","","","","","","","","","","Glasslined","","","","","","","","Batch-Type Agitated","","","","Reactor"
"233825","Glasslined Pfaudler Batch-Type Agitated Reactor - IPP# 233825","https://ims.internationalprocessplants.com/inventory/equipment/detail/233825","12","","","","","","","","","","15,150 L (4,000 gallons)","","Used","","","","","","","","Yes","6.9 bar (100 psi)","232.2 °C (450 °F)","","5.5 bar (80 psi)","232.2 °C (450 °F)","","Pfaudler","","Glasslined","","","","Vertical","","","","Batch-Type Agitated","","","","Reactor"
"233826","Glasslined  Batch-Type Agitated Reactor - IPP# 233826","https://ims.internationalprocessplants.com/inventory/equipment/detail/233826","6","","","","","","Yes","","","","15,150 L (4,000 gallons)","","Used","","","","","","","","","","","","","","","","","Glasslined","","","","","","","","Batch-Type Agitated","","","","Reactor"
"233828","Glasslined Pfaudler Batch-Type Agitated Reactor - IPP# 233828","https://ims.internationalprocessplants.com/inventory/equipment/detail/233828","11","","","","","","","","","","3,800 L (1,000 gallons)","","Re-glassed","","","","","","","","Yes","6.9 bar (100 psi)","232.2 °C (450 °F)","","6.2 bar (90 psi)","232.2 °C (450 °F)","","Pfaudler","","Glasslined","","","","","","","","Batch-Type Agitated","","","","Reactor"
"233861","Glasslined  Batch-Type Agitated Reactor - IPP# 233861","https://ims.internationalprocessplants.com/inventory/equipment/detail/233861","5","","","","","","","","","","11,350 L (3,000 gallons)","","Used","","","","","","","","","","","","","","","","","Glasslined","","","","","","","","Batch-Type Agitated","","","","Reactor"
"233867","Glasslined  Batch-Type Agitated Reactor - IPP# 233867","https://ims.internationalprocessplants.com/inventory/equipment/detail/233867","5","","","","","","","","","","750 L (198.1 gallons)","","Used","","","","","","","","","","","","","","","","","Glasslined","","","","","","","","Batch-Type Agitated","","","","Reactor"
"233869","Glasslined Pfaudler RS 78 Batch-Type Agitated Reactor - IPP# 233869","https://ims.internationalprocessplants.com/inventory/equipment/detail/233869","35","Yes","Double Mechanical Seal","Cryo-Lock","Integral Tip","Beavertail","","Glasslined","Dish","","7,550 L (2,000 gallons)","","Re-glassed","2,000 mm (78 in)","7.5 kW (10 HP)","Very Clean (VC)","Full Fire Polish (FF)","Retreat Curve","","Glass Lined","Yes","8.6 bar (125 psi)","232.2 °C (450 °F)","Carbon Steel","6.9 bar (100 psi)","232.2 °C (450 °F)","Standard","Pfaudler","Yes","Glasslined","RS 78","7.5 kW (10 HP)","Top openings: (1) 24" manway opening with protection ring and manway cover, (1) 10" nozzle, (2) 8" nozzle, (1) 6" nozzles and (6) 4" nozzles. Bottom: (1) 4" bottom outlet. Has (4) 3" leg couplings","Vertical","","","2,200 mm (86.6 in)","Batch-Type Agitated","Legs","Glasslined","Dish","Reactor"
"234097","Glasslined Pfaudler BE Batch-Type Agitated Reactor - IPP# 234097","https://ims.internationalprocessplants.com/inventory/equipment/detail/234097","21","Yes","Mechanical","VSO-32/125 Pfaudler agitator drive, cryolock 2-blade agitator","","","","","Dish","","14,350 L (3,800 gallons)","","Used","2,400 mm (94.5 in)","","","","","","","Yes","6 bar (87 psi)","230 °C (446 °F)","","24 bar (348.1 psi)","230 °C (446 °F)","Half Pipe/Limpet","Pfaudler","","Glasslined","BE","22 kW (29.5 HP)","","","","","4,000 mm (157.5 in)","Batch-Type Agitated","","","Dish","Reactor"
"234101","Glasslined Pfaudler CE Batch-Type Agitated Reactor - IPP# 234101","https://ims.internationalprocessplants.com/inventory/equipment/detail/234101","19","Yes","Mechanical","VSO-32/125 Pfaudler agitator drive, cryolock 2-blade agitator","","","","","","","14,350 L (3,800 gallons)","","Used","2,400 mm (94.5 in)","","","","","","","Yes","6 bar (87 psi)","230 °C (446 °F)","","25 bar (362.6 psi)","250 °C (482 °F)","Half Pipe/Limpet","Pfaudler","","Glasslined","CE","30 kW (40.2 HP)","","","","","3,800 mm (148.8 in)","Batch-Type Agitated","","","","Reactor"
"234113","Stainless Steel Austenitic Pass &amp; Co Batch-Type Agitated Reactor - IPP# 234113","https://ims.internationalprocessplants.com/inventory/equipment/detail/234113","20","","Mechanical","","","","","","Dish","","10,150 L (2,700 gallons)","","Used","2,200 mm (86.6 in)","","","","","","","Yes","6 bar (87 psi)","250 °C (482 °F)","Stainless Steel Austenitic","24 bar (348.1 psi)","250 °C (482 °F)","Half Pipe/Limpet","Pass & Co","","Stainless Steel Austenitic","","10 kW (13.4 HP)","","","","","2,000 mm (78.7 in)","Batch-Type Agitated","Lugs","","Dish","Reactor"
"234121","Batch-Type Agitated Reactor 9,900 L (2,600 gallons) Stainless Steel Austenitic For Sale - IPP# 234121","https://ims.internationalprocessplants.com/inventory/equipment/detail/234121","23","Yes","Mechanical","belt driven by 10kw, 3/50/500 volt, 1465 rpm Ex motor via gearbox, mechanical seal","","","","","Dish","","9,900 L (2,600 gallons)","","Used","2,200 mm (86.6 in)","","","","","Yes","","Yes","6 bar (87 psi)","250 °C (482 °F)","Stainless Steel Austenitic","20 bar (290.1 psi)","250 °C (482 °F)","Half Pipe/Limpet","Pass & Co","","Stainless Steel Austenitic","","10 kW (13.4 HP)","","","","","2,000 mm (78.7 in)","Batch-Type Agitated","Lugs","","Dish","Reactor"
"234123","Batch-Type Agitated Reactor 9,700 L (2,550 gallons) Stainless Steel Austenitic For Sale - IPP# 234123","https://ims.internationalprocessplants.com/inventory/equipment/detail/234123","15","","Mechanical","","","","","","Dish","","9,700 L (2,550 gallons)","","Used","","","","","","","","","3.5 bar (50.8 psi)","180 °C (356 °F)","","4 bar (58 psi)","180 °C (356 °F)","","Pass & Co","","Stainless Steel Austenitic","","13.5 kW (18.1 HP)","","","","","","Batch-Type Agitated","Lugs","","Dish","Reactor"
"234125","Batch-Type Agitated Reactor 15,150 L (4,000 gallons) Stainless Steel Austenitic For Sale - IPP# 234125","https://ims.internationalprocessplants.com/inventory/equipment/detail/234125","21","Yes","Mechanical","","","","","","Dish","","15,150 L (4,000 gallons)","","Used","2,400 mm (94.5 in)","","","","","","","Yes","6 bar (87 psi)","200 °C (392 °F)","Stainless Steel Austenitic","6 bar (87 psi)","200 °C (392 °F)","Half Pipe/Limpet","Pass & Co","","Stainless Steel Austenitic","","20 kW (26.8 HP)","","","","","2,700 mm (106.3 in)","Batch-Type Agitated","Lugs","","Dish","Reactor"
"234145","Glasslined Pfaudler Batch-Type Agitated Reactor - IPP# 234145","https://ims.internationalprocessplants.com/inventory/equipment/detail/234145","19","Yes","Mechanical","3-finger retreat curve agitator, VS0 3/4 agitator drive","","","","","Dish","","4,850 L (1,300 gallons)","","Used","1,800 mm (70.9 in)","","","","","","","Yes","6 bar (87 psi)","200 °C (392 °F)","","6 bar (87 psi)","200 °C (392 °F)","","Pfaudler","","Glasslined","","6.8 kW (9.1 HP)","","","","","2,600 mm (102.4 in)","Batch-Type Agitated","","","Dish","Reactor"
"234146","Glasslined Pfaudler E Batch-Type Agitated Reactor - IPP# 234146","https://ims.internationalprocessplants.com/inventory/equipment/detail/234146","21","Yes","Mechanical","3-finger retreat curve agitator, VS20G agitator drive","","","","","Dish","","6,900 L (1,800 gallons)","","Used","2,000 mm (78.7 in)","","","","","","","Yes","6 bar (87 psi)","200 °C (392 °F)","","6 bar (87 psi)","200 °C (392 °F)","","Pfaudler","","Glasslined","E","15 kW (20.1 HP)","","","","","2,650 mm (104.3 in)","Batch-Type Agitated","Lugs","","Dish","Reactor"
"234149","Glasslined Pfaudler CE Batch-Type Agitated Reactor - IPP# 234149","https://ims.internationalprocessplants.com/inventory/equipment/detail/234149","21","Yes","Mechanical","3-finger retreat curve agitator, VS0 5/5 agitator drive","","","","","Dish","","7,600 L (2,000 gallons)","","Used","2,000 mm (78.7 in)","","","","","","","Yes","6 bar (87 psi)","200 °C (392 °F)","","6 bar (87 psi)","200 °C (392 °F)","","Pfaudler","","Glasslined","CE","15 kW (20.1 HP)","","","","","3,000 mm (118.1 in)","Batch-Type Agitated","Lugs","","Dish","Reactor"
"234150","Glasslined Pfaudler BE Batch-Type Agitated Reactor - IPP# 234150","https://ims.internationalprocessplants.com/inventory/equipment/detail/234150","21","Yes","Mechanical","Pfaudler VS80G agitator drive, 3-finger retreat curved agitator","","","","","Dish","","14,350 L (3,800 gallons)","","Used","2,400 mm (94.5 in)","","","","","","","Yes","6 bar (87 psi)","200 °C (392 °F)","","6 bar (87 psi)","200 °C (392 °F)","","Pfaudler","","Glasslined","BE","20 kW (26.8 HP)","","","","","4,000 mm (157.5 in)","Batch-Type Agitated","Lugs","","Dish","Reactor"
"234221","Stainless Steel Austenitic  Batch-Type Agitated Reactor - IPP# 234221","https://ims.internationalprocessplants.com/inventory/equipment/detail/234221","12","Yes","","Ekato agitator drive","4-internal baffle plates on sidewall,","","","","Dish","","8,000 L (2,100 gallons)","","Used","","","","","","","","Yes","6 bar (87 psi)","","","","","","","","Stainless Steel Austenitic","","","","","","","","Batch-Type Agitated","","","Dish","Reactor"
"234227","Stainless Steel Austenitic Au. C Kosik Kenlhelm Batch-Type Agitated Reactor - IPP# 234227","https://ims.internationalprocessplants.com/inventory/equipment/detail/234227","16","Yes","Mechanical","anchor agitator","","","","","Dish","","15,100 L (4,000 gallons)","","Used","","","","","","","","Yes","6 bar (87 psi)","200 °C (392 °F)","","6 bar (87 psi)","200 °C (392 °F)","","Au. C Kosik Kenlhelm","","Stainless Steel Austenitic","","","","","","","","Batch-Type Agitated","","","Dish","Reactor"
"234253","Glasslined Pfaudler Batch-Type Agitated Reactor - IPP# 234253","https://ims.internationalprocessplants.com/inventory/equipment/detail/234253","15","Yes","Mechanical","","","","","","Dish","","1,350 L (354.5 gallons)","","Used","","","","","","","","Yes","6 bar (87 psi)","220 °C (428 °F)","","","","","Pfaudler","","Glasslined","","7.5 kW (10.1 HP)","","","","","","Batch-Type Agitated","Legs","","Dish","Reactor"
"234261","Glasslined Thaletec Batch-Type Agitated Reactor - IPP# 234261","https://ims.internationalprocessplants.com/inventory/equipment/detail/234261","16","","Mechanical","","","","","","Dish","","14,350 L (3,800 gallons)","","Used","","","","","","","","Yes","6 bar (87 psi)","230 °C (446 °F)","","24 bar (348.1 psi)","230 °C (446 °F)","Half Pipe/Limpet","Thaletec","","Glasslined","","18.5 kW (24.8 HP)","","","","","","Batch-Type Agitated","","","Dish","Reactor"
"234271","Batch-Type Agitated Reactor 28,300 L (7,500 gallons) Glasslined For Sale - IPP# 234271","https://ims.internationalprocessplants.com/inventory/equipment/detail/234271","24","Yes","Mechanical","DeDietrich model 140 agitator drive, twin flight Glasslock type agitator each with 3-blades, shaft with blue level markings, Crane 109 double mechanical seal with lubricator,","(1) beavertail baffle,","Beavertail","","","Dish","","28,300 L (7,500 gallons)","","Used","76,200 mm (3,000 in)","","","","","","","Yes","6 bar (87 psi)","200 °C (392 °F)","Carbon Steel","6 bar (87 psi)","200 °C (392 °F)","","DeDietrich","Yes","Glasslined","BE","30 kW (40.2 HP)","openings top: 1-600mm manway with cover, 2-400mm, 7-200mm (1 with baffle, 1 with a sightglass), straight side: 5-50mm (jacket), bottom: 1-150mm, 1-80mm (jacket)","","","","82,800 mm (3,250 in)","Batch-Type Agitated","","","","Reactor"
"234848","Stainless Steel 304 Batch-Type Agitated Reactor - IPP# 234848","https://ims.internationalprocessplants.com/inventory/equipment/detail/234848","27","Yes","Mechanical","","","","","Stainless Steel 304L","Dish","","3,000 L (793 gallons)","","Used","","1.49 kW (2 HP)","","","Paddle","","Buff Polish","Yes","3.1 bar (45 psi)","148.9 °C (300 °F)","Stainless Steel 304","6.9 bar (100 psi)","148.9 °C (300 °F)","Dimple","DCI, Inc.","","Stainless Steel 304","Bio Bulk Batch Vessel","1.49 kW (2 HP)","","Vertical","Yes","Yes","","Batch-Type Agitated","","Stainless Steel 304L","Dish","Reactor"
"234935","Reglassed 500 Gallon glass lined reactor assembly - IPP# 234935","https://ims.internationalprocessplants.com/inventory/equipment/detail/234935","33","Yes","Mechanical","4 RW drive system with lubricator","Integral tip","H-Baffle","","Glasslined","Dish","","1,900 L (500 gallons)","","Re-glassed","1,200 mm (48 in)","","Very Clean (VC)","Full Fire Polish (FF)","Retreat Curve","","Glass Lined","Yes","6.9 bar (100 psi)","232.2 °C (450 °F)","Carbon Steel","6.9 bar (100 psi)","232.2 °C (450 °F)","Standard","Pfaudler","Yes","Glasslined","RA","","24" main cover with 4 3/8" drive nozzle and four bosses, with two 2" nozzles and a 12" x 16" man way cover with sight glass assembly, pro ring and man way assist. One 6" nozzle, two 4" nozzles, three 3" nozzles and one 3" nozzle is the CBO.","Vertical","","","1,400 mm (56 in)","Batch-Type Agitated","Legs","Glasslined","Dish","Reactor"
"234996","Stainless Steel 304 Batch-Type Agitated Reactor - IPP# 234996","https://ims.internationalprocessplants.com/inventory/equipment/detail/234996","25","Yes","Mechanical","Duel sets of four blade pitch turbine agitators, driven by a 5 HP, Lightnin right angle mixer, with a mechanical seal.","","","","","Dish","","4,900 L (1,300 gallons)","","Used","1,650 mm (65.6 in)","","","","","Yes","","Yes","3.4 bar (50 psi)","176.7 °C (350 °F)","","10.3 bar (150 psi)","176.7 °C (350 °F)","Half Pipe/Limpet","RAS","Yes","Stainless Steel 304","","3.7 kW (5 HP)","One 18" man way, One 8" nozzle, five 2" nozzles.","Vertical","","","2,150 mm (84 in)","Batch-Type Agitated","Lugs","","Dish","Reactor"
"235280","Glasslined DeDietrich Batch-Type Agitated Reactor - IPP# 235280","https://ims.internationalprocessplants.com/inventory/equipment/detail/235280","6","","","","","","","","","","473.2 L (125 gallons)","","Used","","","","","","","","","","","","","","","DeDietrich","","Glasslined","","","","","","","","Batch-Type Agitated","","","","Reactor"
"235701","Glasslined DeDietrich CTJ Batch-Type Agitated Reactor - IPP# 235701","https://ims.internationalprocessplants.com/inventory/equipment/detail/235701","23","Yes","Mechanical","- Agitator: 3 blade pitched turbine agitator, top mounted Lenze agitator drive","","","","","Dish","","75.7 L (20 gallons)","","Used","813 mm (32 in)","","","","","","","Yes","10.3 bar (150 psi)","260 °C (500 °F)","Stainless Steel 316","7.9 bar (115 psi)","260 °C (500 °F)","","DeDietrich","","Glasslined","CTJ","1.49 kW (2 HP)","Top nozzle schedule: 4&#x201D; handhole, (3) 2" , (2) 1 1/2" Bottom nozzle schedule: (1)2" drain","Vertical","","","406.4 mm (16 in)","Batch-Type Agitated","Legs","","","Reactor"
"235702","Glasslined Pfaudler Batch-Type Agitated Reactor - IPP# 235702","https://ims.internationalprocessplants.com/inventory/equipment/detail/235702","16","","","","","","","","","","37.9 L (10 gallons)","","Used","559 mm (22 in)","","","","","","","Yes","0.83 bar (12 psi)","232.2 °C (450 °F)","","10.3 bar (150 psi)","210 °C (410 °F)","","Pfaudler","","Glasslined","","","6&#x201D; handway","Vertical","","","406.4 mm (16 in)","Batch-Type Agitated","Skid","","","Reactor"
"235800","AL-6XN Chema Balke D&#xFC;rr GmbH Batch-Type Agitated Reactor - IPP# 235800","https://ims.internationalprocessplants.com/inventory/equipment/detail/235800","23","Yes","Mechanical","- Top mounted agitator drive manufactured by MUT-Tschamber - Agitator drive rated: 1713 rpm input, 198 rpm output - Motor: Feiten & Guilleaume, IP55/EExdeIICT4 motor","","","","","Dish","","3,600 L (951 gallons)","","Used","1,200 mm (47.2 in)","","","","","","","Yes","6 bar (87 psi)","200 °C (392 °F)","Stainless Steel Austenitic","6 bar (87 psi)","200 °C (392 °F)","","Chema Balke D&#xFC;rr GmbH","Yes","AL-6XN","","24 kW (32.2 HP)","- Openings: Top - (1) 350 mm manway with hinged bolted cover, (5) 25mm, (1) 100 mm, (1) 300 mm center for the agitator, (2) 40mm, (2) 19mm, Bottom- (1) 300 mm","","","","3,600 mm (141.7 in)","Batch-Type Agitated","Lugs","","Dish","Reactor"
"235903","Glasslined Pfaudler RA Batch-Type Agitated Reactor - IPP# 235903","https://ims.internationalprocessplants.com/inventory/equipment/detail/235903","32","Yes","Mechanical","Three blade retreat curve impeller agitator","Integral tip","H-Baffle","","Glasslined","Dish","","3,800 L (1,000 gallons)","","Re-glassed","1,500 mm (60 in)","","","","Pitch Blade","","Glass Lined","Yes","6.9 bar (100 psi)","232.2 °C (450 °F)","Carbon Steel","6.2 bar (90 psi)","176.7 °C (350 °F)","Standard","Pfaudler","Yes","Glasslined","RA","7.5 kW (10 HP)","Top openings: 14" x 18" manway cover with sight glass, (4) 4", (1) 8" nozzles. Bottom: (1) 4" center outlet","Vertical","","","1,900 mm (75 in)","Batch-Type Agitated","Legs","Glasslined","Dish","Reactor"
"235921","Stainless Steel 321 Clad Superior Welding Batch-Type Agitated Reactor - IPP# 235921","https://ims.internationalprocessplants.com/inventory/equipment/detail/235921","32","Yes","Seal Less Magnetic Drive","16" diameter radial Impeller @ 258 rpm","three side wall baffles,4" wide x 65" long.","Sidewall Mounted Straight Baffle","","Clad","Elliptical","","1,900 L (500 gallons)","Yes","Used","1,100 mm (44 in)","","","","Radial Type","Yes","Mill 2B","","86.2 bar (1,250 psi)","343.3 °C (650 °F)","Stainless Steel 321","20.7 bar (300 psi)","398.9 °C (750 °F)","Internal Pipe Coil","Superior Welding","Yes","Stainless Steel 321","","3.7 kW (5 HP)","Top openings are one 18" man way, one 2" inlet, one 1.5 vapor relief, one 3/4" for a thermocouple, one 2" dip pipe. One 2" outlet and two 2" coils inlet/outlet.","Vertical","","","1,650 mm (65 in)","Batch-Type Agitated","Legs","Clad","Elliptical","Reactor"
"235922","Stainless Steel 321 Clad Struthers Wells Batch-Type Agitated Reactor - IPP# 235922","https://ims.internationalprocessplants.com/inventory/equipment/detail/235922","31","Yes","Seal Less Magnetic Drive","Agitator is driven by a Toshiba 5 HP motor, 230/460 v 60 Hz, 3 ph, rated for 1740 RPM. The mixer drive system has a belt driven MagneDrive II series seal less magnetic drive, manufactured by Parker/Autoclave Engineers","The vessel is equipped with three side wall baffles, 4" wide x 65" long","Sidewall Mounted Straight Baffle","","Clad","Elliptical","","1,900 L (500 gallons)","Yes","Used","1,100 mm (44 in)","","","","Radial Type","Yes","Mill 2B","","86.2 bar (1,250 psi)","343.3 °C (650 °F)","","20.7 bar (300 psi)","398.9 °C (750 °F)","Internal Pipe Coil","Struthers Wells Inc.","Yes","Stainless Steel 321","","3.7 kW (5 HP)","Top openings are one 18" man way, one 2" inlet, one 1.5 vapor relief, one 3/4" for a thermocouple, one 2" dip pipe. One 2" outlet and two 2" coils inlet/outlet.","Vertical","","","1,650 mm (65 in)","Batch-Type Agitated","Legs","Clad","Elliptical","Reactor"
"235923","Glasslined DeDietrich Batch-Type Agitated Reactor - IPP# 235923","https://ims.internationalprocessplants.com/inventory/equipment/detail/235923","22","","","5RW drive with an approximately 20 HP motor. Model # FMDWV-50500-E00, serial # 5-00338P, rated for 124 rpm.Cryo-Lock agitator with 4 blade RCI agitator","One fin baffle","Finger Baffle","","","Dish","","7,550 L (2,000 gallons)","","Used","1,950 mm (76 in)","","","","","","","Yes","6.9 bar (100 psi)","260 °C (500 °F)","","6.2 bar (90 psi)","260 °C (500 °F)","","DeDietrich","Yes","Glasslined","","14.9 kW (20 HP)","One 30" cover with 14" x 18" man way(man way cover missing), and pro ring with man way assist hinge, and two 3" nozzles and one drive nozzle. Top openings include two 6" nozzles two 8" nozzle , and three 4" nozzles. One center bottom nozzle 4".","","","","2,150 mm (84 in)","Batch-Type Agitated","Lugs","","Dish","Reactor"
"235924","Stainless Steel 316 Missouri Boiler and Tank Co Batch-Type Agitated Reactor - IPP# 235924","https://ims.internationalprocessplants.com/inventory/equipment/detail/235924","25","","Mechanical","7.5 hp Chemineer drive with mechanical seal driving twin 4 blade pitched turbine agitators","4 full length side wall baffles","","","","Dish","","12,100 L (3,200 gallons)","","Used","2,250 mm (89.5 in)","5.6 kW (7.5 HP)","","","","","","Yes","6.9 bar (100 psi)","204.4 °C (400 °F)","Carbon Steel","4.1 bar (60 psi)","176.7 °C (350 °F)","Half Pipe/Limpet","Missouri Boiler and Tank Co","Yes","Stainless Steel 316","","5.6 kW (7.5 HP)","One 18" man way. Seven 3" nozzles, four 2" nozzles, and two 1" nozzles.","","","","2,750 mm (108 in)","Batch-Type Agitated","Lugs","","Dish","Reactor"
"235926","Hastelloy - C276 Batch-Type Agitated Reactor - IPP# 235926","https://ims.internationalprocessplants.com/inventory/equipment/detail/235926","26","Yes","Mechanical","Twin 4 blade pitch turbines","4 full lenght side wall baffles","","","","Dish","","12,100 L (3,200 gallons)","","Used","2,250 mm (89 in)","7.5 kW (10 HP)","","","Pitch Blade","","","","4.2 bar (61 psi)","93.3 °C (200 °F)","Carbon Steel","13 bar (188 psi)","93.3 °C (200 °F)","Half Pipe/Limpet","Brighton Manufacturing","","Hastelloy - C276","","3.7 kW (5 HP)","Nozzle schedule, One 18" man way, one 19" agitator, three 4" nozzles, five 3" nozzles, five 2" nozzles, one 1" nozzle. The jacket has six 3" nozzles","Vertical","","","2,650 mm (105 in)","Batch-Type Agitated","Lugs","","Dish","Reactor"
"236006","Glasslined R&amp;M Italia (unit of Robbins &amp; Myers) BE Batch-Type Agitated Reactor - IPP# 236006","https://ims.internationalprocessplants.com/inventory/equipment/detail/236006","26","Yes","Mechanical","- Agitator drive: R&M Italia AR5-125/2 - Agitator speed: 21 - 103 rpm (120 rpm max), - Agitator blades: (3) sets of 4-blade cryolock","- Thermowells: Possibly with (2) beavertail thermowells","Beavertail","","","Dish","","14,350 L (3,800 gallons)","","Used","2,400 mm (94.5 in)","","","","","","","Yes","6 bar (87 psi)","200 °C (392 °F)","Carbon Steel","30 bar (435.1 psi)","200 °C (392 °F)","Half Pipe/Limpet","R&M Italia (unit of Robbins & Myers)","Yes","Glasslined","BE","30 kW (40.2 HP)","openings top: 1-600mm manway, 2-300mm, 2-250mm, 5-200mm (2 with thermowells), side jacket: 5-80mm, 1-15mm, bottom: 1-150mm (center outlet), 1-80mm (jacket)","","","","3,550 mm (139.3 in)","Batch-Type Agitated","","","Dish","Reactor"
"236007","Glasslined R&amp;M Italia (unit of Robbins &amp; Myers) BE Batch-Type Agitated Reactor - IPP# 236007","https://ims.internationalprocessplants.com/inventory/equipment/detail/236007","26","Yes","Mechanical","- Agitator drive: R&M Italia AR5-125/2 - Agitator speed: 21 - 103 rpm (120 rpm max), Eex-de/11B/T3 IP55 motor via a reduction gearbox - Agitator blades: (3) sets of 4-blade cryolock agitator","- Thermowells: Possibly with (2) beavertail thermowells","Beavertail","","","Dish","","14,350 L (3,800 gallons)","","Used","2,400 mm (94.5 in)","","","","","","","Yes","6 bar (87 psi)","200 °C (392 °F)","Carbon Steel","30 bar (435.1 psi)","200 °C (392 °F)","Half Pipe/Limpet","R&M Italia (unit of Robbins & Myers)","Yes","Glasslined","BE","30 kW (40.2 HP)","openings top: 1-600mm manway, 2-300mm, 2-250mm, 5-200mm (2 with thermowells), side jacket: 5-80mm, 1-15mm, bottom: 1-150mm (center outlet), 1-80mm (jacket)","","","","3,550 mm (139.3 in)","Batch-Type Agitated","","","Dish","Reactor"
"236014","Stainless Steel 316 Clad Albi TUV Batch-Type Agitated Reactor - IPP# 236014","https://ims.internationalprocessplants.com/inventory/equipment/detail/236014","25","Yes","Mechanical","- Agitator drive: Stelzer type SDR 45-10G right angled, - Agitators: (3) sets of intermig agitators on shaft","- Internal baffles on sidewall","","","","Dish","","6,000 L (1,600 gallons)","Yes","Used","2,000 mm (78.7 in)","","","","","","","","3.2 bar (46.4 psi)","130 °C (266 °F)","Stainless Steel 304","6 bar (87 psi)","130 °C (266 °F)","","Albi","Yes","Stainless Steel 316","TUV","37 kW (49.6 HP)","openings top: 1-600mm manway with cover and 125mm sight glass, 1-250mm, 1-125mm, 2-100mm, 3-80mm, 10-50mm, 6-40mm, straight side: 3-100mm (jacket), 2-20mm, bottom: 1-200mm, 1-65mm (jacket), openings are a mixture of standard flat flange fittings and Tri-clamp fittings","","","","1,700 mm (66.9 in)","Batch-Type Agitated","Lugs","","Dish","Reactor"
"236015","Stainless Steel 317 Edel Batch-Type Agitated Reactor - IPP# 236015","https://ims.internationalprocessplants.com/inventory/equipment/detail/236015","23","Yes","Mechanical","Stelzer type SNR 35-10-E right angled CE0035, EX II 2G T3 II BX agitator drive, driven by 30kw 3/50/400 volt, 1480 rpm ATEX CE0045 Ex motor via a reduction gearbox, (3) sets of 2-blade intermig impellors on shaft, mechanical seal","(4) internal baffle plates on sidewall","","","","Cone","","7,100 L (1,900 gallons)","","Used","1,800 mm (70.9 in)","","","","","","","Yes","3.2 bar (46.4 psi)","200 °C (392 °F)","Stainless Steel 304","10 bar (145 psi)","200 °C (392 °F)","","Edel","Yes","Stainless Steel 317","","30 kW (40.2 HP)","openings top: 1-500mm manway with cover, 2-300mm, 7-150mm, straight side: 5-50mm (jacket), bottom cone: 1-150mm (discharge), 1-50mm (jacket), 1-30mm wide x 500mm long sight glass","","","","2,050 mm (81.5 in)","Batch-Type Agitated","","","Dish","Reactor"
"236016","Glasslined Clad Batch-Type Agitated Reactor - IPP# 236016","https://ims.internationalprocessplants.com/inventory/equipment/detail/236016","26","Yes","Mechanical","CE 0722 EEx-d IIB T4 ATEX motor via a 14.63:1 ratio reduction gearbox - Shaft speed: 20-90 rpm - Cryolock agitator with (2) sets of 3-blade pitched paddles - Blue level markings on shaft","(1) beavertail baffle","Beavertail","","","Dish","","5,400 L (1,400 gallons)","Yes","Needs Reglass","1,800 mm (70.9 in)","","","","","","","Yes","6 bar (87 psi)","150 °C (302 °F)","","9 bar (130.5 psi)","160 °C (320 °F)","Half Pipe/Limpet","DeDietrich","Yes","Glasslined","BE","15 kW (20.1 HP)","- Openings: - Top: 1-500mm manway cover (2-100mm sight glasses) with davit assist, 2-350mm, 2-200mm, 1-150mm with baffle, 3-80mm, 1-50mm - Side jacket: 2-80mm , bottom: 1-80mm (outlet), 1-80mm (jacket), 1-80mm, 2-50mm","","","","1,800 mm (70 in)","Batch-Type Agitated","","","Dish","Reactor"
"236022","Glasslined EHW Thale RWA BE 1600-1400 AM D100 Batch-Type Agitated Reactor - IPP# 236022","https://ims.internationalprocessplants.com/inventory/equipment/detail/236022","22","Yes","Mechanical","Thale TRD 300/5.5kW-SR agitator drive, driven by 5.5 kw 3/50/400 volt, 1440 rpm ATEX CE 0102 Ex II 2 G CT4 motor via a 9.90:1 ratio reduction gearbox, shaft speed approx 141 rpm, 3- finger cryolock agitator shaft, Burgmann mechanical seal with thermosiphon (lubricator)","","","","","Dish","","2,350 L (616 gallons)","","Used","1,400 mm (55.1 in)","","","","","","","Yes","6 bar (87 psi)","200 °C (392 °F)","","9 bar (130.5 psi)","200 °C (392 °F)","","EHW Thale","","Glasslined","RWA BE 1600-1400 AM D100","5.5 kW (7.4 HP)","openings top: 1-350mm x 450mm manway with cover and 2-80mm sight glasses, 2-200mm, 5-100mm, straight side: 2-50mm (jacket), 1-1/2" (jacket), bottom: 1-100mm (discharge), 2-50mm (jacket)","","","","1,200 mm (47.9 in)","Batch-Type Agitated","Lugs","","Dish","Reactor"
"236024","Stainless Steel Austentic Batch-Type Agitated Reactor - IPP# 236024","https://ims.internationalprocessplants.com/inventory/equipment/detail/236024","21","Yes","Mechanical","- Agitator drive: Ekato type RWL2060 vari-speed - Agitator motor: SEW-Eurodrive, - Blades: (2) sets of intermig blades on shaft","- Baffles: 2 internal baffles plates on sidewall","","","","Dish","","2,900 L (761 gallons)","","Used","1,400 mm (55.1 in)","","","","","","","","3.2 bar (46.4 psi)","","Stainless Steel 304","6 bar (87 psi)","100 °C (212 °F)","Half Pipe/Limpet","Alois Binderberger","","Stainless Steel Austenitic","","4.4 kW (5.9 HP)","","","","","1,500 mm (58.3 in)","Batch-Type Agitated","Lugs","","Dish","Reactor"
"236025","Batch-Type Agitated Reactor 8,200 L (2,150 gallons) Stainless Steel Austenitic For Sale - IPP# 236025","https://ims.internationalprocessplants.com/inventory/equipment/detail/236025","20","Yes","Mechanical","- Agitator drive: Stelzer type SNR35-10 E right angled, EEx d e II CT4 IP55 ATEX - Impellors: (3) sets of 2-blade pitched paddle intermig on shaft","- Baffle plates: (4) internal on sidewall","","","","Dish","","8,200 L (2,150 gallons)","","Used","","","","","","","","Yes","3.2 bar (46.4 psi)","200 °C (392 °F)","Stainless Steel Other","16 bar (232.1 psi)","200 °C (392 °F)","Half Pipe/Limpet","VEW","","Stainless Steel Austenitic","","30 kW (40.2 HP)","","","","","","Batch-Type Agitated","","","Dish","Reactor"
"236068","Batch-Type Agitated Reactor 12,800 L (3,400 gallons) Stainless Steel Austenitic For Sale - IPP# 236068","https://ims.internationalprocessplants.com/inventory/equipment/detail/236068","25","Yes","Mechanical","Agitator drive: Stelzer type SNR25-06H - Agitator speed: 71 rpm","","","","","Cone","","12,800 L (3,400 gallons)","","Used","2,000 mm (78.7 in)","","","","","","","Yes","3 bar (43.5 psi)","130 °C (266 °F)","Stainless Steel 316","6 bar (87 psi)","120 °C (248 °F)","Half Pipe/Limpet","HINKE","Yes","Stainless Steel Austenitic","TUV","20 kW (26.8 HP)","openings top: 1-500mm manway with a 100mm sight glass, 1-350mm, 2-100mm, 5-80mm, 1-65mm, 5-50mm, side jacket: 1-65mm, 1-25mm, bottom: 1-100mm, 2-65mm (jacket)","","","","3,350 mm (131.9 in)","Batch-Type Agitated","Lugs","","Dish","Reactor"
"236069","Batch-Type Agitated Reactor 12,000 L (3,150 gallons) Stainless Steel Austenitic For Sale - IPP# 236069","https://ims.internationalprocessplants.com/inventory/equipment/detail/236069","24","Yes","Mechanical","- Agitator Drive: RVT, - Agitator Speed: 1500/44 rpm, - Blades: (2) sets of 2-blade pitched paddles on shaft","","","","","Dish","","12,000 L (3,150 gallons)","","Used","2,400 mm (94.5 in)","","","","","","","Yes","2 bar (29 psi)","110 °C (230 °F)","Stainless Steel 304","2 bar (29 psi)","110 °C (230 °F)","Half Pipe/Limpet","Binderberg","Yes","Stainless Steel Austenitic","","11 kW (14.8 HP)","openings top: 1-500mm manway, 5-80mm, 1-65mm, 5-50mm, straight side: 2-50mm (jacket), 1-50mm, 1-20mm, 1-18mm, bottom: 1-80mm, 1-50mm (Jacket)","","","","1,950 mm (77.3 in)","Batch-Type Agitated","Lugs","","Dish","Reactor"
"236077","Stainless Steel Austenitic Enco TUV Batch-Type Agitated Reactor - IPP# 236077","https://ims.internationalprocessplants.com/inventory/equipment/detail/236077","22","Yes","Mechanical","- Agitator drive: Ekato type HWL 2100A, - Agitator type: Interrupted ribbon","","","","","Dish","","3,650 L (959 gallons)","","Used","1,600 mm (63 in)","","","","","","","","2 bar (29 psi)","110 °C (230 °F)","Stainless Steel Austenitic","8 bar (116 psi)","220 °C (428 °F)","Half Pipe/Limpet","Enco","","Stainless Steel Austenitic","TUV","45 kW (60.3 HP)","","","","","1,300 mm (52 in)","Batch-Type Agitated","Lugs","","Dish","Reactor"
"236078","Batch-Type Agitated Reactor 2,650 L (697 gallons) Stainless Steel Austenitic For Sale - IPP# 236078","https://ims.internationalprocessplants.com/inventory/equipment/detail/236078","19","Yes","Mechanical","Agitator: Ekato - Agitator drive: driven by approx 35kw motor via a reduction gearbox","","","","","Dish","","2,650 L (697 gallons)","","Used","","35 kW (46.9 HP)","","","","","","Yes","","150 °C (302 °F)","","12 bar (174 psi)","220 °C (428 °F)","","GIG","","Stainless Steel Austenitic","TUV","35 kW (46.9 HP)","","","","","","Batch-Type Agitated","Lugs","","Dish","Reactor"
"238303","Glasslined Pfaudler RA Batch-Type Agitated Reactor - IPP# 238303","https://ims.internationalprocessplants.com/inventory/equipment/detail/238303","33","Yes","Mechanical","5 DTW Drive system","Integral tip","H-Baffle","","Glasslined","Dish","","3,800 L (1,000 gallons)","","Re-glassed","1,500 mm (60 in)","","Very Clean (VC)","Full Fire Polish (FF)","Retreat Curve","","Glass Lined","Yes","6.9 bar (100 psi)","232.2 °C (450 °F)","Carbon Steel","6.2 bar (90 psi)","176.7 °C (350 °F)","Standard","Pfaudler","Yes","Glasslined","RA","","14" x 18" man way with pro ring, 30" main cover with 4 &3/8" drive nozzle, two 2" nozzles, one 8" nozzle and four 4" nozzles.","Vertical","","","1,900 mm (74 in)","Batch-Type Agitated","Legs","Glasslined","Dish","Reactor"
"238304","Glasslined Pfaudler Batch-Type Agitated Reactor - IPP# 238304","https://ims.internationalprocessplants.com/inventory/equipment/detail/238304","6","","","","","","","","","","7,550 L (2,000 gallons)","","Used","","","","","","","","","","","","","","","Pfaudler","","Glasslined","","","","","","","","Batch-Type Agitated","","","","Reactor"
"238312","Glasslined Pfaudler P Series Batch-Type Agitated Reactor - IPP# 238312","https://ims.internationalprocessplants.com/inventory/equipment/detail/238312","31","Yes","Mechanical","RCI with 2.5 DTW end","No tip","H-Baffle","","Glasslined","Dish","","189.3 L (50 gallons)","","Re-glassed","610 mm (24 in)","","","","Retreat Curve","","Glass Lined","Yes","1.72 bar (25 psi)","232.2 °C (450 °F)","Carbon Steel","7.2 bar (105 psi)","176.7 °C (350 °F)","Standard","Pfaudler","","Glasslined","P Series","2.2 kW (3 HP)","Nozzle schedule : (2) 1 1/2" nozzle, (1) 4" nozzle, (1) 2" drive nozzle, (1) 2" botton nozzle","Vertical","","","711 mm (28 in)","Batch-Type Agitated","Legs","Glasslined","Dish","Reactor"
"238313","Glasslined Pfaudler Batch-Type Agitated Reactor - IPP# 238313","https://ims.internationalprocessplants.com/inventory/equipment/detail/238313","7","","","","","","","","","","3,800 L (1,000 gallons)","","Used","","","","","","","","","","","","","","","Pfaudler","","Glasslined","","","","Vertical","","","","Batch-Type Agitated","","","","Reactor"
"238314","Glasslined Pfaudler Batch-Type Agitated Reactor - IPP# 238314","https://ims.internationalprocessplants.com/inventory/equipment/detail/238314","15","Yes","","2.5 DTW drive","","","","","","","113.6 L (30 gallons)","","Used","","","","","","","","Yes","10.3 bar (150 psi)","232.2 °C (450 °F)","","10.3 bar (150 psi)","176.7 °C (350 °F)","","Pfaudler","","Glasslined","","24.6 kW (33 HP)","Nozzle schedule: (2) 1 1/2" nozzle, (1) 3" nozzle, (1) 4" nozzle, (1) 2" nozzle, (1)drive nozzle, (1) 3" botton nozzle","","","","","Batch-Type Agitated","","","","Reactor"
"238340","Glasslined  Batch-Type Agitated Reactor - IPP# 238340","https://ims.internationalprocessplants.com/inventory/equipment/detail/238340","6","","","","","","Yes","","","","757 L (200 gallons)","","Used","","","","","","","","","","","","","","","","","Glasslined","","","","","","","","Batch-Type Agitated","","","","Reactor"
"238471","Glasslined Pfaudler RA Batch-Type Agitated Reactor - IPP# 238471","https://ims.internationalprocessplants.com/inventory/equipment/detail/238471","21","","","","","","","","Dish","","3,800 L (1,000 gallons)","","Used","1,500 mm (60 in)","","","","","","","Yes","6.9 bar (100 psi)","232.2 °C (450 °F)","","10.3 bar (150 psi)","232.2 °C (450 °F)","Half Pipe/Limpet","Pfaudler","Yes","Glasslined","RA","","Fittings top: (1) manway, (4) 4&#x201D; and (1) 8&#x201D; flange","Vertical","","","1,850 mm (73 in)","Batch-Type Agitated","Lugs","","Dish","Reactor"
"238472","Glasslined Pfaudler RA Batch-Type Agitated Reactor - IPP# 238472","https://ims.internationalprocessplants.com/inventory/equipment/detail/238472","21","","","","","","","","Dish","","3,800 L (1,000 gallons)","","Used","1,500 mm (60 in)","","","","","","","Yes","6.9 bar (100 psi)","232.2 °C (450 °F)","","10.3 bar (150 psi)","232.2 °C (450 °F)","Half Pipe/Limpet","Pfaudler","Yes","Glasslined","RA","","Fittings Top: (1) manway, (4) 4&#x201D;, and (1) 8&#x201D; flange","Vertical","","","1,850 mm (73 in)","Batch-Type Agitated","Lugs","","Dish","Reactor"
"238479","Glasslined Pfaudler ELL Batch-Type Agitated Reactor - IPP# 238479","https://ims.internationalprocessplants.com/inventory/equipment/detail/238479","19","Yes","","Equipped with 1 HP Lighnin agitator","","","","","","","2,850 L (750 gallons)","","Used","1,500 mm (60 in)","","","","","","","Yes","1.72 bar (25 psi)","343.3 °C (650 °F)","","5.9 bar (85 psi)","176.7 °C (350 °F)","","Pfaudler","Yes","Glasslined","ELL","","Top fittings: 12" x 16" oval manway, (4) 4" (1) 8". 3" center bottom drain","Vertical","","","","Batch-Type Agitated","","","Dish","Reactor"
"238481","Glasslined Pfaudler RA Batch-Type Agitated Reactor - IPP# 238481","https://ims.internationalprocessplants.com/inventory/equipment/detail/238481","25","Yes","","Equipped with 10/5 HP 33" span cryo-lock agitator driven through 4 DTW drive","Includes baffle","","","","Dish","","3,800 L (1,000 gallons)","","Used","1,500 mm (60 in)","7.5 kW (10 HP)","","","","","","Yes","5.9 bar (85 psi)","232.2 °C (450 °F)","","10.3 bar (150 psi)","232.2 °C (450 °F)","Half Pipe/Limpet","Pfaudler","Yes","Glasslined","RA","","Fittings top: (1) manway (1) 8" (1) 4 3/8" sight glass (4) 4". Center bottom 3" drain","Vertical","","","1,850 mm (73 in)","Batch-Type Agitated","Lugs","","Dish","Reactor"
"238484","Glasslined Pfaudler Batch-Type Agitated Reactor - IPP# 238484","https://ims.internationalprocessplants.com/inventory/equipment/detail/238484","13","Yes","","Equipped with crylok agitator. Driven through 3.5 pfaudler drive","","","","","","","1,150 L (300 gallons)","","Used","","","","","","","","","3.4 bar (50 psi)","176.7 °C (350 °F)","","6.2 bar (90 psi)","176.7 °C (350 °F)","","Pfaudler","","Glasslined","","","","Vertical","","","","Batch-Type Agitated","","","","Reactor"
"239300","Stainless Steel 316 Zetterstroms Batch-Type Agitated Reactor - IPP# 239300","https://ims.internationalprocessplants.com/inventory/equipment/detail/239300","23","Yes","","","","","","","Dish","Yes","662 L (175 gallons)","","Used","800 mm (31.5 in)","","","","","","Mirror Polish","","3.5 bar (50.8 psi)","145 °C (293 °F)","","5 bar (72.5 psi)","145 °C (293 °F)","Dimple","Zetterstoms-Molkom","Yes","Stainless Steel 316","","0.25 kW (0.34 HP)","","Vertical","Yes","","1,500 mm (59.1 in)","Batch-Type Agitated","Legs","","Dish","Reactor"
"239306","Stainless Steel 316 B Braun&#x2B;Diessel Biotech GmbH 75 DS Batch-Type Agitated Reactor - IPP# 239306","https://ims.internationalprocessplants.com/inventory/equipment/detail/239306","30","Yes","Double Mechanical Seal","High Polish vertical screw","","","","Stainless Steel 316","Dish","Yes","75.7 L (20 gallons)","","Used","460 mm (18.1 in)","0.6 kW (0.8 HP)","","","","","Mirror Polish","Yes","3 bar (43.5 psi)","150 °C (302 °F)","Stainless Steel 316","3 bar (43.5 psi)","150 °C (302 °F)","Standard","B Braun&#x2B;Diessel Biotech GmbH","","Stainless Steel 316","75 DS","0.6 kW (0.8 HP)","","Vertical","Yes","","700 mm (27.6 in)","Batch-Type Agitated","Legs","Stainless Steel 316","Flat","Reactor"
"239311","Stainless Steel 316 B Braun&#x2B;Diessel Biotech GmbH 75 DS Batch-Type Agitated Reactor - IPP# 239311","https://ims.internationalprocessplants.com/inventory/equipment/detail/239311","26","Yes","Mechanical","Vertical top mount agitator with double stack up mechanical seal with 2 seal pots. Driven agitator is a high polish helical screw. Drive is by SEW Euro drive","","","","Stainless Steel 316","Dish","Yes","76 L (20.1 gallons)","","Used","460 mm (18.1 in)","","","","","","","Yes","3 bar (43.5 psi)","150 °C (302 °F)","","3 bar (43.5 psi)","150 °C (302 °F)","","B Braun&#x2B;Diessel Biotech GmbH","","Stainless Steel 316","75 DS","0.55 kW (0.74 HP)","","Vertical","Yes","","700 mm (27.6 in)","Batch-Type Agitated","Legs","Stainless Steel 316","Flat","Reactor"
"239312","Stainless Steel 316 Zetterstroms Batch-Type Agitated Reactor - IPP# 239312","https://ims.internationalprocessplants.com/inventory/equipment/detail/239312","31","Yes","Mechanical","Agitator magnetically under driven by a VEM ac Motor. Thurm GmbH, 50 Hz 0.25 kW, 220/240/280. CE Certified","Single side wall straight","Sidewall Mounted Straight Baffle","","Stainless Steel 316","Dish","Yes","659 L (174 gallons)","","Used","800 mm (31.5 in)","25 kW (33.5 HP)","","","Helical","","Mirror Polish","","3.5 bar (50.8 psi)","145 °C (293 °F)","","5 bar (72.5 psi)","145 °C (293 °F)","Half Pipe/Limpet","Zetterstoms-Molkom","Yes","Stainless Steel 316","","0.25 kW (0.34 HP)","","Vertical","Yes","","1,500 mm (59.1 in)","Batch-Type Agitated","Legs","Stainless Steel 316","Dish","Reactor"
"239313","Stainless Steel 316 B. Braun &#x2B; Diessel Biotech GmbH V-1700 D Batch-Type Agitated Reactor - IPP# 239313","https://ims.internationalprocessplants.com/inventory/equipment/detail/239313","33","Yes","Double Mechanical Seal","Top side flange mount vertical mixer, driving a single propeller mixer with three blades. Double mechanical seal.","","","","Stainless Steel 316","Dish","Yes","1,700 L (449.1 gallons)","","Used","1,050 mm (41.7 in)","1.5 kW (2 HP)","","","Propeller","","Mirror Polish","Yes","3 bar (43.5 psi)","150 °C (302 °F)","Stainless Steel 316","3 bar (43.5 psi)","150 °C (302 °F)","Standard","B. Braun &#x2B; Diessel Biotech GmbH","Yes","Stainless Steel 316","V-1700 D","1.5 kW (2 HP)","(6) bottom side nozzles for pH, DO, PO probes, etc.","Vertical","Yes","","1,600 mm (63 in)","Batch-Type Agitated","Legs","Stainless Steel 316","Dish","Reactor"
"239314","Stainless Steel 316 Batch-Type Agitated Reactor - IPP# 239314","https://ims.internationalprocessplants.com/inventory/equipment/detail/239314","35","Yes","Mechanical","Single Propellor Mixer with 3 bladdes","","Sidewall Mounted Straight Baffle","","Stainless Steel 316","Dish","Yes","2,100 L (555 gallons)","","Used","1,000 mm (39.4 in)","1.5 kW (2 HP)","","","Flat Blade Turbine","","Mirror Polish","Yes","3 bar (43.5 psi)","150 °C (302 °F)","Stainless Steel 316","3 bar (43.5 psi)","150 °C (302 °F)","Standard","B. Braun &#x2B; Diessel Biotech GmbH","Yes","Stainless Steel 316","1200 L","1.5 kW (2 HP)","500 mm diameter man way, six bottom outlets for pH, DO, PO probes.","Vertical","Yes","Yes","1,900 mm (74.8 in)","Batch-Type Agitated","Legs","Stainless Steel 316","Dish","Reactor"
"239326","Stainless Steel 304 Sartorius Batch-Type Agitated Reactor - IPP# 239326","https://ims.internationalprocessplants.com/inventory/equipment/detail/239326","18","Yes","","","","","","Stainless Steel 304L","Flat","","999 L (264 gallons)","","Used","1,650 mm (65.5 in)","","","","","","Buff Polish","","","","Stainless Steel 304","","","Standard","Sartorius","","Stainless Steel 304L","Biostat","","","Vertical","Yes","","","Batch-Type Agitated","Skid","","Open","Reactor"
"240142","Glasslined Pfaudler Batch-Type Agitated Reactor - IPP# 240142","https://ims.internationalprocessplants.com/inventory/equipment/detail/240142","16","","","Impellar agitator","H baffle","H-Baffle","","","","","7,550 L (2,000 gallons)","","Re-glassed","","","","","","","","Yes","6.9 bar (100 psi)","204.4 °C (400 °F)","","6.2 bar (90 psi)","204.4 °C (400 °F)","","Pfaudler","Yes","Glasslined","","","Nozzle schdule : 32" main cover, 14 x 18 manway cover, (4) 4" nozzle, (1) 8" nozzle, 4" drive nozzle, (2) 2" nozzle","","","","","Batch-Type Agitated","","","","Reactor"
"240150","Glasslined Pfaudler Batch-Type Agitated Reactor - IPP# 240150","https://ims.internationalprocessplants.com/inventory/equipment/detail/240150","15","","","","","","","","Dish","","7,550 L (2,000 gallons)","","Used","2,000 mm (78 in)","","","","","","","Yes","6.9 bar (100 psi)","232.2 °C (450 °F)","","6.2 bar (90 psi)","232.2 °C (450 °F)","","Pfaudler","","Glasslined","","","","","","","2,050 mm (80 in)","Batch-Type Agitated","","","Dish","Reactor"
"240694","Glasslined  Batch-Type Agitated Reactor - IPP# 240694","https://ims.internationalprocessplants.com/inventory/equipment/detail/240694","10","","","","","","","","","","37.9 L (10 gallons)","","Used","","","","","","","","Yes","10.3 bar (150 psi)","148.9 °C (300 °F)","","8.3 bar (120 psi)","148.9 °C (300 °F)","","","","Glasslined","","","","","","","","Batch-Type Agitated","","","","Reactor"
"240771","Glasslined Pfaudler Batch-Type Agitated Reactor - IPP# 240771","https://ims.internationalprocessplants.com/inventory/equipment/detail/240771","13","","","Equipped with 2.5 TW drive with belt driven motor.","","","","","","","189.3 L (50 gallons)","","Used","","","","","","","","Yes","1.72 bar (25 psi)","232.2 °C (450 °F)","","7.2 bar (105 psi)","176.7 °C (350 °F)","","Pfaudler","","Glasslined","","","","Vertical","","","","Batch-Type Agitated","","","","Reactor"
"241026","Glasslined Pfaudler RS Batch-Type Agitated Reactor - IPP# 241026","https://ims.internationalprocessplants.com/inventory/equipment/detail/241026","26","Yes","","Pfaudler 5035 SRW drive with a 15 HP motor and a dry seal. Cryo-Lock agitator with a 41" CW CBT hub and graduation marks.","One flange mount fin baffle with integral tip","Finger Baffle","","","Elliptical","Yes","7,550 L (2,000 gallons)","","Used","2,000 mm (78 in)","","","","","","","Yes","10.3 bar (150 psi)","232.2 °C (450 °F)","","10.3 bar (150 psi)","232.2 °C (450 °F)","","Pfaudler","Yes","Glasslined","RS","11.2 kW (15 HP)","24" man way with pro ring and man way assist. With sight glass assembly. Three 10" nozzles, one 8" nozzles, one 4 & 3/8" drive nozzle, seven 4" nozzles, one 4" bottom outlet, eleven 3" nozzles for jackets, two 2" nozzles and three 1/2" nipples","Vertical","","","2,050 mm (80 in)","Batch-Type Agitated","Legs","","Elliptical","Reactor"
"241027","Reactor Glasslined Batch-Type Agitated - IPP# 241027","https://ims.internationalprocessplants.com/inventory/equipment/detail/241027","26","Yes","Mechanical","Pfaudler 7055 SRW drive with dry mechanical seal","Flange mount fin baffle with integral tip","Finger Baffle","","","Elliptical","","11,350 L (3,000 gallons)","","Used","2,450 mm (96 in)","","","","","","","Yes","10.3 bar (150 psi)","232.2 °C (450 °F)","","10.3 bar (150 psi)","232.2 °C (450 °F)","Standard","Pfaudler","Yes","Glasslined","RS96-3000","","24" manway with pro ring, and sight glass assembly and man way assist, One 12" nozzle, two 10" nozzles, two 6" nozzles, nine 4" nozzles, one 3" CBO, two 3" jacket connections, ten 2" jacket connections, three 1/2" nipples","Vertical","","","1,850 mm (73 in)","Batch-Type Agitated","Legs","","Elliptical","Reactor"
"241028","Glasslined Pfaudler RS Batch-Type Agitated Reactor - IPP# 241028","https://ims.internationalprocessplants.com/inventory/equipment/detail/241028","25","Yes","","Cryo-Lock agitator","One flange mount fin baffle with integral tip","Finger Baffle","","","Elliptical","","7,550 L (2,000 gallons)","","Used","2,000 mm (78 in)","","","","","","","Yes","10.3 bar (150 psi)","232.2 °C (450 °F)","","10.3 bar (150 psi)","232.2 °C (450 °F)","","Pfaudler","Yes","Glasslined","RS","11.2 kW (15 HP)","Three 10" nozzles, one 8" nozzles, one 4 & 3/8" drive nozzle, seven 4" nozzles, one 4" bottom outlet, eleven 3" nozzles for jackets, two 2" nozzles and three 1/2" nipples.","Vertical","","","2,050 mm (80 in)","Batch-Type Agitated","Legs","","Elliptical","Reactor"
"241030","Glasslined Pfaudler RS Batch-Type Agitated Reactor - IPP# 241030","https://ims.internationalprocessplants.com/inventory/equipment/detail/241030","33","Yes","Mechanical","Agitated by a Pfaudler 5035 SRW drive with a 7.5 HP motor and dry seal","One flange mount fin baffle with integral tip","Finger Baffle","","Glasslined","Elliptical","Yes","3,800 L (1,000 gallons)","","Used","1,500 mm (60 in)","5.6 kW (7.5 HP)","","","Retreat Curve","","","Yes","10.3 bar (150 psi)","232.2 °C (450 °F)","Carbon Steel","10.3 bar (150 psi)","232.2 °C (450 °F)","Standard","Pfaudler","Yes","Glasslined","RS","5.6 kW (7.5 HP)","Three 8" nozzles, one 6" nozzle, one 4 & 3/* agitator nozzle, six 4" nozzles, five 3" nozzles, ten 2" jacket nozzles, three 1/2" nipples.","Vertical","","","1,750 mm (68 in)","Batch-Type Agitated","Legs","Glasslined","Elliptical","Reactor"
"241060","Glasslined Pfaudler RS Batch-Type Agitated Reactor - IPP# 241060","https://ims.internationalprocessplants.com/inventory/equipment/detail/241060","26","Yes","Mechanical","Pfaudler 7055 SRW drive with dry mechanical seal and 30 HP ac motor. Cryo-Lock mixer with 41" CW CBT hub","Flange mount concave baffle with integral tip","","","","Elliptical","","11,350 L (3,000 gallons)","","Used","2,450 mm (96 in)","","","","","","","Yes","10.3 bar (150 psi)","232.2 °C (450 °F)","Glasslined","10.3 bar (150 psi)","232.2 °C (450 °F)","","Pfaudler","Yes","Glasslined","RS","22.4 kW (30 HP)","24" manway with pro ring, and sight glass assembly and man way assist Top Openings: Two 12" nozzles, one 10" nozzle, one 6" nozzle, one 6&#x201D; drive nozzle, ten 4" nozzles, &#xA;Bottom Outlets: one 3", one 4&#x201D;&#xA;Jacket Connections: two 3" jacket connections, ten 2" jacket connections, two 1/2" jacket vents, one &#xBD;&#x201D; jacket drain.","Vertical","","","1,850 mm (73 in)","Batch-Type Agitated","Lugs","","Elliptical","Reactor"
"241069","Reactor Batch-Type Agitated  Glasslined DeDietrich SA - IPP# 241069","https://ims.internationalprocessplants.com/inventory/equipment/detail/241069","24","Yes","","Impeller agitator","3 finger up baffle with tantalum tip","Finger Baffle","","","Dish","","11,350 L (3,000 gallons)","","Used","2,500 mm (98 in)","","","","","","","Yes","6.9 bar (100 psi)","204.4 °C (400 °F)","","6.2 bar (90 psi)","204.4 °C (400 °F)","","DeDietrich","Yes","Glasslined","SA","14.9 kW (20 HP)","Three 8" nozzles, three 6" nozzles, eight 4" nozzles, and 12 jacket nozzles.","Vertical","","","1,950 mm (76 in)","Batch-Type Agitated","","","Dish","Reactor"
"241070","Glasslined DeDietrich SA Batch-Type Agitated Reactor - IPP# 241070","https://ims.internationalprocessplants.com/inventory/equipment/detail/241070","23","Yes","","5035 SRW drive with a 25 HP EXP motor and dry seal, Cryo-Lock agitator 33"" CW CBT hub with Graduation lines","Finger baffle","","","","Dish","","7,550 L (2,000 gallons)","","Needs Reglass","1,950 mm (76.9 in)","","","","","","","Yes","6.9 bar (100 psi)","260 °C (500 °F)","","6.2 bar (90 psi)","260 °C (500 °F)","","DeDietrich","Yes","Glasslined","SA","","30"" main cover with 14"" x 18"" man way with sight glass assembly and davit arm. One 8"" baffle holder, Two 6"" nozzles, three 4"" nozzles, one 4"" Center bottom outlet.","Vertical","","","2,150 mm (84 in)","Batch-Type Agitated","Legs","","Dish","Reactor"
"241072","Glasslined DeDietrich SA Batch-Type Agitated Reactor - IPP# 241072","https://ims.internationalprocessplants.com/inventory/equipment/detail/241072","23","Yes","","3 BRC agitator","3 finger down baffle","Finger Baffle","","","Dish","","7,550 L (2,000 gallons)","","Used","1,950 mm (76.9 in)","","","","","","","Yes","6.9 bar (100 psi)","260 °C (500 °F)","","6.2 bar (90 psi)","260 °C (500 °F)","","DeDietrich","","Glasslined","SA","18.6 kW (25 HP)","Main cover has two 2" nozzles and one 4" nozzle. Man way cover has two 4" raised nozzles. Sight glass assembly. Two 8" nozzles, two 6" nozzles, three 4" nozzles, one 4" center bottom nozzle.","","","","2,150 mm (84 in)","Batch-Type Agitated","Legs","","Dish","Reactor"
"241073","Glasslined DeDietrich SA Batch-Type Agitated Reactor - IPP# 241073","https://ims.internationalprocessplants.com/inventory/equipment/detail/241073","25","Yes","","PTE 08 Drive with estimated 15 HP EXP motor, and stuffing box for seal. 3 BRC agitator","3 finger up baffle with tantalum tip","Finger Baffle","","","Dish","","7,550 L (2,000 gallons)","","Used","1,950 mm (76.9 in)","","","","","","","Yes","6.9 bar (100 psi)","260 °C (500 °F)","","6.2 bar (90 psi)","260 °C (500 °F)","","DeDietrich","Yes","Glasslined","SA","11.2 kW (15 HP)","30" main cover with 14" x 18" man way, and pro ring and davit arm. Main cover has two 2" nozzles and one 4" nozzle. Man way cover has two 4" raised nozzles. Sight glass assembly. Two 8" nozzles, two 6" nozzles, three 4" nozzles, one 4" center bottom nozzle","Vertical","","","2,150 mm (84 in)","Batch-Type Agitated","Legs","","Dish","Reactor"
"241074","Glasslined DeDietrich SA Batch-Type Agitated Reactor - IPP# 241074","https://ims.internationalprocessplants.com/inventory/equipment/detail/241074","25","Yes","","PTE 08 Drive with estimated 15 HP EXP motor, and stuffing box for seal. 3 BRC agitator","3 finger up baffle with integral tip","Finger Baffle","","","Dish","","7,550 L (2,000 gallons)","","Used","1,950 mm (76.9 in)","","","","","","","Yes","6.9 bar (100 psi)","260 °C (500 °F)","","6.2 bar (90 psi)","260 °C (500 °F)","","DeDietrich","Yes","Glasslined","SA","11.2 kW (15 HP)","30" main cover with 14" x 18" man way, and pro ring and davit arm. Main cover has two 2" nozzles and one 4" nozzle. Man way cover has two 4" raised nozzles. Sight glass assembly. Two 8" nozzles, two 6" nozzles, three 4" nozzles, one 4" center bottom nozzle","Vertical","","","2,150 mm (84 in)","Batch-Type Agitated","Legs","","Dish","Reactor"
"241075","Glasslined DeDietrich SA Batch-Type Agitated Reactor - IPP# 241075","https://ims.internationalprocessplants.com/inventory/equipment/detail/241075","24","","","3 BRC agitator","3 finger up baffle with integral tip","Finger Baffle","","","Dish","","7,550 L (2,000 gallons)","","Used","1,950 mm (76.9 in)","","","","","","","Yes","6.9 bar (100 psi)","260 °C (500 °F)","","6.2 bar (90 psi)","260 °C (500 °F)","","DeDietrich","Yes","Glasslined","SA","11.2 kW (15 HP)","30" main cover with 14" x 18" man way, and pro ring and davit arm. Main cover has two 2" nozzles and one 4" nozzle. Man way cover has two 4" raised nozzles. Sight glass assembly. Two 8" nozzles, two 6" nozzles, three 4" nozzles, one 4" center bottom nozzle","Vertical","","","2,150 mm (84 in)","Batch-Type Agitated","Legs","","Dish","Reactor"
"241076","Glasslined DeDietrich SA Batch-Type Agitated Reactor - IPP# 241076","https://ims.internationalprocessplants.com/inventory/equipment/detail/241076","27","Yes","","3 BRC agitator.","3 finger up baffle with integral tip","Finger Baffle","","Glasslined","Dish","","7,550 L (2,000 gallons)","","Used","1,950 mm (76.9 in)","","","","","","","Yes","6.9 bar (100 psi)","260 °C (500 °F)","","6.2 bar (90 psi)","260 °C (500 °F)","","DeDietrich","Yes","Glasslined","SA","11.2 kW (15 HP)","Two 8" nozzles, two 6" nozzles, three 4" nozzles, one 4" center bottom nozzle, two 2" nozzles.","Vertical","","","2,150 mm (84 in)","Batch-Type Agitated","Legs","Glasslined","Dish","Reactor"
"241077","Glasslined DeDietrich SA Batch-Type Agitated Reactor - IPP# 241077","https://ims.internationalprocessplants.com/inventory/equipment/detail/241077","25","Yes","","PTE 08 Drive with estimated 15 HP EXP motor, and stuffing box for seal. 3 BRC agitator. 3 finger up baffle with integral tip","3 finger up baffle with integral tip","Finger Baffle","","","Dish","","7,550 L (2,000 gallons)","","Needs Reglass","1,950 mm (76.9 in)","","","","","","","Yes","6.9 bar (100 psi)","260 °C (500 °F)","","6.2 bar (90 psi)","260 °C (500 °F)","","DeDietrich","Yes","Glasslined","SA","11.2 kW (15 HP)","30" main cover with 14" x 18" man way, and pro ring and spring assist.. Man way has one 4" nozzle. Sight glass assembly. Two 8" nozzles, two 6" nozzles, three 4" nozzles, one 4" center bottom nozzle, two 2" nozzles","Vertical","","","2,150 mm (84 in)","Batch-Type Agitated","Legs","","Dish","Reactor"
"241078","Glasslined Pfaudler RS Batch-Type Agitated Reactor - IPP# 241078","https://ims.internationalprocessplants.com/inventory/equipment/detail/241078","27","","Mechanical","7055 RW Drive with dry mechanical seal","Flange mount fin baffle with integral tip","Finger Baffle","","","Elliptical","","11,350 L (3,000 gallons)","","Used","2,450 mm (96 in)","","","","","","Glass Lined","Yes","10.3 bar (150 psi)","232.2 °C (450 °F)","","10.3 bar (150 psi)","232.2 °C (450 °F)","Standard","Pfaudler","Yes","Glasslined","RS","14.9 kW (20 HP)","24" manway with pro ring, and sight glass assembly and man way assist Top Openings: One 12" nozzle, two 10" nozzles, one 6" nozzle, one 6&#x201D; drive nozzle, nine 4" nozzles &#xA;Bottom Outlets: one 3", one 4&#x201D; &#xA;Jacket Connections: two 3" jacket connections, ten 2" jacket connections, two 1/2" jacket vents, one &#xBD;&#x201D; jacket drain.&#xA;","Vertical","","","1,850 mm (73 in)","Batch-Type Agitated","Lugs","","Elliptical","Reactor"
"241079","Glasslined DeDietrich SA Batch-Type Agitated Reactor - IPP# 241079","https://ims.internationalprocessplants.com/inventory/equipment/detail/241079","25","Yes","","PTE 08 Drive with estimated 15 HP EXP motor, and stuffing box for seal. 3 BRC agitator","3 finger up baffle with integral tip","Finger Baffle","","","Dish","","7,550 L (2,000 gallons)","","Used","1,950 mm (76.9 in)","","","","","","","Yes","10.3 bar (150 psi)","260 °C (500 °F)","","10.3 bar (150 psi)","260 °C (500 °F)","","DeDietrich","Yes","Glasslined","SA","11.2 kW (15 HP)","30" main cover with 14" x 18" man way, and pro ring and spring assist.. Man way has one 4" nozzle. Sight glass assembly. Two 8" nozzles, two 6" nozzles, three 4" nozzles, one 4" center bottom nozzle, two 2" nozzles","Vertical","","","2,150 mm (84 in)","Batch-Type Agitated","Legs","","Dish","Reactor"
"241080","Glasslined DeDietrich SA Batch-Type Agitated Reactor - IPP# 241080","https://ims.internationalprocessplants.com/inventory/equipment/detail/241080","25","Yes","","3 BRC agitator","3 finger up baffle with integral tip","Finger Baffle","","","Dish","","7,550 L (2,000 gallons)","","Used","1,950 mm (76.9 in)","","","","","","","Yes","10.3 bar (150 psi)","260 °C (500 °F)","","10.3 bar (150 psi)","260 °C (500 °F)","","DeDietrich","Yes","Glasslined","SA","11.2 kW (15 HP)","Man way has one 4" nozzle. Sight glass assembly. Two 8" nozzles, two 6" nozzles, three 4" nozzles, one 4" center bottom nozzle, two 2" nozzles.","Vertical","","","2,150 mm (84 in)","Batch-Type Agitated","Legs","","Dish","Reactor"
"241082","Stainless Steel 316 Batch-Type Agitated Reactor - IPP# 241082","https://ims.internationalprocessplants.com/inventory/equipment/detail/241082","27","Yes","Mechanical","Dual tier 4 blade agitator","","Sidewall Mounted Straight Baffle","","Stainless Steel 304","Elliptical","","2,250 L (600 gallons)","","Used","1,350 mm (54 in)","0.75 kW (1 HP)","","","","","","Yes","2.8 bar (40 psi)","204.4 °C (400 °F)","Stainless Steel 304L","12.4 bar (180 psi)","204.4 °C (400 °F)","Standard","Alloy Fab","","Stainless Steel 316","","",". One 16" man way, with a 4" sight glass assembly. One 6" agitator nozzle, One 3" nozzle, four 2" nozzles, one 1.5" nozzle.","Vertical","","","1,500 mm (60 in)","Batch-Type Agitated","Lugs","Stainless Steel 304","Elliptical","Reactor"
"241260","Stainless Steel 316L Batch-Type Agitated Reactor - IPP# 241260","https://ims.internationalprocessplants.com/inventory/equipment/detail/241260","24","","","","","","Yes","Stainless Steel 316L","Dish","","378.5 L (100 gallons)","","Used","762 mm (30 in)","","","","","","Mill 2B","Yes","3.4 bar (50 psi)","204.4 °C (400 °F)","Inconel","12.4 bar (180 psi)","204.4 °C (400 °F)","Half Pipe/Limpet","Tolan Machinery Co, Inc.","","Stainless Steel 316L","","","One 6" hand hole, One 4" sight glass, Two 3", One 2" Two 1.5"","Vertical","","","787 mm (31 in)","Batch-Type Agitated","Legs","Stainless Steel 316L","Dish","Reactor"
"245510","Glasslined Pfaudler RA78 Batch-Type Agitated Reactor - IPP# 245510","https://ims.internationalprocessplants.com/inventory/equipment/detail/245510","27","Yes","Mechanical","","","H-Baffle","","","","","7,550 L (2,000 gallons)","","Used","2,000 mm (78 in)","7.5 kW (10 HP)","Dirty (D) (light cleaning needed)","Some Fire Polish (F)","","","Glass Lined","Yes","6.9 bar (100 psi)","232.2 °C (450 °F)","Glasslined","6.2 bar (90 psi)","232.2 °C (450 °F)","Standard","Pfaudler","Yes","Glasslined","RA78","","30" main cover, 14 x 18 manway cover with sight glass, 14 x 18 protection ring, manway asst., dip tube","Vertical","","","2,150 mm (84 in)","Batch-Type Agitated","Lugs","","","Reactor"
"245511","Glasslined DeDietrich SA 2000 Batch-Type Agitated Reactor - IPP# 245511","https://ims.internationalprocessplants.com/inventory/equipment/detail/245511","21","Yes","Mechanical","3 blade RCI","","H-Baffle","","","","","7,550 L (2,000 gallons)","","Used","","11.2 kW (15 HP)","","","","","","","6.9 bar (100 psi)","204.4 °C (400 °F)","Carbon Steel","6.2 bar (90 psi)","204.4 °C (400 °F)","Standard","DeDietrich","Yes","Glasslined","SA 2000","","","Vertical","","","","Batch-Type Agitated","Lugs","","","Reactor"
"245513","Glasslined Pfaudler RA 1000 Batch-Type Agitated Reactor - IPP# 245513","https://ims.internationalprocessplants.com/inventory/equipment/detail/245513","20","Yes","Mechanical","3 blade RCI","","H-Baffle","","","","","3,800 L (1,000 gallons)","","Used","","5.6 kW (7.5 HP)","","","","","","","6.9 bar (100 psi)","232.2 °C (450 °F)","","6.2 bar (90 psi)","176.7 °C (350 °F)","Standard","Pfaudler","","Glasslined","RA 1000","","(7) inlet nozzles, (1) 4" outlet, ( 1) 4 3/8" drive nozzle","Vertical","","","","Batch-Type Agitated","Lugs","","","Reactor"
"245522","Glasslined Pfaudler E 200 Batch-Type Agitated Reactor - IPP# 245522","https://ims.internationalprocessplants.com/inventory/equipment/detail/245522","35","Yes","Mechanical","3 blade RCI","Integral tip","H-Baffle","","Glasslined","Dish","","757 L (200 gallons)","","Re-glassed","1,000 mm (40 in)","3.7 kW (5 HP)","Very Clean (VC)","Full Fire Polish (FF)","Retreat Curve","","Glass Lined","Yes","6.9 bar (100 psi)","232.2 °C (450 °F)","Carbon Steel","6.2 bar (90 psi)","176.7 °C (350 °F)","Standard","Pfaudler","Yes","Glasslined","E 200","3.7 kW (5 HP)","40" main cover, 12 x 16 manway cover, (4) 4" nozzle, (1) 6" (1) 3 " bottom nozzle","Vertical","","","1,200 mm (48 in)","Batch-Type Agitated","Lugs","Glasslined","Dish","Reactor"
"245523","Glasslined Pfaudler E 50 Batch-Type Agitated Reactor - IPP# 245523","https://ims.internationalprocessplants.com/inventory/equipment/detail/245523","35","Yes","Mechanical","3 blade RCI","Integral Tip","Fin Baffle","","Glasslined","Dish","","189.3 L (50 gallons)","","Re-glassed","610 mm (24 in)","2.2 kW (3 HP)","Very Clean (VC)","Full Fire Polish (FF)","Retreat Curve","","Glass Lined","Yes","10.3 bar (150 psi)","232.2 °C (450 °F)","Carbon Steel","8.6 bar (125 psi)","232.2 °C (450 °F)","Standard","Pfaudler","Yes","Glasslined","E 50","2.2 kW (3 HP)","one 4" handhole, one 3" Two 2"","Vertical","","","711 mm (28 in)","Batch-Type Agitated","Legs","Glasslined","Dish","Reactor"
"245525","AL-6XN Batch-Type Agitated Reactor - IPP# 245525","https://ims.internationalprocessplants.com/inventory/equipment/detail/245525","26","Yes","Mechanical","4 blade turbine","","Sidewall Mounted Straight Baffle","","","Dish","","189.3 L (50 gallons)","","Used","610 mm (24 in)","0.75 kW (1 HP)","","","Retreat Curve","Yes","Mill 2B","","3.4 bar (50 psi)","148.9 °C (300 °F)","Stainless Steel 304","5.2 bar (75 psi)","148.9 °C (300 °F)","Standard","Steel Pro Inc.","","AL-6XN","","0.75 kW (1 HP)","","Vertical","","","610 mm (24 in)","Batch-Type Agitated","","","Dish","Reactor"
"245527","Glasslined DeDietrich Batch-Type Agitated Reactor - IPP# 245527","https://ims.internationalprocessplants.com/inventory/equipment/detail/245527","27","Yes","Mechanical","3 blade RCI","","Beavertail","","","","","378.5 L (100 gallons)","","Re-glassed","813 mm (32 in)","","Clean (C)","Some Fire Polish (F)","Retreat Curve","","Glass Lined","Yes","10.3 bar (150 psi)","260 °C (500 °F)","Carbon Steel","6.2 bar (90 psi)","176.7 °C (350 °F)","Standard","DeDietrich","","Glasslined","","3.7 kW (5 HP)","32" Main Cover, 8" hand hole, with sight glass","Vertical","","","1,200 mm (47 in)","Batch-Type Agitated","Lugs","","","Reactor"
"245528","Glasslined Pfaudler Batch-Type Agitated Reactor - IPP# 245528","https://ims.internationalprocessplants.com/inventory/equipment/detail/245528","34","Yes","Mechanical","3 blade RCI","Integral tip","H-Baffle","","Glasslined","Dish","","189.3 L (50 gallons)","","Re-glassed","610 mm (24 in)","1.49 kW (2 HP)","Very Clean (VC)","Full Fire Polish (FF)","Retreat Curve","","Glass Lined","Yes","1.72 bar (25 psi)","232.2 °C (450 °F)","Carbon Steel","7.2 bar (105 psi)","176.7 °C (350 °F)","Standard","Pfaudler","","Glasslined","P Series","1.49 kW (2 HP)","One 4"&#xA; hand hole, One 3" One 2 3/8" drive with 3 bosses, two 1.5" , and a 2" CBO","Vertical","","","711 mm (28 in)","Batch-Type Agitated","Legs","Glasslined","Dish","Reactor"
"245530","Glasslined Pfaudler RA 2000 Batch-Type Agitated Reactor - IPP# 245530","https://ims.internationalprocessplants.com/inventory/equipment/detail/245530","22","Yes","Mechanical","cryo-lock 4 blade turbine","","Beavertail","","","","","7,550 L (2,000 gallons)","","Used","","11.2 kW (15 HP)","","","","","","Yes","6.9 bar (100 psi)","232.2 °C (450 °F)","Carbon Steel","6.2 bar (90 psi)","232.2 °C (450 °F)","Standard","Pfaudler","Yes","Glasslined","RA 2000","11.2 kW (15 HP)","","Vertical","","","","Batch-Type Agitated","","","","Reactor"
"245531","Glasslined Pfaudler RA 2000 Batch-Type Agitated Reactor - IPP# 245531","https://ims.internationalprocessplants.com/inventory/equipment/detail/245531","23","Yes","Mechanical","cryo-lock 4 blade turbine","","H-Baffle","","","","","7,550 L (2,000 gallons)","","Used","","11.2 kW (15 HP)","","","","","","Yes","6.9 bar (100 psi)","232.2 °C (450 °F)","Carbon Steel","6.2 bar (90 psi)","176.7 °C (350 °F)","Standard","Pfaudler","Yes","Glasslined","RA 2000","11.2 kW (15 HP)","","Vertical","","","","Batch-Type Agitated","Lugs","","","Reactor"
"245536","Reglassed,  Pfaudler RA 1000 Batch-Type Agitated Reactor - IPP# 245536","https://ims.internationalprocessplants.com/inventory/equipment/detail/245536","35","Yes","Mechanical","3 blade RCI","Baffle with Integral Tip","H-Baffle","","Glasslined","Dish","","3,800 L (1,000 gallons)","","Re-glassed","1,500 mm (60 in)","11.2 kW (15 HP)","Very Clean (VC)","Full Fire Polish (FF)","Retreat Curve","","Glass Lined","Yes","6.9 bar (100 psi)","232.2 °C (450 °F)","Carbon Steel","6.2 bar (90 psi)","232.2 °C (450 °F)","Standard","Pfaudler","Yes","Glasslined","RA 1000","11.2 kW (15 HP)","14" x 18" with 4" sight glass, 30" Main cover with 4-3/8" drive nozzle, & two 2" nozzles. One 8" nozzle and four 4" nozzles.","Vertical","","","1,700 mm (66 in)","Batch-Type Agitated","Lugs","Glasslined","Dish","Reactor"
"245541","Glasslined DeDietrich SA 1500 Batch-Type Agitated Reactor - IPP# 245541","https://ims.internationalprocessplants.com/inventory/equipment/detail/245541","15","Yes","Mechanical","","","","","","","","5,700 L (1,500 gallons)","","Needs Reglass","","7.5 kW (10 HP)","","","","","","Yes","6.9 bar (100 psi)","260 °C (500 °F)","","","","","DeDietrich","Yes","Glasslined","SA 1500","","","","","","","Batch-Type Agitated","Legs","","","Reactor"
"245552","New Glass  Batch-Type Agitated Reactor - IPP# 245552","https://ims.internationalprocessplants.com/inventory/equipment/detail/245552","9","","","","","","","Glass","","","151.4 L (40 gallons)","","New","63.5 mm (2.5 in)","","","","","","","","","","","","","","","","Glass","","","","Vertical","","","","Batch-Type Agitated","","Glass","","Reactor"
"245559","Glasslined Pfaudler E 500 Batch-Type Agitated Reactor - IPP# 245559","https://ims.internationalprocessplants.com/inventory/equipment/detail/245559","26","Yes","Mechanical","4 blade turbine","","Thin Baffle","","Glasslined","Dish","","1,900 L (500 gallons)","","Used","","3.7 kW (5 HP)","","","","","","Yes","6.9 bar (100 psi)","232.2 °C (450 °F)","Carbon Steel","10.3 bar (150 psi)","232.2 °C (450 °F)","Standard","Pfaudler","Yes","Glasslined","E 500","","","Vertical","","","","Batch-Type Agitated","Lugs","Glasslined","Dish","Reactor"
"245560","Glasslined Pfaudler E 500 Batch-Type Agitated Reactor - IPP# 245560","https://ims.internationalprocessplants.com/inventory/equipment/detail/245560","24","Yes","Mechanical","4 blade pitched turbine","","Thin Baffle","","","","","1,900 L (500 gallons)","","Used","","3.7 kW (5 HP)","","","","","","Yes","6.9 bar (100 psi)","232.2 °C (450 °F)","Carbon Steel","10.3 bar (150 psi)","232.2 °C (450 °F)","Standard","Pfaudler","Yes","Glasslined","E 500","3.7 kW (5 HP)","","Vertical","","Yes","","Batch-Type Agitated","Lugs","","","Reactor"
"245561","Glasslined DeDietrich Batch-Type Agitated Reactor - IPP# 245561","https://ims.internationalprocessplants.com/inventory/equipment/detail/245561","21","Yes","Mechanical","3 blade RCI","integral tip","Beavertail","","","","","378.5 L (100 gallons)","","Used","","1.86 kW (2.5 HP)","","","","","Glass Lined","Yes","10.3 bar (150 psi)","260 °C (500 °F)","","7.9 bar (115 psi)","260 °C (500 °F)","Standard","DeDietrich","","Glasslined","","","","Vertical","","","","Batch-Type Agitated","Lugs","","","Reactor"
"245562","Glasslined DeDietrich Batch-Type Agitated Reactor - IPP# 245562","https://ims.internationalprocessplants.com/inventory/equipment/detail/245562","20","Yes","Mechanical","3 blade RCI","","","","","","","189.3 L (50 gallons)","","Used","","1.86 kW (2.5 HP)","","","","","","Yes","10.3 bar (150 psi)","260 °C (500 °F)","Carbon Steel","7.9 bar (115 psi)","260 °C (500 °F)","Standard","DeDietrich","","Glasslined","","","","Vertical","","Yes","","Batch-Type Agitated","Lugs","","","Reactor"
"245592","Stainless Steel 304 Feldmeier Equipment Batch-Type Agitated Reactor - IPP# 245592","https://ims.internationalprocessplants.com/inventory/equipment/detail/245592","30","Yes","Mechanical","three pitch turbine blades","","Sidewall Mounted Straight Baffle","","Stainless Steel 304","Dish","","15,150 L (4,000 gallons)","","Used","2,750 mm (108 in)","3.7 kW (5 HP)","","","Pitch Blade","","Mill 2B","","0.69 bar (10 psi)","200 °C (392 °F)","Stainless Steel 304","4.1 bar (60 psi)","200 °C (392 °F)","Dimple","Feldmeier Equipment","Yes","Stainless Steel 304","","5.6 kW (7.5 HP)","One 8" agitator, three 6", Two 4" )one is flush bottom outlet) two 3", four 2" two 1.5"","Vertical","","","2,350 mm (93 in)","Batch-Type Agitated","Lugs","Stainless Steel 304","Dish","Reactor"
"245651","Glasslined Pfaudler RT Batch-Type Agitated Reactor - IPP# 245651","https://ims.internationalprocessplants.com/inventory/equipment/detail/245651","34","Yes","Mechanical","2.5 DTW with lubricator","2.25" span with removable tip Thread size 5/8"-18 UNF","Beavertail","","Glasslined","Dish","","37.9 L (10 gallons)","","Re-glassed","355.6 mm (14 in)","1.49 kW (2 HP)","Very Clean (VC)","Full Fire Polish (FF)","Retreat Curve","","Glass Lined","Yes","10.3 bar (150 psi)","232.2 °C (450 °F)","Carbon Steel","8.6 bar (125 psi)","232.2 °C (450 °F)","Standard","Pfaudler","","Glasslined","RT","3.7 kW (5 HP)","","Vertical","","Yes","419.1 mm (16.5 in)","Batch-Type Agitated","Legs","Glasslined","Dish","Reactor"
"245687","Glasslined Pfaudler Batch-Type Agitated Reactor - IPP# 245687","https://ims.internationalprocessplants.com/inventory/equipment/detail/245687","19","Yes","","","","","","Glasslined","Dish","","37.9 L (10 gallons)","","Good Used Glass","","","","","","","","Yes","10.3 bar (150 psi)","343.3 °C (650 °F)","Carbon Steel","8.3 bar (120 psi)","176.7 °C (350 °F)","","Pfaudler","","Glasslined","","","","Vertical","","","","Batch-Type Agitated","Legs","Glasslined","Dish","Reactor"
"245688","Glasslined Pfaudler P Batch-Type Agitated Reactor - IPP# 245688","https://ims.internationalprocessplants.com/inventory/equipment/detail/245688","31","Yes","Mechanical","","","Fin Baffle","","Glasslined","Dish","","37.9 L (10 gallons)","","Re-glassed","355.6 mm (14 in)","1.49 kW (2 HP)","Very Clean (VC)","Full Fire Polish (FF)","Retreat Curve","","Glass Lined","Yes","10.3 bar (150 psi)","176.7 °C (350 °F)","Carbon Steel","8.3 bar (120 psi)","176.7 °C (350 °F)","Standard","Pfaudler","","Glasslined","P","","One 2 3/8", one 1.5", four 2"","Vertical","","","330.2 mm (13 in)","Batch-Type Agitated","Legs","Glasslined","Dish","Reactor"
"245839","Stainless Steel 316L Antico Olindo e Cesare srl Batch-Type Agitated Reactor - IPP# 245839","https://ims.internationalprocessplants.com/inventory/equipment/detail/245839","25","Yes","Packing","","","Sidewall Mounted Straight Baffle","","Stainless Steel 316L","Dish","","43,200 L (11,400 gallons)","","Used","3,000 mm (118.1 in)","","","","Pitch Blade","","","","2 bar (29 psi)","160 °C (320 °F)","Stainless Steel 304","6 bar (87 psi)","160 °C (320 °F)","Half Pipe/Limpet","Antico Olindo e Cesare srl","Yes","Stainless Steel 316L","","","","Vertical","","","5,100 mm (200.8 in)","Batch-Type Agitated","Lugs","Stainless Steel 316L","Dish","Reactor"
"246072","Glasslined Pfaudler RA Series Batch Type Body Only Reactor - IPP# 246072","https://ims.internationalprocessplants.com/inventory/equipment/detail/246072","34","Yes","Double Mechanical Seal","With Lubricator","Integral tip","H-Baffle","","Glasslined","Dish","","1,900 L (500 gallons)","","Re-glassed","1,200 mm (48 in)","7.5 kW (10 HP)","Very Clean (VC)","Full Fire Polish (FF)","Retreat Curve","","Glass Lined","Yes","6.9 bar (100 psi)","232.2 °C (450 °F)","Carbon Steel","6.2 bar (90 psi)","176.7 °C (350 °F)","Standard","Pfaudler","","Glasslined","RA Series","7.5 kW (10 HP)","24" Main, One 6", Two 4" Two 3"","Vertical","","","1,650 mm (64 in)","Batch-Type Agitated","Legs","Glasslined","Dish","Reactor"
"246307","Duplex H. Pontifex &amp; Sons LTD. Batch-Type Agitated Reactor - IPP# 246307","https://ims.internationalprocessplants.com/inventory/equipment/detail/246307","30","Yes","Packing","2-sets of 4-blade pitched paddles","3-internal baffle plates","","","Duplex 2205","Hemi","","20,000 L (5,300 gallons)","","Used","2,600 mm (102.4 in)","7.5 kW (10.1 HP)","","","Pitch Blade","","","Yes","15 bar (217.6 psi)","170 °C (338 °F)","Stainless Steel 316L","7.4 bar (107.3 psi)","180 °C (356 °F)","Half Pipe/Limpet","H.Pontifex & sons ltd","Yes","Duplex 2205","","7.5 kW (10.1 HP)","top head with 1-550mm manway, 2-150mm, 6-100mm, straight side 2-100mm, 1-50mm, side jacket 10-50mm, bottom: 1-100mm (discharge), 1-100mm, 2-50mm, 2-50mm (jacket)","Vertical","","","2,800 mm (110.9 in)","Batch-Type Agitated","Legs","Duplex 2205","Hemi","Reactor"
"246433","Glasslined Pfaudler BE12500 Batch-Type Agitated Reactor - IPP# 246433","https://ims.internationalprocessplants.com/inventory/equipment/detail/246433","30","Yes","Mechanical","2 sets of 4-blade pitched Cryolock agitators on shaft, belt driven by 30kW, 3/50/400 volt, 1475 rpm Ex II2 G EEx de II CT4 motor via a reduction gearbox,","","","","Glasslined","Dish","","14,350 L (3,800 gallons)","","Used","2,400 mm (94.5 in)","30 kW (40.2 HP)","","","Pitch Blade","","Glass Lined","Yes","6 bar (87 psi)","200 °C (392 °F)","Carbon Steel","6 bar (87 psi)","200 °C (392 °F)","Standard","Pfaudler","Yes","Glasslined","BE12500","30 kW (40.2 HP)","","Vertical","","","2,350 mm (93.1 in)","Batch-Type Agitated","Ring","Glasslined","Dish","Reactor"
"246434","Glasslined Pfaudler BE25000 Batch-Type Agitated Reactor - IPP# 246434","https://ims.internationalprocessplants.com/inventory/equipment/detail/246434","28","Yes","Mechanical","1 set of 4-blade pitched paddle cryolock and 1-set of 4-blade retreat curved cryolock on bottom of shaft,","","","","Glasslined","Dish","","28,400 L (7,500 gallons)","","Used","3,000 mm (118.1 in)","","","","","","Glass Lined","Yes","6 bar (87 psi)","200 °C (392 °F)","Carbon Steel","6 bar (87 psi)","200 °C (392 °F)","Standard","Pfaudler","Yes","Glasslined","BE25000","4 kW (5.4 HP)","","Vertical","","","3,000 mm (118.1 in)","Batch-Type Agitated","Ring","Glasslined","Dish","Reactor"
"246435","Stainless Steel 316L LTM Batch-Type Agitated Reactor - IPP# 246435","https://ims.internationalprocessplants.com/inventory/equipment/detail/246435","25","Yes","Mechanical","","","","","Stainless Steel 316L","Dish","","26,600 L (7,050 gallons)","","Used","","45 kW (60.3 HP)","","","Flat Blade Turbine, Pitch Blade","Yes","","Yes","6.5 bar (94.3 psi)","180 °C (356 °F)","","8 bar (116 psi)","180 °C (356 °F)","Internal Pipe Coil","LTM","Yes","Stainless Steel 316L","","45 kW (60.3 HP)","","Vertical","","","","Batch-Type Agitated","Ring","Stainless Steel 316L","Dish","Reactor"
"246449","Glasslined DeDietrich Batch-Type Agitated Reactor - IPP# 246449","https://ims.internationalprocessplants.com/inventory/equipment/detail/246449","23","Yes","Mechanical","","","","","Glasslined","Dish","","27,500 L (7,250 gallons)","","Used","","","","","Pitch Blade","","Glass Lined","","6 bar (87 psi)","200 °C (392 °F)","Carbon Steel","6 bar (87 psi)","200 °C (392 °F)","Standard","DeDietrich","Yes","Glasslined","","","","Vertical","","","","Batch-Type Agitated","Lugs","Glasslined","Hemi","Reactor"
"246450","Glasslined DeDietrich Batch-Type Agitated Reactor - IPP# 246450","https://ims.internationalprocessplants.com/inventory/equipment/detail/246450","24","Yes","Mechanical","","","","","Glasslined","Dish","","27,350 L (7,250 gallons)","","Used","","","","","Pitch Blade","","Glass Lined","Yes","6 bar (87 psi)","200 °C (392 °F)","Carbon Steel","6 bar (87 psi)","200 °C (392 °F)","Standard","DeDietrich","Yes","Glasslined","","","","Vertical","","","","Batch-Type Agitated","Lugs","Glasslined","Hemi","Reactor"
"246463","Glasslined DeDietrich CTJ 10 Batch-Type Agitated Reactor - IPP# 246463","https://ims.internationalprocessplants.com/inventory/equipment/detail/246463","25","","","","","","","Glasslined","Dish","","37.9 L (10 gallons)","","Used","355.6 mm (14 in)","","","","","","Glass Lined","Yes","10.3 bar (150 psi)","260 °C (500 °F)","Carbon Steel","10.3 bar (150 psi)","260 °C (500 °F)","Standard","DeDietrich","","Glasslined","CTJ 10","0.75 kW (1 HP)","4" sight glass. 2" nozzle, 2" nozzle, 2" bottom outlet","Vertical","","","355.6 mm (14 in)","Batch-Type Agitated","Legs","Glasslined","Dish","Reactor"
"246485","New Glasslined UGE UA-300 Batch-Type Agitated Reactor - IPP# 246485","https://ims.internationalprocessplants.com/inventory/equipment/detail/246485","35","Yes","Mechanical","Cryo-Lock","Integral","Beavertail","","Glasslined","Dish","","1,150 L (300 gallons)","","New","1,200 mm (48 in)","3.7 kW (5 HP)","New","New","Flat Blade Turbine","","Glass Lined","Yes","6.9 bar (100 psi)","232.2 °C (450 °F)","Carbon Steel","6.9 bar (100 psi)","232.2 °C (450 °F)","Standard","UGE","Yes","Glasslined","UA-300","3.7 kW (5 HP)","One 24" main cover, 12" x 16" man way with sight glass and assist, One 6", Three 4", three 3", two 2"","Vertical","","","1,200 mm (48 in)","Batch-Type Agitated","Legs","Glasslined","Dish","Reactor"
"246486","New Glasslined UGE UA-500 Batch-Type Agitated Reactor - IPP# 246486","https://ims.internationalprocessplants.com/inventory/equipment/detail/246486","35","Yes","Double Mechanical Seal","Cryo-Lock","Integral Tip","Beavertail","","Glasslined","Dish","","1,900 L (500 gallons)","","New","1,200 mm (48 in)","5.6 kW (7.5 HP)","New","New","Flat Blade Turbine","","Glass Lined","Yes","6.9 bar (100 psi)","232.2 °C (450 °F)","Carbon Steel","6.9 bar (100 psi)","232.2 °C (450 °F)","Standard","UGE","Yes","Glasslined","UA-500","5.6 kW (7.5 HP)","30" main cover with 12" x 16" man way with sight glass and assist hinge, One 6" Three 4", two 3" and two 2" nozzles.","Vertical","","","1,850 mm (73 in)","Batch-Type Agitated","Legs","Glasslined","Dish","Reactor"
"246487","New Glasslined UGE UA-500 Batch-Type Agitated Reactor - IPP# 246487","https://ims.internationalprocessplants.com/inventory/equipment/detail/246487","35","Yes","Double Mechanical Seal","Cryo-Lock","Integral Tip","Beavertail","","Glasslined","Dish","","1,900 L (500 gallons)","","New","1,200 mm (48 in)","5.6 kW (7.5 HP)","New","New","Flat Blade Turbine","","Glass Lined","Yes","6.9 bar (100 psi)","232.2 °C (450 °F)","Carbon Steel","6.9 bar (100 psi)","232.2 °C (450 °F)","Standard","UGE","Yes","Glasslined","UA-500","5.6 kW (7.5 HP)","30" main cover with 12" x 16" man way with sight glass and assist hinge, One 6" Three 4", two 3" and two 2" nozzles.","Vertical","","","1,850 mm (73 in)","Batch-Type Agitated","Legs","Glasslined","Dish","Reactor"
"246488","New Glasslined UGE UA-1000 Batch-Type Agitated Reactor - IPP# 246488","https://ims.internationalprocessplants.com/inventory/equipment/detail/246488","35","Yes","Double Mechanical Seal","Cryo-fix","Integral Tip","Beavertail","","Glasslined","Dish","","3,800 L (1,000 gallons)","","New","1,500 mm (60 in)","7.5 kW (10 HP)","New","New","CBT","","Glass Lined","Yes","6.9 bar (100 psi)","232.2 °C (450 °F)","Carbon Steel","6.2 bar (90 psi)","232.2 °C (450 °F)","Standard","UGE","Yes","Glasslined","UA-1000","7.5 kW (10 HP)","30" main cover with 4 3/8" drive nozzle and two 2" nozzles 14" x 18" manway with 4" sight glass, pro ring and hinge assist, One 8", and four 4" nozzles.","Vertical","","","2,200 mm (87 in)","Batch-Type Agitated","Legs","Glasslined","Dish","Reactor"
"246489","New Glasslined UGE UA-2000 Batch-Type Agitated Reactor - IPP# 246489","https://ims.internationalprocessplants.com/inventory/equipment/detail/246489","35","Yes","Double Mechanical Seal","Cryo-Lock","Integral tip","Beavertail","","Glasslined","Dish","","7,550 L (2,000 gallons)","","New","2,000 mm (78 in)","14.9 kW (20 HP)","New","New","Flat Blade Turbine","","Glass Lined","Yes","6.9 bar (100 psi)","232.2 °C (450 °F)","Carbon Steel","6.2 bar (90 psi)","232.2 °C (450 °F)","Standard","UGE","Yes","Glasslined","UA-2000","14.9 kW (20 HP)","30" main Cover with a 4 & 3/8" drive nozzle, two 2" nozzles and a 14" x 18" man way with 4" sight glass, protection ring and assist hinge. Two 8" nozzles, two 6" nozzles, three 4" nozzles.","Vertical","","","2,700 mm (106 in)","Batch-Type Agitated","Legs","Glasslined","Dish","Reactor"
"246490","New Glasslined UGE UA-2000 Batch-Type Agitated Reactor - IPP# 246490","https://ims.internationalprocessplants.com/inventory/equipment/detail/246490","35","Yes","Double Mechanical Seal","Cryofix agitator blades","Integral Tip","Beavertail","","Glasslined","Dish","","7,550 L (2,000 gallons)","","New","2,000 mm (78 in)","14.9 kW (20 HP)","New","New","Retreat Curve","","Glass Lined","Yes","6.9 bar (100 psi)","232.2 °C (450 °F)","Carbon Steel","6.2 bar (90 psi)","232.2 °C (450 °F)","Standard","UGE","Yes","Glasslined","UA-2000","14.9 kW (20 HP)","30" main Cover with a 4 & 3/8" drive nozzle, two 2" nozzles and a 14" x 18" man way with 4" sight glass, protection ring and assist hinge. Two 8" nozzles, two 6" nozzles, three 4" nozzles.","Vertical","","","2,700 mm (106 in)","Batch-Type Agitated","Legs","Glasslined","Dish","Reactor"
"246491","New Glasslined UGE UA-2000 Batch-Type Agitated Reactor - IPP# 246491","https://ims.internationalprocessplants.com/inventory/equipment/detail/246491","35","Yes","Double Mechanical Seal","Cryofix","Integral Tip","Beavertail","","Glasslined","Dish","","7,550 L (2,000 gallons)","","New","2,000 mm (78 in)","14.9 kW (20 HP)","New","New","Retreat Curve","","Glass Lined","Yes","6.9 bar (100 psi)","232.2 °C (450 °F)","Carbon Steel","6.2 bar (90 psi)","232.2 °C (450 °F)","Standard","UGE","Yes","Glasslined","UA-2000","14.9 kW (20 HP)","30" main Cover with a 4 & 3/8" drive nozzle, two 2" nozzles and a 14" x 18" man way with 4" sight glass, protection ring and assist hinge. Two 8" nozzles, two 6" nozzles, three 4" nozzles.","Vertical","","","2,700 mm (106 in)","Batch-Type Agitated","Legs","Glasslined","Dish","Reactor"
"246492","New Glasslined UGE UA-4000 Batch-Type Agitated Reactor - IPP# 246492","https://ims.internationalprocessplants.com/inventory/equipment/detail/246492","35","Yes","Double Mechanical Seal","Cryo-Lock","Integral Tip","Beavertail","","Glasslined","Dish","","15,150 L (4,000 gallons)","","New","2,450 mm (96 in)","22.4 kW (30 HP)","New","New","Flat Blade Turbine","","Glass Lined","Yes","6.9 bar (100 psi)","232.2 °C (450 °F)","Carbon Steel","6.2 bar (90 psi)","232.2 °C (450 °F)","Standard","UGE","Yes","Glasslined","UA-4000","22.4 kW (30 HP)","18" man way with 4" sight glass, pro ring and hinge assist. 36" main cover with a 6" agitator nozzle. Two 8", Two 6", and four 4" process nozzles.","Vertical","","","3,500 mm (137.5 in)","Batch-Type Agitated","Legs","Glasslined","Dish","Reactor"
"246493","New Glasslined UGE UA-4000 Batch-Type Agitated Reactor - IPP# 246493","https://ims.internationalprocessplants.com/inventory/equipment/detail/246493","35","Yes","Double Mechanical Seal","Cryo-Lock","Integral Tip","Beavertail","","Glasslined","Dish","","15,150 L (4,000 gallons)","","New","2,450 mm (96 in)","22.4 kW (30 HP)","New","New","Flat Blade Turbine","","Glass Lined","Yes","6.9 bar (100 psi)","232.2 °C (450 °F)","Carbon Steel","6.2 bar (90 psi)","232.2 °C (450 °F)","Standard","UGE","Yes","Glasslined","UA-4000","22.4 kW (30 HP)","18" man way with 4" sight glass, pro ring and hinge assist. 36" main cover with a 6" agitator nozzle. Two 8", Two 6", and four 4" process nozzles.","Vertical","","","3,500 mm (137.5 in)","Batch-Type Agitated","Legs","Glasslined","Dish","Reactor"
"246533","New Glasslined UGE UT-30 Reactor Assembly Batch-Type Agitated Reactor - IPP# 246533","https://ims.internationalprocessplants.com/inventory/equipment/detail/246533","33","Yes","Mechanical","11" Span CBT","Straight with integral Tip","","","Glasslined","Dish","","113.6 L (30 gallons)","","New","508 mm (20 in)","1.12 kW (1.5 HP)","New","New","CBT","","Glass Lined","Yes","10.3 bar (150 psi)","232.2 °C (450 °F)","Carbon Steel","8.6 bar (125 psi)","232.2 °C (450 °F)","Standard","UGE","","Glasslined","UT-30 Reactor Assembly","0.75 kW (1 HP)","4 3/8" hand hole, with protection ring and sight glass assembly. 2 3/8" agitation, 2" bottom outlet, Two 2" two 1.5"","Vertical","","","629 mm (24.8 in)","Batch-Type Agitated","Legs","Glasslined","Dish","Reactor"
"246534","New Glasslined UGE UT-30 Reactor Assembly Batch-Type Agitated Reactor - IPP# 246534","https://ims.internationalprocessplants.com/inventory/equipment/detail/246534","33","Yes","Mechanical","11" span CBT","Straight with integral Tip","","","Glasslined","Dish","","113.6 L (30 gallons)","","New","508 mm (20 in)","1.12 kW (1.5 HP)","New","New","CBT","","Glass Lined","Yes","10.3 bar (150 psi)","232.2 °C (450 °F)","Carbon Steel","8.6 bar (125 psi)","232.2 °C (450 °F)","Standard","UGE","","Glasslined","UT-30 Reactor Assembly","1.12 kW (1.5 HP)","4 3/8" hand hole, with protection ring and sight glass assembly. 2 3/8" agitation, 2" bottom outlet, Two 2" two 1.5"","Vertical","","","629 mm (24.8 in)","Batch-Type Agitated","Legs","Glasslined","Dish","Reactor"
"246535","New Glasslined UGE UT-50 Reactor Assembly Batch-Type Agitated Reactor - IPP# 246535","https://ims.internationalprocessplants.com/inventory/equipment/detail/246535","33","Yes","Mechanical","CBT agitator DN40 x 1501 lg.","Straight baffle with integral tip","","","Glasslined","Dish","","189.3 L (50 gallons)","","New","610 mm (24 in)","1.12 kW (1.5 HP)","New","New","CBT","","Glass Lined","Yes","10.3 bar (150 psi)","232.2 °C (450 °F)","Carbon Steel","8.6 bar (125 psi)","232.2 °C (450 °F)","Standard","UGE","","Glasslined","UT-50 Reactor Assembly","1.12 kW (1.5 HP)","One 4 3/8" hand hole, with protection ring and sight glass assembly. One agitation nozzle 2 3/8", One 2" bottom outlet, One 3", One 2", two 1.5" nozzles.","Vertical","","","730 mm (28.8 in)","Batch-Type Agitated","Legs","Glasslined","Dish","Reactor"
"246536","New Glasslined UGE UT-50 Reactor Assembly Batch-Type Agitated Reactor - IPP# 246536","https://ims.internationalprocessplants.com/inventory/equipment/detail/246536","33","Yes","Mechanical","CBT agitator DN40 x 1501 lg.","Straight baffle with integral tip","","","Glasslined","Dish","","189.3 L (50 gallons)","","New","610 mm (24 in)","1.12 kW (1.5 HP)","New","New","CBT","","Glass Lined","Yes","10.3 bar (150 psi)","232.2 °C (450 °F)","Carbon Steel","8.6 bar (125 psi)","232.2 °C (450 °F)","Standard","UGE","","Glasslined","UT-50 Reactor Assembly","0.75 kW (1 HP)","One 4 3/8" hand hole, with protection ring and sight glass assembly. One agitation nozzle 2 3/8", One 2" bottom outlet, One 3", One 2", two 1.5" nozzles.","Vertical","","","730 mm (28.8 in)","Batch-Type Agitated","Legs","Glasslined","Dish","Reactor"
"246537","New Glasslined UGE UT-100 Reactor Assembly Batch-Type Agitated Reactor - IPP# 246537","https://ims.internationalprocessplants.com/inventory/equipment/detail/246537","33","Yes","Mechanical","MSGL CBT Agitator DN50 x 1790 Lg 14.5 " span","straight baffle with integral tip","","","Glasslined","Dish","","378.5 L (100 gallons)","","New","813 mm (32 in)","1.49 kW (2 HP)","New","New","CBT","","Glass Lined","Yes","10.3 bar (150 psi)","232.2 °C (450 °F)","Carbon Steel","8.6 bar (125 psi)","232.2 °C (450 °F)","Standard","UGE","","Glasslined","UT-100 Reactor Assembly","1.49 kW (2 HP)","One 8" hand Hole, with protection ring and sight glass assembly. One 2/3/8" agitator nozzle, one 3" center bottom outlet, Four 4" nozzles.","Vertical","","","921 mm (36.3 in)","Batch-Type Agitated","Legs","Glasslined","Dish","Reactor"
"246538","New Glasslined UGE UT-100 Reactor Assembly Batch-Type Agitated Reactor - IPP# 246538","https://ims.internationalprocessplants.com/inventory/equipment/detail/246538","33","Yes","Mechanical","MSGL CBT Agitator DN50 x 1790 Lg 14.5 " span","straight baffle with integral tip","","","Glasslined","Dish","","378.5 L (100 gallons)","","New","813 mm (32 in)","1.49 kW (2 HP)","New","New","CBT","","Glass Lined","Yes","10.3 bar (150 psi)","232.2 °C (450 °F)","Carbon Steel","8.6 bar (125 psi)","232.2 °C (450 °F)","Standard","UGE","","Glasslined","UT-100 Reactor Assembly","1.49 kW (2 HP)","One 8" hand Hole, with protection ring and sight glass assembly. One 2/3/8" agitator nozzle, one 3" center bottom outlet, Four 4" nozzles.","Vertical","","","921 mm (36.3 in)","Batch-Type Agitated","Legs","Glasslined","Dish","Reactor"
"246539","New Glasslined UGE UT-200 Reactor Assembly Batch-Type Agitated Reactor - IPP# 246539","https://ims.internationalprocessplants.com/inventory/equipment/detail/246539","34","Yes","Double Mechanical Seal","MSGL CBT DN80 x 2100 Lg. Span 18.25","Straight baffle with integral tip","","","Glasslined","Dish","","757 L (200 gallons)","","New","1,000 mm (40 in)","2.2 kW (3 HP)","New","New","CBT","","Glass Lined","Yes","10.3 bar (150 psi)","232.2 °C (450 °F)","Carbon Steel","8.6 bar (125 psi)","232.2 °C (450 °F)","Standard","UGE","Yes","Glasslined","UT-200 Reactor Assembly","2.2 kW (3 HP)","One 12" x 16" Man way, with sight glass assembly, protection ring and man way assist. One 4 3/8" agitation nozzle, one 3" center bottom outlet, One 6" nozzle, five 4" nozzles","Vertical","","","1,150 mm (45.5 in)","Batch-Type Agitated","Legs","Glasslined","Dish","Reactor"
"246540","New Glasslined UGE UT-200 Reactor Assembly Batch-Type Agitated Reactor - IPP# 246540","https://ims.internationalprocessplants.com/inventory/equipment/detail/246540","34","Yes","Mechanical","MSGL CBT DN80 x 2100 Lg. Span 18.25","straight baffle with integral tip","","","Glasslined","Dish","","757 L (200 gallons)","","New","1,000 mm (40 in)","2.2 kW (3 HP)","New","New","CBT","","Glass Lined","Yes","10.3 bar (150 psi)","232.2 °C (450 °F)","Carbon Steel","8.6 bar (125 psi)","232.2 °C (450 °F)","Standard","UGE","Yes","Glasslined","UT-200 Reactor Assembly","2.2 kW (3 HP)","One 12" x 16" Man way, with sight glass assembly, protection ring and man way assist. One 4 3/8" agitation nozzle, one 3" center bottom outlet, One 6" nozzle, five 4" nozzles","Vertical","","","1,150 mm (45.5 in)","Batch-Type Agitated","Legs","Glasslined","Dish","Reactor"
"246581","New Glasslined UGE UT-30 Batch-Type Agitated Reactor - IPP# 246581","https://ims.internationalprocessplants.com/inventory/equipment/detail/246581","9","","","","","","","","","","11.4 L (3 gallons)","","New","","","New","New","","","Gloass Lined","","","","","","","","UGE","","Glasslined","","","","","","","","Batch-Type Agitated","","","","Reactor"
"246593","Unused Glasslined 3V Tech GA4000 Batch-Type Agitated Reactor - IPP# 246593","https://ims.internationalprocessplants.com/inventory/equipment/detail/246593","34","Yes","Mechanical","3V seal & Gear arrangement","","Beavertail","","Glasslined","Dish","","15,150 L (4,000 gallons)","","Unused","2,450 mm (96 in)","18.6 kW (25 HP)","Very Clean (VC)","Full Fire Polish (FF)","Pitch Blade","","Glass Lined","Yes","6.9 bar (100 psi)","232.2 °C (450 °F)","Carbon Steel","6.9 bar (100 psi)","232.2 °C (450 °F)","Standard","3V Tech","Yes","Glasslined","GA4000","18.6 kW (25 HP)","one 36", one 18", one 10", three 8" one 6", five 4", four 3".","Vertical","","","2,800 mm (111 in)","Batch-Type Agitated","Legs","Glasslined","Dish","Reactor"
"246594","Unused Glasslined 3V Tech GA4000 Batch-Type Agitated Reactor - IPP# 246594","https://ims.internationalprocessplants.com/inventory/equipment/detail/246594","34","Yes","Mechanical","3V seal and gear arrangement","","Beavertail","","Glasslined","Dish","","15,150 L (4,000 gallons)","","Unused","2,450 mm (96 in)","18.6 kW (25 HP)","Very Clean (VC)","Full Fire Polish (FF)","Pitch Blade","","Glass Lined","Yes","6.9 bar (100 psi)","232.2 °C (450 °F)","Carbon Steel","6.9 bar (100 psi)","232.2 °C (450 °F)","Standard","3V Tech","Yes","Glasslined","GA4000","18.6 kW (25 HP)","one 36", one 18", one 10", three 8" one 6", five 4", four 3".","Vertical","","","2,800 mm (111 in)","Batch-Type Agitated","Legs","Glasslined","Dish","Reactor"
"246595","Unused Glasslined 3V Tech GA4000 Batch-Type Agitated Reactor - IPP# 246595","https://ims.internationalprocessplants.com/inventory/equipment/detail/246595","35","Yes","Mechanical with Gas","3V seal & Gear arrangement","","Beavertail","","Glasslined","Dish","","15,150 L (4,000 gallons)","","Unused","2,450 mm (96 in)","18.6 kW (25 HP)","Very Clean (VC)","Full Fire Polish (FF)","Pitch Blade","","Glass Lined","Yes","6.9 bar (100 psi)","232.2 °C (450 °F)","Carbon Steel","6.9 bar (100 psi)","232.2 °C (450 °F)","Standard","3V Tech","Yes","Glasslined","GA4000","18.6 kW (25 HP)","one 36", one 18", one 10", three 8" one 6", five 4", four 3".","Vertical","Yes","","2,800 mm (111 in)","Batch-Type Agitated","Lugs","Glasslined","Dish","Reactor"
"246596","Unused Glasslined 3V Tech GA 4000 Batch-Type Agitated Reactor - IPP# 246596","https://ims.internationalprocessplants.com/inventory/equipment/detail/246596","35","Yes","Mechanical with Gas","3V seal & Gear arrangement","","Beavertail","","Glasslined","Dish","","15,150 L (4,000 gallons)","","Unused","2,450 mm (96 in)","18.6 kW (25 HP)","Very Clean (VC)","Full Fire Polish (FF)","Pitch Blade","","Glass Lined","Yes","6.9 bar (100 psi)","232.2 °C (450 °F)","Carbon Steel","6.9 bar (100 psi)","232.2 °C (450 °F)","Standard","3V Tech","Yes","Glasslined","GA 4000","18.6 kW (25 HP)","one 36", one 18", one 10", three 8" one 6", five 4", four 3".","Vertical","Yes","","2,800 mm (111 in)","Batch-Type Agitated","Lugs","Glasslined","Dish","Reactor"
"246600","Glasslined Pfaudler Batch-Type Agitated Reactor - IPP# 246600","https://ims.internationalprocessplants.com/inventory/equipment/detail/246600","32","Yes","Mechanical","Counter clock wise at 175 rpm","2 finger up","Finger Baffle","","Glasslined","Dish","","189.3 L (50 gallons)","","Re-glassed","610 mm (24 in)","","Very Clean (VC)","Full Fire Polish (FF)","Retreat Curve","","Glass Lined","Yes","1.72 bar (25 psi)","176.7 °C (350 °F)","Carbon Steel","7.2 bar (105 psi)","176.7 °C (350 °F)","Standard","Pfaudler","","Glasslined","P Series","","One 4 3/8" hand hole, One 3", one 2 3/8" one 2" CBO, Two 1.5"","Vertical","","","730 mm (28.8 in)","Batch-Type Agitated","Legs","Glasslined","Dish","Reactor"
"246603","Glasslined Pfaudler Batch-Type Agitated Reactor - IPP# 246603","https://ims.internationalprocessplants.com/inventory/equipment/detail/246603","7","","","","","","","","","","3,800 L (1,000 gallons)","","Used","","","","","","","","","","","","","","","Pfaudler","","Glasslined","","","","Vertical","","","","Batch-Type Agitated","","","","Reactor"
"246604","Glasslined Pfaudler Clamp Top Batch-Type Agitated Reactor - IPP# 246604","https://ims.internationalprocessplants.com/inventory/equipment/detail/246604","8","","","","","","","","","","1,900 L (500 gallons)","","Used","","","","","","","","","","","","","","","Pfaudler","","Glasslined","Clamp Top","","","Vertical","","","","Batch-Type Agitated","","","","Reactor"
"246626","Glasslined Pfaudler Batch-Type Agitated Reactor - IPP# 246626","https://ims.internationalprocessplants.com/inventory/equipment/detail/246626","32","Yes","Mechanical","","","Fin Baffle","","Glasslined","Dish","","37.9 L (10 gallons)","","Re-glassed","355.6 mm (14 in)","1.49 kW (2 HP)","Very Clean (VC)","Full Fire Polish (FF)","Retreat Curve","","Glass Lined","Yes","10.3 bar (150 psi)","232.2 °C (450 °F)","Carbon Steel","8.3 bar (120 psi)","176.7 °C (350 °F)","Standard","Pfaudler","","Glasslined","P Series","1.49 kW (2 HP)","4 2", one 2 3/8",one 1.5"","Vertical","","","330.2 mm (13 in)","Batch-Type Agitated","Legs","Glasslined","Dish","Reactor"
"246699","Stainless Steel 316 Industrial Alloy Fabricators Batch-Type Agitated Reactor - IPP# 246699","https://ims.internationalprocessplants.com/inventory/equipment/detail/246699","32","Yes","Mechanical","Two tier 3 blade agitator","Four full length side wall baffles","Sidewall Mounted Straight Baffle","","Stainless Steel 316","Flat","","34,050 L (9,000 gallons)","","Used","2,750 mm (108 in)","1.86 kW (2.5 HP)","","","Pitch Blade","Yes","Mill 2B","Yes","1.03 bar (15 psi)","148.9 °C (300 °F)","Stainless Steel 304","3.4 bar (50 psi)","148.9 °C (300 °F)","Half Pipe/Limpet","Industrial Alloy Fabricators","","Stainless Steel 316","","1.12 kW (1.5 HP)","(1) 24" opening that takes a ring with a rupture disk,, (1) agitator, (1) 6" outlet, (6) 4" nozzles, (4) 3" nozzles, (4) 2" nozzles","Vertical","","","6,600 mm (259 in)","Batch-Type Agitated","Skirt","Stainless Steel 316","Flat","Reactor"
"246937","New Stainless Steel 316 Gale Process Solutions 6000 Batch-Type Agitated Reactor - IPP# 246937","https://ims.internationalprocessplants.com/inventory/equipment/detail/246937","33","Yes","Double Mechanical Seal","","sidewall mount","Flat Vertical","","Stainless Steel 316","Elliptical","","22,700 L (6,000 gallons)","","New","2,800 mm (110 in)","29.8 kW (40 HP)","","","Pitch Blade","","240 Grit Polish","Yes","10 bar (145 psi)","233 °C (451.4 °F)","Stainless Steel 304","10 bar (145 psi)","233 °C (451.4 °F)","Half Pipe/Limpet","Gale Process Solutions","Yes","Stainless Steel 316","6000","29.8 kW (40 HP)","610 mm manway with cover and spring assist, Two 150 mm nozzles, three 100 mm, seven 80 mm nozzles, two 50 mm nozzles, four 25 mm nozzles.","Vertical","Yes","","3,400 mm (133 in)","Batch-Type Agitated","Legs","Stainless Steel 316","Elliptical","Reactor"
"247007","500-Gallon Glass-Lined Batch Agitated Reactor &#x2013; Pfaudler ELL Series - IPP# 247007","https://ims.internationalprocessplants.com/inventory/equipment/detail/247007","35","Yes","Double Mechanical Seal","RCI","Fin Baffle with removable tip","Fin Baffle","","Glasslined","Dish","","1,900 L (500 gallons)","","Re-glassed","1,500 mm (60 in)","3.7 kW (5 HP)","Very Clean (VC)","Full Fire Polish (FF)","Retreat Curve","","Glass Lined","Yes","1.72 bar (25 psi)","204.4 °C (400 °F)","Carbon Steel","6.2 bar (90 psi)","176.7 °C (350 °F)","Standard","Pfaudler","Yes","Glasslined","ELL Series","3.7 kW (5 HP)","12 x 16 manway with sight glass assembly, pro ring and assisit. (1) 4 3/8" center drive nozzle, (1) 8" nozzle (3) 4" nozzle, (1)3" outlet","Vertical","","","1,300 mm (51 in)","Batch-Type Agitated","Legs","Glasslined","Dish","Reactor"
"247008","500-Gallon Glass-Lined ASME Batch Reactor &#x2013; Reglassed - IPP# 247008","https://ims.internationalprocessplants.com/inventory/equipment/detail/247008","35","Yes","Double Mechanical Seal","RCI","H Baffle with with integral tip","H-Baffle","","Carbon Steel","Dish","","1,900 L (500 gallons)","","Re-glassed","1,350 mm (54 in)","3.7 kW (5 HP)","Very Clean (VC)","Full Fire Polish (FF)","Retreat Curve","","Glass Lined","Yes","5.2 bar (75 psi)","260 °C (500 °F)","Carbon Steel","7.2 bar (105 psi)","260 °C (500 °F)","Standard","DeDietrich","Yes","Glasslined","CTJ","3.7 kW (5 HP)","14 X18 Manway with sight glass assembly and protection ring, (1) 4 3/8" center drive nozzle, (1) 8" nozzle, (4) 4" nozzle, bottom outlet, (1) 3" outlet,","Vertical","","","1,200 mm (48 in)","Batch-Type Agitated","Legs","Carbon Steel","Dish","Reactor"
"247047","New Stainless Steel 304 Batch-Type Agitated Reactor - IPP# 247047","https://ims.internationalprocessplants.com/inventory/equipment/detail/247047","9","Yes","","","","","","","","","3,800 L (1,000 gallons)","","New","","","","","","","","","","","","","","","Gale Process Solutions","","Stainless Steel 304","","","","Vertical","","","","Batch-Type Agitated","Legs","","","Reactor"
"247102","New Stainless Steel 316L Gale Process Solutions Batch-Type Agitated Reactor - IPP# 247102","https://ims.internationalprocessplants.com/inventory/equipment/detail/247102","32","Yes","Double Mechanical Seal","107 RPM-Three tier PBT","","Sidewall Mounted Straight Baffle","","Stainless Steel 316L","Dish","","378.5 L (100 gallons)","","New","700 mm (27.6 in)","2.2 kW (3 HP)","","","Pitch Blade","","Buff Polish","Yes","10 bar (145 psi)","232.2 °C (450 °F)","Stainless Steel 304L","10 bar (145 psi)","232.2 °C (450 °F)","Half Pipe/Limpet","Gale Process Solutions","","Stainless Steel 316L","","2.2 kW (3 HP)","6" handhole, one 4", four 3", 2.5" agitator, 2" bottom nozzle, 1.5" dip tube","Vertical","Yes","Yes","1,200 mm (47.4 in)","Batch-Type Agitated","Lugs","Stainless Steel 316L","Dish","Reactor"
"247103","New Stainless Steel 316L Gale Process Solutions Batch-Type Agitated Reactor - IPP# 247103","https://ims.internationalprocessplants.com/inventory/equipment/detail/247103","33","Yes","Double Mechanical Seal","107 RPM-Three tier PBT","","Sidewall Mounted Straight Baffle","","Stainless Steel 316L","Dish","","378.5 L (100 gallons)","","New","700 mm (27.6 in)","2.2 kW (3 HP)","","","Pitch Blade","","Buff Polish","Yes","10 bar (145 psi)","232.2 °C (450 °F)","Stainless Steel 304L","10 bar (145 psi)","232.2 °C (450 °F)","Half Pipe/Limpet","Gale Process Solutions","Yes","Stainless Steel 316L","","2.2 kW (3 HP)","6" handhole, one 4", four 3", 2.5" agitator, 2" bottom nozzle, 1.5" dip tube","Vertical","Yes","Yes","1,200 mm (47.4 in)","Batch-Type Agitated","Lugs","Stainless Steel 316L","Dish","Reactor"
"247104","New Stainless Steel 316L Gale Process Solutions Batch-Type Agitated Reactor - IPP# 247104","https://ims.internationalprocessplants.com/inventory/equipment/detail/247104","31","Yes","Double Mechanical Seal","","","Sidewall Mounted Straight Baffle","","Stainless Steel 316L","Dish","","757 L (200 gallons)","","New","900 mm (35.4 in)","3.7 kW (5 HP)","","","Pitch Blade","","Buff Polish","Yes","10 bar (145 psi)","232.2 °C (450 °F)","Stainless Steel 304","10 bar (145 psi)","232.2 °C (450 °F)","Half Pipe/Limpet","Gale Process Solutions","","Stainless Steel 316L","","3.7 kW (5 HP)","6" hand hole, 4" sight glass, 3" bottom pad, 1 1/2" thermowell, 4" light glass, 6" vapor, (2) 4" nozzles, 1 1/2 dip pipe, 2" inlet, 2" outlet, 2" vent, 2" drain","Vertical","Yes","Yes","1,450 mm (57.6 in)","Batch-Type Agitated","Lugs","Stainless Steel 316L","Dish","Reactor"
"247105","New Stainless Steel 316L Gale Process Solutions Batch-Type Agitated Reactor - IPP# 247105","https://ims.internationalprocessplants.com/inventory/equipment/detail/247105","31","Yes","Double Mechanical Seal","","","Sidewall Mounted Straight Baffle","","Stainless Steel 316L","Dish","","757 L (200 gallons)","","New","900 mm (35.4 in)","3.7 kW (5 HP)","","","Pitch Blade","","Buff Polish","Yes","10 bar (145 psi)","232.2 °C (450 °F)","Stainless Steel 304","10 bar (145 psi)","232.2 °C (450 °F)","Half Pipe/Limpet","Gale Process Solutions","","Stainless Steel 316L","","3.7 kW (5 HP)","6" hand hole, 4" sight glass, 3" bottom pad, 1 1/2" thermowell, 4" light glass, 6" vapor, (2) 4" nozzles, 1 1/2 dip pipe, 2" inlet, 2" outlet, 2" vent, 2" drain","Vertical","Yes","Yes","1,450 mm (57.6 in)","Batch-Type Agitated","Lugs","Stainless Steel 316L","Dish","Reactor"
"247106","Reactor Batch-Type Agitated cGMP New 300 Gallon (1200L) Stainless Steel 316L - IPP# 247106","https://ims.internationalprocessplants.com/inventory/equipment/detail/247106","31","Yes","Double Mechanical Seal","","","Sidewall Mounted Straight Baffle","","Stainless Steel 316L","Dish","","1,150 L (300 gallons)","","New","1,000 mm (39.4 in)","","","","Pitch Blade","","Buff Polish","Yes","10 bar (145 psi)","232.2 °C (450 °F)","Stainless Steel 304","10 bar (145 psi)","232.2 °C (450 °F)","Half Pipe/Limpet","Gale Process Solutions","Yes","Stainless Steel 316L","","3.7 kW (5 HP)","14" manhole, 4" light glass, 3" bottom pad, 1 1/2 thermowell. 4" sight glass, 6" vapor, 1 1/2" dip tube, 2" inlet, 2" outlet, 2" vent, 2" drain","Vertical","Yes","Yes","1,400 mm (55.1 in)","Batch-Type Agitated","Lugs","Stainless Steel 316L","Dish","Reactor"
"247107","New Stainless Steel 316L Gale Process Solutions Batch-Type Agitated Reactor - IPP# 247107","https://ims.internationalprocessplants.com/inventory/equipment/detail/247107","31","Yes","Double Mechanical Seal","","","Sidewall Mounted Straight Baffle","","Stainless Steel 316L","Dish","","1,150 L (300 gallons)","","New","1,000 mm (39.4 in)","","","","Pitch Blade","","Buff Polish","Yes","10 bar (145 psi)","232.2 °C (450 °F)","Stainless Steel 304","10 bar (145 psi)","232.2 °C (450 °F)","Half Pipe/Limpet","Gale Process Solutions","Yes","Stainless Steel 316L","","3.7 kW (5 HP)","14" manhole, 4" light glass, 3" bottom pad, 1 1/2 thermowell. 4" sight glass, 6" vapor, 1 1/2" dip tube, 2" inlet, 2" outlet, 2" vent, 2" drain","Vertical","Yes","Yes","1,400 mm (55.1 in)","Batch-Type Agitated","Lugs","Stainless Steel 316L","Dish","Reactor"
"247108","New Stainless Steel 316L Gale Process Solutions Batch-Type Agitated Reactor - IPP# 247108","https://ims.internationalprocessplants.com/inventory/equipment/detail/247108","34","Yes","Double Mechanical Seal","Three tier PBT","Four","Sidewall Mounted Straight Baffle","","Stainless Steel 316L","Dish","","1,900 L (500 gallons)","","New","1,200 mm (47.2 in)","5.6 kW (7.5 HP)","","","Pitch Blade","","Buff Polish","Yes","10 bar (145 psi)","232.2 °C (450 °F)","Stainless Steel 304","10 bar (145 psi)","232.2 °C (450 °F)","Half Pipe/Limpet","Gale Process Solutions","Yes","Stainless Steel 316L","","5.6 kW (7.5 HP)","16" man way, 6" vapor, 4.13" agitator, two 4", three 3", one 1.5".","Vertical","Yes","Yes","1,650 mm (65 in)","Batch-Type Agitated","Lugs","Stainless Steel 316L","Dish","Reactor"
"247109","New Stainless Steel 316L Gale Process Solutions Batch-Type Agitated Reactor - IPP# 247109","https://ims.internationalprocessplants.com/inventory/equipment/detail/247109","34","Yes","Double Mechanical Seal","Three tier PBT","Four","Sidewall Mounted Straight Baffle","","Stainless Steel 316L","Dish","","1,900 L (500 gallons)","","New","1,200 mm (47.2 in)","5.6 kW (7.5 HP)","","","Pitch Blade","","Buff Polish","Yes","10 bar (145 psi)","232.2 °C (450 °F)","Stainless Steel 304","10 bar (145 psi)","232.2 °C (450 °F)","Half Pipe/Limpet","Gale Process Solutions","Yes","Stainless Steel 316L","","5.6 kW (7.5 HP)","16" man way, 6" vapor, 4.13" agitator, two 4", three 3", one 1.5".","Vertical","Yes","Yes","1,650 mm (65 in)","Batch-Type Agitated","Lugs","Stainless Steel 316L","Dish","Reactor"
"247110","New Hastelloy - C22 Gale Process Solutions Batch-Type Agitated Reactor - IPP# 247110","https://ims.internationalprocessplants.com/inventory/equipment/detail/247110","34","Yes","Double Mechanical Seal","Three tier PBT","Four","Sidewall Mounted Straight Baffle","","Hastelloy - C22","Dish","","1,900 L (500 gallons)","","New","1,200 mm (47.2 in)","","","","Pitch Blade","Yes","Buff Polish","Yes","10 bar (145 psi)","232.2 °C (450 °F)","Stainless Steel 304","10 bar (145 psi)","232.2 °C (450 °F)","Half Pipe/Limpet","Gale Process Solutions","Yes","Hastelloy - C22","","5.6 kW (7.5 HP)","One 16" man way, One 6" vapor, one 4.13 agitator, Two 4" three 3", one 1.5"","Vertical","Yes","Yes","1,650 mm (65 in)","Batch-Type Agitated","Lugs","Hastelloy - C22","Dish","Reactor"
"247111","New Stainless Steel 316L Gale Process Solutions Batch-Type Agitated Reactor - IPP# 247111","https://ims.internationalprocessplants.com/inventory/equipment/detail/247111","34","Yes","Double Mechanical Seal","3 tier PBT","four","Sidewall Mounted Straight Baffle","","Stainless Steel 316L","Dish","","2,850 L (750 gallons)","","New","1,400 mm (55.1 in)","7.5 kW (10 HP)","","","Pitch Blade","","240 Grit Polish","Yes","10 bar (145 psi)","232.2 °C (450 °F)","Stainless Steel 304","10 bar (145 psi)","232.2 °C (450 °F)","Half Pipe/Limpet","Gale Process Solutions","Yes","Stainless Steel 316L","","7.5 kW (10 HP)","One 18" man way, one 8" vapor nozzle, one 6", one 4.13" agitation nozzle, five 4" nozzles, one 3" nozzle, two 1.5" nozzle.","Vertical","Yes","Yes","1,850 mm (72.8 in)","Batch-Type Agitated","Lugs","Stainless Steel 316L","Dish","Reactor"
"247112","New Stainless Steel 316L Gale Process Solutions Batch-Type Agitated Reactor - IPP# 247112","https://ims.internationalprocessplants.com/inventory/equipment/detail/247112","34","Yes","Double Mechanical Seal","3 tier PBT","Four","Sidewall Mounted Straight Baffle","","Stainless Steel 316L","Dish","","2,850 L (750 gallons)","","New","1,400 mm (55.1 in)","7.5 kW (10 HP)","","","Pitch Blade","","240 Grit Polish","Yes","10 bar (145 psi)","232.2 °C (450 °F)","Stainless Steel 304","10 bar (145 psi)","232.2 °C (450 °F)","Half Pipe/Limpet","Gale Process Solutions","Yes","Stainless Steel 316L","","7.5 kW (10 HP)","One 18" man way, one 8" vapor nozzle, one 6", one 4.13" agitation nozzle, five 4" nozzles, one 3" nozzle, two 1.5" nozzle.","Vertical","Yes","Yes","1,850 mm (72.8 in)","Batch-Type Agitated","Lugs","Stainless Steel 316L","Dish","Reactor"
"247113","New 1000 Gallon Stainless Steel 316L Gale Process Solutions Batch-Type Agitated Reactor - IPP# 247113","https://ims.internationalprocessplants.com/inventory/equipment/detail/247113","31","Yes","Double Mechanical Seal","Agitator shaft 90mm diameter, rotating at 99 RPM. With (2x) 800mm sweep blades, and (1x) 640mm sweep blade.","","Sidewall Mounted Straight Baffle","","Stainless Steel 316L","Dish","","3,800 L (1,000 gallons)","","New","1,600 mm (63 in)","","","","Pitch Blade","","Buff Polish","Yes","10 bar (145 psi)","232.2 °C (450 °F)","Stainless Steel 304","10 bar (145 psi)","232.2 °C (450 °F)","Half Pipe/Limpet","Gale Process Solutions","","Stainless Steel 316L","","7.5 kW (10 HP)","18" man hole, 6" sight glass, 3" bottom pad, 1 1/2" thermowell. (5) 4" nozzles, 1 1/2" dip tube, 3" inlet, 3" outlet, 2" vent, 2" drain.","Vertical","Yes","Yes","2,000 mm (78.7 in)","Batch-Type Agitated","Lugs","Stainless Steel 316L","Dish","Reactor"
"247114","New Stainless Steel 316L Gale Process Solutions Batch-Type Agitated Reactor - IPP# 247114","https://ims.internationalprocessplants.com/inventory/equipment/detail/247114","32","Yes","Double Mechanical Seal","Agitator shaft 90mm diameter, rotating at 99 RPM. With (2x) 800mm sweep blades, and (1x) 640mm sweep blade.","","Sidewall Mounted Straight Baffle","","Stainless Steel 316L","Dish","","3,800 L (1,000 gallons)","","New","1,600 mm (63 in)","","","","Pitch Blade","","240 Grit Polish","Yes","10 bar (145 psi)","232.2 °C (450 °F)","Stainless Steel 304","10 bar (145 psi)","232.2 °C (450 °F)","Half Pipe/Limpet","Gale Process Solutions","Yes","Stainless Steel 316L","","7.5 kW (10 HP)","18" man hole, 6" sight glass, 3" bottom pad, 1 1/2" thermowell. (5) 4" nozzles, 1 1/2" dip tube, 3" inlet, 3" outlet, 2" vent, 2" drain.","Vertical","Yes","Yes","2,000 mm (78.7 in)","Batch-Type Agitated","Lugs","Stainless Steel 316L","Dish","Reactor"
"247115","New Hastelloy - C22 Gale Process Solutions Batch-Type Agitated Reactor - IPP# 247115","https://ims.internationalprocessplants.com/inventory/equipment/detail/247115","34","Yes","Double Mechanical Seal","","Four","Sidewall Mounted Straight Baffle","","Hastelloy - C22","Dish","","3,800 L (1,000 gallons)","","New","1,600 mm (63 in)","7.5 kW (10 HP)","","","Pitch Blade","Yes","Buff Polish","Yes","10 bar (145 psi)","232.2 °C (450 °F)","Stainless Steel 304","10 bar (145 psi)","232.2 °C (450 °F)","Half Pipe/Limpet","Gale Process Solutions","Yes","Hastelloy - C22","","7.5 kW (10 HP)","18" man hole, 6" sight glass, 3" bottom pad, 1 1/2" thermowell. (5) 4" nozzles, 1 1/2" dip tube, 3" inlet, 3" outlet, 2" vent, 2" drain.","Vertical","Yes","Yes","2,000 mm (78.7 in)","Batch-Type Agitated","Lugs","Hastelloy - C22","Dish","Reactor"
"247116","New Stainless Steel 316L Gale Process Solutions Batch-Type Agitated Reactor - IPP# 247116","https://ims.internationalprocessplants.com/inventory/equipment/detail/247116","34","Yes","Double Mechanical Seal","Three Tier PBT","Four","Sidewall Mounted Straight Baffle","","Stainless Steel 316L","Dish","","7,550 L (2,000 gallons)","","New","2,350 mm (93.4 in)","14.9 kW (20 HP)","","","Pitch Blade","","Buff Polish","Yes","10 bar (145 psi)","232.2 °C (450 °F)","Stainless Steel 304","10 bar (145 psi)","232.2 °C (450 °F)","Half Pipe/Limpet","Gale Process Solutions","Yes","Stainless Steel 316L","","14.9 kW (20 HP)","One 20" man way, three 8", two 6", one 4.72" agitator, four 4", two 1.5" nozzles","Vertical","Yes","Yes","2,400 mm (94.5 in)","Batch-Type Agitated","Lugs","Stainless Steel 316L","Dish","Reactor"
"247117","New Stainless Steel 316L Gale Process Solutions Batch-Type Agitated Reactor - IPP# 247117","https://ims.internationalprocessplants.com/inventory/equipment/detail/247117","34","Yes","Double Mechanical Seal","Three Tier PBT","Four","Sidewall Mounted Straight Baffle","","Stainless Steel 316L","Dish","","7,550 L (2,000 gallons)","","New","2,350 mm (92.4 in)","14.9 kW (20 HP)","","","Pitch Blade","","Buff Polish","Yes","10 bar (145 psi)","232.2 °C (450 °F)","Stainless Steel 304","10 bar (145 psi)","232.2 °C (450 °F)","Half Pipe/Limpet","Gale Process Solutions","Yes","Stainless Steel 316L","","14.9 kW (20 HP)","One 20" man way, three 8", two 6", one 4.72" agitator, four 4", two 1.5" nozzles","Vertical","Yes","Yes","2,400 mm (94.5 in)","Batch-Type Agitated","Lugs","Stainless Steel 316L","Dish","Reactor"
"247118","New Stainless Steel 316L Gale Process Solutions Batch-Type Agitated Reactor - IPP# 247118","https://ims.internationalprocessplants.com/inventory/equipment/detail/247118","34","Yes","Double Mechanical Seal","Three Tier PBT","Four","Sidewall Mounted Straight Baffle","","Stainless Steel 316L","Dish","","7,550 L (2,000 gallons)","","New","2,350 mm (92.4 in)","14.9 kW (20 HP)","","","Pitch Blade","","Buff Polish","Yes","10 bar (145 psi)","232.2 °C (450 °F)","Stainless Steel 304","10 bar (145 psi)","232.2 °C (450 °F)","Half Pipe/Limpet","Gale Process Solutions","Yes","Stainless Steel 316L","","14.9 kW (20 HP)","One 20" man way, three 8", two 6", one 4.72" agitator, four 4", two 1.5" nozzles","Vertical","Yes","Yes","2,400 mm (94.5 in)","Batch-Type Agitated","Lugs","Stainless Steel 316L","Dish","Reactor"
"247119","New Hastelloy - C22 Gale Process Solutions Batch-Type Agitated Reactor - IPP# 247119","https://ims.internationalprocessplants.com/inventory/equipment/detail/247119","34","Yes","Double Mechanical Seal","Agitator shaft 105mm diameter, rotating at 102 RPM. With (2x) 1000mm sweep blades, and (1x) 800mm sweep blade.","Four","Sidewall Mounted Straight Baffle","","Hastelloy - C22","Dish","","7,550 L (2,000 gallons)","","New","2,000 mm (78.8 in)","14.9 kW (20 HP)","","","Pitch Blade","","Buff Polish","Yes","10 bar (145 psi)","232.2 °C (450 °F)","Stainless Steel 304","10 bar (145 psi)","232.2 °C (450 °F)","Half Pipe/Limpet","Gale Process Solutions","Yes","Hastelloy - C22","","14.9 kW (20 HP)","One 20" man way, three 8", two 6", one 4.72" agitator, four 4", two 1.5" nozzles","Vertical","Yes","Yes","2,400 mm (94.6 in)","Batch-Type Agitated","Lugs","Hastelloy - C22","Dish","Reactor"
"247120","New Stainless Steel 316L Gale Process Solutions Batch-Type Agitated Reactor - IPP# 247120","https://ims.internationalprocessplants.com/inventory/equipment/detail/247120","33","Yes","Double Mechanical Seal","Agitator shaft 140mm diameter, rotating at 94 RPM. With (2x) 1200mm sweep blades, and (1x) 900mm sweep blade.","(4x) baffles.","Sidewall Mounted Straight Baffle","","Stainless Steel 316L","Dish","","15,150 L (4,000 gallons)","","New","2,450 mm (96.5 in)","","","","Pitch Blade","","240 Grit Polish","Yes","10 bar (145 psi)","232.2 °C (450 °F)","Stainless Steel 304","10 bar (145 psi)","232.2 °C (450 °F)","Half Pipe/Limpet","Gale Process Solutions","Yes","Stainless Steel 316L","","22.4 kW (30 HP)","24" manway with spring assist where possible, 4" sight glass, 6" light glass, 1.5" thermowell & dip pipe. Process openings: (1x) 4", (2x) 6", (1x) 8", (1x) 12".","Vertical","Yes","Yes","3,150 mm (124 in)","Batch-Type Agitated","Lugs","Stainless Steel 316L","Dish","Reactor"
"247121","New Hastelloy - C22 Gale Process Solutions Batch-Type Agitated Reactor - IPP# 247121","https://ims.internationalprocessplants.com/inventory/equipment/detail/247121","33","Yes","Mechanical with Gas","Agitator shaft 140mm diameter, rotating at 94 RPM. With (2x) 1200mm sweep blades, and (1x) 900mm sweep blade.","(4x) baffles.","Sidewall Mounted Straight Baffle","","Hastelloy - C22","Dish","","15,150 L (4,000 gallons)","","New","2,450 mm (96.5 in)","","","","Pitch Blade","","240 Grit Polish","Yes","10 bar (145 psi)","232.2 °C (450 °F)","Stainless Steel 304","10 bar (145 psi)","232.2 °C (450 °F)","Half Pipe/Limpet","Gale Process Solutions","Yes","Hastelloy - C22","","22.4 kW (30 HP)","24" manway with spring assist where possible, 4" sight glass, 6" light glass, 1.5" thermowell & dip pipe. Process openings: (1x) 4", (2x) 6", (1x) 8", (1x) 12".","Vertical","Yes","Yes","3,150 mm (124 in)","Batch-Type Agitated","Lugs","Hastelloy - C22","Dish","Reactor"
"247122","New Hastelloy - C22 Gale Process Solutions Batch-Type Agitated Reactor - IPP# 247122","https://ims.internationalprocessplants.com/inventory/equipment/detail/247122","33","Yes","Double Mechanical Seal","Agitator shaft 160mm diameter, rotating at 94 RPM. With (3x) 1200mm sweep blades, and (1x) 900mm sweep blade.","(4x) baffles","Sidewall Mounted Straight Baffle","","Hastelloy - C22","Dish","","22,700 L (6,000 gallons)","","New","2,800 mm (110.6 in)","","","","Pitch Blade","","240 Grit Polish","Yes","10 bar (145 psi)","232.2 °C (450 °F)","Stainless Steel 304","10 bar (145 psi)","232.2 °C (450 °F)","Half Pipe/Limpet","Gale Process Solutions","Yes","Hastelloy - C22","","29.8 kW (40 HP)","24" manway with spring assist where possible, 4" sight glass, 6" light glass, 1.5" thermowell & dip pipe. Process openings: (1x) 4", (2x) 6", (1x) 8", (1x) 12".","Vertical","Yes","Yes","4,300 mm (170.1 in)","Batch-Type Agitated","Lugs","Hastelloy - C22","Dish","Reactor"
"247123","New Stainless Steel 316L Gale Process Solutions Batch-Type Agitated Reactor - IPP# 247123","https://ims.internationalprocessplants.com/inventory/equipment/detail/247123","33","Yes","Double Mechanical Seal","Agitator shaft 160mm diameter, rotating at 94 RPM. With (3x) 1200mm sweep blades, and (1x) 900mm sweep blade.","(4x) baffles.","Sidewall Mounted Straight Baffle","","Stainless Steel 316L","Dish","","22,700 L (6,000 gallons)","","New","2,800 mm (110.6 in)","","","","Pitch Blade","","240 Grit Polish","Yes","10 bar (145 psi)","232.2 °C (450 °F)","Stainless Steel 304","10 bar (145 psi)","232.2 °C (450 °F)","Half Pipe/Limpet","Gale Process Solutions","Yes","Stainless Steel 316L","","29.8 kW (40 HP)","24" manway with spring assist where possible, 4" sight glass, 6" light glass, 1.5" thermowell & dip pipe. Process openings: (1x) 4", (2x) 6", (1x) 8", (1x) 12".","Vertical","Yes","Yes","4,300 mm (170.1 in)","Batch-Type Agitated","Lugs","Stainless Steel 316L","Dish","Reactor"
"247127","Glasslined DeDietrich SA Batch-Type Agitated Reactor - IPP# 247127","https://ims.internationalprocessplants.com/inventory/equipment/detail/247127","26","Yes","","","","","","Glasslined","Dish","","15,150 L (4,000 gallons)","","Needs Reglass","2,450 mm (96 in)","","","","Retreat Curve","","Glass Lined","Yes","6.9 bar (100 psi)","260 °C (500 °F)","Carbon Steel","6.2 bar (90 psi)","260 °C (500 °F)","Standard","DeDietrich","Yes","Glasslined","SA","","","Vertical","","","2,750 mm (108 in)","Batch-Type Agitated","Lugs","Glasslined","Dish","Reactor"
"247128","Glasslined DeDietrich SA Batch-Type Agitated Reactor - IPP# 247128","https://ims.internationalprocessplants.com/inventory/equipment/detail/247128","27","Yes","","","","","","Glasslined","Dish","","15,150 L (4,000 gallons)","","Needs Reglass","2,450 mm (96 in)","","","","Retreat Curve","","Glass Lined","Yes","6.9 bar (100 psi)","260 °C (500 °F)","Carbon Steel","6.2 bar (90 psi)","260 °C (500 °F)","Standard","DeDietrich","Yes","Glasslined","SA","","18" manway, 36' cover, (2) 8" nozzle, (2) 6" nozzle (4) 4" nozzle, (1) 4" outlet.","Vertical","","","2,750 mm (108 in)","Batch-Type Agitated","Lugs","Glasslined","Dish","Reactor"
"247134","Glasslined Pfaudler EM Series Batch-Type Agitated Reactor - IPP# 247134","https://ims.internationalprocessplants.com/inventory/equipment/detail/247134","21","Yes","","","","","","","","","757 L (200 gallons)","","Re-glassed","1,000 mm (40 in)","","","","","","Glass Lined","Yes","1.72 bar (25 psi)","343.3 °C (650 °F)","Glasslined","6.2 bar (90 psi)","176.7 °C (350 °F)","Standard","Pfaudler","","Glasslined","EM Series","","12' x 16" manway, 1-6" nozzle, 1-4" nozzle, 1-3" bottom outlet.","Vertical","","","1,200 mm (48 in)","Batch-Type Agitated","Legs","","","Reactor"
"247135","Glasslined Pfaudler EM Series Batch-Type Agitated Reactor - IPP# 247135","https://ims.internationalprocessplants.com/inventory/equipment/detail/247135","18","","","","","","","","","","757 L (200 gallons)","","Good Used Glass","1,000 mm (40 in)","","","","","","Glass Lined","","1.72 bar (25 psi)","343.3 °C (650 °F)","","6.2 bar (90 psi)","176.7 °C (350 °F)","Standard","Pfaudler","","Glasslined","EM Series","","12" X 16" manway, 1-6" nozzle, 3-4" nozzle, 1-4" drive nozzle, 1-3" bottom outlet,","Vertical","","","1,200 mm (48 in)","Batch-Type Agitated","Legs","","","Reactor"
"247136","Glasslined Pfaudler K series Batch-Type Agitated Reactor - IPP# 247136","https://ims.internationalprocessplants.com/inventory/equipment/detail/247136","26","","Mechanical","Cryo-lock agitator with (1) PBT blade installed","Single fin baffle","Fin Baffle","","Glasslined","Dish","","18,950 L (5,000 gallons)","","Used","","","","","Pitch Blade","","Glass Lined","","15.2 bar (220 psi)","343.3 °C (650 °F)","Carbon Steel","5.5 bar (80 psi)","176.7 °C (350 °F)","Standard","Pfaudler","Yes","Glasslined","K series","","One 18" man way, one 10" drive nozzle","Vertical","","","","Batch-Type Agitated","","Glasslined","Dish","Reactor"
"247168","Glasslined  Batch-Type Agitated Reactor - IPP# 247168","https://ims.internationalprocessplants.com/inventory/equipment/detail/247168","5","","","","","","","","","","3,800 L (1,000 gallons)","","Needs Reglass","","","","","","","","","","","","","","","","","Glasslined","","","","","","","","Batch-Type Agitated","","","","Reactor"
"247200","Batch-Type Agitated Reactor - IPP# 247200","https://ims.internationalprocessplants.com/inventory/equipment/detail/247200","33","Yes","Mechanical","RCI Agitator with FEP boots on blades","Fin Baffle with RTD","Fin Baffle","","Carbon Steel","Elliptical","","15,150 L (4,000 gallons)","","Needs Reglass","2,450 mm (96 in)","","","Bad Glass (BG)","Retreat Curve","","Glass Lined","Yes","6.9 bar (100 psi)","232.2 °C (450 °F)","Carbon Steel","5.9 bar (85 psi)","232.2 °C (450 °F)","Standard","Pfaudler","Yes","Glasslined","RA 4000","11.2 kW (15 HP)","18" Manway with 18" blind Manway spring assist, Pro-ring, 36" opening with main cover, (4) 4" nozzles, (2) 6" nozzles, (2) 8" nozzles,","Vertical","","","2,750 mm (108 in)","Batch-Type Agitated","Legs","Carbon Steel","Elliptical","Reactor"
"247201","Batch-Type Agitated Reactor - IPP# 247201","https://ims.internationalprocessplants.com/inventory/equipment/detail/247201","33","Yes","Mechanical","RCI Agitator with FEP boots on blades","Fin Baffle with RTD","Fin Baffle","","Carbon Steel","Elliptical","","15,150 L (4,000 gallons)","","Needs Reglass","2,450 mm (96 in)","","","Bad Glass (BG)","Retreat Curve","","Glass Lined","Yes","6.9 bar (100 psi)","260 °C (500 °F)","Carbon Steel","6.2 bar (90 psi)","260 °C (500 °F)","Standard","DeDietrich","Yes","Glasslined","SA-4000","11.2 kW (15 HP)","18" Manway with 18" blind Manway spring assist, Pro-ring, 36" opening with main cover, (4) 4" nozzles, (2) 6" nozzles, (2) 8" nozzles,","Vertical","","","2,750 mm (108 in)","Batch-Type Agitated","Legs","Carbon Steel","Elliptical","Reactor"
"247202","Batch-Type Agitated Reactor - IPP# 247202","https://ims.internationalprocessplants.com/inventory/equipment/detail/247202","29","Yes","Mechanical","","","","","Carbon Steel","Elliptical","","15,150 L (4,000 gallons)","","Needs Reglass","2,450 mm (96 in)","","","Bad Glass (BG)","Retreat Curve","","Glass Lined","Yes","6.9 bar (100 psi)","232.2 °C (450 °F)","Carbon Steel","6.2 bar (90 psi)","232.2 °C (450 °F)","Standard","Pfaudler","Yes","Glasslined","RA 4000","","18" Manway , 36 main opening with main cover, (4) 4" nozzles, (2) 6" nozzles, (2) 8" nozzles,","Vertical","","","2,750 mm (108 in)","Batch-Type Agitated","Legs","Carbon Steel","Elliptical","Reactor"
"247228","New Stainless Steel 316 Gale Process Solutions 6000 Batch-Type Agitated Reactor - IPP# 247228","https://ims.internationalprocessplants.com/inventory/equipment/detail/247228","31","","","","sidewall mount","Flat Vertical","","Stainless Steel 316","Elliptical","","22,700 L (6,000 gallons)","","New","2,800 mm (110 in)","3 kW (4 HP)","","","Pitch Blade","","Buff Polish","Yes","10 bar (145 psi)","232.2 °C (450 °F)","Stainless Steel 304","10 bar (145 psi)","232.2 °C (450 °F)","Half Pipe/Limpet","Gale Process Solutions","Yes","Stainless Steel 316","6000","3 kW (4 HP)","610 mm manway with cover and spring assist, Two 150 mm nozzles, three 100 mm, seven 80 mm nozzles, two 50 mm nozzles, four 25 mm nozzles.","Vertical","Yes","","3,400 mm (133 in)","Batch-Type Agitated","Legs","Stainless Steel 316","Elliptical","Reactor"
"247229","Batch-Type Agitated Reactor - IPP# 247229","https://ims.internationalprocessplants.com/inventory/equipment/detail/247229","15","","","","","","","","","","757 L (200 gallons)","","Needs Reglass","","","","","","","Glass Lined","Yes","6.9 bar (100 psi)","232.2 °C (450 °F)","","6.2 bar (90 psi)","176.7 °C (350 °F)","Standard","Pfaudler","","Glasslined","CT200","","","Vertical","","","","Batch-Type Agitated","","","","Reactor"
"247244","Polished Sanitary Stainless Steel 316L Precision Stainless  Batch-Type Agitated Reactor - IPP# 247244","https://ims.internationalprocessplants.com/inventory/equipment/detail/247244","34","Yes","Mechanical","","4 side wall mounted baffles","Sidewall Mounted Straight Baffle","","Stainless Steel 316L","Dish","Yes","2,500 L (660 gallons)","","Used","1,200 mm (48 in)","0.75 kW (1 HP)","","","Propeller","","Mirror Polish","Yes","3.7 bar (53.5 psi)","148.9 °C (300 °F)","Stainless Steel 304L","6.9 bar (100 psi)","148.9 °C (300 °F)","Dimple","Precision Stainless","","Stainless Steel 316L","T-1200","10.4 kW (14 HP)","One 18" man way with a 4" sight glass assembly. On 6" agitator nozzle, Two 3", Eight 2", four 1.5", one 0.5" nozzles.","Vertical","Yes","Yes","2,000 mm (79 in)","Batch-Type Agitated","Legs","Stainless Steel 316L","Dish","Reactor"
"247245","Batch-Type Agitated Reactor - IPP# 247245","https://ims.internationalprocessplants.com/inventory/equipment/detail/247245","33","Yes","Mechanical","Bottom Mounted Mixer with gear motor","","Sidewall Mounted Straight Baffle","","Stainless Steel 316L","Dish","Yes","189.3 L (50 gallons)","","Used","482.6 mm (19 in)","","","","Propeller","","#6 Ra15","Yes","3.4 bar (50 psi)","176.7 °C (350 °F)","Stainless Steel 304L","6.9 bar (100 psi)","176.7 °C (350 °F)","Dimple","Precision Stainless","Yes","Stainless Steel 316L","R-3200","5.6 kW (7.5 HP)","4" sight glass,","Vertical","","Yes","711 mm (28 in)","Batch-Type Agitated","Skid","Stainless Steel 316L","Dish","Reactor"
"247254","Hastelloy - C22  Batch-Type Agitated Reactor - IPP# 247254","https://ims.internationalprocessplants.com/inventory/equipment/detail/247254","29","Yes","Mechanical","2-sets of 4-blade pitched Hydrofoils","","Sidewall Mounted Straight Baffle","","Hastelloy - C22","Dish","","9,100 L (2,400 gallons)","","Used","2,150 mm (84 in)","5.3 kW (7.1 HP)","","","Hydrofoil","","","Yes","6.8 bar (98.8 psi)","300 °C (572 °F)","Stainless Steel 316L","13.6 bar (197.4 psi)","300 °C (572 °F)","Half Pipe/Limpet","Langfields Ltd","Yes","Hastelloy - C22","","5.3 kW (7.1 HP)","","Vertical","","","2,450 mm (97.1 in)","Batch-Type Agitated","Lugs","Hastelloy - C22","Dish","Reactor"
"247263","Hastelloy - C22  Batch-Type Agitated Reactor - IPP# 247263","https://ims.internationalprocessplants.com/inventory/equipment/detail/247263","30","Yes","Mechanical","","2-internal baffle plates on sidewall","Flat Vertical","","Hastelloy - C22","Cone","","1,400 L (375.1 gallons)","","Used","1,200 mm (47.4 in)","3.8 kW (5.1 HP)","","","Retreat Curve","","","Yes","6.6 bar (95.7 psi)","200 °C (392 °F)","Stainless Steel 316L","6.6 bar (95.7 psi)","200 °C (392 °F)","Standard","Pfaudler","Yes","Hastelloy - C22","AE 1000","3.8 kW (5.1 HP)","","Vertical","","","750 mm (29.5 in)","Batch-Type Agitated","Lugs","Hastelloy - C22","Dish","Reactor"
"247269","Batch-Type Agitated Reactor - IPP# 247269","https://ims.internationalprocessplants.com/inventory/equipment/detail/247269","27","Yes","Mechanical","","","","","Glasslined","Dish","","7,550 L (2,000 gallons)","","Needs Reglass","2,000 mm (78 in)","","","","","","Glass Lined","Yes","6.9 bar (100 psi)","232.2 °C (450 °F)","Carbon Steel","6.2 bar (90 psi)","232.2 °C (450 °F)","Standard","Pfaudler","Yes","Glasslined","RA Series","","30" main cover with 14" x 18" manway, cover, pro ring and assist, One 4 3/8" drive nozzle, Two 2" nozzles. Two 8", Two 6" , and three 4" nozzles.","Vertical","","","2,150 mm (84 in)","Batch-Type Agitated","Lugs","Glasslined","Dish","Reactor"
"247273","New Stainless Steel 316  Batch-Type Agitated Reactor - IPP# 247273","https://ims.internationalprocessplants.com/inventory/equipment/detail/247273","6","","Double Mechanical Seal","","","","","","","","10,000 L (2,650 gallons)","","New","","","","","","","","","","","","","","","","","Stainless Steel 316","","","","","","","","Batch-Type Agitated","","","","Reactor"
"247274","New Stainless Steel 316  Batch-Type Agitated Bio Reactor - IPP# 247274","https://ims.internationalprocessplants.com/inventory/equipment/detail/247274","5","","","","","","","","","","2,000 L (528 gallons)","","New","","","","","","","","","","","","","","","","","Stainless Steel 316","","","","","","","","Batch-Type Agitated","","","","Reactor"
"247313","Stainless Steel 316 Northland Stainless Batch-Type Agitated Reactor - IPP# 247313","https://ims.internationalprocessplants.com/inventory/equipment/detail/247313","31","Yes","Mechanical","Bolt on vertical angle mount","","","","Stainless Steel 316","Dish","Yes","454.2 L (120 gallons)","","Used","813 mm (32 in)","0.22 kW (0.3 HP)","","","Pitch Blade","","Mirror Polish","Yes","10.3 bar (150 psi)","148.9 °C (300 °F)","Stainless Steel 316","10.3 bar (150 psi)","148.9 °C (300 °F)","Standard","Northland Stainless","","Stainless Steel 316","","0.22 kW (0.3 HP)","","Vertical","Yes","Yes","826 mm (32.5 in)","Batch-Type Agitated","Legs","Stainless Steel 316","Dish","Reactor"
"247314","Glasslined Pfaudler CTJ Batch-Type Agitated Reactor - IPP# 247314","https://ims.internationalprocessplants.com/inventory/equipment/detail/247314","31","Yes","Mechanical","Lighnin Vertical angle mount","","","","Glasslined","Dish","","113.6 L (30 gallons)","","Used","508 mm (20 in)","0.22 kW (0.3 HP)","Clean (C)","Some Fire Polish (F)","Propeller","","Glass Lined","","1.72 bar (25 psi)","232.2 °C (450 °F)","Stainless Steel 304","7.9 bar (115 psi)","176.7 °C (350 °F)","Standard","Pfaudler","","Glasslined","CTJ","0.22 kW (0.3 HP)","","Vertical","","Yes","521 mm (20.5 in)","Batch-Type Agitated","Lugs","Glasslined","Dish","Reactor"
"247319","Stainless Steel 316 Northland Stainless Batch-Type Agitated Reactor - IPP# 247319","https://ims.internationalprocessplants.com/inventory/equipment/detail/247319","29","Yes","Mechanical","Single tier 3 pitch blades","","","","Stainless Steel 316","Dish","","189.3 L (50 gallons)","","Used","610 mm (24 in)","0.22 kW (0.3 HP)","","","Pitch Blade","","Mirror Polish","Yes","3.8 bar (55 psi)","148.9 °C (300 °F)","Stainless Steel 316","4.8 bar (70 psi)","148.9 °C (300 °F)","Standard","Northland Stainless","","Stainless Steel 316","","0.22 kW (0.3 HP)","","Vertical","Yes","","610 mm (24 in)","Batch-Type Agitated","Legs","Stainless Steel 316","Dish","Reactor"
"247321","Stainless Steel 316 Northland Stainless Batch-Type Agitated Reactor - IPP# 247321","https://ims.internationalprocessplants.com/inventory/equipment/detail/247321","30","Yes","Mechanical","3 Blade pitch, single tier","","","","Stainless Steel 316","Dish","Yes","530 L (140 gallons)","","Used","914 mm (36 in)","0.22 kW (0.3 HP)","","","Pitch Blade","","Mirror Polish","Yes","10.3 bar (150 psi)","185 °C (365 °F)","Stainless Steel 316","10.3 bar (150 psi)","185 °C (365 °F)","Half Pipe/Limpet","Northland Stainless","","Stainless Steel 316","","0.22 kW (0.3 HP)","","Vertical","Yes","","711 mm (28 in)","Batch-Type Agitated","Legs","Stainless Steel 316","Dish","Reactor"
"247323","DCI, Inc. Batch-Type Agitated Reactor - IPP# 247323","https://ims.internationalprocessplants.com/inventory/equipment/detail/247323","30","Yes","Mechanical","3 blade pitch turbine","","","","Stainless Steel 316","Dish","Yes","568 L (150 gallons)","","Used","813 mm (32 in)","0.75 kW (1 HP)","","","Pitch Blade","","Mirror Polish","Yes","3.4 bar (50 psi)","148.9 °C (300 °F)","Stainless Steel 304","10.3 bar (150 psi)","148.9 °C (300 °F)","Dimple","DCI, Inc.","","Stainless Steel 316","","","","Vertical","Yes","Yes","1,000 mm (40 in)","Batch-Type Agitated","Legs","Stainless Steel 316","Dish","Reactor"
"247390","Stainless Steel 316L Northland Stainless Reactor - IPP# 247390","https://ims.internationalprocessplants.com/inventory/equipment/detail/247390","32","Yes","Mechanical","Single tier three blade","","Sidewall Mounted Straight Baffle","","Stainless Steel 316L","Cone","Yes","3,400 L (900 gallons)","","Used","1,700 mm (66 in)","","","","Pitch Blade","","Mirror Polish","Yes","3.4 bar (50 psi)","148.9 °C (300 °F)","Stainless Steel 316L","10.3 bar (150 psi)","148.9 °C (300 °F)","Half Pipe/Limpet","Northland Stainless","Yes","Stainless Steel 316L","","0.37 kW (0.5 HP)","One 24"-man way two 4", one 3", three 2" nozzles.","Vertical","Yes","","1,450 mm (57 in)","Batch-Type Agitated","Legs","Stainless Steel 316L","Dish","Reactor"
"247391","Batch-Type Agitated Reactor - IPP# 247391","https://ims.internationalprocessplants.com/inventory/equipment/detail/247391","32","Yes","Mechanical","Single tier three blade","","","","Stainless Steel 316","Dish","Yes","2,450 L (650 gallons)","","Used","1,200 mm (48 in)","0.37 kW (0.5 HP)","","","Pitch Blade","","Mirror Polish","Yes","3.4 bar (50 psi)","176.7 °C (350 °F)","Stainless Steel 316L","10.3 bar (150 psi)","176.7 °C (350 °F)","Dimple","Northland Stainless","Yes","Stainless Steel 316L","","0.37 kW (0.5 HP)","18" manhole with spring assist, (1) 4" , (20 2" , (4) 3" , 5" flanged mixing nozzle, 4" site glass","Vertical","Yes","","1,900 mm (75 in)","Batch-Type Agitated","Legs","Stainless Steel 316","Dish","Reactor"
"247414","Unused Glasslined Pfaudler RA Series Batch-Type Agitated Reactor - IPP# 247414","https://ims.internationalprocessplants.com/inventory/equipment/detail/247414","33","Yes","Double Mechanical Seal","Impeller","5/8-18 threads for RTD (RTD not included)","Fin Baffle","","Glasslined","Dish","","15,150 L (4,000 gallons)","","UNUSED-Reglassed","2,450 mm (96 in)","18.6 kW (25 HP)","Clean (C)","","Retreat Curve","","Glass Lined","Yes","6.9 bar (100 psi)","232.2 °C (450 °F)","Carbon Steel","7.6 bar (110 psi)","176.7 °C (350 °F)","Standard","Pfaudler","Yes","Glasslined","RA Series","","36" main cover, 18" manway, (4) 4" nozzle (2) 8" nozzle, (2) 6" nozzle,","Vertical","","","2,750 mm (109 in)","Batch-Type Agitated","Legs","Glasslined","Dish","Reactor"
"247432","Glasslined Pfaudler K Series Batch-Type Agitated Reactor - IPP# 247432","https://ims.internationalprocessplants.com/inventory/equipment/detail/247432","35","Yes","Mechanical","4 Blade CBT Hub","H Baffle with integral tip","H-Baffle","","Carbon Steel","Dish","","8,500 L (2,250 gallons)","","Needs Reglass","2,000 mm (78 in)","11.2 kW (15 HP)","Very Dirty (VD) Power wash at minimum","No Fire Polish (NF)","Retreat Curve","","Glass Lined","Yes","13.8 bar (200 psi)","343.3 °C (650 °F)","Carbon Steel","5.5 bar (80 psi)","176.7 °C (350 °F)","Standard","Pfaudler","Yes","Glasslined","K Series","0.75 kW (1 HP)","18" manway , 4" sight glass , 18" protection ring, ( 1) 12", (2) 6", (4) 4" nozzles, (1) 4" bottom outlet.","Vertical","","","2,500 mm (99 in)","Batch-Type Agitated","Legs","Carbon Steel","Dish","Reactor"
"247443","Batch-Type Agitated Reactor - IPP# 247443","https://ims.internationalprocessplants.com/inventory/equipment/detail/247443","24","","Double Mechanical Seal","33" CBT Hub","","Fin Baffle","","Carbon Steel","Dish","","7,550 L (2,000 gallons)","","Needs Reglass","","","Very Dirty (VD) Power wash at minimum","No Fire Polish (NF)","Retreat Curve","","Glass Lined","","","","Carbon Steel","","","Standard","Pfaudler","Yes","Glasslined","RA Series","","30' main cover, 14" x 18" manway , 14" x 18" protection ring standard hinge, (1) 4 3/8" drive nozzle, (2) 2" nozzle,","Vertical","","","","Batch-Type Agitated","Legs","Carbon Steel","Dish","Reactor"
"247781","B. Braun &#x2B; Diessel Biotech GmbH Batch-Type Agitated Bio Reactor - IPP# 247781","https://ims.internationalprocessplants.com/inventory/equipment/detail/247781","12","","","","","","","","","","100 L (26.4 gallons)","","Used","","","","","","","","Yes","3 bar (43.5 psi)","130 °C (266 °F)","","4 bar (58 psi)","130 °C (266 °F)","","B. Braun &#x2B; Diessel Biotech GmbH","","","","","","Vertical","Yes","","","Batch-Type Agitated","","","","Reactor"
"247782","B. Braun &#x2B; Diessel Biotech GmbH Batch-Type Agitated  Bio Reactor - IPP# 247782","https://ims.internationalprocessplants.com/inventory/equipment/detail/247782","12","","","","","","","","","","300 L (79.3 gallons)","","Used","","","","","","","","Yes","3 bar (43.5 psi)","130 °C (266 °F)","","4 bar (58 psi)","130 °C (266 °F)","","B. Braun &#x2B; Diessel Biotech GmbH","","","","","","Vertical","Yes","","","Batch-Type Agitated","","","","Reactor"
"247783","Batch-Type Agitated Reactor - IPP# 247783","https://ims.internationalprocessplants.com/inventory/equipment/detail/247783","6","","","","","","","","","","750 L (198.1 gallons)","","Used","","","","","","","","","","","","","","","","","","","","","Vertical","Yes","","","Batch-Type Agitated","","","","Reactor"
"247784","Batch-Type Agitated Reactor - IPP# 247784","https://ims.internationalprocessplants.com/inventory/equipment/detail/247784","11","","","","","","","","","","750 L (198.1 gallons)","","Used","","","","","","","","Yes","3 bar (43.5 psi)","150 °C (302 °F)","","4 bar (58 psi)","150 °C (302 °F)","","","","","","","","Vertical","Yes","","","Batch-Type Agitated","","","","Reactor"
"247785","Batch-Type Agitated Reactor - IPP# 247785","https://ims.internationalprocessplants.com/inventory/equipment/detail/247785","12","","","","","","","","","","100 L (26.4 gallons)","","Used","","","","","","","","Yes","3 bar (43.5 psi)","150 °C (302 °F)","","4 bar (58 psi)","150 °C (302 °F)","","Sartorius","","","","","","Vertical","Yes","","","Batch-Type Agitated","","","","Reactor"
"247786","B. Braun &#x2B; Diessel Biotech GmbH Batch-Type Agitated Reactor - IPP# 247786","https://ims.internationalprocessplants.com/inventory/equipment/detail/247786","12","","","","","","","","","","100 L (26.4 gallons)","","Used","","","","","","","","Yes","3 bar (43.5 psi)","130 °C (266 °F)","","4 bar (58 psi)","130 °C (266 °F)","","B. Braun &#x2B; Diessel Biotech GmbH","","","","","","Vertical","Yes","","","Batch-Type Agitated","","","","Reactor"
"247932","New Stainless Steel 304 Gale Process Solutions Batch-Type Agitated Reactor - IPP# 247932","https://ims.internationalprocessplants.com/inventory/equipment/detail/247932","26","Yes","Double Mechanical Seal","","","","","Stainless Steel 304","Dish","","15,150 L (4,000 gallons)","","New","2,450 mm (96 in)","","","","","","Mirror Polish","","0.69 bar (10 psi)","232.2 °C (450 °F)","Stainless Steel 304","6.9 bar (100 psi)","232.2 °C (450 °F)","Half Pipe/Limpet","Gale Process Solutions","Yes","Stainless Steel 304","","5.6 kW (7.5 HP)","24" Manway, 4" sight glass, 1.5 x1" thermowell.","Vertical","","","2,450 mm (96 in)","Batch-Type Agitated","Lugs","Stainless Steel 304","Dish","Reactor"
"248021","Glasslined Pfaudler Batch-Type Agitated Reactor - IPP# 248021","https://ims.internationalprocessplants.com/inventory/equipment/detail/248021","25","Yes","Mechanical","","","H-Baffle","","Glasslined","Dish","","1,150 L (300 gallons)","","Used","","3.7 kW (5 HP)","","","Retreat Curve","","","Yes","10.3 bar (150 psi)","232.2 °C (450 °F)","Glasslined","0.07 bar (1 psi)","","Standard","Pfaudler","Yes","Glasslined","","","12 X 16 Manway","Vertical","","","","Batch-Type Agitated","Frame Mounted with Feet","Glasslined","Dish","Reactor"
"248035","New Stainless Steel 316L Gale Process Solutions Batch-Type Agitated Reactor - IPP# 248035","https://ims.internationalprocessplants.com/inventory/equipment/detail/248035","31","Yes","Double Mechanical Seal","5 HP inline Helical gear","3 side wall mounted","Sidewall Mounted Straight Baffle","","Stainless Steel 316L","Dish","","378.5 L (100 gallons)","","New","813 mm (32 in)","3.7 kW (5 HP)","","","Rushton","","Mirror Polish","Yes","3.4 bar (50 psi)","160 °C (320 °F)","Stainless Steel 304","11 bar (160 psi)","140 °C (284 °F)","Half Pipe/Limpet","Gale Process Solutions","","Stainless Steel 316L","","1.49 kW (2 HP)","","Vertical","Yes","","813 mm (32 in)","Batch-Type Agitated","Lugs","Stainless Steel 316L","Dish","Reactor"
"25896","Stainless Steel 316 Clad Batch-Type Agitated Reactor - IPP# 25896","https://ims.internationalprocessplants.com/inventory/equipment/detail/25896","20","","","","","","Yes","","Dish","","7,550 L (2,000 gallons)","Yes","Used","2,050 mm (80 in)","","","","","","","","8.6 bar (125 psi)","176.7 °C (350 °F)","Carbon Steel","5.2 bar (75 psi)","176.7 °C (350 °F)","Half Pipe/Limpet","Piersol-Pine","Yes","Stainless Steel 316","","","- Openings: - Top: 1-18" manway (no cover), 3-6", 4-8", 1-5" sight glass and 12" top center - Center bottom: 3" outlet - Alterations made by Ind Copper and Metal","","","","2,150 mm (84 in)","Batch-Type Agitated","","","Dish","Reactor"
"29137","Glasslined Schwelmer Eisenwerk (Germany) Batch-Type Agitated Reactor - IPP# 29137","https://ims.internationalprocessplants.com/inventory/equipment/detail/29137","21","","Packing","Equipped w/DS Type A160M2A agit drive, Vesterman agit drive, 3-blade agit","w/2-finger up baffle.","Finger Baffle","","","Dish","","3,800 L (1,000 gallons)","","Used","1,800 mm (70.9 in)","","","","","","","Yes","6 bar (87 psi)","200 °C (392 °F)","","6 bar (87 psi)","200 °C (392 °F)","","Schwelmer Eisenwerk (Germany)","Yes","Glasslined","","7.5 kW (10.1 HP)","Openings: top 350mm x 450mm (14" x 18") oval manway w/cover, with 125mm (5") dia sight glass. 1-250mm (10"), 1-150mm, 6-100mm (4"); btm 1-100mm (4") center btm outlet.","","","","1,600 mm (63.8 in)","Batch-Type Agitated","","","","Reactor"
"29143","Stainless Steel 316 Fried Krupp Batch-Type Agitated Reactor - IPP# 29143","https://ims.internationalprocessplants.com/inventory/equipment/detail/29143","19","Yes","Packing","- Agitator type: flat turbine - Agitator drive: Renk Type HS-18 worm gear w/approx 3 HP motor - Packing gland: yes","","","","","","","1,600 L (425 gallons)","","Used","33,000 mm (1,300 in)","","","","","","","Yes","6 bar (87 psi)","150 °C (302 °F)","","6 bar (87 psi)","150 °C (302 °F)","","Fried Krupp","","Stainless Steel 316","","2.2 kW (3 HP)","- Openings: - Top: 2-3" sight glass, 5-1", 1-1 1/2" - Bottom: 1-2 1/2"","","","","21,600 mm (850 in)","Batch-Type Agitated","","","Dish","Reactor"
"29673","Glasslined DeDietrich CTJ Batch-Type Agitated Reactor - IPP# 29673","https://ims.internationalprocessplants.com/inventory/equipment/detail/29673","15","","","","","","","","Dish","","3,800 L (1,000 gallons)","","Used","1,700 mm (66 in)","","","","","","","","","","","","","","DeDietrich","Yes","Glasslined","CTJ","","top 1-18" manway (no cover), 6-4", 1-8", 1-5 1/2" center w/bosses; btm 1-4".","Vertical","","","1,900 mm (74 in)","Batch-Type Agitated","Legs","","Dish","Reactor"
"29726","Glasslined DeDietrich CTJ Batch-Type Agitated Reactor - IPP# 29726","https://ims.internationalprocessplants.com/inventory/equipment/detail/29726","16","","","","","","","","","","1,900 L (500 gallons)","","Re-glassed","1,350 mm (54 in)","","","","","","","Yes","5.2 bar (75 psi)","260 °C (500 °F)","","7.2 bar (105 psi)","260 °C (500 °F)","","DeDietrich","","Glasslined","CTJ","","","Vertical","","","1,400 mm (55 in)","Batch-Type Agitated","Legs","","","Reactor"
"32517","Batch-Type Agitated Reactor 492.1 L (130 gallons) Stainless Steel 304 For Sale - IPP# 32517","https://ims.internationalprocessplants.com/inventory/equipment/detail/32517","23","Yes","Mechanical","- Pedestal for drive mount (no drive) - Mechanical seal on shaft","","","","","Dish","","492.1 L (130 gallons)","Yes","Used","762 mm (30 in)","","","","","","","","68.9 bar (1,000 psi)","343.3 °C (650 °F)","Carbon Steel","12.1 bar (175 psi)","343.3 °C (650 °F)","Standard","Blaw Knox","","Stainless Steel 304","","","Openings: top 1-4", 1-4"; btm 1-1"","Vertical","","","1,150 mm (45 in)","Batch-Type Agitated","Legs","","Flat","Reactor"
"32859","Glasslined Pfaudler R Batch-Type Agitated Reactor - IPP# 32859","https://ims.internationalprocessplants.com/inventory/equipment/detail/32859","23","Yes","Mechanical","- Agitator: 3-blade retreat curve, reglassed, - Drive: Pfaudler - Gearbox: Greaves Type V600HDS, 15:1 ratio","- Baffle: 2-finger","Finger Baffle","","","Dish","","1,900 L (500 gallons)","","Re-glassed","1,500 mm (60 in)","","","","","","","","6 bar (87 psi)","200 °C (392 °F)","","6 bar (87 psi)","200 °C (392 °F)","","Pfaudler","Yes","Glasslined","R","","- Openings: - Top: 12" x 16" manway with 4" sight glass, 2-2", 1-5", 1-6", 2-4" (1-sight glass) - Jacket: 2-2", 6-1 1/2", 1-3/4" - Bottom: 1-3"","","","","813 mm (32 in)","Batch-Type Agitated","Legs","","Dish","Reactor"
"32923","Glasslined Schwelm SR Batch-Type Agitated Reactor - IPP# 32923","https://ims.internationalprocessplants.com/inventory/equipment/detail/32923","24","Yes","Mechanical","Agitator: 3-finger up baffle with tantalum tip and 3-blade retreat curve - Drive: 5DTW - lubricator included","3-finger up baffle","Finger Baffle","","","Dish","","5,700 L (1,500 gallons)","","Used","2,000 mm (78 in)","","","","","","","Yes","6.9 bar (100 psi)","204.4 °C (400 °F)","","6.2 bar (90 psi)","204.4 °C (400 °F)","","Schwelm","Yes","Glasslined","SR","","Openings: Top: 14" x 18" manway cover with 4" sight glass, 2-6" (1-baffle), 2-8", 3-4", 2-2" - Jacket straight side: 2-6" (clean ports), 2-3", 4-1 1/2" - Jacket bottom: 2-2", 2-11/2", 1-1/2"; 4" center bottom outlet","","","","1,650 mm (65 in)","Batch-Type Agitated","Legs","","Dish","Reactor"
"35255","Glasslined Pfaudler P Batch-Type Agitated Reactor - IPP# 35255","https://ims.internationalprocessplants.com/inventory/equipment/detail/35255","17","","","","","","","","Dish","","37.9 L (10 gallons)","","Re-glassed","355.6 mm (14 in)","","","","","","","Yes","10.3 bar (150 psi)","176.7 °C (350 °F)","","8.3 bar (120 psi)","176.7 °C (350 °F)","","Pfaudler","","Glasslined","P","","(1) 2" center bottom outlet.","","","","431.8 mm (17 in)","Batch-Type Agitated","Legs","","","Reactor"
"35720","Batch-Type Agitated Reactor 3,800 L (1,000 gallons) Titanium For Sale - IPP# 35720","https://ims.internationalprocessplants.com/inventory/equipment/detail/35720","26","Yes","Mechanical","Flange mounted, right angle design, top entering 4TW drive w/flange mtd 7.5 HP, 3/60/220/440 volt, 1750 rpm motor, UL label. Mech seal on shaft. 2 1/2" dia shaft w/4-blade turbine. (4) baffles on sidewall.","(4) baffles on sidewall.","","","","Dish","","3,800 L (1,000 gallons)","Yes","Used","1,700 mm (66 in)","","","","","","","Yes","12.4 bar (180 psi)","176.7 °C (350 °F)","Inconel","6.9 bar (100 psi)","176.7 °C (350 °F)","Dimple","Pfaudler","Yes","Titanium","","5.6 kW (7.5 HP)","- Openings: top 18" manway w/hinged cover and 5" sight glass, 1-2", 1-3", 1-8", 1-3 1/2" center for drive; 1-3" offset center btm outlet.","","","","1,500 mm (60 in)","Batch-Type Agitated","Legs","","Dish","Reactor"
"39077","Batch-Type Agitated Reactor 3,350 L (880 gallons) Stainless Steel 304 For Sale - IPP# 39077","https://ims.internationalprocessplants.com/inventory/equipment/detail/39077","24","","Mechanical","Top mtd Chemineer drive Mdl 7404, 151 rpm output, 2 1/2" dia shaft w/(4) pitched paddles.","(4) baffles mtd on sidewall.","","","","Dish","","3,350 L (880 gallons)","","Used","1,500 mm (60 in)","","","","","","","Yes","4.1 bar (60 psi)","256 °C (492.8 °F)","Stainless Steel 304","6.9 bar (100 psi)","256 °C (492.8 °F)","","R Jenkins","Yes","Stainless Steel 304","","3.7 kW (5 HP)","- Openings: - Top: 1-17" manway with cover, 5-2", 3-4", 1-3" - Side: 1-4", 4-1 1/2" - Bottom: 6" center outlet","Vertical","","","1,700 mm (66 in)","Batch-Type Agitated","Lugs","","Dish","Reactor"
"39750","Glasslined Von Roll (Switzerland) Batch-Type Agitated Reactor - IPP# 39750","https://ims.internationalprocessplants.com/inventory/equipment/detail/39750","21","Yes","Packing","- Drive: 4.7 PS (HP), 3/50/500 volt, 1435 rpm V-belt drive to Spiess Mdl FZS63F16 gear reducer, 14:1 ratio - Shaft: Packing gland","- Baffle: Yes","","","","Dish","","1,000 L (264.2 gallons)","","Used","1,200 mm (47.2 in)","3.5 kW (4.7 HP)","","","","","","","6 bar (87 psi)","200 °C (392 °F)","","7 bar (101.5 psi)","200 °C (392 °F)","","Von Roll (Switzerland)","Yes","Glasslined","","","- Openings: - Top: 300mm x 400mm manway with 2-80mm sight glasses, 2-250mm, 5-100mm - Bottom: 1-100mm","","","","1,000 mm (39.4 in)","Batch-Type Agitated","Lugs","","","Reactor"
"39757","Stainless Steel 316  Batch-Type Agitated Reactor - IPP# 39757","https://ims.internationalprocessplants.com/inventory/equipment/detail/39757","21","","","Top mouted drive, 3-blade retreat curve agitator, Top head has steel reinforcing.","2-finger up baffle.","Finger Baffle","","Stainless Steel 316","Dish","","757 L (200 gallons)","","Used","1,000 mm (40 in)","","","","Retreat Curve","","","","","","Carbon Steel","","","Half Pipe/Limpet","","","Stainless Steel 316","","1.86 kW (2.5 HP)","Openings: top 1-8", 2-3" sight glasses, 4-2 1/2"; 2" center bottom outlet.","Vertical","","","813 mm (32 in)","Batch-Type Agitated","Lugs","Stainless Steel 316","Dish","Reactor"
"39760","Glasslined Pfaudler R Batch-Type Agitated Reactor - IPP# 39760","https://ims.internationalprocessplants.com/inventory/equipment/detail/39760","23","Yes","Packing","Unit has top entering drive, mfd by Sawa-Getrieb, Mdl SWV-280, SN 7736. Belt driven by approx 5 HP, 3/50 cycle flameproof motor. High duty packing gland on shaft. 3-blade retreat curve agit.","","","","","Dish","","2,100 L (559 gallons)","","Used","1,200 mm (48 in)","","","","","","","Yes","4 bar (58 psi)","200 °C (392 °F)","","6 bar (87 psi)","200 °C (392 °F)","","Pfaudler","Yes","Glasslined","R","3.7 kW (5 HP)","Openings: great cover has 18" x 12" manway w/cover and manway assist, 2-2" and drive nozzle; other top openings 1-6", 2-3"; 3" center btm outlet.","","","","838 mm (33 in)","Batch-Type Agitated","Legs","","Dish","Reactor"
"43405","Unused Glasslined Thale (Germany) EHW-N380 Batch-Type Agitated Reactor - IPP# 43405","https://ims.internationalprocessplants.com/inventory/equipment/detail/43405","18","","Packing","3-blade retreat curve agit.","","","","","Dish","","1,500 L (400 gallons)","","Unused","1,200 mm (47.2 in)","","","","","","","","6 bar (87 psi)","200 °C (392 °F)","","6 bar (87 psi)","200 °C (392 °F)","","Thale (Germany)","","Glasslined","EHW-N380","","Openings: top 300mm x 400mm (no cover), 2-200mm, 4-100mm, 1-80mm; btm 1-150mm.","","","","1,300 mm (51.2 in)","Batch-Type Agitated","Lugs","","","Reactor"
"43695","Glasslined Pfaudler R Batch-Type Agitated Reactor - IPP# 43695","https://ims.internationalprocessplants.com/inventory/equipment/detail/43695","24","Yes","","W/5TW drive, 3-blade agit","D-baffle.","D-Baffle","","","Dish","","2,850 L (750 gallons)","","Used","1,500 mm (60 in)","","","","","","","Yes","6.9 bar (100 psi)","343.3 °C (650 °F)","","6.2 bar (90 psi)","176.7 °C (350 °F)","","Pfaudler","Yes","Glasslined","R","","Openings: top - (3) 4", (1) 6", (1) great cover with oval manway. Bottom - (1) center Bottom outlet.","Vertical","","","1,300 mm (52 in)","Batch-Type Agitated","Legs","","Dish","Reactor"
"43741","Glasslined Pfaudler ELL Batch-Type Agitated Reactor - IPP# 43741","https://ims.internationalprocessplants.com/inventory/equipment/detail/43741","17","","","","","","","","","","1,900 L (500 gallons)","","Re-glassed","1,500 mm (60 in)","","","","","","","Yes","1.72 bar (25 psi)","315.6 °C (600 °F)","","5.5 bar (80 psi)","176.7 °C (350 °F)","","Pfaudler","","Glasslined","ELL","","1-3" bottom outlet.","Vertical","","","1,350 mm (54 in)","Batch-Type Agitated","Legs","","","Reactor"
"45492","Glasslined Pfaudler Batch-Type Agitated Reactor - IPP# 45492","https://ims.internationalprocessplants.com/inventory/equipment/detail/45492","18","Yes","Mechanical","- Mechanical seal","","","","","Dish","","39.7 L (10.5 gallons)","","Used","400 mm (15.7 in)","","","","","","","","20 bar (290.1 psi)","200 °C (392 °F)","","12 bar (174 psi)","200 °C (392 °F)","","Pfaudler","","Glasslined","","","Openings: top 4-30mm; btm 1-50mm.","","","","500 mm (19.7 in)","Batch-Type Agitated","","","Flat","Reactor"
"48339","Glasslined Pfaudler (Germany) E Batch-Type Agitated Reactor - IPP# 48339","https://ims.internationalprocessplants.com/inventory/equipment/detail/48339","21","Yes","Packing","W/Pfaudler SWV-280 agitator drive, 3-blade retreat curve agit.","2-finger upward baffle w/restricted tip","Finger Baffle","","","","","2,150 L (570 gallons)","","Used","1,400 mm (55.1 in)","","","","","","","Yes","3.9 bar (56.9 psi)","200 °C (392 °F)","","15.6 bar (226.3 psi)","200 °C (392 °F)","","Pfaudler (Germany)","Yes","Glasslined","E","","Openings: top 300mm x 400mm manway w/cover, 4-100mm, 1-200mm, 2-50mm; 1-100mm center bottom outlet","","","","1,450 mm (56.9 in)","Batch-Type Agitated","","","","Reactor"
"48705","Unused Glasslined Thale (Germany) Batch-Type Agitated Reactor - IPP# 48705","https://ims.internationalprocessplants.com/inventory/equipment/detail/48705","23","Yes","Mechanical","- Agitator drive: 11.5 KW, 3/50/500 volt, 1450 rpm - Mechanical seal on shaft","2-finger up baffle.","Finger Baffle","","","Dish","","10,000 L (2,650 gallons)","","Used","2,400 mm (94.5 in)","11.5 kW (15.4 HP)","","","","","","","6 bar (87 psi)","200 °C (392 °F)","","6 bar (87 psi)","200 °C (392 °F)","","Thale (Germany)","Yes","Glasslined","","","Openings: top (1) manway w/sight glass, 2-12", 5-6", 1-4" sight glass; no btm outlet.","","","","1,500 mm (58.1 in)","Batch-Type Agitated","Legs","","Dish","Reactor"
"49071","Glasslined DeDietrich CTJ Batch-Type Agitated Reactor - IPP# 49071","https://ims.internationalprocessplants.com/inventory/equipment/detail/49071","12","","","","","","","","Dish","","2,850 L (750 gallons)","","Used","1,500 mm (60 in)","","","","","","","","","","","","","","DeDietrich","","Glasslined","CTJ","","- Bottom opening size: 1-3 inches","","","","1,700 mm (66 in)","Batch-Type Agitated","Lugs","","","Reactor"
"701990","Batch-Type Agitated Reactor 454 L (119.9 gallons) Stainless Steel 316 For Sale - IPP# 701990","https://ims.internationalprocessplants.com/inventory/equipment/detail/701990","13","","Packing","","","","","","Hemi","","454 L (119.9 gallons)","","Used","1,000 mm (40 in)","","","","","","","","","","","","","","","","Stainless Steel 316","","3.7 kW (5 HP)","Openings: top hinged cover, 12" x 12", 2-2"; bottom 1-2". (4) brackets.","","","","304.8 mm (12 in)","Batch-Type Agitated","Legs","","Flat","Reactor"
"702604","Glasslined Cannon Batch-Type Agitated Reactor - IPP# 702604","https://ims.internationalprocessplants.com/inventory/equipment/detail/702604","23","Yes","Mechanical","- Agitator: Belt driven by a direct coupled, - Agitator type: 3-blade retreat curve agitator","","Finger Baffle","","","Dish","","1,050 L (274.5 gallons)","","Used","1,100 mm (43.9 in)","","","","","","","Yes","2.8 bar (40 psi)","230 °C (446 °F)","","5.2 bar (75 psi)","230 °C (446 °F)","","Cannon","Yes","Glasslined","","2.2 kW (3 HP)","- Openings: - Top: 1-300mm manway, 4-100mm, 1-150mm - Side: 4-50mm","","","","761 mm (30 in)","Batch-Type Agitated","Legs","","Dish","Reactor"
"703060","Glasslined DeDietrich STU Batch-Type Agitated Reactor - IPP# 703060","https://ims.internationalprocessplants.com/inventory/equipment/detail/703060","23","","Mechanical","3-blade retreat curve agitator","2-finger down baffle","Finger Baffle","","","Dish","","4,400 L (1,150 gallons)","","Used","1,800 mm (70.9 in)","","","","","","","","4.4 bar (63.8 psi)","200 °C (392 °F)","","4.4 bar (63.8 psi)","200 °C (392 °F)","","DeDietrich","Yes","Glasslined","STU","7.5 kW (10 HP)","openings: 300mm x 400mm manway (no cover), 1-350mm (agitator nozzle), 1-250mm, 1-175mm, 2-125mm, 3-100mm","","","","2,100 mm (82.7 in)","Batch-Type Agitated","Lugs","","Dish","Reactor"
"703061","Glasslined DeDietrich STU Batch-Type Agitated Reactor - IPP# 703061","https://ims.internationalprocessplants.com/inventory/equipment/detail/703061","23","","Mechanical","- Agitator: 3-blade retreat curve","- Baffle: 2-finger down","Finger Baffle","","","Dish","","4,400 L (1,150 gallons)","","Refurbished/Rebuilt","1,800 mm (70.9 in)","","","","","","","","4.4 bar (63.8 psi)","200 °C (392 °F)","","4.4 bar (63.8 psi)","200 °C (392 °F)","","DeDietrich","Yes","Glasslined","STU","7.5 kW (10 HP)","- Top: 300mm x 400mm manway (no cover), 1-250mm, 1-175mm, 2-125mm (1-agitator nozzle), 3-100mm","","","","2,100 mm (82.7 in)","Batch-Type Agitated","Lugs","","Dish","Reactor"
"703653","Batch-Type Agitated Reactor 3,400 L (900 gallons) Stainless Steel 304 For Sale - IPP# 703653","https://ims.internationalprocessplants.com/inventory/equipment/detail/703653","17","Yes","Packing","non-flameproof motor via Radicon gearbox, 4-blade paddle type","","","","","Dish","","3,400 L (900 gallons)","","Used","1,500 mm (60 in)","","","","","","","","1.03 bar (15 psi)","","Stainless Steel Other","3.4 bar (50 psi)","","","","","Stainless Steel 304","","5.2 kW (7 HP)","- Openings: - Top: 1-8", 1-4", 1-3", 2-2", 1-1" - Side: 1-3", 1-2", 1-1"","","","","1,450 mm (58 in)","Batch-Type Agitated","","","Dish","Reactor"
"703662","Batch-Type Agitated Reactor 1,350 L (360.1 gallons) Stainless Steel 304 For Sale - IPP# 703662","https://ims.internationalprocessplants.com/inventory/equipment/detail/703662","15","Yes","Packing","flameproof motor via Radicon gearbox. Anchor type agit.","","","","","Dish","","1,350 L (360.1 gallons)","","Used","1,150 mm (45 in)","","","","","","","","","","Carbon Steel","","","","","","Stainless Steel 304","","2.2 kW (3 HP)","Openings: - Top: 1-8", 7-3" - Side: 1-2", 1-1/2"","","","","1,150 mm (45 in)","Batch-Type Agitated","","","Dish","Reactor"
"703819","Batch-Type Agitated Reactor 270 L (71.3 gallons) Stainless Steel 316 For Sale - IPP# 703819","https://ims.internationalprocessplants.com/inventory/equipment/detail/703819","19","","Packing","- Agitator: off-center drive with angled shaft, 4-finger retreat curve type","","Finger Baffle","","","Dish","","270 L (71.3 gallons)","","Used","737 mm (29 in)","","","","","","","","2.1 bar (30 psi)","","Stainless Steel 316","2.8 bar (40 psi)","","","T Guisti Ltd","","Stainless Steel 316","","1.49 kW (2 HP)","Openings: top 1-8" with hinged door (with 4" sight glass), 1-4", 3-3", 1-1 1/2", 1-1"; side 1-1 1/4", 1-1/2"; bottom 1-2", 1-1 1/4", 1-1".","","","","610 mm (24 in)","Batch-Type Agitated","Lugs","","Dish","Reactor"
"703822","Batch-Type Agitated Reactor 770 L (203.4 gallons) Stainless Steel 316 For Sale - IPP# 703822","https://ims.internationalprocessplants.com/inventory/equipment/detail/703822","20","Yes","Mechanical","- Agitator: direct coupled to 2 HP, 3/50/380/440 volt, 1440 rpm flameproof motor via gearbox - Mechanical seal - Impellors: (2) stainless steel marine type impellors on shaft","","","","","Dish","","770 L (203.4 gallons)","","Used","889 mm (35 in)","","","","","Yes","","","6.9 bar (100 psi)","","","6.9 bar (100 psi)","","Half Pipe/Limpet","SSV Ltd","","Stainless Steel 316","","1.49 kW (2 HP)","- Openings: - Top: 1-9 1/2" with hinged door, 1-4", 2-2", 3-1 1/2" - Side: 2-1 1/4", 1-1" - Bottom: 1-2", 1-1 1/4"","","","","914 mm (36 in)","Batch-Type Agitated","Lugs","","Dish","Reactor"
"703823","Batch-Type Agitated Reactor 454 L (119.9 gallons) Stainless Steel 316 For Sale - IPP# 703823","https://ims.internationalprocessplants.com/inventory/equipment/detail/703823","20","Yes","Packing","- Agitator drive: Plus Power, serial number 50760, 10:1 ratio, - Agitator type: 4-blade stainless steel impellor","","","","","Dish","","454 L (119.9 gallons)","","Used","813 mm (32 in)","","","","","","","Yes","2.8 bar (40 psi)","","Carbon Steel","4.1 bar (60 psi)","","","Brigg's Engr","","Stainless Steel 316","","2.2 kW (3 HP)","- Openings: - Top: 11" x 8", 2-3", 1-1" - Side: 2-1 1/2", 1-1"","","","","838 mm (33 in)","Batch-Type Agitated","Legs","","Dish","Reactor"
"704438","Batch-Type Agitated Reactor 908 L (239.9 gallons) Stainless Steel 316 For Sale - IPP# 704438","https://ims.internationalprocessplants.com/inventory/equipment/detail/704438","22","","Mechanical","4-blade turbine type agitator","","","","","Dish","","908 L (239.9 gallons)","","Used","1,100 mm (43.9 in)","","","","","","","Yes","2.8 bar (40 psi)","260 °C (500 °F)","Carbon Steel","4.3 bar (63 psi)","260 °C (500 °F)","","Johnson's Ltd","Yes","Stainless Steel 316","","1.12 kW (1.5 HP)","- Openings: - Top: 1-200mm with hinged manway, 1-150mm, 2-100mm, 1-76mm, 3-50mm - Side: 2-50mm","","","","837 mm (33 in)","Batch-Type Agitated","Lugs","","Dish","Reactor"
"704487","Batch-Type Agitated Reactor 227 L (60 gallons) Stainless Steel 316 For Sale - IPP# 704487","https://ims.internationalprocessplants.com/inventory/equipment/detail/704487","15","Yes","Packing","direct coupled, flameproof motor via 32:1 ratio Croft gearbox, bridge mounted drive. Anchor type agitator.","","","","","Dish","","227 L (60 gallons)","","Used","600 mm (23.6 in)","","","","","","","","","","","","","","","","Stainless Steel 316","","1.49 kW (2 HP)","Openings: top 1-150mm with cover, 2-100mm sight glasses (1 with light), 1-65mm, 3-25mm; side 2-31mm, 1-25mm, 1-12mm; bottom 1-37mm, 1-31mm","","","","710 mm (28 in)","Batch-Type Agitated","Lugs","","Dish","Reactor"
"704811","Batch-Type Agitated Reactor 2,250 L (600 gallons) Stainless Steel 316 For Sale - IPP# 704811","https://ims.internationalprocessplants.com/inventory/equipment/detail/704811","21","","","","- Baffles: (4) internal baffles on side wall","","Yes","","Dish","","2,250 L (600 gallons)","","Used","1,500 mm (59.9 in)","","","","","","","Yes","8.3 bar (120 psi)","260 °C (500 °F)","Carbon Steel","6.9 bar (100 psi)","260 °C (500 °F)","","Thomas Morson and Sons","Yes","Stainless Steel 316","","","- Openings: - Top: 1-456mm manway (no cover), 1-200mm, 1-152mm, 3-100mm, (2-sight glasses), 3-50mm, 1-37mm","","","","1,150 mm (46.1 in)","Batch-Type Agitated","Legs","","Dish","Reactor"
"704836","Batch-Type Agitated Reactor 4,500 L (1,200 gallons) Stainless Steel 316 For Sale - IPP# 704836","https://ims.internationalprocessplants.com/inventory/equipment/detail/704836","22","Yes","Packing","- Agitator: Crofts agitator drive 15:1 ratio, 2-blade pitched paddle agitator.","","","","","Dish","","4,500 L (1,200 gallons)","","Used","1,950 mm (76 in)","","","","","","","Yes","2.8 bar (40 psi)","203 °C (397.4 °F)","Carbon Steel","1.72 bar (25 psi)","203 °C (397.4 °F)","","Maitlands Metal Work Ltd","Yes","Stainless Steel 316","","7.5 kW (10.1 HP)","- Openings: top 1-18" manway, 1-5", 2-4", 4-3"","","","","1,500 mm (60 in)","Batch-Type Agitated","","","Dish","Reactor"
"704838","Batch-Type Agitated Reactor 4,500 L (1,200 gallons) Stainless Steel 316 For Sale - IPP# 704838","https://ims.internationalprocessplants.com/inventory/equipment/detail/704838","22","Yes","Packing","- Agitator: Crofts agitator drive, 2-blade pitched paddle agitator","","","","","Dish","","4,500 L (1,200 gallons)","","Used","1,950 mm (76 in)","","","","","","","Yes","2.8 bar (40 psi)","203 °C (397.4 °F)","Carbon Steel","1.72 bar (25 psi)","203 °C (397.4 °F)","","Joseph Adamson Ltd","Yes","Stainless Steel 316","","2.5 kW (3.4 HP)","- Openings: top 1-18" manway, 3-4", 3-3", 2-2"","","","","1,500 mm (60 in)","Batch-Type Agitated","","","Dish","Reactor"
"704839","Batch-Type Agitated Reactor 4,500 L (1,200 gallons) Stainless Steel 316 For Sale - IPP# 704839","https://ims.internationalprocessplants.com/inventory/equipment/detail/704839","22","Yes","Packing","- Agitator: Crofts agitator drive, rated 7.5 KW, 15:1 ratio, 2-blade pitched paddle agitator","","","","","Dish","","4,500 L (1,200 gallons)","","Used","1,950 mm (76 in)","","","","","","","Yes","2.8 bar (40 psi)","203 °C (397.4 °F)","Carbon Steel","1.72 bar (25 psi)","203 °C (397.4 °F)","","Maitlands Metal Work Ltd","Yes","Stainless Steel 316","","7.5 kW (10.1 HP)","- Openings: top 1-18" manway, 3-4", 3-3", 2-2"","","","","1,500 mm (60 in)","Batch-Type Agitated","","","Dish","Reactor"
"704871","Glasslined Schwelm Batch-Type Agitated Reactor - IPP# 704871","https://ims.internationalprocessplants.com/inventory/equipment/detail/704871","21","Yes","Mechanical","- Agitator: Kestermann model SVO-70-2, 3-blade retreat curve","No baffle","","","","Dish","","4,400 L (1,150 gallons)","","Used","1,800 mm (70.9 in)","","","","","","","","6 bar (87 psi)","200 °C (392 °F)","","6 bar (87 psi)","200 °C (392 °F)","","Schwelm","Yes","Glasslined","","7.5 kW (10 HP)","- Openings: - Top: 300mm x 400mm manway, 1-250mm, 1-125mm, 4-100mm, 2-80mm","","","","1,800 mm (70.9 in)","Batch-Type Agitated","","","Dish","Reactor"
"704973","Batch-Type Agitated Reactor 2 L (0.53 gallons) Hastelloy - C276 For Sale - IPP# 704973","https://ims.internationalprocessplants.com/inventory/equipment/detail/704973","19","Yes","Magnetic","- Agitator: belt driven by Electrical Power Eng Ltd drive, flameproof motor with Type ISA757A solenoid, - Agitator type: paddle","","","","","Flat","","2 L (0.53 gallons)","Yes","Used","88.9 mm (3.5 in)","","","","","","","","358.7 bar (5,200 psi)","300 °C (572 °F)","Stainless Steel Other","","","","Baskerville and Lindsay Ltd","","Hastelloy - C276","","0.37 kW (0.5 HP)","- Openings: top 2-1" (screw type fittings)","","","","304.8 mm (12 in)","Batch-Type Agitated","","","Flat","Reactor"
"705349","Glasslined Pfaudler RA Batch-Type Agitated Reactor - IPP# 705349","https://ims.internationalprocessplants.com/inventory/equipment/detail/705349","24","Yes","","- Agitator drive: Hi-Gear Model #VS20G - Agitator drive serial number: 69085/5 - Agitator drive ratio: 5:1, - Agitator type: 3-blade retreat curve","beaver tail baffle","Beavertail","","","Dish","","4,000 L (1,050 gallons)","","Used","1,850 mm (72 in)","","","","","","","Yes","6.4 bar (92.5 psi)","200 °C (392 °F)","","6.8 bar (99.1 psi)","200 °C (392 °F)","","Pfaudler","Yes","Glasslined","RA","11 kW (14.8 HP)","- Openings: - Top: 1-460mm manway, 2-150mm, 6-100mm jacket 2-80mm","","","","1,550 mm (61 in)","Batch-Type Agitated","Lugs","","Dish","Reactor"
"705389","Glasslined Pfaudler T Batch-Type Agitated Reactor - IPP# 705389","https://ims.internationalprocessplants.com/inventory/equipment/detail/705389","23","Yes","Packing","Robins Model #G8-40 agitator drive, Serial #168. Belt driven with varispeed pulleys. 0.96 KW, 3/50/220/380 volt, 1350 rpm Ex motor via Durand Type 63U,3-blade retreat curve agitator.","","","","","Dish","","500 L (132.1 gallons)","","Used","800 mm (31.5 in)","","","","","","","Yes","3.6 bar (51.9 psi)","200 °C (392 °F)","Carbon Steel","6 bar (87 psi)","200 °C (392 °F)","","Pfaudler","","Glasslined","T","0.96 kW (1.29 HP)","Openings: top 1-125mm inspection port, 1-100mm, 3-80mm; jacket 2-40mm, 6-25mm; bottom 1-50mm with valve","","","","820 mm (32.3 in)","Batch-Type Agitated","Legs","","Dish","Reactor"
"705391","Glasslined Pfaudler T Batch-Type Agitated Reactor - IPP# 705391","https://ims.internationalprocessplants.com/inventory/equipment/detail/705391","25","Yes","Packing","- Agitator drive: Robin Model #G8-40 - Agitator drive serial number: 166, - Agitator type: 3-blade retreat curve agitator","2-finger baffle","Finger Baffle","","","Dish","","124 L (32.8 gallons)","","Used","600 mm (23.6 in)","","","","","","","Yes","3.6 bar (51.9 psi)","200 °C (392 °F)","Carbon Steel","6 bar (87 psi)","93.3 °C (200 °F)","","Pfaudler","","Glasslined","T","1.3 kW (1.74 HP)","- Openings: - Top: 1-25mm inspection port, 1-80mm, 3-50mm, jacket 1-40mm, 3-25mm, bottom 1-50mm","","","","425 mm (16.7 in)","Batch-Type Agitated","Legs","","Dish","Reactor"
"705395","Glasslined Pfaudler Batch-Type Agitated Reactor - IPP# 705395","https://ims.internationalprocessplants.com/inventory/equipment/detail/705395","24","Yes","Packing","- Agitator drive: Robins model #G8-40, - Agitator type: 3-blade retreat curve","- Baffle type: 2-finger","Finger Baffle","","","Dish","","500 L (132.1 gallons)","","Used","800 mm (31.5 in)","","","","","","","Yes","3.5 bar (50.8 psi)","200 °C (392 °F)","Carbon Steel","6 bar (87 psi)","200 °C (392 °F)","","Pfaudler","","Glasslined","","0.96 kW (1.29 HP)","openings: top 1-125mm inspection port, 1-100mm, 3-80mm, jacket 2-40mm, 6-25mm, bottom 1-50mm","","","","820 mm (32.3 in)","Batch-Type Agitated","Lugs","","Dish","Reactor"
"705437","Batch-Type Agitated Reactor 946 L (249.9 gallons) Stainless Steel 316 For Sale - IPP# 705437","https://ims.internationalprocessplants.com/inventory/equipment/detail/705437","20","Yes","Packing","Agitator: 316 stainless steel agitator Number of blades: 3 Type of blade: Pitched paddle Gland: Drive: Varispeed pulley drive","Baffle: 316 stainless steel 4-finger baffle","Finger Baffle","","","Dish","","946 L (249.9 gallons)","","Used","1,100 mm (42.3 in)","7.5 kW (10.1 HP)","","","","","","","8 bar (116 psi)","120 °C (248 °F)","Carbon Steel","","","","Werkhuizen A Deprest","","Stainless Steel 316","","","Openings: - Top: 1-200mm inspection cover, 1-175mm, 2-100mm sight glasses, 1-80mm with baffle, 3-50mm, 2-25mm (1 with 25mm off chute), 1-12mm","","","","1,000 mm (39.4 in)","Batch-Type Agitated","","","Dish","Reactor"
"705443","Batch-Type Agitated Reactor 3,000 L (793 gallons) Stainless Steel 316 For Sale - IPP# 705443","https://ims.internationalprocessplants.com/inventory/equipment/detail/705443","22","Yes","Packing","- Agitator: 316 stainless steel, consisting of (1) 3-blade and (1) 2-blade pitched paddle, - Agitator drive: Rexroth type MO53-D200-L402-21ADM, SR# 123500/360580 hydraulic powerpak, SR#6399, 105-210 RPM output speed","- Baffle: (1) 316 stainless steel","","","","Dish","","3,000 L (793 gallons)","","Used","1,500 mm (59.1 in)","","","","","","","","6 bar (87 psi)","150 °C (302 °F)","Carbon Steel","7.8 bar (113.1 psi)","150 °C (302 °F)","","Werkhuizen A Deprest","Yes","Stainless Steel 316","","10 kW (13.4 HP)","- Openings: - Top: 1- 400mm diameter manway with cover and 1-100mm sight glass, 1-220mm, 1-100mm sight glass, 2-80mm, 3-50mm, 1-25mm, 2-12mm, jacket 1-100mm,3-40mm, 1-25mm; 1-125 mm bottom outlet.","","","","1,600 mm (63 in)","Batch-Type Agitated","","","Dish","Reactor"
"705447","Batch-Type Agitated Reactor 2,000 L (528 gallons) Stainless Steel 316 For Sale - IPP# 705447","https://ims.internationalprocessplants.com/inventory/equipment/detail/705447","22","Yes","Packing","- Agitator: 316 stainless steel with 3-blade pitched parrle - Drive: Varispeed pulley drive, Ex motor via Hansen gearbox, Type SCF-328-V40, 12.5:1 ratio, 36-205 rpm","- Baffle: 3-finger stainless steel","Finger Baffle","","","Dish","","2,000 L (528 gallons)","","Used","1,200 mm (47.2 in)","","","","","","","","4.9 bar (71.1 psi)","","Stainless Steel 316","5.9 bar (85.3 psi)","","Half Pipe/Limpet","Belginox AT Wilnssa","Yes","Stainless Steel 316","","6.8 kW (9.1 HP)","- Openings: - Top: 1-250mm manway cover with 80mm sight glass, 1-250mm, 1-100mm, 1-80mm, 2-40mm, 2-25mm, 1-12mm with 12mm off chute, jacket 7-50mm; bottom 1-100mm.","","","","1,500 mm (59.1 in)","Batch-Type Agitated","","","Dish","Reactor"
"705449","Batch-Type Agitated Reactor 2,000 L (528 gallons) Stainless Steel 316 For Sale - IPP# 705449","https://ims.internationalprocessplants.com/inventory/equipment/detail/705449","19","Yes","Mechanical","- Agitator: 316 stainless steel with 3-blade pitched paddle, Ex motor via Caronvector, Type RF-80-V24-T-EXE, 34-213 rpm variable speed gearbox","- Baffle: 4-finger 316 stainless steel","Finger Baffle","","","Dish","","2,000 L (528 gallons)","","Used","1,250 mm (50 in)","","","","","","","","","","Carbon Steel","","","","Werkhuizen A Deprest","Yes","Stainless Steel 316","","7.5 kW (10.1 HP)","- Openings: - Top: 1-350mm manway with cover and 100mm sight glass, 1-225mm, 1-100mm sight glass, 1-80mm with baffle, 3-60mm (1 with 12mm off chute), 1-34mm, 2-22mm,","","","","1,500 mm (59.1 in)","Batch-Type Agitated","","","Dish","Reactor"
"705451","Batch-Type Agitated Reactor 1,000 L (264.2 gallons) Stainless Steel 316 For Sale - IPP# 705451","https://ims.internationalprocessplants.com/inventory/equipment/detail/705451","19","Yes","Packing","- Agitator: 316 stainless steel 3-blade pitched paddle, EX motor via Carson Vector gearbox type RF802-VZ4-T-A, SR# 90/071934-0-001-1, 14.46:1 ratio. Input speed 710 RPM output speed 34-210 RPM.","- Baffle: 316 stainless steel four finger","Finger Baffle","","","Dish","","1,000 L (264.2 gallons)","","Used","1,100 mm (42.3 in)","","","","","","","","","","Carbon Steel","","","","Werkhuizen A Deprest","Yes","Stainless Steel 316","","7.5 kW (10.1 HP)","- Openings: - Top: 1-200 mm manway with cover, 1-175mm, 2-100 mm sight glasses, 1-80 mm for baffle, 3-40 mm,2-25mm, 2-12mm jacket 3-40mm,2-25mm; 1-12mm bottom outlet.","","","","1,200 mm (47.2 in)","Batch-Type Agitated","","","Dish","Reactor"
"705453","Batch-Type Agitated Reactor 1,000 L (264.2 gallons) Stainless Steel Austenitic For Sale - IPP# 705453","https://ims.internationalprocessplants.com/inventory/equipment/detail/705453","24","Yes","Packing","- Agitator material: 316L stainless steel - Agitator type: 3-blade retreat curve agitator - Drive type: Varispeed pulley drive, - Shaft speed: 0-200 rpm","- Baffle material: 4-finger 316 stainless steel","Finger Baffle","","","Dish","","1,000 L (264.2 gallons)","","Used","1,000 mm (39.4 in)","","","","","","","Yes","1.96 bar (28.4 psi)","150 °C (302 °F)","Stainless Steel 316","5.9 bar (85.3 psi)","150 °C (302 °F)","","Werkhuizen A Deprest","Yes","Stainless Steel Austenitic","","7.5 kW (10.1 HP)","- Openings: - Top: 1-125mm manway cover with 80mm sight glass, 1-150mm, 1-100mm sight glass, 1-80mm, 2-40mm, 4-25mm (1 with 25mm off chute)","","","","1,000 mm (39.4 in)","Batch-Type Agitated","","","Dish","Reactor"
"705458","Batch-Type Agitated Reactor 1,000 L (264.2 gallons) Stainless Steel 316 For Sale - IPP# 705458","https://ims.internationalprocessplants.com/inventory/equipment/detail/705458","17","Yes","Packing","- Agitator: 316 stainless steel 3-blade retreat curve agitator, - Packing gland: Yes, - Drive: Sew-Eurodrive, Type VZ4-EXE, Serial #9/919848-3, speed 496-3085 rpm, varispeed pulley, Caron-Vector reduction gearbox, Type RR802-VZ4-TA, Serial #90/066873-0-001-1, speed 43-214 rpm","- Baffle: 4-finger 316 stainless steel baffle","Finger Baffle","","","Dish","","1,000 L (264.2 gallons)","","Used","1,000 mm (39.4 in)","","","","","","","","","","Carbon Steel","","","","","","Stainless Steel 316","","7.5 kW (10.1 HP)","- Openings: - Top: 1-200mm inspection port with hinged cover, 1-140mm, 2-100mm sight glasses, 1-80mm with baffle, 2-32mm, 3-32mm, jacket 1-50mm, 1-40mm, 1-25mm, 1-12mm; bottom 1-100mm.","","","","1,000 mm (39.4 in)","Batch-Type Agitated","","","Dish","Reactor"
"705460","Batch-Type Agitated Reactor 1,000 L (264.2 gallons) Stainless Steel 316 For Sale - IPP# 705460","https://ims.internationalprocessplants.com/inventory/equipment/detail/705460","19","Yes","Packing","- Agitator: 316 stainless steel anchor agitator,Ex motor via Sadi reduction gearbox, Type RD-458, 27.88:1 ratio","316 stainless steel baffle","","","","Dish","","1,000 L (264.2 gallons)","","Used","1,100 mm (42.3 in)","","","","","","","","8 bar (116 psi)","120 °C (248 °F)","Carbon Steel","","","","Werkhuizen A Deprest","","Stainless Steel 316","","2.2 kW (3 HP)","Oepnings: top 1-300mm cover with 100mm sight glass, 1-175mm, 1-100mm sight glass, 1-80mm with baffle, 3-50mm, 1-40mm with 12mm off chute, 1-25mm, 2-12mm; jacket 1-50mm, 2-40mm, 2-25mm, 1-12mm; bottom 1-100mm.","","","","1,000 mm (39.4 in)","Batch-Type Agitated","","","Dish","Reactor"
"705462","Batch-Type Agitated Reactor 750 L (198.1 gallons) Stainless Steel 316 For Sale - IPP# 705462","https://ims.internationalprocessplants.com/inventory/equipment/detail/705462","22","Yes","Packing","- Agitator: 316 stainless steel anchor agitator with packing gland on shaft","- Baffle: 316 stainless steel 3-finger baffle","Finger Baffle","","","Dish","","750 L (198.1 gallons)","","Used","1,100 mm (42.3 in)","","","","","","","","8 bar (116 psi)","120 °C (248 °F)","Carbon Steel","","40 °C (104 °F)","","Werkhuizen A Deprest","Yes","Stainless Steel 316","","7.5 kW (10.1 HP)","- Openings: - Top: 1-200 mm manway with cover, 1-175mm, 2-100 mm sight glasses, 1-80 mm, 3-50 mm, 2-25mm, 2-12mm","","","","1,000 mm (39.4 in)","Batch-Type Agitated","","","Dish","Reactor"
"705466","Glasslined Pfaudler-Balfour B2270-LL Batch-Type Agitated Reactor - IPP# 705466","https://ims.internationalprocessplants.com/inventory/equipment/detail/705466","21","Yes","Mechanical","3-blade retreat curve agitator, Pfaudler drive, type 60 mechanical seal on shaft with lubricator.","- Baffle: 2-finger baffle","Finger Baffle","","","Dish","","2,250 L (600 gallons)","","Used","1,500 mm (60 in)","","","","","","","","6.2 bar (89.9 psi)","","","6.9 bar (99.9 psi)","","","Pfaudler-Balfour","Yes","Glasslined","B2270-LL","","1-400 mm manway with cover, 1-100 mm sight glass, 1-200 mm, 3-100 mm, 1-100 mm sight glass, Jacket 6-40 mm","","","","1,100 mm (43.5 in)","Batch-Type Agitated","Legs","","Dish","Reactor"
"705588","Batch-Type Agitated Reactor 230 L (60.8 gallons) Stainless Steel 316 For Sale - IPP# 705588","https://ims.internationalprocessplants.com/inventory/equipment/detail/705588","19","Yes","Mechanical","- Agitator: Freeman Taylor drive, flameproof motor via a 190 rpm output gearbox, 316 stainless steel shaft with 3 blade agitator","","","","","Dish","","230 L (60.8 gallons)","","Used","711 mm (28 in)","","","","","","","","3.1 bar (45 psi)","","Stainless Steel 316","10.3 bar (150 psi)","","Half Pipe/Limpet","","","Stainless Steel 316","","0.75 kW (1 HP)","- Openings: Top 1-8" with hinged cover, 5-4" (1 x sight glass), jacket 4-1"","","","","508 mm (20 in)","Batch-Type Agitated","Lugs","","Dish","Reactor"
"705792","Glasslined Schwelm Batch-Type Agitated Reactor - IPP# 705792","https://ims.internationalprocessplants.com/inventory/equipment/detail/705792","23","Yes","","- Agitator: - Type: 3-blade retreat curve","- Baffle: 2-finger","Finger Baffle","","","Dish","","3,400 L (903 gallons)","","Used","1,600 mm (63 in)","","","","","","","","6 bar (87 psi)","200 °C (392 °F)","","6 bar (87 psi)","200 °C (392 °F)","","Schwelm","Yes","Glasslined","","7.5 kW (10.1 HP)","- Top: - 1-300 x 400mm manway with cover - 1-200mm opening - 1-125mm opening - 4-100mm openings - 2-80mm openings, jacket 4-50mm, bottom1-100mm","Vertical","","","2,000 mm (78.7 in)","Batch-Type Agitated","Legs","","Dish","Reactor"
"705874","Glasslined DeDietrich Batch-Type Agitated Reactor - IPP# 705874","https://ims.internationalprocessplants.com/inventory/equipment/detail/705874","19","Yes","Packing","- Agitator drive: DeDietrich - Agitator type: Anchor agitator, - Probes: (1) probe","","","","","Dish","","1,500 L (393.6 gallons)","","Used","1,200 mm (47.2 in)","","","","","","","Yes","6 bar (87 psi)","200 °C (392 °F)","","6 bar (87 psi)","200 °C (392 °F)","","DeDietrich","","Glasslined","","","","","","","960 mm (37.8 in)","Batch-Type Agitated","Legs","","Dish","Reactor"
"705930","Glasslined Pfaudler RA Batch-Type Agitated Reactor - IPP# 705930","https://ims.internationalprocessplants.com/inventory/equipment/detail/705930","22","Yes","Mechanical","3-finger retreat curve agitator","","Finger Baffle","Yes","","Dish","","4,550 L (1,200 gallons)","","Re-glassed","1,850 mm (72 in)","","","","","","","Yes","6.8 bar (99.1 psi)","","","6.8 bar (99.1 psi)","","","Pfaudler","Yes","Glasslined","RA","","- Top: 1-460mm manway with cover, 2-150mm, 6-100mm, jacket: 2-80mm, 8-50mm, bottom: 1-100mm","","","","1,550 mm (61 in)","Batch-Type Agitated","Lugs","","Dish","Reactor"
"705932","Glasslined Pfaudler-Balfour RA Batch-Type Agitated Reactor - IPP# 705932","https://ims.internationalprocessplants.com/inventory/equipment/detail/705932","22","","Mechanical","- Drive: VS20 - Agitator: 3-finger retreat curve","3-finger retreat curve","Finger Baffle","","","Dish","","4,550 L (1,200 gallons)","","Used","1,850 mm (72 in)","","","","","","","Yes","6.8 bar (99.1 psi)","","","6.8 bar (99.1 psi)","","","Pfaudler-Balfour","Yes","Glasslined","RA","","- Openings: - Top: 1-460mm manway with cover, 2-150mm, 6-100mm, jacket: 2-80mm, 8-50mm, bottom: 1-100mm","Vertical","","","1,550 mm (61 in)","Batch-Type Agitated","Lugs","","Dish","Reactor"
"705933","Glasslined Pfaudler-Balfour RA Batch-Type Agitated Reactor - IPP# 705933","https://ims.internationalprocessplants.com/inventory/equipment/detail/705933","22","Yes","Mechanical","- Agitator: VS20 drive, 3-finger retreat curve","- Baffle: 1","","","","Dish","","4,550 L (1,200 gallons)","","Used","1,850 mm (72 in)","","","","","","","Yes","6.8 bar (99.1 psi)","","","6.8 bar (99.1 psi)","","","Pfaudler-Balfour","Yes","Glasslined","RA","","- Openings: - Top: 1-460mm manway with cover, 2-150mm, 6-100mm, jacket: 2-80mm, 8-50mm, bottom: 1-100mm","Vertical","","","1,550 mm (61 in)","Batch-Type Agitated","Lugs","","Dish","Reactor"
"70606","Glasslined Pfaudler RA Batch-Type Agitated Reactor - IPP# 70606","https://ims.internationalprocessplants.com/inventory/equipment/detail/70606","24","Yes","Mechanical","3-blade retreat curve agitator","finger baffle","Finger Baffle","","","Dish","","7,550 L (2,000 gallons)","","Used","2,000 mm (78 in)","","","","","","","Yes","6.9 bar (100 psi)","343.3 °C (650 °F)","","6.2 bar (90 psi)","176.7 °C (350 °F)","","Pfaudler","Yes","Glasslined","RA","","Openings: top 450mm x 350mm manway with 100mm sight glass, 2-200mm, 2-152mm, 3-100mm, 2-50mm; straight side 1-57mm jkt drain; bottom 1-100mm, 3-31mm and 1-19mm jacket drains.","","","","2,150 mm (83.9 in)","Batch-Type Agitated","Lugs","","Dish","Reactor"
"70612","Glasslined Pfaudler ELL Series Batch-Type Agitated Reactor - IPP# 70612","https://ims.internationalprocessplants.com/inventory/equipment/detail/70612","24","Yes","Mechanical","3-blade retreat curve agit, Pfaudler 4DTW agit drive","nucerite H-baffle.","H-Baffle","","","Dish","","1,900 L (500 gallons)","","Re-glassed","1,500 mm (60 in)","","","","","","","","1.72 bar (25 psi)","232.2 °C (450 °F)","","5.9 bar (85 psi)","176.7 °C (350 °F)","","Pfaudler","Yes","Glasslined","ELL Series","3.7 kW (5 HP)","Openings: top 12" x 16" manway w/cover and manway assist, 4-4", 2-3", 1-6"; 3" btm outlet.","","","","1,300 mm (51.8 in)","Batch-Type Agitated","Lugs","","Dish","Reactor"
"706172","Unused Glasslined  Batch-Type Agitated Reactor - IPP# 706172","https://ims.internationalprocessplants.com/inventory/equipment/detail/706172","21","Yes","Mechanical","3-finger retreat curve agitator","beavertail baffle","Beavertail","","","Dish","","2,250 L (600 gallons)","","Unused","1,500 mm (59.1 in)","","","","","","","","5 bar (72.5 psi)","","","11.3 bar (163.9 psi)","","","","Yes","Glasslined","","4 kW (5.4 HP)","- Top openings: 1-450mm manway with cover, 1-200mm, 4-100mm, jacket: 4-50mm, 2-30mm, bottom: 1-100mm","Vertical","","","1,250 mm (49.6 in)","Batch-Type Agitated","Lugs","","Dish","Reactor"
"706365","Glasslined Pfaudler-Balfour BE Batch-Type Agitated Reactor - IPP# 706365","https://ims.internationalprocessplants.com/inventory/equipment/detail/706365","26","Yes","Mechanical","- VS0: 16/100 agitator drive, - Agitator: 4 blade cryo-lock CBT agitator - Agitator speed: 90 rpm","beavertail baffle with tantalum tip","Beavertail","","","Dish","","","","Used","1,950 mm (77 in)","10 kW (13.4 HP)","","","","","","Yes","6.6 bar (95.7 psi)","200 °C (392 °F)","","6.6 bar (95.7 psi)","200 °C (392 °F)","","Pfaudler-Balfour","Yes","Glasslined","BE","10 kW (13.4 HP)","- Openings: - Top: 1-500mm manway, 2-250mm, 5-150mm - Straight side: 2-80mm, 4-50mm","Vertical","","","2,250 mm (88.6 in)","Batch-Type Agitated","Lugs","","Dish","Reactor"
"706512","Unused Glasslined Thale (Germany) EHW-N22101/02 Batch-Type Agitated Reactor - IPP# 706512","https://ims.internationalprocessplants.com/inventory/equipment/detail/706512","20","Yes","","Agitator: Anchor agitator shaft","","","","","Dish","","1,750 L (467.6 gallons)","","Unused","1,200 mm (47.2 in)","","","","","","","Yes","10 bar (145 psi)","200 °C (392 °F)","","10 bar (145 psi)","200 °C (392 °F)","","Thale (Germany)","Yes","Glasslined","EHW-N22101/02","","Openings: - Top: 300mm x 400mm manway w/cover, 5-100mm, 2-200mm - Jacket: 2-50mm, 2-40mm","","","","1,300 mm (51.2 in)","Batch-Type Agitated","Lugs","","","Reactor"
"706513","Glasslined Schwelmer Batch-Type Agitated Reactor - IPP# 706513","https://ims.internationalprocessplants.com/inventory/equipment/detail/706513","15","","Packing","","","","","","Dish","","54 L (14.3 gallons)","","Used","350 mm (13.8 in)","","","","","","","","10 bar (145 psi)","250 °C (482 °F)","","20 bar (290.1 psi)","250 °C (482 °F)","","Schwelmer","","Glasslined","","","","","","","300 mm (11.8 in)","Batch-Type Agitated","","","Dish","Reactor"
"706514","Glasslined Pfaudler Batch-Type Agitated Reactor - IPP# 706514","https://ims.internationalprocessplants.com/inventory/equipment/detail/706514","17","","Packing","","","","","","Dish","","2,150 L (570 gallons)","","Used","1,500 mm (59.1 in)","","","","","","","Yes","6 bar (87 psi)","200 °C (392 °F)","","6 bar (87 psi)","200 °C (392 °F)","","Pfaudler","","Glasslined","","","","","","","1,200 mm (47.2 in)","Batch-Type Agitated","Lugs","","Dish","Reactor"
"706524","Glasslined Pfaudler-Balfour CE Batch-Type Agitated Reactor - IPP# 706524","https://ims.internationalprocessplants.com/inventory/equipment/detail/706524","26","Yes","Mechanical","- Agitator drive: Pfaudler VSO 32/100, - Agitator: 3 blade retreat curve, speed 90 rpm","Beavertail baffle with tantalum tip","Beavertail","","","Dish","","6,300 L (1,650 gallons)","","Re-glassed","2,000 mm (78.7 in)","","","","","","","Yes","6.6 bar (95.7 psi)","200 °C (392 °F)","","6.6 bar (95.7 psi)","200 °C (392 °F)","","Pfaudler-Balfour","Yes","Glasslined","CE","11 kW (14.8 HP)","Openings: top: 1-500mm manway, 2-250mm, 5-150mm, straight side: 6-50mm, bottom: 1-150mm with valve, 3-50mm","Vertical","","","2,050 mm (80.4 in)","Batch-Type Agitated","Lugs","","Dish","Reactor"
"706613","Stainless Steel 316  Batch-Type Agitated Reactor - IPP# 706613","https://ims.internationalprocessplants.com/inventory/equipment/detail/706613","26","Yes","Mechanical","Agitator: (2) 6 blade pitched paddles on shaft, Curtis mixer agitator drive","","Flat Vertical","","Stainless Steel 316","Dish","","10,550 L (2,800 gallons)","","Used","1,950 mm (76.5 in)","","","","","Yes","","","3.4 bar (50 psi)","300 °C (572 °F)","Stainless Steel 316","5 bar (72.5 psi)","300 °C (572 °F)","Half Pipe/Limpet","","","Stainless Steel 316","","7.5 kW (10.1 HP)","openings: top: 1-450mm, 1-300mm, 1-200mm, 2-150mm, 1-63mm, 9-50mm, 4-20mm, straight side internal: 1-25mm, 1-15mm, straight side coils: 8-50mm, bottom: 1-100mm, 1-25mm","Vertical","","","3,000 mm (117.3 in)","Batch-Type Agitated","Lugs","Stainless Steel 316","Dish","Reactor"
"706715","Stainless Steel 316 Clad Gjettermann &amp; Nielsen Batch-Type Agitated Reactor - IPP# 706715","https://ims.internationalprocessplants.com/inventory/equipment/detail/706715","24","Yes","Mechanical","Agitator drive: Ekato type HWL-0601, - Agitator speed: 346 rpm","","","","","Dish","","3,000 L (795 gallons)","Yes","Used","1,150 mm (44.5 in)","","","","","","","","20 bar (290.1 psi)","115 °C (239 °F)","Stainless Steel 304","5 bar (72.5 psi)","152 °C (305.6 °F)","Dimple","Gjettermann & Nielsen","Yes","Stainless Steel 316","","7.5 kW (10.1 HP)","openings top: 1-100mm, 3-50mm, straightside: 1-420mm manway, 1-19mm, jacket: 2-25mm, bottom: 1-50mm","","","","2,700 mm (105.3 in)","Batch-Type Agitated","Legs","","Dish","Reactor"
"706719","Stainless Steel 316 JENS OLSEN Batch-Type Agitated Reactor - IPP# 706719","https://ims.internationalprocessplants.com/inventory/equipment/detail/706719","23","Yes","Mechanical","","(1) internal baffle on sidewall,","","","","Cone","","4,050 L (1,050 gallons)","","Used","1,600 mm (62.5 in)","","","","","","","Yes","2 bar (29 psi)","165 °C (329 °F)","Stainless Steel 304","6 bar (87 psi)","","Half Pipe/Limpet","JENS OLSEN","Yes","Stainless Steel 316","","5.5 kW (7.4 HP)","openings top: 1-420mm manway with cover, 2-150mm, 1-100mm, 1-100mm sightglass, 2-75mm, 1-25mm, jacket: 2-25mm (side), 2-30mm (bottom), bottom: 1-75mm","","","","1,500 mm (59.1 in)","Batch-Type Agitated","Lugs","","Dish","Reactor"
"706720","Glasslined Pfaudler BE Batch-Type Agitated Reactor - IPP# 706720","https://ims.internationalprocessplants.com/inventory/equipment/detail/706720","25","Yes","Mechanical","4-blade cryolock agitator, 30/135 rpm shaft speed,","(1) beavertail baffle,","Beavertail","","","Dish","","5,850 L (1,550 gallons)","","Used","2,000 mm (78.7 in)","","","","","","","Yes","6.6 bar (95.7 psi)","200 °C (392 °F)","","6.6 bar (95.7 psi)","200 °C (392 °F)","","Pfaudler","Yes","Glasslined","BE","11 kW (14.8 HP)","- Openings top: 1-500mm manway, 2-250mm, 2-200mm, 2-150mm (1 with baffle), 5-100mm - Jacket: 2-80mm, 6-50mm - Bottom: 1-150mm","","","","1,450 mm (57.7 in)","Batch-Type Agitated","Lugs","","Dish","Reactor"
"706744","Stainless Steel 316 Clad JENS OLSEN Batch-Type Agitated Reactor - IPP# 706744","https://ims.internationalprocessplants.com/inventory/equipment/detail/706744","22","Yes","Mechanical","","","","","Stainless Steel 304","Dish","","5,900 L (1,550 gallons)","Yes","Used","1,800 mm (70.9 in)","","","","","","","Yes","2 bar (29 psi)","165 °C (329 °F)","","6 bar (87 psi)","","","JENS OLSEN","Yes","Stainless Steel 316","","11 kW (14.8 HP)","Top openings: 1-420mm manway with cover, 2-250mm, 2-200mm, 2-100mm, 1-100mm sightglass, 2-25mm (1-screw type) - Straight side openings: 2-25mm - Jacket openings: 2-25mm (side), 2-30mm (bottom) - Bottom openings: 1-75mm","","","","1,800 mm (70.9 in)","Batch-Type Agitated","Lugs","","Dish","Reactor"
"706748","Glasslined Pfaudler BE Batch-Type Agitated Reactor - IPP# 706748","https://ims.internationalprocessplants.com/inventory/equipment/detail/706748","26","Yes","Mechanical","4-blade cryolock agitator,30/135 rpm shaft speed","(1) beavertail baffle","Beavertail","","","Dish","","5,850 L (1,550 gallons)","","Used","2,000 mm (78.7 in)","","","","","","","Yes","6.6 bar (95.7 psi)","200 °C (392 °F)","","6.6 bar (95.7 psi)","200 °C (392 °F)","","Pfaudler","Yes","Glasslined","BE","11 kW (14.8 HP)","- Openings: - Top: 1-500mm manway, 2-250mm, 2-200mm, 2-150mm (1 with baffle), 5-100mm - Jacket: 2-80mm, 6-50mm - Bottom: 1-150mm","Vertical","","","1,450 mm (57.7 in)","Batch-Type Agitated","Lugs","","Dish","Reactor"
"706764","Stainless Steel 316 JENS OLSEN Batch-Type Agitated Reactor - IPP# 706764","https://ims.internationalprocessplants.com/inventory/equipment/detail/706764","28","Yes","","gate type agitator on bottom of shaft, (3) blade paddle halfway up the shaft, (4) internal baffles on sidewall,","- Internal baffles: (4) on sidewall","","","Stainless Steel 316","Dish","","7,100 L (1,850 gallons)","","Used","1,900 mm (74.8 in)","4.6 kW (6.2 HP)","","","","","","Yes","1.8 bar (26.1 psi)","170 °C (338 °F)","Stainless Steel 304","10 bar (145 psi)","170 °C (338 °F)","Half Pipe/Limpet","JENS OLSEN","Yes","Stainless Steel 316","","4.6 kW (6.2 HP)","opening top: 1-400mm manway, 1-500mm, 4-80mm, jacket (straight side): 2-25mm, 1-15mm, jacket (bottom): 1-15mm, bottom: 1-70mm,","Vertical","","","2,000 mm (78.7 in)","Batch-Type Agitated","Legs","Stainless Steel 316","Dish","Reactor"
"706765","Glasslined Pfaudler CCE Batch-Type Agitated Reactor - IPP# 706765","https://ims.internationalprocessplants.com/inventory/equipment/detail/706765","24","Yes","Mechanical","- Agitator shaft: nucerite 8000, - Agitator: 3-blade retreat curved","(1) beavertail baffle","Beavertail","","","Dish","","10,000 L (2,650 gallons)","","Refurbished/Rebuilt","2,400 mm (94.5 in)","","","","","","","Yes","6.6 bar (95.7 psi)","200 °C (392 °F)","","6.6 bar (95.7 psi)","200 °C (392 °F)","","Pfaudler","Yes","Glasslined","CCE","15 kW (20.1 HP)","- Top openings: 1-500mm manway with 100mm sightglass, 2-300mm, 7-200mm (1-with baffle) - Side jacket openings: 1-80mm, 3-50mm - Bottom openings: 1-150mm, 1-80mm (jacket)","","","","1,950 mm (76.4 in)","Batch-Type Agitated","Legs","","","Reactor"
"706863","DeDietrich AE-630 847 L Glass-Lined Agitated Batch Reactor &#x2013; CE-Certified - IPP# 706863","https://ims.internationalprocessplants.com/inventory/equipment/detail/706863","26","","Mechanical","- Agitator: 3-finger retreat curved (white glass) - Agitator drive: Vari-speed belt, Ex flameproof motor via SEW-Usocome 1400/509-3025/3025 rpm reduction gearbox - Shaft speed: 29/166 rpm","(1) beavertail baffle (white glass)","Beavertail","","","Dish","","847 L (223.8 gallons)","","Used","1,000 mm (39.4 in)","","","","Retreat Curve","","","Yes","6 bar (87 psi)","200 °C (392 °F)","Carbon Steel","6 bar (87 psi)","200 °C (392 °F)","","DeDietrich","","Glasslined","AE-630","2.5 kW (3.4 HP)","openings top: 1-250mm hinged cover with 100mm sight glass, 1-150mm, 3-100mm, side jacket: 2-50mm, bottom: 1-100mm with pneumatic operated valve, 1-50mm (jacket)","Vertical","","","799 mm (31.5 in)","Batch-Type Agitated","Lugs","","Dish","Reactor"
"706864","Glasslined DeDietrich AE Batch-Type Agitated Reactor - IPP# 706864","https://ims.internationalprocessplants.com/inventory/equipment/detail/706864","26","Yes","Mechanical","- Agitator: 3-finger retreat curved agitator (white glass) - Agitator drive: Vari-speed drive, EEx-d 11B T5 motor via SEW-Usocome type RF42VU11HY/T reduction gearbox, shaft speed 32/185 rpm","(1) beavertail baffle (white glass)","Beavertail","","","Dish","","127 L (33.5 gallons)","","Used","508 mm (20 in)","","","","Retreat Curve","","","Yes","6 bar (87 psi)","200 °C (392 °F)","","6 bar (87 psi)","200 °C (392 °F)","","DeDietrich","","Glasslined","AE","0.75 kW (1.01 HP)","openings top: 1-100mm hinged cover with 50mm sight glass, 2-80mm, 1-50mm, 2-40mm, side jacket: 1-40mm, bottom: 1-80mm with pneumatic operated valve, 1-40mm (jacket)","Vertical","","","495 mm (19.5 in)","Batch-Type Agitated","Lugs","","Dish","Reactor"
"70965","Glasslined EHW Thale Batch-Type Agitated Reactor - IPP# 70965","https://ims.internationalprocessplants.com/inventory/equipment/detail/70965","18","Yes","Packing","Anchor agit.","","","","","Elliptical","","1,600 L (420 gallons)","","Used","1,200 mm (48 in)","","","","","","","","6.1 bar (88 psi)","","","10.1 bar (147 psi)","","Standard","EHW Thale","","Glasslined","","","Openings: top 12" x 16" (300mm x 400mm), 5-4" (100mm), 2-8" (200mm); btm 1-6" (150mm).","","","","1,300 mm (52 in)","Batch-Type Agitated","Lugs","","Elliptical","Reactor"
"73696","Unused Glasslined EHW Thale N680 Batch-Type Agitated Reactor - IPP# 73696","https://ims.internationalprocessplants.com/inventory/equipment/detail/73696","21","","","","Beaver tail baffle","Beavertail","","","Elliptical","","1,600 L (420 gallons)","","Unused","1,200 mm (47.2 in)","","","","","","","Yes","6.1 bar (88 psi)","200 °C (392 °F)","","10.1 bar (147 psi)","200 °C (392 °F)","","EHW Thale","Yes","Glasslined","N680","","Openings: top 300mm x 400mm manway (no cover), 2-200mm, 5-100mm, btm 1-150mm.","","","","1,300 mm (51.2 in)","Batch-Type Agitated","Lugs","","Elliptical","Reactor"
"74390","Glasslined Pfaudler R66 Batch-Type Agitated Reactor - IPP# 74390","https://ims.internationalprocessplants.com/inventory/equipment/detail/74390","21","","","","","","","","Dish","","3,800 L (1,000 gallons)","","Used","1,700 mm (66 in)","","","","","","Glass Lined","Yes","3.4 bar (50 psi)","176.7 °C (350 °F)","Carbon Steel","5.9 bar (85 psi)","176.7 °C (350 °F)","","Pfaudler","Yes","Glasslined","R66","","Openings: ( 1) 24" main cover, (1) 14" manway cover, (5) 5" nozzle, (3) 4" nozzle, (1) 8" nozzle, (2) 4" side nozzle, (1) 4" bottom nozzle.","","","","1,500 mm (60 in)","Batch-Type Agitated","Lugs","","Dish","Reactor"
"74391","Batch-Type Agitated Reactor 5,300 L (1,400 gallons) Inconel For Sale - IPP# 74391","https://ims.internationalprocessplants.com/inventory/equipment/detail/74391","23","Yes","Mechanical","","","","","","Dish","","5,300 L (1,400 gallons)","","Used","1,700 mm (66 in)","","","","","","","Yes","6.9 bar (100 psi)","100 °C (212 °F)","Inconel","10.3 bar (150 psi)","100 °C (212 °F)","Dimple","Gunthard Co.","Yes","Inconel","","5.6 kW (7.5 HP)","Openings: top 1-18" manway (no manway cover), 5-5", 1-8", 3-4", 3-2"; top straight side 1-4" sight glass; 4" btm outlet.","Vertical","","","2,400 mm (94 in)","Batch-Type Agitated","","","Dish","Reactor"
"74902","Glasslined Pfaudler RA Batch-Type Agitated Reactor - IPP# 74902","https://ims.internationalprocessplants.com/inventory/equipment/detail/74902","19","","","","","","","","Dish","","3,800 L (1,000 gallons)","","Re-glassed","1,700 mm (66 in)","","","","","","","Yes","6.9 bar (100 psi)","232.2 °C (450 °F)","","6.2 bar (90 psi)","232.2 °C (450 °F)","","Pfaudler","Yes","Glasslined","RA","","Openings: top 14 x 18 maway 1-30"nozzle (2) 4" nozzle, (1) 5" nozzle , (1) 12" nozzle, (2) 2"nozzle","","","","1,500 mm (60 in)","Batch-Type Agitated","Legs","","Dish","Reactor"
"76213","Glasslined Pfaudler ELL Batch-Type Agitated Reactor - IPP# 76213","https://ims.internationalprocessplants.com/inventory/equipment/detail/76213","20","","Mechanical","Pfaudler 4TW agit drive, no motor. Mech seal. 3-blade retreat curve agit and 2-finger baffle","","Finger Baffle","","","Dish","","1,900 L (500 gallons)","","Re-glassed","1,500 mm (60 in)","","","","","","","Yes","1.72 bar (25 psi)","176.7 °C (350 °F)","","5.5 bar (80 psi)","176.7 °C (350 °F)","","Pfaudler","","Glasslined","ELL","","","","","","1,300 mm (51.8 in)","Batch-Type Agitated","Legs","","Dish","Reactor"
"77859","Glasslined Pfaudler P Batch-Type Agitated Reactor - IPP# 77859","https://ims.internationalprocessplants.com/inventory/equipment/detail/77859","16","","","","","","","","","","37.9 L (10 gallons)","","Re-glassed","355.6 mm (14 in)","","","","","","","Yes","10.3 bar (150 psi)","232.2 °C (450 °F)","","8.3 bar (120 psi)","176.7 °C (350 °F)","","Pfaudler","","Glasslined","P","","- Openings: 2" btm outlet","","","","431.8 mm (17 in)","Batch-Type Agitated","Legs","","","Reactor"
"78375","Batch-Type Agitated Reactor 13,250 L (3,500 gallons) Stainless Steel Other For Sale - IPP# 78375","https://ims.internationalprocessplants.com/inventory/equipment/detail/78375","25","Yes","","- Agitator drive: Lightnin Model 119-REQ-3.2 - Agitator motor: 3 HP, 3/60/220 volt, 1750 rpm - Agitator reducer: Falk - Agitator blades: (1) 48" diameter and (1) 24" diameter 4-blade - Agitator bearing: Pedestal","","","","","Dish","","13,250 L (3,500 gallons)","Yes","Used","2,600 mm (102 in)","","","","","","","Yes","1.03 bar (15 psi)","343.3 °C (650 °F)","Carbon Steel","3.4 bar (50 psi)","343.3 °C (650 °F)","Standard","Struthers Wells","Yes","Stainless Steel Other","","2.2 kW (3 HP)","top 1-16" manway, 1-12", 1-2", 1-4", 1-3", 2-4" sight glasses. (6) legs giving 24" clearance under center bottom outlet.","Vertical","","","2,150 mm (84 in)","Batch-Type Agitated","Legs","","Dish","Reactor"
"79588","Glasslined Pfaudler ELL Batch-Type Agitated Reactor - IPP# 79588","https://ims.internationalprocessplants.com/inventory/equipment/detail/79588","17","","","","","","","","Dish","","1,900 L (500 gallons)","","Re-glassed","1,500 mm (60 in)","","","","","","","Yes","1.72 bar (25 psi)","176.7 °C (350 °F)","","5.5 bar (80 psi)","176.7 °C (350 °F)","","Pfaudler","","Glasslined","ELL","","Openings: btm 1-3".","","","","1,300 mm (52 in)","Batch-Type Agitated","Legs","","","Reactor"
"81551","Glasslined Pfaudler DK Batch-Type Agitated Reactor - IPP# 81551","https://ims.internationalprocessplants.com/inventory/equipment/detail/81551","23","Yes","Packing","Agitator drive, 14:1 ratio, flange mounted, 3-blade retreat curve agitator","2-finger baffle w/tip","Finger Baffle","","","Dish","","500 L (132.1 gallons)","","Used","900 mm (35.4 in)","","","","","","","","10 bar (145 psi)","200 °C (392 °F)","","6 bar (87 psi)","200 °C (392 °F)","","Pfaudler","","Glasslined","DK","1.49 kW (2 HP)","Openings: top 300mm x 400mm w/sight glass, 2-75mm, 2-50mm, 1-150mm; bottom 1-75mm.","","","","550 mm (21.7 in)","Batch-Type Agitated","Lugs","","Dish","Reactor"
"81605","Glasslined Pfaudler E Batch-Type Agitated Reactor - IPP# 81605","https://ims.internationalprocessplants.com/inventory/equipment/detail/81605","22","Yes","Packing","Pfaudler agit drive, 3-finger retreat curve agit.","","","","","Dish","","2,150 L (570 gallons)","","Used","1,400 mm (55.1 in)","","","","","","","Yes","6.1 bar (88 psi)","200 °C (392 °F)","","6.1 bar (88 psi)","200 °C (392 °F)","","Pfaudler","","Glasslined","E","3.7 kW (5 HP)","Openings: top 300mm x 400mm w/cover, 4-100mm, 1-200mm, 2-50mm; btm 1-100mm.","","","","1,350 mm (53.5 in)","Batch-Type Agitated","Lugs","","Dish","Reactor"
"81618","Glasslined Pfaudler DK Batch-Type Agitated Reactor - IPP# 81618","https://ims.internationalprocessplants.com/inventory/equipment/detail/81618","23","Yes","Packing","Pfaudler agit drive, 14.8:1 ratio, flange mtd 3 HP, 3/50/380 volt, 1440 rpm motor. High duty packing gland. 3-blade retreat curve agit","2-finger baffle.","Finger Baffle","","","Dish","","800 L (211.3 gallons)","","Re-glassed","1,000 mm (39.4 in)","","","","","","","Yes","10 bar (145 psi)","20 °C (68 °F)","","6 bar (87 psi)","200 °C (392 °F)","","Pfaudler","","Glasslined","DK","2.2 kW (3 HP)","Openings: top 300mm x 400mm, 2-50mm, 2-60mm (1-baffle), 1-80mm, 1-150mm; jkt 4-25mm; btm 1-80mm","","","","","Batch-Type Agitated","Lugs","","Dish","Reactor"
"81672","Glasslined Pfaudler Batch-Type Agitated Reactor - IPP# 81672","https://ims.internationalprocessplants.com/inventory/equipment/detail/81672","24","Yes","Packing","Pfaudler agit drive, 15.1:1 ratio, 3-blade retreat curve agit","2-finger baffle.","Finger Baffle","","","Dish","","1,200 L (317 gallons)","","Used","1,200 mm (47.2 in)","","","","","","","Yes","6 bar (87 psi)","200 °C (392 °F)","","6 bar (87 psi)","200 °C (392 °F)","","Pfaudler","Yes","Glasslined","","3.7 kW (5 HP)","Openings: top 300mm x 400mm, 1-150mm, 4-100mm; jkt 4-40mm, 1-12mm;btm 1-100mm w/valve.","","","","1,600 mm (63 in)","Batch-Type Agitated","Legs","","Dish","Reactor"
"81837","Glasslined DeDietrich Batch-Type Agitated Reactor - IPP# 81837","https://ims.internationalprocessplants.com/inventory/equipment/detail/81837","22","Yes","Mechanical","Glass lined 3-blade retreat curve agitator, MRK 5 KW agitator drive","","","","","Dish","","3,250 L (859 gallons)","","Used","1,600 mm (63 in)","1.64 kW (2.2 HP)","","","","","","Yes","6 bar (87 psi)","200 °C (392 °F)","","6 bar (87 psi)","200 °C (392 °F)","","DeDietrich","","Glasslined","","2.2 kW (3 HP)","Openings: top 300mm x 400mm, 1-150mm sight glass, 200mm, 4-100mm; bottom 1-150mm.","","","","1,200 mm (48 in)","Batch-Type Agitated","Legs","","Dish","Reactor"
"81912","Glasslined Pfaudler Batch-Type Agitated Reactor - IPP# 81912","https://ims.internationalprocessplants.com/inventory/equipment/detail/81912","16","Yes","","Pfaudler Mdl VS-10 agit drive Belt","","","","","Dish","","1,200 L (315 gallons)","","Used","1,150 mm (46 in)","","","","","","","","6 bar (87 psi)","200 °C (392 °F)","","6 bar (87 psi)","200 °C (392 °F)","","Pfaudler","","Glasslined","","","","","","","1,000 mm (40 in)","Batch-Type Agitated","","","Dish","Reactor"
"81976","Glasslined Pfaudler Batch-Type Agitated Reactor - IPP# 81976","https://ims.internationalprocessplants.com/inventory/equipment/detail/81976","20","Yes","","- Agitator drive: Pfaudler - Ratio: 16:1 - Belt driven by: 5 HP, 3/50/380 volt, 1440 rpm motor - Packing gland: High duty - Agitator: 3-blade retreat curve","- Baffle: 2-finger","Finger Baffle","","","Dish","","2,000 L (528 gallons)","","Used","1,400 mm (55.1 in)","","","","","","","Yes","6 bar (87 psi)","200 °C (392 °F)","","6 bar (87 psi)","200 °C (392 °F)","","Pfaudler","","Glasslined","","3.7 kW (5 HP)","","","","","1,200 mm (47.2 in)","Batch-Type Agitated","","","Dish","Reactor"
"81986","Glasslined Pfaudler E Batch-Type Agitated Reactor - IPP# 81986","https://ims.internationalprocessplants.com/inventory/equipment/detail/81986","23","Yes","Mechanical","Pfaudler Mdl VS10-021980 agit drive, 15.6:1 ratio, belt driven w/varispeed pulleys, 3-blade retreat curve agit","- Baffle type: 2-finger","Finger Baffle","","","Dish","","1,350 L (361.9 gallons)","","Used","1,200 mm (47.2 in)","","","","","","","Yes","6 bar (87 psi)","200 °C (392 °F)","","6 bar (87 psi)","200 °C (392 °F)","","Pfaudler","","Glasslined","E","2.4 kW (3.3 HP)","Openings: top 300mm x 400mm, 1-200mm, 4-100mm; jkt 4-50mm; btm 1-100mm.","","","","1,000 mm (39.4 in)","Batch-Type Agitated","Legs","","","Reactor"
"81987","Glasslined Pfaudler VS Batch-Type Agitated Reactor - IPP# 81987","https://ims.internationalprocessplants.com/inventory/equipment/detail/81987","14","","","","","","","","Dish","","1,200 L (315 gallons)","","Used","1,200 mm (48 in)","","","","","","","","6.1 bar (88 psi)","200 °C (392 °F)","","6.1 bar (88 psi)","200 °C (392 °F)","","Pfaudler","","Glasslined","VS","","","","","","1,000 mm (40 in)","Batch-Type Agitated","","","","Reactor"
"81991","Glasslined Pfaudler VS10-021 Batch-Type Agitated Reactor - IPP# 81991","https://ims.internationalprocessplants.com/inventory/equipment/detail/81991","14","","","","","","","","Dish","","1,200 L (315 gallons)","","Used","1,200 mm (48 in)","","","","","","","","6.1 bar (88 psi)","200 °C (392 °F)","","6.1 bar (88 psi)","200 °C (392 °F)","","Pfaudler","","Glasslined","VS10-021","","","","","","1,000 mm (40 in)","Batch-Type Agitated","","","","Reactor"
"82031","Glasslined Pfaudler Batch-Type Agitated Reactor - IPP# 82031","https://ims.internationalprocessplants.com/inventory/equipment/detail/82031","24","Yes","Mechanical","3-blade retreat curve agit","2-finger baffle","Finger Baffle","","","Dish","","1,350 L (361.9 gallons)","","Used","1,200 mm (47.2 in)","","","","","","","Yes","6 bar (87 psi)","200 °C (392 °F)","","6 bar (87 psi)","200 °C (392 °F)","","Pfaudler","Yes","Glasslined","","3.6 kW (4.8 HP)","Openings: top 300mm x 400mm manway, 4-100mm, 1-150mm; jkt 3-50mm, 1-12mm; btm 1-100mm.","","","","1,000 mm (39.4 in)","Batch-Type Agitated","Lugs","","Dish","Reactor"
"82032","Glasslined Pfaudler E Batch-Type Agitated Reactor - IPP# 82032","https://ims.internationalprocessplants.com/inventory/equipment/detail/82032","24","Yes","Mechanical","- Agitator: Pfaudler Mdl VS10 agit drive, 12:1 ratio, flange mtd. 3-blade retreat curve agit","2-finger baffle.","Finger Baffle","","","Dish","","1,350 L (361.9 gallons)","","Re-glassed","1,200 mm (47.2 in)","","","","","","","Yes","6 bar (87 psi)","200 °C (392 °F)","","6 bar (87 psi)","200 °C (392 °F)","","Pfaudler","Yes","Glasslined","E","3.6 kW (4.8 HP)","Openings: top 300mm x 400mm manway, 4-100mm, 1-150mm; btm 1-100mm.","","","","1,000 mm (39.4 in)","Batch-Type Agitated","","","Dish","Reactor"
"82159","Glasslined Pfaudler DG Batch-Type Agitated Reactor - IPP# 82159","https://ims.internationalprocessplants.com/inventory/equipment/detail/82159","24","Yes","Packing","Anchor agitator and thermowell.","","","","","Dish","","795 L (210 gallons)","","Used","1,000 mm (40 in)","2.2 kW (3 HP)","","","","","","Yes","10 bar (145 psi)","200 °C (392 °F)","Carbon Steel","6 bar (87 psi)","200 °C (392 °F)","","Pfaudler","Yes","Glasslined","DG","","Openings: top 300mm x 400mm manway, (4) 50mm, (2) 75mm, (2) 100mm; bottom (1) 150mm.","","","","813 mm (32 in)","Batch-Type Agitated","Legs","","Dish","Reactor"
"82175","Glasslined Pfaudler Batch-Type Agitated Reactor - IPP# 82175","https://ims.internationalprocessplants.com/inventory/equipment/detail/82175","22","Yes","Mechanical","3-blade retreat curve impellor agitator, 420mm diameter,Mechanical seal on shaft.2-finger baffle.","2-finger baffle.","Finger Baffle","","","Dish","","160 L (42.3 gallons)","","Used","600 mm (23.6 in)","","","","","","","Yes","20 bar (290.1 psi)","200 °C (392 °F)","","12 bar (174 psi)","200 °C (392 °F)","","Pfaudler","","Glasslined","","","Openings: top 1-100mm, 1-75mm, 2-50mm; jacket 3-40mm; bottom 1-50mm.","","","","600 mm (23.6 in)","Batch-Type Agitated","Legs","","Dish","Reactor"
"82176","Glasslined Pfaudler Batch-Type Agitated Reactor - IPP# 82176","https://ims.internationalprocessplants.com/inventory/equipment/detail/82176","21","Yes","","3-blade retreat curve agit","2-finger up baffle","Finger Baffle","","","Dish","","302.8 L (80 gallons)","","Used","813 mm (32 in)","","","","","","","","0.48 bar (7 psi)","200 °C (392 °F)","","6 bar (87 psi)","200 °C (392 °F)","","Pfaudler","","Glasslined","","0.75 kW (1 HP)","Openings: top 1-4" (100mm), 2-2" (50mm), 1-3" (75mm); btm 1-4" (100mm).","","","","610 mm (24 in)","Batch-Type Agitated","Legs","","Dish","Reactor"
"82252","Glasslined Pfaudler E Batch-Type Agitated Reactor - IPP# 82252","https://ims.internationalprocessplants.com/inventory/equipment/detail/82252","19","","","","","","","","Dish","","17,300 L (4,550 gallons)","","Used","2,600 mm (102.4 in)","","","","","","","Yes","6 bar (87 psi)","200 °C (392 °F)","","6 bar (87 psi)","200 °C (392 °F)","Standard","Pfaudler","","Glasslined","E","","Openings: top 1-505mm w/cover, 1-200mm, 2-150mm, 4-125mm, 1-100mm; jkt 3-80mm; btm 1-150mm.","","","","2,400 mm (94.5 in)","Batch-Type Agitated","Legs","","Dish","Reactor"
"82698","Glasslined Pfaudler E Batch-Type Agitated Reactor - IPP# 82698","https://ims.internationalprocessplants.com/inventory/equipment/detail/82698","16","","","Ekato Mdl HWL4100 drive","","","","","Dish","","15,900 L (4,200 gallons)","","Used","2,600 mm (102 in)","","","","","","","","2 bar (29 psi)","200 °C (392 °F)","","2 bar (29 psi)","200 °C (392 °F)","","Pfaudler","","Glasslined","E","","","","","","3,050 mm (120 in)","Batch-Type Agitated","","","Dish","Reactor"
"82699","Glasslined DeDietrich STU Batch-Type Agitated Reactor - IPP# 82699","https://ims.internationalprocessplants.com/inventory/equipment/detail/82699","24","Yes","Mechanical","(5) sets of 2-blade pitch paddle agitators,","3-finger baffle w/tantalum tip","Finger Baffle","","","Dish","","18,500 L (4,900 gallons)","","Used","2,600 mm (102.4 in)","11 kW (14.8 HP)","","","","","","","2 bar (29 psi)","","","2 bar (29 psi)","200 °C (392 °F)","","DeDietrich","Yes","Glasslined","STU","10.4 kW (14 HP)","Openings: top 1-500mm manway, 2-250mm, 3-125mm, 2-100mm, 3-80mm, 1-50mm; jkt 3-80mm; btm 1-150mm.","","","","3,050 mm (120.1 in)","Batch-Type Agitated","Legs","","Dish","Reactor"
"85065","Glasslined Schwelmer Batch-Type Agitated Reactor - IPP# 85065","https://ims.internationalprocessplants.com/inventory/equipment/detail/85065","24","","Mechanical","Pfaudler SV06 agit drive, 3-blade retreat curve agit","beaver tail baffle.","Beavertail","","","Dish","","1,200 L (320 gallons)","","Used","1,100 mm (43 in)","","","","","","","","6.1 bar (88 psi)","200 °C (392 °F)","Carbon Steel","6.1 bar (88 psi)","200 °C (392 °F)","Standard","Schwelmer","Yes","Glasslined","","3.7 kW (5 HP)","Openings: top 14" x 18" manway, 1-6", 3-4", 2-2"; bottom 1-3".","","","","1,400 mm (55 in)","Batch-Type Agitated","Legs","","Dish","Reactor"
"85072","Batch-Type Agitated Reactor 1,700 L (449.1 gallons) MISC For Sale - IPP# 85072","https://ims.internationalprocessplants.com/inventory/equipment/detail/85072","18","Yes","Mechanical","(4) baffles and gate style agitator. Aska drive, Type 110-3-80GL, 28:1 ratio, 53 rpm output, max 6 KW motor (no motor w/unit).","","","","","Cone","","1,700 L (449.1 gallons)","","Used","1,200 mm (47.2 in)","","","","","","","","6 bar (87 psi)","","","6 bar (87 psi)","200 °C (392 °F)","Half Pipe/Limpet","Friedrichsfeld","","MISC","","","Openings: top 4-100mm, 1-150mm, 1-150mm sight glass.","","","","1,400 mm (55.1 in)","Batch-Type Agitated","","","Flat","Reactor"
"85516","Batch-Type Agitated Reactor 625 L (165 gallons) Stainless Steel 316 For Sale - IPP# 85516","https://ims.internationalprocessplants.com/inventory/equipment/detail/85516","20","Yes","Packing","","","","","","Dish","","625 L (165 gallons)","","Used","1,000 mm (40 in)","","","","","","","Yes","5 bar (73 psi)","250 °C (482 °F)","","3 bar (44 psi)","150 °C (302 °F)","Half Pipe/Limpet","Vako","","Stainless Steel 316","","","Openings: top 1-8" (200mm), 1-6" (150mm), 2-4" (100mm); btm 1-2" (50mm)","Vertical","","","1,050 mm (42 in)","Batch-Type Agitated","","","Flat","Reactor"
"88553","Glasslined Pfaudler E Batch-Type Agitated Reactor - IPP# 88553","https://ims.internationalprocessplants.com/inventory/equipment/detail/88553","20","Yes","Packing","3-blade retreat curve agitator. D-type baffle. Pfaudler Model VS10 agitator drive, , Pfaudler Model VS10 agitator drive, Serial #7157, 12:1 ratio, belt driven (no motor).","","D-Baffle","","","Dish","","1,150 L (300 gallons)","","Used","1,200 mm (47.2 in)","","","","","","","Yes","6 bar (87 psi)","200 °C (392 °F)","","","","","Pfaudler","Yes","Glasslined","E","","Openings: top 320mm x 420mm manway opening (no cover), 1-150mm, 4-100mm; jacket 7-40mm; bottom 1-100mm.","","","","1,200 mm (47.2 in)","Batch-Type Agitated","","","Dish","Reactor"
"89369","Glasslined Schwelm RITC Batch-Type Agitated Reactor - IPP# 89369","https://ims.internationalprocessplants.com/inventory/equipment/detail/89369","20","Yes","Mechanical","Agitator: 3-blade retreat curve impellor, 700mm diameter dip tube, mechanical seal on shaft Agitator Drive: Rhenania, Type CH22, 105 rpm output speed","","","","","","","1,300 L (340.8 gallons)","","Used","1,200 mm (47.2 in)","","","","","","","Yes","6 bar (87 psi)","200 °C (392 °F)","","6 bar (87 psi)","200 °C (392 °F)","","Schwelm","Yes","Glasslined","RITC","","Openings: Top - 1-100mm sight glass, 1-150mm, 3-100mm, 2-50mm, 450mmx 350mm manway w/counterweight; Jacket - 2-75mm, 1-140mm","","","","800 mm (31.5 in)","Batch-Type Agitated","","","Dish","Reactor"
"89395","Unused Glasslined Pfaudler T Batch-Type Agitated Reactor - IPP# 89395","https://ims.internationalprocessplants.com/inventory/equipment/detail/89395","11","","","","","","","","","","49.2 L (13 gallons)","","Unused","","","","","","","","Yes","6.1 bar (88 psi)","","","6.1 bar (88 psi)","200 °C (392 °F)","","Pfaudler","","Glasslined","T","","","","","","","Batch-Type Agitated","","","","Reactor"
"89620","Stainless Steel 316 Clad Pemco Batch-Type Agitated Reactor - IPP# 89620","https://ims.internationalprocessplants.com/inventory/equipment/detail/89620","26","Yes","Mechanical","- Agitator drive: Lightnin Mdl 84-S-20, rated 20 HP, 16.6 ratio, 100 rpm output - Agitator type: 4-blade pitched paddle","- Baffles: (4) on sidewall","","","","Elliptical","","7,550 L (2,000 gallons)","Yes","Used","2,000 mm (78 in)","","","","","","","Yes","41.4 bar (600 psi)","176.7 °C (350 °F)","Carbon Steel","8.3 bar (120 psi)","176.7 °C (350 °F)","","Pemco","Yes","Stainless Steel 316","","14.9 kW (20 HP)","- Openings: top 12" x 16" manway (no cover), 1-8", 1-3", 3-2 1/2", 3-2", 1-1 1/2", 2-1"; btm 1-4" with 3" SS ball valve","Vertical","","","1,850 mm (72 in)","Batch-Type Agitated","Lugs","","Elliptical","Reactor"
"89715","Glasslined Von Roll NK2 Batch-Type Agitated Reactor - IPP# 89715","https://ims.internationalprocessplants.com/inventory/equipment/detail/89715","24","Yes","Mechanical","needs a 80mm diameter 3-blade retreat curve impellor agitator shaft","2-finger upward baffle.","Finger Baffle","","","Dish","","1,000 L (264.2 gallons)","","Used","1,150 mm (46.1 in)","","","","","","","","2 bar (29 psi)","200 °C (392 °F)","","6 bar (87 psi)","200 °C (392 °F)","","Von Roll","Yes","Glasslined","NK2","6.8 kW (9.1 HP)","Openings: top 400mm x 300mm manway (with2-75mm sight glasses), 2-200mm, 5-100mm (1-baffle); jacket 3-50mm, 1-12mm; bottom 1-150mm with a pneumatic valve Type 150/100.","","","","910 mm (35.8 in)","Batch-Type Agitated","Lugs","","Dish","Reactor"
"89716","Glasslined Pfaudler (Germany) DK Batch-Type Agitated Reactor - IPP# 89716","https://ims.internationalprocessplants.com/inventory/equipment/detail/89716","23","Yes","Packing","W/3-blade retreat curve impellor agitator,","1-finger upward baffle.","Finger Baffle","","","Dish","","654 L (172.8 gallons)","","Used","1,000 mm (39.4 in)","","","","","","","Yes","8 bar (116 psi)","","","6 bar (87 psi)","200 °C (392 °F)","","Pfaudler (Germany)","Yes","Glasslined","DK","1.49 kW (2 HP)","Openings: top 400mm x 300mm manway w/1-100mm sight glass, 1-150mm, 3-75mm, 2-50mm; jacket 2-25mm, 1-12mm; bottom 2-25mm (jackets).","","","","500 mm (19.7 in)","Batch-Type Agitated","","","Dish","Reactor"
"89719","Glasslined  Batch-Type Agitated Reactor - IPP# 89719","https://ims.internationalprocessplants.com/inventory/equipment/detail/89719","22","Yes","Packing","3-blade retreat curve impellor agitator. Agitator output speed 8-149 RPM.","2-finger up baffle","Finger Baffle","","","Dish","","500 L (132.1 gallons)","","Used","800 mm (31.5 in)","","","","","","","Yes","2 bar (29 psi)","","","11 bar (159.5 psi)","200 °C (392 °F)","","","Yes","Glasslined","","2.2 kW (3 HP)","Openings: top 200mm x 160mm manway, 4-65mm, 1-150mm; jacket 2-50mm, 2-30mm, 1-12mm; 1-80mm bottom outlet.","","","","1,200 mm (47.2 in)","Batch-Type Agitated","Lugs","","Dish","Reactor"
"89726","Glasslined EWK CE Batch-Type Agitated Reactor - IPP# 89726","https://ims.internationalprocessplants.com/inventory/equipment/detail/89726","21","Yes","Mechanical","W/anchor agit, W/Spiess Tschudw agit drive","","","","","Dish","","2,500 L (660 gallons)","","Used","1,500 mm (59.8 in)","","","","","","","Yes","3.2 bar (46.4 psi)","","","5 bar (72.5 psi)","200 °C (392 °F)","","EWK Eisenwerke Kaiserslautern","Yes","Glasslined","CE","6.7 kW (9 HP)","Openings: top 1-400mm manway w/2-75mm sight glasses, 2-250mm, 5-150mm; jkt 1-50mm, 1-12mm; btm 1-150mm w/valve, 1-75mm.","","","","1,200 mm (47.6 in)","Batch-Type Agitated","","","Dish","Reactor"
"89734","Glasslined Pfaudler (Germany) CH Batch-Type Agitated Reactor - IPP# 89734","https://ims.internationalprocessplants.com/inventory/equipment/detail/89734","23","Yes","Packing","Pfaudler Type SWV280 agitator drive with Kissling varispeed gear reducer. 3-blade retreat curve impellor agitator","3-finger upward baffle.","Finger Baffle","","","Dish","","5,500 L (1,450 gallons)","","Used","1,800 mm (70.9 in)","","","","","","","Yes","2 bar (29 psi)","","","5 bar (72.5 psi)","200 °C (392 °F)","","Pfaudler (Germany)","Yes","Glasslined","CH","","Openings: top 320mm x 420mm manway w/cover and (2) 75mm sight glasses, 4-100mm, 2-200mm, 2-80mm; no bottom outlet.","","","","1,700 mm (67.7 in)","Batch-Type Agitated","Legs","","Dish","Reactor"
"89735","Glasslined Schwelm Batch-Type Agitated Reactor - IPP# 89735","https://ims.internationalprocessplants.com/inventory/equipment/detail/89735","20","Yes","Mechanical","Agitator: Spiess Tschudin, Type FZS80J19, 9 PS, 3-blade retreat curve impellor, mechanical seal on shaft Baffle: 2-finger upward Drive: Variable speed, Kopp gear reducer, Type K16VUX, 6:1 ratio, driven by 13.5 PS, 3/50/500 volt, 1450 rpm motor","2-finger upward baffle","Finger Baffle","","","Dish","","5,300 L (1,400 gallons)","","Used","1,800 mm (70.9 in)","","","","","","","Yes","2 bar (29 psi)","","","5 bar (72.5 psi)","200 °C (392 °F)","","Schwelm","Yes","Glasslined","","","Openings: Top 500mm diameter manway with cover and (2) 100mm sight glasses, 7-150mm, 2-300mm; no bottom outlet","","","","","Batch-Type Agitated","","","Dish","Reactor"
"89736","Glasslined Schwelm Batch-Type Agitated Reactor - IPP# 89736","https://ims.internationalprocessplants.com/inventory/equipment/detail/89736","22","Yes","Mechanical","Spiess Tschudin agit drive, Type FZS80J19, rated 9 PS. Variable speed drive w/Kopp gear reducer, Type K16VUX, 6:1 ratio. 3-blade retreat curve impellor agit.","2-finger upward baffle","Finger Baffle","","","Dish","","4,900 L (1,300 gallons)","","Used","1,800 mm (70.9 in)","","","","","","","Yes","2 bar (29 psi)","","","5 bar (72.5 psi)","200 °C (392 °F)","","Schwelm","Yes","Glasslined","","9.9 kW (13.3 HP)","Openings: top 600mm dia manway w/cover and (2) 100mm sight glasses, 7-150mm, 2-300mm; no btm outlet.","","","","1,700 mm (66.9 in)","Batch-Type Agitated","","","Dish","Reactor"
"89785","Glasslined Von Roll Batch-Type Agitated Reactor - IPP# 89785","https://ims.internationalprocessplants.com/inventory/equipment/detail/89785","17","Yes","Packing","- Agitator: Reeves variable speed with direct drive by 5.5 HP, 3/50/500 volt motor via Ruba Type 333-C-16 gear reducer, SN 75131, 70-11.5 rpm. Packing gland on shaft. Anchor agit, probe.","","","","","Dish","","1,000 L (264.2 gallons)","","Used","1,200 mm (47.2 in)","","","","","","","","","","","6 bar (87 psi)","","","Von Roll","Yes","Glasslined","","4.1 kW (5.5 HP)","top 400mm x 300mm manway w/150mm sight glass, 2-200mm, 5-100mm (1-baffle); jkt 3-50mm, 1-12mm; btm 1-150mm w/pneumatic valve Type 150/100.","","","","900 mm (35.4 in)","Batch-Type Agitated","","","Dish","Reactor"
"89796","Glasslined Pfaudler Batch-Type Agitated Reactor - IPP# 89796","https://ims.internationalprocessplants.com/inventory/equipment/detail/89796","22","Yes","Mechanical","W/3.6 KW, 3/50/500 volt, 1430 rpm XP motor, Reeves variable speed drive, w/Ruba gear reducer, Type 332-C-15, SN 79212, 100-16 rpm. Mech seal on shaft. W/3-blade retreat curve impellor agit and 2-finger upward baffle.","2-finger upward baffle","Finger Baffle","","","Dish","","946 L (250 gallons)","","Used","1,200 mm (48 in)","","","","","","","","1.72 bar (25 psi)","343.3 °C (650 °F)","","6.2 bar (90 psi)","343.3 °C (650 °F)","","Pfaudler","Yes","Glasslined","","3.6 kW (4.8 HP)","Openings: top 16" x 12" manway w/1-4" sight glass, 1-8", 3-4" (1-baffle); jkt 1-2", 1-1/2"; btm 1-3", no btm outlet","","","","965 mm (38 in)","Batch-Type Agitated","","","Dish","Reactor"
"89810","Glasslined Pfaudler (Germany) Batch-Type Agitated Reactor - IPP# 89810","https://ims.internationalprocessplants.com/inventory/equipment/detail/89810","22","Yes","Packing","Anchor agitator driven by Reeves variable speed drive","","","","","Dish","","640 L (169.1 gallons)","","Used","800 mm (31.5 in)","","","","","","","Yes","2 bar (29 psi)","200 °C (392 °F)","Carbon Steel","5 bar (72.5 psi)","200 °C (392 °F)","","Pfaudler (Germany)","Yes","Glasslined","","0.87 kW (1.17 HP)","Openings: top 200mm x 160mm manway with 1-75mm, 1-50mm sight glass, 1-150mm, 4-65mm; jacket 2-30mm, 1-12mm; bottom (jacket) 1-80mm; no internal bottom outlet.","","","","1,200 mm (47.2 in)","Batch-Type Agitated","","","Dish","Reactor"
"90134","Glasslined Pfaudler P Batch-Type Agitated Reactor - IPP# 90134","https://ims.internationalprocessplants.com/inventory/equipment/detail/90134","14","","","","","","","","Dish","","37.9 L (10 gallons)","","Re-glassed","355.6 mm (14 in)","","","","","","","","","","","8.3 bar (120 psi)","176.7 °C (350 °F)","","Pfaudler","","Glasslined","P","","Openings: 1-2" center btm outlet.","","","","355.6 mm (14 in)","Batch-Type Agitated","Legs","","","Reactor"
"90200","Stainless Steel 316 Clad Robert Jenkins Batch-Type Agitated Reactor - IPP# 90200","https://ims.internationalprocessplants.com/inventory/equipment/detail/90200","24","Yes","Mechanical","Btm entering agit. Unit has 4-blade SS impellor.","","","","","Dish","","39,750 L (10,500 gallons)","Yes","Used","2,600 mm (102 in)","","","","","","","Yes","22.8 bar (330 psi)","85 °C (185 °F)","Carbon Steel","4.1 bar (60 psi)","","Half Pipe/Limpet","Robert Jenkins","Yes","Stainless Steel 316","","200 kW (268.2 HP)","Openings: top 1-22" hydraulic closed manway, 2-10", 1-9", 3-4", 1-3"; side 14-6"; btm 1-10", 1-6", 1-2".","Vertical","","","6,650 mm (261 in)","Batch-Type Agitated","","","Dish","Reactor"
"90201","Stainless Steel 316 Clad Robert Jenkins Batch-Type Agitated Reactor - IPP# 90201","https://ims.internationalprocessplants.com/inventory/equipment/detail/90201","28","Yes","Mechanical","Btm entering agit,","","","","Carbon Steel with 316 SS lining","Dish","","40,000 L (10,550 gallons)","Yes","Used","2,600 mm (102 in)","","","","Pitch Blade","","","Yes","22.8 bar (330 psi)","85 °C (185 °F)","Carbon Steel","4.1 bar (60 psi)","","Half Pipe/Limpet","Robert Jenkins","Yes","Carbon Steel with 316 SS lining","","200 kW (268.2 HP)","Openings: top 1-22" hydraulic closed manway, 2-10", 1-9", 3-4", 1-3"; side 14-6"; btm 1-10", 1-6", 1-2".","Vertical","","","6,650 mm (261 in)","Batch-Type Agitated","Skirt","Carbon Steel with 316 SS lining","Dish","Reactor"
"90602","Stainless Steel 316 Peter Dinckels and Sons Batch-Type Agitated Reactor - IPP# 90602","https://ims.internationalprocessplants.com/inventory/equipment/detail/90602","23","","Mechanical","Ekato agit drive, Mdl HWL-2060, SN 7517287","","","","","Dish","","946 L (250 gallons)","","Used","1,050 mm (42 in)","","","","Anchor","","","Yes","3 bar (43.5 psi)","210 °C (410 °F)","","16 bar (232.1 psi)","210 °C (410 °F)","Half Pipe/Limpet","Peter Dinckels and Sons","","Stainless Steel 316","","3.6 kW (4.8 HP)","top 1-10" w/cover, 2-5" sight glasses, 1-1 1/2", 2-2", 1-8"; str side 2-2"; btm 1-2"; 3" btm outlet.","Vertical","","","914 mm (36 in)","Batch-Type Agitated","Lugs","","Dish","Reactor"
"90621","Glasslined Pfaudler E Batch-Type Agitated Reactor - IPP# 90621","https://ims.internationalprocessplants.com/inventory/equipment/detail/90621","20","","Mechanical","- Agitator: Pfaudler VS10 drive, 2-speed, 48/97 rpm output, belt driven by 2-speed motor, 2.2/4.5 HP, 3/60/220 volt, 1800/900 rpm. Double mechanical seal on shaft. White glass anchor agitator with removable blade.","","","","","Dish","","1,200 L (317 gallons)","","Used","1,200 mm (47.2 in)","","","","","","","","6 bar (87 psi)","200 °C (392 °F)","","6 bar (87 psi)","200 °C (392 °F)","","Pfaudler","Yes","Glasslined","E","3.4 kW (4.5 HP)","- Openings: - Top: 635mm diameter great cover with 350mm x 450mm manway with cover, 4-100mm, 1-150mm - Jacket: 2-100mm, 2-80mm, 1-12mm - Bottom: 100mm outlet","","","","1,200 mm (46.5 in)","Batch-Type Agitated","","","Dish","Reactor"
"90623","Glasslined Pfaudler DG Batch-Type Agitated Reactor - IPP# 90623","https://ims.internationalprocessplants.com/inventory/equipment/detail/90623","21","Yes","Mechanical","White glass anchor agit","","","","","Dish","","500 L (132.1 gallons)","","Used","1,000 mm (39.4 in)","","","","","","","","6 bar (87 psi)","200 °C (392 °F)","","6 bar (87 psi)","200 °C (392 °F)","","Pfaudler","Yes","Glasslined","DG","3.4 kW (4.5 HP)","Openings: top 350mm x 450mm manway w/100mm sight glass, 2-50mm, 3-65mm, 1-80mm (sight glass), 1-150mm; jkt 3-40mm; 1-80mm btm outlet.","","","","720 mm (28.3 in)","Batch-Type Agitated","","","Dish","Reactor"
"90662","Glasslined Pfaudler E Batch-Type Agitated Reactor - IPP# 90662","https://ims.internationalprocessplants.com/inventory/equipment/detail/90662","23","","Mechanical","- Agitator: Pfaudler VS10 drive, belt driven by 3.8 KW, 3/60/220 volt, 1700 rpm motor - Shaft seal: Double mechanical seal with lubricator - Agitator type: 3-blade retreat curve","- Baffle type: 2-finger up baffle with tip","Finger Baffle","","","Dish","","1,200 L (317 gallons)","","Used","1,200 mm (47.2 in)","","","","","","","","6 bar (87 psi)","200 °C (392 °F)","","6 bar (87 psi)","200 °C (392 °F)","","Pfaudler","Yes","Glasslined","E","3.8 kW (5.1 HP)","- Openings: - Top: 650mm diameter great cover with 350mm x 450mm manway with cover and 100mm sight glass, 4-100mm, 1-150mm - Side: 2-100mm jacket drains - Bottom: 100mm outlet, 2-100mm jacket drains","","","","1,200 mm (46.5 in)","Batch-Type Agitated","Lugs","","Dish","Reactor"
"90726","Glasslined Reactor Batch-Type Agitated Pfaudler E Type - IPP# 90726","https://ims.internationalprocessplants.com/inventory/equipment/detail/90726","23","","Mechanical","Pfaudler VS10G drive, 48/97 rpm output, 3-blade retreat curve impellor agitator","D-baffle with M16 threaded hole.","D-Baffle","","","Dish","","1,200 L (317 gallons)","","Re-glassed","1,200 mm (47.2 in)","","","","","","","Yes","6 bar (87 psi)","200 °C (392 °F)","","6 bar (87 psi)","200 °C (392 °F)","","Pfaudler","Yes","Glasslined","E","3.6 kW (4.8 HP)","Top openings: 635mm dia great cover w/300mm x 400mm manway w/cover, 4-100mm, 1-150mm; jkt 2-80mm; 100mm bottom outlet.","","","","1,250 mm (48.4 in)","Batch-Type Agitated","","","Dish","Reactor"
"90738","Glasslined Pfaudler E Batch-Type Agitated Reactor - IPP# 90738","https://ims.internationalprocessplants.com/inventory/equipment/detail/90738","23","Yes","Mechanical","Agitator: Pfaudler VS10S drive, 119 rpm outlet, belt driven by approx 3 KW, 3/60/220 volt, 1800 rpm, with mechanical seal on shaft Agitator blades: White glass 3-blade retreat curve","blue glass D-baffle.","D-Baffle","","","Dish","","1,200 L (317 gallons)","","Used","1,200 mm (47.2 in)","","","","","","","Yes","6 bar (87 psi)","200 °C (392 °F)","","","","","Pfaudler","Yes","Glasslined","E","3 kW (4 HP)","Openings: top 695mm dia great cover w/300mm x 400mm manway w/cover, 4-100mm, 1-150mm; jkt 2-100mm; 100mm btm outlet.","","","","1,200 mm (46.5 in)","Batch-Type Agitated","Lugs","","Dish","Reactor"
"90768","Glasslined Pfaudler (Germany) DG Batch-Type Agitated Reactor - IPP# 90768","https://ims.internationalprocessplants.com/inventory/equipment/detail/90768","22","Yes","","- Agitator: Ekato drive with Hastelloy disperser type blade designed for Hydrogenation - Motor: 1.5 KW, 3/60/220 volt, 145 rpm","","","","","Dish","","492.1 L (130 gallons)","","Used","1,000 mm (39.4 in)","","","","","","","Yes","9.7 bar (140 psi)","204.4 °C (400 °F)","","6 bar (87 psi)","204.4 °C (400 °F)","","Pfaudler (Germany)","Yes","Glasslined","DG","1.5 kW (2 HP)","- Openings: - Top: 320mm x 420mm manway cover w/100mm sight glass, 1-150mm, 1-80mm, 2-65mm, 2-50mm - Jacket: 4-25mm, 1-12mm - Bottom: 1-80mm","Vertical","","","530 mm (20.9 in)","Batch-Type Agitated","Legs","","","Reactor"
"90795","Glasslined Pfaudler E Batch-Type Agitated Reactor - IPP# 90795","https://ims.internationalprocessplants.com/inventory/equipment/detail/90795","18","","","","","","","","Dish","","1,150 L (300 gallons)","","Used","1,200 mm (47.2 in)","","","","","","","Yes","6 bar (87 psi)","200 °C (392 °F)","","6 bar (87 psi)","200 °C (392 °F)","","Pfaudler","","Glasslined","E","","top 1-634mm great cover w/420mm x 320mm manway, 1-125mm agit nozzle, 1-152mm, 4-100mm; str side 2-75mm, 1-12mm; btm 1-100mm, 1-75mm","","","","960 mm (37.8 in)","Batch-Type Agitated","Lugs","","Dish","Reactor"
"91082","Glasslined Schwelmer Batch-Type Agitated Reactor - IPP# 91082","https://ims.internationalprocessplants.com/inventory/equipment/detail/91082","22","Yes","","- Agitator: 900mm dia 3-blade retreat impellor","- Baffle: 2-finger upward","Finger Baffle","","","Dish","","1,400 L (364.6 gallons)","","Used","30,500 mm (1,200 in)","","","","","","","Yes","6 bar (87 psi)","","","6 bar (87 psi)","200 °C (392 °F)","","Schwelmer","Yes","Glasslined","","3.8 kW (5.1 HP)","- Openings: - Top: 300mm x 400mm manway w/cover and 1-150mm sight glass - Great cover: 2-45mm - Other: 1-150mm, 1-125mm, 3-100mm; 1-80mm center btm outlet","","","","800 mm (31.5 in)","Batch-Type Agitated","Legs","","Dish","Reactor"
"91084","Glasslined Schwelmer Batch-Type Agitated Reactor - IPP# 91084","https://ims.internationalprocessplants.com/inventory/equipment/detail/91084","23","Yes","Mechanical","- Agitator: W/900mm dia 3-blade retreat curve impellor agit, driven by 3.8 KW Loher 3/50/220/380 volt, 1450 rpm motor, w/Type SW275 agit drive, mech seal on shaft w/lubricator. Gear lub cooler driven by 0.09 KW motor.","- Baffle: 2-finger upward","Finger Baffle","","","Dish","","1,400 L (364.6 gallons)","","Used","1,200 mm (47.2 in)","","","","","","","Yes","6 bar (87 psi)","","","6 bar (87 psi)","250 °C (482 °F)","","Schwelmer","Yes","Glasslined","","3.8 kW (5.1 HP)","- Openings: - Top: 300mm x 400mm manway with cover and 1-150mm sight glass - Great cover: 2-40mm, 1-150mm, 4-100mm - Center bottom outlet: 1-80mm","","","","800 mm (31.5 in)","Batch-Type Agitated","Legs","","Dish","Reactor"
"91085","Glasslined Schwelm Batch-Type Agitated Reactor - IPP# 91085","https://ims.internationalprocessplants.com/inventory/equipment/detail/91085","22","Yes","Mechanical","3-blade retreat curve impellor agit, Agit speed 20-120 rpm","W/2-finger upward baffle.","Finger Baffle","","","Dish","","950 L (251 gallons)","","Used","1,000 mm (39.4 in)","","","","","","","Yes","10 bar (145 psi)","","","6 bar (87 psi)","200 °C (392 °F)","","Schwelm","Yes","Glasslined","","","Openings: top 300mm x 400mm manway w/150mm sight glass, 1-150mm, 1-80mm for light, 2-65mm, 2-50mm; 1-80mm center btm outlet.","","","","960 mm (37.8 in)","Batch-Type Agitated","Legs","","Dish","Reactor"
"92904","Glasslined Pfaudler ELL Batch-Type Agitated Reactor - IPP# 92904","https://ims.internationalprocessplants.com/inventory/equipment/detail/92904","25","Yes","Mechanical","Pfaudler 4TW agit drive, Mdl NFMV-45816-AJD, SN 1287X, 25:1 ratio, flange mtd 5 HP, 3/60/230/460 volt, 1750 rpm motor. Mech seal. 3-blade retreat curve agit .","beaver tail baffle","Beavertail","","","Dish","","1,900 L (500 gallons)","","Used","1,500 mm (60 in)","","","","","","","Yes","1.72 bar (25 psi)","176.7 °C (350 °F)","","5.5 bar (80 psi)","176.7 °C (350 °F)","","Pfaudler","Yes","Glasslined","ELL","3.7 kW (5 HP)","Openings: top 3-4", 1-8", 12" x 16" manway w/cover and sight glass; 4" center btm outlet.","","","","1,300 mm (52 in)","Batch-Type Agitated","Legs","","Dish","Reactor"
"93017","Glasslined Pfaudler EL Batch-Type Agitated Reactor - IPP# 93017","https://ims.internationalprocessplants.com/inventory/equipment/detail/93017","32","Yes","Mechanical","Pfaudler 4TW agit drive, Mdl DMV-50410-7B, SN 82004129-001, 10:1 ratio, 175 rpm output, belt driven w/varispeed pulleys, flange mtd 10 HP, 3/60/230/460 volt, 1745 rpm motor. Mech seal. Nucerite 3-blade retreat curve agit and nucerite H-baffle.","nucerite H-baffle.","H-Baffle","","Glasslined","Dish","","1,900 L (500 gallons)","","Re-glassed","1,200 mm (48 in)","","Very Clean (VC)","Full Fire Polish (FF)","","","Glass Lined","Yes","3.4 bar (50 psi)","176.7 °C (350 °F)","Carbon Steel","6.2 bar (90 psi)","176.7 °C (350 °F)","Standard","Pfaudler","","Glasslined","EL","7.5 kW (10 HP)","Openings: top 3-4", 1-8", 12" x 16" manway (no cover); 3" center btm outlet.","Vertical","","","2,000 mm (78 in)","Batch-Type Agitated","Legs","Glasslined","Dish","Reactor"
"93163","Glasslined Pfaudler P Batch-Type Agitated Reactor - IPP# 93163","https://ims.internationalprocessplants.com/inventory/equipment/detail/93163","17","","","","","","","","Dish","","75.7 L (20 gallons)","","Re-glassed","457.2 mm (18 in)","","","","","","","Yes","2.4 bar (35 psi)","260 °C (500 °F)","","6.9 bar (100 psi)","260 °C (500 °F)","","Pfaudler","","Glasslined","P","","- Nozzles: (1) 2" bottom nozzle","","","","508 mm (20 in)","Batch-Type Agitated","Legs","","","Reactor"
"93258","Glasslined Technoglass E Batch-Type Agitated Reactor - IPP# 93258","https://ims.internationalprocessplants.com/inventory/equipment/detail/93258","24","Yes","Mechanical","3-blade retreat curve agit","2-finger up baffle","Finger Baffle","","","Dish","","3,100 L (823 gallons)","","Used","1,600 mm (63 in)","","","","","","","Yes","6 bar (87 psi)","200 °C (392 °F)","Carbon Steel","6 bar (87 psi)","200 °C (392 °F)","","Technoglass","Yes","Glasslined","E","15 kW (20.1 HP)","Openings: top 400mm x 300mm manway w/100mm sight glass, 2-200mm, 5-100mm; jacket (side) 2-67mm; btm 1-100mm, 1-50mm","","","","1,200 mm (47.2 in)","Batch-Type Agitated","","","","Reactor"
"93778","Glasslined Schwelmer Batch-Type Agitated Reactor - IPP# 93778","https://ims.internationalprocessplants.com/inventory/equipment/detail/93778","23","Yes","Packing","3-blade retreat curve impellor agitator, Packing gland on shaft. Driven by 1.5 KW, 3/50/380 volt, 1450 rpm motor.","2-finger upward baffle.","Finger Baffle","","","Dish","","757 L (200 gallons)","","Used","1,000 mm (39.4 in)","","","","","","","Yes","6 bar (87 psi)","","","6 bar (87 psi)","200 °C (392 °F)","","Schwelmer","Yes","Glasslined","","1.5 kW (2 HP)","Openings: top 400mm x 300mm manway w/cover and 150mm sight glass, 1-50mm, 2-65mm, 1-45mm, 1-75mm, 1-150mm, 1-75mm sight glass; 1-80mm center btm outlet.","","","","800 mm (31.5 in)","Batch-Type Agitated","Lugs","","Dish","Reactor"
"93779","Batch-Type Agitated Reactor 795 L (210 gallons) Stainless Steel Austenitic For Sale - IPP# 93779","https://ims.internationalprocessplants.com/inventory/equipment/detail/93779","18","","Mechanical","Designed to German TUV standards. Equipped w/Ekato Type HWL260 agit drive, SN 26825, V-belt to fluid gear. Mech seal on shaft","","","","","","","795 L (210 gallons)","","Used","1,000 mm (39.4 in)","","","","","","","","4.5 bar (65.3 psi)","","","4.5 bar (65.3 psi)","155 °C (311 °F)","Half Pipe/Limpet","Edelstahlwerke Buderus","Yes","Stainless Steel Austenitic","","4.7 kW (6.3 HP)","top 250mm manway w/bolt cover, 4-90mm, 1-175mm blank flange, 1-200mm blank flange, 2-80mm; 1-100mm center btm outlet. Jkt consists of 2-zones on str side, 1-zone on cone.","","","","775 mm (30.5 in)","Batch-Type Agitated","","","Dish","Reactor"
"94430","Glasslined Pfaudler E Batch-Type Agitated Reactor - IPP# 94430","https://ims.internationalprocessplants.com/inventory/equipment/detail/94430","24","Yes","Packing","Equipped w/900mm dia 3-blade retreat curve impellor agit.","2-finger upward baffle.","Finger Baffle","","","Dish","","1,150 L (300 gallons)","","Used","1,200 mm (47.2 in)","","","","","","","Yes","6 bar (87 psi)","","","6 bar (87 psi)","200 °C (392 °F)","","Pfaudler","Yes","Glasslined","E","2.6 kW (3.5 HP)","Openings: top 300mm x 400mm manway w/cover and 100mm sight glass, 1-150mm, 4-100mm; 1-100mm center btm outlet.","","","","1,250 mm (49.6 in)","Batch-Type Agitated","Lugs","","Dish","Reactor"
"94465","Glasslined DeDietrich STA Batch-Type Agitated Reactor - IPP# 94465","https://ims.internationalprocessplants.com/inventory/equipment/detail/94465","21","","Packing","Equipped w/nucerite anchor agit.","","","","","Dish","","980 L (258.9 gallons)","","Used","1,000 mm (39.4 in)","","","","","","","Yes","6 bar (87 psi)","","","6 bar (87 psi)","200 °C (392 °F)","","DeDietrich","Yes","Glasslined","STA","1.5 kW (2 HP)","Openings: top 350mm x 450mm manway w/cover and 1-100mm sight glass, 1-150mm, 4-100mm, 1-65mm; jkt 2-38mm, 1-12mm; 1-80mm center btm outlet; btm 2-38mm.","","","","1,200 mm (46.5 in)","Batch-Type Agitated","Lugs","","Dish","Reactor"
"94480","Glasslined DeDietrich STA Batch-Type Agitated Reactor - IPP# 94480","https://ims.internationalprocessplants.com/inventory/equipment/detail/94480","16","","","","","","","","Dish","","1,200 L (311.7 gallons)","","Used","1,200 mm (47.2 in)","","","","","","","","6 bar (87 psi)","200 °C (392 °F)","","6 bar (87 psi)","200 °C (392 °F)","","DeDietrich","","Glasslined","STA","","","","","","800 mm (31.5 in)","Batch-Type Agitated","Lugs","","Dish","Reactor"
"94483","Glasslined DeDietrich (France) Batch-Type Agitated Reactor - IPP# 94483","https://ims.internationalprocessplants.com/inventory/equipment/detail/94483","17","Yes","Packing","Agitator: Anchor, Motor: .59 KW, 3/50/220/380 volt, 1340 rpm flameproof motor via gearbox (no label)","","","","","Dish","","335 L (88.5 gallons)","","Used","900 mm (35.4 in)","","","","","","","","3 bar (43.5 psi)","","","2 bar (29 psi)","","","DeDietrich (France)","Yes","Glasslined","","","Openings: - Top: 1-100mm manway w/cover, 1-180mm, 1-100mm, 3-75mm - Side (jacket): 2-50mm, 2-25mm, 1-12mm - Bottom: 1-75mm center outlet, 2-25mm","","","","600 mm (23.6 in)","Batch-Type Agitated","Legs","","","Reactor"
"94488","Glasslined Von Roll Batch-Type Agitated Reactor - IPP# 94488","https://ims.internationalprocessplants.com/inventory/equipment/detail/94488","18","Yes","Mechanical","Anchor agitator. Mechanical seal on shaft. With Reeves varispeed drive, 25-150 rpm and Ruba Type 112-C-15 gear reducer.","","","","","Dish","","63 L (16.6 gallons)","","Re-glassed","600 mm (23.6 in)","","","","","","","","6 bar (87 psi)","","","10 bar (145 psi)","240 °C (464 °F)","","Von Roll","","Glasslined","","","Openings: top 1-100mm with inspection cover, 2-75mm, 3-50mm; staightr side (jacket) 1-25mm, 1-12mm; bottom 1-75mm, 1-25mm.","","","","280 mm (11 in)","Batch-Type Agitated","Legs","","Dish","Reactor"
"94496","Glasslined Pfaudler (Germany) DK Batch-Type Agitated Reactor - IPP# 94496","https://ims.internationalprocessplants.com/inventory/equipment/detail/94496","23","Yes","Packing","- Agitator: 450mm dia 3-blade retreat curve impellor agitator with 1-finger baffle, packing gland - Agitator drive: Pfaudler Tp 7-V2M2, SN 17737604, 1.63 PS @ 1400 rpm, varispeed SEW 35-175 rpm output speed - Motor: Siemens 1.2 KW, 3/50/380 volt, 1405 rpm - Manufacturer: Pfaudler (Germany) - Serial number: 5751A - Auf number: 31829 (54232)","1-finger baffle.","Finger Baffle","","","Dish","","144 L (38 gallons)","","Used","600 mm (23.6 in)","","","","","","","Yes","10 bar (145 psi)","","","6 bar (87 psi)","200 °C (392 °F)","","Pfaudler (Germany)","","Glasslined","DK","1.2 kW (1.61 HP)","- Top: Clamped dished top with 1-100mm handway w/cover and 50mm sight glass, 1-100mm, 3-50mm openings - Bottom: Welded dished bottom with 1-50mm center bottom outlet","","","","450 mm (17.7 in)","Batch-Type Agitated","Lugs","","Dish","Reactor"
"94498","Glasslined Schwelmer L Batch-Type Agitated Reactor - IPP# 94498","https://ims.internationalprocessplants.com/inventory/equipment/detail/94498","23","Yes","Packing","3-blade retreat curve impellor agitator, baffle. Packing gland. W/Heynau Type 5-V2M2, SN 157249047, varispeed drive, rated 0.75 PS @ 1400 rpm. Agitator output speed 35-175 rpm.","","","","","Dish","","52 L (13.7 gallons)","","Used","500 mm (19.7 in)","","","","","","","Yes","3.5 bar (50.8 psi)","200 °C (392 °F)","","6 bar (87 psi)","200 °C (392 °F)","","Schwelmer","Yes","Glasslined","L","0.55 kW (0.74 HP)","Openings: top 1-125mm handhole w/cover and 50mm sight glass, 1-75mm, 3-50mm; 1-50mm center bottom outlet.","","","","250 mm (9.8 in)","Batch-Type Agitated","Lugs","","Dish","Reactor"
"94505","Glasslined Pfaudler (Germany) DK Batch-Type Agitated Reactor - IPP# 94505","https://ims.internationalprocessplants.com/inventory/equipment/detail/94505","23","Yes","Mechanical","Agitator: - 3-blade retreat curve impellor agitator - 1-finger baffle - Driven by Heynau variable speed drive, Type 10-V2M2, SN 10722841, rated 4 PS @ 1400 rpm - Agitator speed: 35-130 rpm - Requires 3 KW motor - Mechanical seal on agitator shaft","1-finger baffle","Finger Baffle","","","Dish","","635 L (167.7 gallons)","","Used","1,000 mm (39.4 in)","","","","","","","Yes","9.8 bar (142.1 psi)","","","6 bar (87 psi)","200 °C (392 °F)","","Pfaudler (Germany)","Yes","Glasslined","DK","3 kW (4 HP)","- 320mm x 420mm manway with cover and 100mm sight glass - 1-150mm, 1-80mm, 2-65mm, 2-50mm openings, - 1-80mm center bottom outlet","","","","720 mm (28.3 in)","Batch-Type Agitated","","","Dish","Reactor"
"94964","Glasslined Pfaudler T Batch-Type Agitated Reactor - IPP# 94964","https://ims.internationalprocessplants.com/inventory/equipment/detail/94964","21","Yes","Packing","Equipped w/3-blade retreat curve impellor agit. Packing gland on shaft. Driven by 1.1 KW, 3/50/380 volt, 1420 rpm ExeG motor.","","","","","Dish","","898 L (237.2 gallons)","","Used","1,000 mm (39.4 in)","","","","","","","Yes","1.5 bar (21.8 psi)","","","6 bar (87 psi)","200 °C (392 °F)","","Pfaudler","Yes","Glasslined","T","1.1 kW (1.48 HP)","Openings: top 1-200mm manway w/cover, 1-150mm, 2-65mm, 1-50mm; jkt 3-40mm; 1-50mm center btm outlet.","","","","1,150 mm (45.3 in)","Batch-Type Agitated","Lugs","","","Reactor"
"95693","Unused Glasslined RL-2 Batch-Type Agitated Reactor - IPP# 95693","https://ims.internationalprocessplants.com/inventory/equipment/detail/95693","23","Yes","Mechanical","Cyclo Type BLY-22-13 agit drive, 1740 rpm, flange mtd, 1440 rpm flameproof motor, 3-blade retreat curve agit","2-finger baffle.","Finger Baffle","","","Dish","","984 L (260 gallons)","","Unused","1,200 mm (47 in)","","","","","","","","4 bar (58 psi)","200 °C (392 °F)","Carbon Steel","6 bar (87 psi)","165 °C (329 °F)","","","","Glasslined","RL-2","4 kW (5.4 HP)","Openings: top 14" x 10" (350mm x 250mm) w/1-4" (9100mm) sight glass, 5-4" (100mm), 1-5" (125mm); side 2-1 1/2" (32mm); btm 1-4" (100mm), 2-1 1/2" (32mm)","","","","1,000 mm (40 in)","Batch-Type Agitated","Lugs","","Dish","Reactor"
"95695","Unused Glasslined RL-2 Batch-Type Agitated Reactor - IPP# 95695","https://ims.internationalprocessplants.com/inventory/equipment/detail/95695","23","Yes","Mechanical","Cyclo Type BLY-22-13 agit drive, 3-blade retreat curve agit","2-finger baffle.","Finger Baffle","","","Dish","","1,500 L (390 gallons)","","Unused","1,300 mm (51 in)","","","","","","","","4 bar (58 psi)","200 °C (392 °F)","Carbon Steel","6 bar (87 psi)","165 °C (329 °F)","","","","Glasslined","RL-2","4 kW (5.4 HP)","Openings: top 14" x 10" (350mm x 250mm), 3-5" (125mm), 3-4" (100mm); side 3-1 1/2" (40mm); btm 1-4" (100mm), 2-1 1/2" (40mm).","","","","1,000 mm (40 in)","Batch-Type Agitated","Lugs","","Dish","Reactor"
"95696","Unused Glasslined RL-2 Batch-Type Agitated Reactor - IPP# 95696","https://ims.internationalprocessplants.com/inventory/equipment/detail/95696","24","Yes","Mechanical","Cyclo Type BLY-22-13 agit drive, 1740 rpm, flange mtd, , v","2-finger baffle","Finger Baffle","","","Dish","","1,500 L (390 gallons)","","Unused","1,300 mm (51 in)","","","","","","","","4 bar (58 psi)","200 °C (392 °F)","Carbon Steel","6 bar (87 psi)","165 °C (329 °F)","Standard","","","Glasslined","RL-2","4 kW (5.4 HP)","Openings: top 14" x 10" (350mm x 250mm) w/4" (100mm) sight glass, 3-5" (125mm), 3-4" (100mm); side 3-1 1/2" (40mm); btm 1-4" (100mm), 2-1 1/2" (40mm).","","","","1,000 mm (40 in)","Batch-Type Agitated","Lugs","","Dish","Reactor"
"95697","Unused Glasslined RL-2 Batch-Type Agitated Reactor - IPP# 95697","https://ims.internationalprocessplants.com/inventory/equipment/detail/95697","22","Yes","Mechanical","Cyclo agit drive, Mdl BLY22-13-4, 1740 rpm, flange mtd direct coupled 4 KW, 3/50/380 volt, 1440 rpm flameproof motor. Dry running mech seal. Anchor agit and probe.","","","","","Dish","","2,000 L (525 gallons)","","Unused","1,300 mm (51 in)","","","","","","","","4 bar (58 psi)","200 °C (392 °F)","Carbon Steel","6 bar (87 psi)","165 °C (329 °F)","","","Yes","Glasslined","RL-2","4 kW (5.4 HP)","Openings: top 10" x 13" (250mm x 350mm) manway w/4" (100mm) sight glass, 2-5" (125mm), (1) sight glass, 4-4" (100mm); side 3-2" (50mm); btm 1-4" (100mm), 2-2" (50mm).","","","","1,250 mm (50 in)","Batch-Type Agitated","Lugs","","Dish","Reactor"
"95698","Unused Glasslined RL-2 Batch-Type Agitated Reactor - IPP# 95698","https://ims.internationalprocessplants.com/inventory/equipment/detail/95698","23","Yes","Mechanical","Agitator drive: Cyclo Agitator model: BLY22-13-4 Agitator speed: 1740 rpm Motor: Flange mounted direct coupled 4 KW, 3/50/380 volt, 1440 rpm flameproof motor Seal: Dry running mechanical seal Agitator type: Anchor","","","","","Dish","","2,000 L (525 gallons)","","Unused","1,300 mm (51 in)","","","","","","","","4 bar (58 psi)","93.3 °C (200 °F)","Carbon Steel","6 bar (87 psi)","200 °C (392 °F)","Standard","","Yes","Glasslined","RL-2","4 kW (5.4 HP)","Openings: - Top: 10" x 13" (250mm x 350mm) manway w/4" (100mm) sight glass, 2-5" (125mm), (1) sight glass, 4-4" (100mm) - Side: 3-2" (50mm) - Bottom: 1-4" (100mm), 2-2" (50mm)","","","","1,250 mm (50 in)","Batch-Type Agitated","Lugs","","Dish","Reactor"
"95699","Unused Glasslined RL-2 Batch-Type Agitated Reactor - IPP# 95699","https://ims.internationalprocessplants.com/inventory/equipment/detail/95699","22","Yes","Mechanical","Cyclo agit drive","","","","","Dish","","11,350 L (3,000 gallons)","","Unused","1,600 mm (63 in)","","","","","","","","4 bar (58 psi)","200 °C (392 °F)","Carbon Steel","6 bar (87 psi)","73.9 °C (165 °F)","","","Yes","Glasslined","RL-2","5.5 kW (7.4 HP)","Openings: 12" x 16" (300mm x 400mm) manway w/4" (100mm) sight glass, 3-5" (125mm), (1) sight glass, 3-4" (100mm); side 3-2" (50mm); btm 1-5" (125mm), 2-2" (50mm).","","","","1,550 mm (61 in)","Batch-Type Agitated","Lugs","","Dish","Reactor"
"95700","Unused 3,000 L Glass-Lined Batch Agitated Reactor &#x2013; 4 bar/200 &#xB0;C Capacity - IPP# 95700","https://ims.internationalprocessplants.com/inventory/equipment/detail/95700","22","Yes","Mechanical","Cyclo agit drive, Mdl BLY22-13-55, 1750 rpm, flange mtd direct coupled 5.5 KW, 3/50/380 volt, 1440 rpm flameproof motor. Dry running mech seal. Anchor agit and probe.","","","","","Dish","","3,000 L (793 gallons)","","Unused","1,600 mm (63 in)","","","","","","","","4 bar (58 psi)","200 °C (392 °F)","Carbon Steel","6 bar (87 psi)","165 °C (329 °F)","","Pfaudler","","Glasslined","RL-2","5.5 kW (7.4 HP)","Openings: top 12" x 16" (300mm x 400mm) manway w/4" (100mm) sight glass, 3-5" (125mm), (1) sight glass, 3-4" (100mm); side 3-2" (50mm); btm 1-5" (125mm), 2-2" (50mm).","","","","1,550 mm (61 in)","Batch-Type Agitated","Lugs","","Dish","Reactor"
"95701","New Glasslined RL-2 Batch-Type Agitated Reactor - IPP# 95701","https://ims.internationalprocessplants.com/inventory/equipment/detail/95701","23","Yes","Mechanical","Cyclo Type BLY22-13 agit drive, 3-blade retreat curve agit","2-finger baffle","Finger Baffle","","","Dish","","4,900 L (1,300 gallons)","","Used","1,750 mm (69 in)","","","","","","","","4 bar (58 psi)","200 °C (392 °F)","Carbon Steel","6 bar (87 psi)","165 °C (329 °F)","","","","Glasslined","RL-2","5.5 kW (7.4 HP)","Openings: top 16" x 12" (400mm x 300mm) w/4" (100mm) sight glass, 2-6" (150mm), 3-5" (125mm), 1-4" (100mm); side 4-2 1/2" (70mm); btm 1-5" (125mm), 2-2 1/2" (70mm).","","","","2,100 mm (82 in)","Batch-Type Agitated","Lugs","","Dish","Reactor"
"95702","New Glasslined RL-2 Batch-Type Agitated Reactor - IPP# 95702","https://ims.internationalprocessplants.com/inventory/equipment/detail/95702","24","Yes","Mechanical","Agitator Type: Cyclo Type BLY22-13 Agitator Speed: 1750 rpm Agitator Power: 5.5 KW Voltage: 3/50/380 volt Motor Speed: 1440 rpm Seal Type: Dry running mech seal Agitator Blades: 3-blade retreat curve","Baffle Type: 2-finger","Finger Baffle","","","Dish","","4,900 L (1,300 gallons)","","Used","1,750 mm (69 in)","","","","","","","","4 bar (58 psi)","200 °C (392 °F)","Carbon Steel","6 bar (87 psi)","165 °C (329 °F)","Standard","","","Glasslined","RL-2","5.5 kW (7.4 HP)","Top Openings: 16" x 12" (400mm x 300mm) w/4" (100mm) sight glass, 2-6" (150mm), 3-5" (125mm), 1-4" (100mm) Side Openings: 4-2 1/2" (70mm) Bottom Openings: 1-5" (125mm), 2-2 1/2" (70mm)","","","","2,100 mm (82 in)","Batch-Type Agitated","Lugs","","Dish","Reactor"
"95703","New Glasslined RL-2 Batch-Type Agitated Reactor - IPP# 95703","https://ims.internationalprocessplants.com/inventory/equipment/detail/95703","22","","Mechanical","3-blade retreat curve, Cyclo Type LY27-13 agit drive","2-finger baffle","Finger Baffle","","","Dish","","6,000 L (1,600 gallons)","","Used","1,750 mm (68 in)","","","","","","","","4 bar (58 psi)","200 °C (392 °F)","Carbon Steel","6 bar (87 psi)","165 °C (329 °F)","","","","Glasslined","RL-2","7.5 kW (10.1 HP)","Openings: top 16" x 12" (400mm x 300mm) w/4" (100mm) sight glass, 2-6" (150mm), 3-5" (125mm), 1-4" (100mm); side 4-2 1/2" (70mm); btm 2-5" (125mm), 2-2 1/2" (70mm).","","","","2,250 mm (88 in)","Batch-Type Agitated","Lugs","","Dish","Reactor"
"95704","New Glasslined RL-2 Batch-Type Agitated Reactor - IPP# 95704","https://ims.internationalprocessplants.com/inventory/equipment/detail/95704","23","Yes","Mechanical","Cyclo Type LY27-13 agit drive, 1750 rpm, flange mtd, 3-blade retreat curve agit","2-finger baffle","Finger Baffle","","","Dish","","6,000 L (1,600 gallons)","","Used","1,750 mm (68 in)","","","","","","","","4 bar (58 psi)","200 °C (392 °F)","Carbon Steel","6 bar (87 psi)","165 °C (329 °F)","","","","Glasslined","RL-2","7.5 kW (10.1 HP)","Openings: top 16" x 12" (400mm x 300mm) w/4" (100mm) sight glass, 2-6" (150mm), 3-5" (125mm), 1-4" (100mm); side 4-2 1/2" (70mm); btm 2-5" (125mm), 2-2 1/2" (70mm).","","","","2,250 mm (88 in)","Batch-Type Agitated","Lugs","","Dish","Reactor"
"95846","Glasslined Schelmer Eisenwerk E Batch-Type Agitated Reactor - IPP# 95846","https://ims.internationalprocessplants.com/inventory/equipment/detail/95846","22","Yes","Mechanical","","","","","","Dish","","8,000 L (2,100 gallons)","","Re-glassed","2,000 mm (78.7 in)","21.2 kW (28.4 HP)","","","","","","Yes","6 bar (87 psi)","","","6 bar (87 psi)","200 °C (392 °F)","","Schelmer Eisenwerk","Yes","Glasslined","E","7.2 kW (9.7 HP)","Openings: top 350mm x 450mm manway w/cover and 1-100mm sight glass, 1-252mm, 4-100mm, 2-125mm; jkt 4-40mm, 1-12mm; 1-150mm center btm outlet.","","","","2,800 mm (109.4 in)","Batch-Type Agitated","Lugs","","Dish","Reactor"
"96226","Glasslined Pfaudler P Batch-Type Agitated Reactor - IPP# 96226","https://ims.internationalprocessplants.com/inventory/equipment/detail/96226","16","","","","","","","","Dish","","37.9 L (10 gallons)","","Re-glassed","355.6 mm (14 in)","","","","","","","Yes","1.72 bar (25 psi)","343.3 °C (650 °F)","","8.3 bar (120 psi)","176.7 °C (350 °F)","","Pfaudler","","Glasslined","P","","","","","","425.5 mm (16.8 in)","Batch-Type Agitated","Legs","","","Reactor"
"96227","Glasslined Pfaudler P Batch-Type Agitated Reactor - IPP# 96227","https://ims.internationalprocessplants.com/inventory/equipment/detail/96227","17","","","","","","","","Dish","","37.9 L (10 gallons)","","Re-glassed","355.6 mm (14 in)","","","","","","","Yes","1.72 bar (25 psi)","232.2 °C (450 °F)","","8.3 bar (120 psi)","176.7 °C (350 °F)","","Pfaudler","","Glasslined","P","","- Outlet: (1) 2" center bottom outlet","","","","431.8 mm (17 in)","Batch-Type Agitated","Legs","","","Reactor"
"96905","Glasslined Pfaudler (Germany) DK Batch-Type Agitated Reactor - IPP# 96905","https://ims.internationalprocessplants.com/inventory/equipment/detail/96905","23","Yes","Packing","Equipped w/800mm dia 3-blade retreat curve impellor agit. Packing gland on shaft","DK60 2-finger upward baffle w/thermo thymble","Finger Baffle","","","Dish","","757 L (200 gallons)","","Used","1,000 mm (39.4 in)","","","","","","","Yes","10 bar (145 psi)","","","6 bar (87 psi)","200 °C (392 °F)","","Pfaudler (Germany)","Yes","Glasslined","DK","2.4 kW (3.2 HP)","Openings: top 300mm x 400mm manway w/cover and 100mm sight glass, 1-150mm, 1-80mm, 2-65mm, 2-50mm; 1-80mm center btm outlet","","","","1,100 mm (43.3 in)","Batch-Type Agitated","","","Dish","Reactor"
"96906","Glasslined Pfaudler DK Batch-Type Agitated Reactor - IPP# 96906","https://ims.internationalprocessplants.com/inventory/equipment/detail/96906","22","Yes","Packing","w/nucerite 3-blade retreat curve impellor agit","W/nucerite 2-finger upward baffle w/restricted tip.","Finger Baffle","","","","","757 L (200 gallons)","","Used","1,000 mm (39.4 in)","3 kW (4 HP)","","","","","","Yes","10 bar (145 psi)","200 °C (392 °F)","","","","","Pfaudler","Yes","Glasslined","DK","2.4 kW (3.2 HP)","Openings: top 300mm x 400mm manway w/cover and 100mm sight glass, 1-40mm, 2-50mm, 1-80mm sight glass, 1-65mm; 1-80mm center btm outlet.","","","","1,150 mm (45.3 in)","Batch-Type Agitated","Lugs","","","Reactor"
"96907","Glasslined Pfaudler (Germany) DM Batch-Type Agitated Reactor - IPP# 96907","https://ims.internationalprocessplants.com/inventory/equipment/detail/96907","23","Yes","Packing","Equipped w/800mm dia 3-blade retreat curve impellor agit.","W/2-finger upward baffle w/thermo thymble.","","","","Dish","","757 L (200 gallons)","","Used","1,000 mm (39.4 in)","","","","","","","Yes","10 bar (145 psi)","","","6 bar (87 psi)","200 °C (392 °F)","Standard","Pfaudler (Germany)","Yes","Glasslined","DM","1.5 kW (2 HP)","Openings: top 300mm x 400mm manway w/cover and 100mm sight glass, 1-150mm, 1-80mm, 2-65mm, 2-50mm; 1-80mm center btm outlet.","","","","1,100 mm (43.3 in)","Batch-Type Agitated","","","Dish","Reactor"
"96908","Glasslined Pfaudler (Germany) DG Batch-Type Agitated Reactor - IPP# 96908","https://ims.internationalprocessplants.com/inventory/equipment/detail/96908","23","Yes","","Equipped w/800mm dia 3-blade retreat curve impellor agit. Packing gland on shaft. Driven by 4.0 KW, 3/50/380 volt, 1420 rpm motor, w/Lonza varispeed drive, 22-126 rpm.","2-finger upward baffle.","Finger Baffle","","","Dish","","757 L (200 gallons)","","Used","1,000 mm (39.4 in)","","","","","","","Yes","6 bar (87 psi)","","","6 bar (87 psi)","200 °C (392 °F)","","Pfaudler (Germany)","Yes","Glasslined","DG","4 kW (5.4 HP)","Openings: top 300mm x 400mm manway w/cover and 100mm sight glass, 1-150mm, 1-80mm, 2-65mm, 2-50mm; 1-80mm center btm outlet.","","","","1,100 mm (43.3 in)","Batch-Type Agitated","Lugs","","Dish","Reactor"
"96909","Glasslined Pfaudler DK Batch-Type Agitated Reactor - IPP# 96909","https://ims.internationalprocessplants.com/inventory/equipment/detail/96909","24","Yes","Packing","Equipped w/800mm 3-blade retreat curve impellor agit","W/Type 60, 2-finger upward baffle","Finger Baffle","","","Dish","","757 L (200 gallons)","","Used","1,000 mm (39.4 in)","","","","","","","Yes","10 bar (145 psi)","","","6 bar (87 psi)","200 °C (392 °F)","","Pfaudler","Yes","Glasslined","DK","4 kW (5.4 HP)","Openings: top 300mm x 400mm manway w/cover and 100mm sight glass, 1-150mm, 1-80mm, 2-65mm, 2-50mm; 1-80mm center btm outlet.","","","","1,150 mm (45.3 in)","Batch-Type Agitated","Lugs","","Dish","Reactor"
"96910","Glasslined Pfaudler (Germany) DM Batch-Type Agitated Reactor - IPP# 96910","https://ims.internationalprocessplants.com/inventory/equipment/detail/96910","22","","Packing","Equipped w/800mm dia 3-blade retreat curve impellor agit","W/Style 6, 2-finger upward baffle","Finger Baffle","","","Dish","","757 L (200 gallons)","","Used","1,000 mm (39.4 in)","","","","","","","Yes","10 bar (145 psi)","","","6 bar (87 psi)","6 °C (42.8 °F)","","Pfaudler (Germany)","Yes","Glasslined","DM","2.6 kW (3.5 HP)","Openings: top 300mm x 400mm manway w/cover and 100mm sight glass, 1-150mm, 1-80mm, 2-65mm, 2-50mm; 1-80mm center btm outlet","","","","1,100 mm (43.3 in)","Batch-Type Agitated","","","Dish","Reactor"
"96911","Glasslined Pfaudler (Germany) DK Batch-Type Agitated Reactor - IPP# 96911","https://ims.internationalprocessplants.com/inventory/equipment/detail/96911","21","","Packing","- Agitator: 850mm dia anchor agit - Shaft: Packing gland, gearhead motor, final 99 rpm, Accessories: Dip tube and thermo thimble","","","","","Dish","","757 L (200 gallons)","","Used","1,000 mm (39.4 in)","","","","","","","Yes","10 bar (145 psi)","","","6 bar (87 psi)","200 °C (392 °F)","","Pfaudler (Germany)","Yes","Glasslined","DK","1.5 kW (2 HP)","- Openings: Top 300mm x 400mm manway w/cover and 100mm sight glass, 1-150mm, 1-80mm, 2-65mm, 2-50mm; 1-80mm center btm outlet","","","","1,100 mm (43.3 in)","Batch-Type Agitated","Lugs","","Dish","Reactor"
"96912","Glasslined Pfaudler DK Batch-Type Agitated Reactor - IPP# 96912","https://ims.internationalprocessplants.com/inventory/equipment/detail/96912","21","Yes","Packing","- Agitator: 800mm diameter 3-blade retreat curve impeller agitator- Shaft seal: Packing gland - Motor: 2.6 KW, 3/50/220/380 volt, 1450-101 rpm","W/Style 60, 2-finger upward baffle","Finger Baffle","","","Dish","","757 L (200 gallons)","","Used","1,000 mm (39.4 in)","","","","","","","Yes","10 bar (145 psi)","","","","","","Pfaudler","Yes","Glasslined","DK","2.6 kW (3.5 HP)","top 300mm x 400mm manway w/cover and 100mm sight glass, 1-150mm, 1-80mm, 2-65mm, 2-50mm; 1-80mm center btm outlet.","","","","1,100 mm (43.3 in)","Batch-Type Agitated","","","Dish","Reactor"
"96913","Glasslined Pfaudler (Germany) DK Batch-Type Agitated Reactor - IPP# 96913","https://ims.internationalprocessplants.com/inventory/equipment/detail/96913","23","Yes","Packing","- Impeller type: 3-blade retreat curve - Shaft seal: Packing gland - Drive: Lonza varispeed drive, 3.6 KW, output 22-126 rpm, w/4 KW, 3/50/380 volt, 1420 rpm motor","2-finger upward baffle.","Finger Baffle","","","Dish","","757 L (200 gallons)","","Used","25,400 mm (1,000 in)","","","","","","","Yes","10 bar (145 psi)","","","6 bar (87 psi)","200 °C (392 °F)","","Pfaudler (Germany)","Yes","Glasslined","DK","4 kW (5.4 HP)","- Openings: top 300mm x 400mm manway w/cover and 100mm sight glass, 1-150mm, 1-80mm, 2-65mm, 2-50mm; 1-80mm center btm outlet","","","","29,200 mm (1,150 in)","Batch-Type Agitated","","","Dish","Reactor"
"96914","Glasslined Pfaudler (Germany) DK Batch-Type Agitated Reactor - IPP# 96914","https://ims.internationalprocessplants.com/inventory/equipment/detail/96914","26","Yes","Mechanical","3-blade retreat curve impellor agit.","W/2-finger upward baffle w/thermal thymble","Finger Baffle","","","Dish","","957 L (252.8 gallons)","","Used","1,000 mm (39.4 in)","","","","","","","Yes","10 bar (145 psi)","200 °C (392 °F)","Glasslined","6 bar (87 psi)","200 °C (392 °F)","","Pfaudler (Germany)","Yes","Glasslined","DK","4 kW (5.4 HP)","Openings: top 300mm x 400mm manway w/cover and 100mm sight glass, 1-150mm, 1-80mm, 2-65mm, 2-50mm; 1-80mm center btm outlet.","","","","1,100 mm (43.3 in)","Batch-Type Agitated","Lugs","","Dish","Reactor"
"96916","Glasslined Pfaudler DK Batch-Type Agitated Reactor - IPP# 96916","https://ims.internationalprocessplants.com/inventory/equipment/detail/96916","20","Yes","Packing","W/glass #3115L. Equipped w/800mm diameter 3-blade retreat curve impellor agitator","","Finger Baffle","","","Dish","","800 L (211.3 gallons)","","Used","1,000 mm (39.4 in)","","","","","","","","10 bar (145 psi)","","","6 bar (87 psi)","200 °C (392 °F)","","Pfaudler","","Glasslined","DK","4 kW (5.4 HP)","top 300 mm x 400 mm manway w/cover and 100 mm sight glass, 1-150 mm, 1-80 mm, 2-65 mm, 2-50 mm; 1-80 mm center bottom outlet.","","","","1,100 mm (43.3 in)","Batch-Type Agitated","","","Dish","Reactor"
"96918","Glasslined Pfaudler (Germany) DK Batch-Type Agitated Reactor - IPP# 96918","https://ims.internationalprocessplants.com/inventory/equipment/detail/96918","24","Yes","Packing","Equipped w/800mm dia 3-blade retreat curve impellor agit.,","2-finger upward baffle","Finger Baffle","","","Dish","","757 L (200 gallons)","","Used","1,000 mm (39.4 in)","3 kW (4 HP)","","","","","","Yes","6 bar (87 psi)","","","6 bar (87 psi)","200 °C (392 °F)","","Pfaudler (Germany)","","Glasslined","DK","2.4 kW (3.2 HP)","Openings: top 300mm x 400mm manway w/cover and 100mm sight glass, 1-150mm, 1-80mm, 2-65mm, 2-50mm; 1-80mm center btm outlet.","","","","1,100 mm (43.3 in)","Batch-Type Agitated","Lugs","","Dish","Reactor"
"96922","Glasslined Pfaudler DK Batch-Type Agitated Reactor - IPP# 96922","https://ims.internationalprocessplants.com/inventory/equipment/detail/96922","23","Yes","Mechanical","800mm dia 3-blade retreat curve impellor agit. Mech seal on shaft. Driven by 4.0 KW, 3/50/380 volt, 1420 rpm motor, w/Lonza varispeed drive, 22-126 rpm output speed. W/Type 60, 2-finger upward baffle w/thermo connection.","Type 60, 2-finger upward baffle thermo connection.","Finger Baffle","","","Dish","","800 L (211.3 gallons)","","Used","1,000 mm (39.4 in)","","","","","","","Yes","10 bar (145 psi)","","","6 bar (87 psi)","200 °C (392 °F)","","Pfaudler","Yes","Glasslined","DK","4 kW (5.4 HP)","Openings: top 300mm x 400mm manway w/cover and 100mm sight glass, 1-150mm, 1-80mm, 2-65mm, 2-50mm; 1-80mm center btm outlet.","","","","1,100 mm (43.3 in)","Batch-Type Agitated","","","Dish","Reactor"
"96923","Glasslined Pfaudler (Germany) DK Batch-Type Agitated Reactor - IPP# 96923","https://ims.internationalprocessplants.com/inventory/equipment/detail/96923","24","Yes","Mechanical","3-blade retreat curve impellor agit, 800mm dia","dip tube baffle w/restricted tip.","","","","Dish","","757 L (200 gallons)","","Re-glassed","1,000 mm (39.4 in)","3.6 kW (4.8 HP)","","","","","","Yes","10 bar (145 psi)","","","6 bar (87 psi)","200 °C (392 °F)","","Pfaudler (Germany)","Yes","Glasslined","DK","4 kW (5.4 HP)","Openings: top 300mm x 400mm manway w/cover and 100mm sight glass, 1-150mm, 1-80mm for light, 2-65mm, 2-50mm; 1-80mm center btm outlet.","","","","1,050 mm (42.1 in)","Batch-Type Agitated","Lugs","","Dish","Reactor"
"96924","Glasslined Pfaudler (Germany) DG Batch-Type Agitated Reactor - IPP# 96924","https://ims.internationalprocessplants.com/inventory/equipment/detail/96924","25","Yes","Mechanical","W/800mm dia 3-blade retreat curve impellor agit.","W/Type 60, 2-finger upward baffle. Impellor and baffle are made of nucerite.","Finger Baffle","","","Dish","","757 L (200 gallons)","","Used","1,000 mm (39.4 in)","4 kW (5.4 HP)","","","","","","Yes","6 bar (87 psi)","","","6 bar (87 psi)","200 °C (392 °F)","Standard","Pfaudler (Germany)","Yes","Glasslined","DG","4 kW (5.4 HP)","Openings: top 300mm x 400mm manway w/100mm sight glass, 1-150mm, 1-80mm, 2-65mm, 2-50mm; 1-80mm center btm outlet.","","","","1,050 mm (42.1 in)","Batch-Type Agitated","","","Dish","Reactor"
"96925","Glasslined Pfaudler (Germany) DK Batch-Type Agitated Reactor - IPP# 96925","https://ims.internationalprocessplants.com/inventory/equipment/detail/96925","22","Yes","Packing","W/800mm dia 3-blade retreat curve impellor agit. Packing gland on shaft. Driven by Lonza varispeed driv 4 KW, output 22-126 rpm","2-finger upward baffle.","Finger Baffle","","","Dish","","757 L (200 gallons)","","Used","1,000 mm (39.4 in)","","","","","","","Yes","10 bar (145 psi)","","","6 bar (87 psi)","","","Pfaudler (Germany)","Yes","Glasslined","DK","","Openings: top 300mm x 400mm manway w/cover and 100mm sight glass, 1-150mm, 1-80mm, 2-65mm, 2-50mm; 1-80mm center btm outlet.","","","","29,200 mm (1,150 in)","Batch-Type Agitated","Lugs","","Dish","Reactor"
"96927","Glasslined Pfaudler (Germany) DG Batch-Type Agitated Reactor - IPP# 96927","https://ims.internationalprocessplants.com/inventory/equipment/detail/96927","25","Yes","Packing","Equipped w/3-blade retreat curve impellor agit,","W/Style 60DK, 2-finger upward baffle w/thermo connection","Finger Baffle","","","Dish","","800 L (211.3 gallons)","","Used","1,000 mm (39.4 in)","","","","","","","Yes","6 bar (87 psi)","200 °C (392 °F)","","6 bar (87 psi)","200 °C (392 °F)","","Pfaudler (Germany)","Yes","Glasslined","DG","4 kW (5.4 HP)","Openings: top 300mm x 400mm manway w/cover and 100mm sight glass, 1-150mm, 1-80mm, 2-65mm, 2-50mm; jkt 1-50mm, 2-40mm, 1-12mm; 1-80mm center btm outlet.","","","","1,150 mm (45.3 in)","Batch-Type Agitated","Lugs","","Dish","Reactor"
"96928","Glasslined Pfaudler (Germany) DM Batch-Type Agitated Reactor - IPP# 96928","https://ims.internationalprocessplants.com/inventory/equipment/detail/96928","25","Yes","Packing","3-blade retreat curve impellor agit","2-finger upward baffle w/restricted tip.","Finger Baffle","","","Dish","","757 L (200 gallons)","","Used","1,000 mm (39.4 in)","4 kW (5.4 HP)","","","","","","Yes","10 bar (145 psi)","","","6 bar (87 psi)","200 °C (392 °F)","","Pfaudler (Germany)","Yes","Glasslined","DM","4 kW (5.4 HP)","Openings: top 300mm x 400mm manway w/cover and 100mm sight glass, 1-150mm, 1-80mm, 2-70mm, 2-50mm; 1-80mm center btm outlet.","","","","1,050 mm (42.1 in)","Batch-Type Agitated","Lugs","","Dish","Reactor"
"96929","Glasslined Pfaudler (Germany) DK Batch-Type Agitated Reactor - IPP# 96929","https://ims.internationalprocessplants.com/inventory/equipment/detail/96929","26","Yes","Mechanical","Reglassed in 1983 with glass #8000 nucerite - Impeller: 800mm diameter 3-blade retreat curve - Mechanical seal on shaft - Drive: Lonza varispeed drive, 4 KW, output 22-126 rpm, with 4 KW, 3/50/380 volt, 1435 rpm motor","- Baffle: 2-finger upward with thermo couple","Finger Baffle","","","Dish","","800 L (211.3 gallons)","","Re-glassed","1,000 mm (39.4 in)","4 kW (5.4 HP)","","","","","","Yes","10 bar (145 psi)","200 °C (392 °F)","","6 bar (87 psi)","200 °C (392 °F)","","Pfaudler (Germany)","Yes","Glasslined","DK","4 kW (5.4 HP)","Top: 300mm x 400mm manway with cover and 100mm sight glass, 1-150mm, 1-80mm, 2-65mm, 2-50mm - Bottom: 1-80mm center outlet","","","","1,150 mm (45.3 in)","Batch-Type Agitated","Lugs","","Dish","Reactor"
"96930","Glasslined Pfaudler (Germany) DK Batch-Type Agitated Reactor - IPP# 96930","https://ims.internationalprocessplants.com/inventory/equipment/detail/96930","22","Yes","","W/3-blade retreat curve impellor agit. Packing gland on shaft. Driven by Lonza varispeed drive, 3 KW, 6:1 ratio, output 22-132 rpm, w/2.4 KW, 3/50/380 volt, 1455 rpm motor.","2-finger upward baffle w/restricted tip.","Finger Baffle","","","","","757 L (200 gallons)","","Used","1,000 mm (39.4 in)","3 kW (4 HP)","","","","","","Yes","10 bar (145 psi)","","","6 bar (87 psi)","200 °C (392 °F)","","Pfaudler (Germany)","Yes","Glasslined","DK","2.4 kW (3.2 HP)","Openings: top 300mm x 400mm manway w/cover and 100mm sight glass, 1-150mm, 1-80mm, 2-65mm, 2-50mm; 1-80mm center btm outlet.","","","","1,100 mm (43.3 in)","Batch-Type Agitated","Lugs","","","Reactor"
"96931","Glasslined Pfaudler (Germany) DK Batch-Type Agitated Reactor - IPP# 96931","https://ims.internationalprocessplants.com/inventory/equipment/detail/96931","25","Yes","Packing","800mm diameter 3-blade retreat curve impeller with packing gland on shaft - Motor: 2.4 KW, 3/50/380 volt, 1455 rpm with Lonza varispeed drive rated 3 KW @ 1500 rpm, 1:6 ratio, 22-132 rpm output speed","- Baffle: 2-finger upward baffle with thermo detector","Finger Baffle","","","Dish","","800 L (211.3 gallons)","","Used","1,000 mm (39.4 in)","3 kW (4 HP)","","","","","","Yes","10 bar (145 psi)","","","6 bar (87 psi)","200 °C (392 °F)","Standard","Pfaudler (Germany)","Yes","Glasslined","DK","2.4 kW (3.2 HP)","Top: Clamp dish top with 300mm x 400mm manway with cover and 100mm sight glass - Bottom: Weld dish bottom with 80mm center outlet, - Openings: 1-150mm, 1-80mm, 2-65mm, 2-50mm on top; 2-40mm, 1-25mm, 1-12mm on jacket","","","","1,150 mm (45.3 in)","Batch-Type Agitated","","","Dish","Reactor"
"96932","Glasslined Pfaudler DK Batch-Type Agitated Reactor - IPP# 96932","https://ims.internationalprocessplants.com/inventory/equipment/detail/96932","24","Yes","Packing","- Type: Agitated jacketed reactor, W/3-blade retreat curve impellor agit","2-finger upward baffle w/restricted tip.","Finger Baffle","","","Dish","","800 L (211.3 gallons)","","Used","25,400 mm (1,000 in)","","","","","","","","10 bar (145 psi)","200 °C (392 °F)","","6 bar (87 psi)","200 °C (392 °F)","","Pfaudler","Yes","Glasslined","DK","1.5 kW (2 HP)","- Top: Clamp dish top with 300mm x 400mm manway and cover with 100mm sight glass, 1-150mm, 1-80mm, 2-65mm, 2-50mm openings, - Outlet: 1-80mm center bottom outlet, - Jacket: Weld dish bottom with 2-25mm, 2-12mm, 1-80mm sight glass openings","","","","29,200 mm (1,150 in)","Batch-Type Agitated","Lugs","","Dish","Reactor"
"96933","Glasslined Pfaudler DK Batch-Type Agitated Reactor - IPP# 96933","https://ims.internationalprocessplants.com/inventory/equipment/detail/96933","23","Yes","Mechanical","Equipped w/800mm diameter 3-blade retreat curve impellor agitator","W/Type H24, 2-finger upward baffle","Finger Baffle","","","Dish","","757 L (200 gallons)","","Used","1,000 mm (39.4 in)","","","","","","","Yes","10 bar (145 psi)","","","6 bar (87 psi)","200 °C (392 °F)","","Pfaudler","Yes","Glasslined","DK","3 kW (4 HP)","Openings: top 300mm x 400mm manway w/cover and 100mm sight glass, 1-150mm, 1-80mm, 2-65mm, 2-50mm; 1-80mm center btm outlet","","","","1,150 mm (45.3 in)","Batch-Type Agitated","","","Dish","Reactor"
"96935","Glasslined Pfaudler (Germany) DK Batch-Type Agitated Reactor - IPP# 96935","https://ims.internationalprocessplants.com/inventory/equipment/detail/96935","23","Yes","Mechanical","Drive: Rebuilt drive, 2 PS, 3/50/220/380 volt ExG4 Shaft seal: Mechanical seal on shaft Impeller: 3-blade retreat curve impeller agit 800mm diameter","Baffle: 2-finger upward baffle","Finger Baffle","","","Dish","","800 L (211.3 gallons)","","Re-glassed","25,400 mm (1,000 in)","","","","","","","Yes","10 bar (145 psi)","","","6 bar (87 psi)","200 °C (392 °F)","","Pfaudler (Germany)","Yes","Glasslined","DK","","Openings: - Top: 300mm x 400mm manway with cover and 100mm sight glass - 1-150mm sight glass - 1-80mm sight glass - 2-70mm openings - 2-50mm openings - 1-80mm center bottom outlet","","","","29,200 mm (1,150 in)","Batch-Type Agitated","Lugs","","Dish","Reactor"
"96936","Glasslined Pfaudler (Germany) E Batch-Type Agitated Reactor - IPP# 96936","https://ims.internationalprocessplants.com/inventory/equipment/detail/96936","22","Yes","Packing","Equipped w/900mm dia 3-blade retreat curve impellor agit.","W/2-finger upward baffle type 89 w/restricted tip.","Finger Baffle","","","","","1,150 L (300 gallons)","","Used","1,200 mm (47.2 in)","","","","","","","Yes","6 bar (87 psi)","","","6 bar (87 psi)","200 °C (392 °F)","","Pfaudler (Germany)","Yes","Glasslined","E","3.7 kW (5 HP)","Openings: top 400mm x 300mm manway w/100mm sight glass, 1-150mm, 4-100mm; 1-100mm center btm outlet.","","","","1,250 mm (49.6 in)","Batch-Type Agitated","Lugs","","","Reactor"
"96937","Glasslined Pfaudler (Germany) E Batch-Type Agitated Reactor - IPP# 96937","https://ims.internationalprocessplants.com/inventory/equipment/detail/96937","24","Yes","Packing","900mm dia 3-blade retreat curve impellor agit","2-finger upward baffle type 89 w/restricted tip","Finger Baffle","","","Dish","","1,150 L (300 gallons)","","Used","1,200 mm (47.2 in)","","","","","","","Yes","6 bar (87 psi)","","","6 bar (87 psi)","200 °C (392 °F)","","Pfaudler (Germany)","Yes","Glasslined","E","5 kW (6.7 HP)","Openings: top 300mm x 400mm manway w/cover and 100mm sight glass, 1-150mm, 4-100mm; 1-100mm center btm outlet.","","","","1,250 mm (49.6 in)","Batch-Type Agitated","Lugs","","Dish","Reactor"
"96939","Glasslined Pfaudler (Germany) E Batch-Type Agitated Reactor - IPP# 96939","https://ims.internationalprocessplants.com/inventory/equipment/detail/96939","24","Yes","Mechanical","Equipped w/900mm dis 3-blade retreat curve impellor agit, W/Pfaudler Type VS10 agit drive","W/D-baffle.","D-Baffle","","","Dish","","1,200 L (317 gallons)","","Used","1,200 mm (47.2 in)","","","","","","","Yes","6 bar (87 psi)","","","6 bar (87 psi)","200 °C (392 °F)","Standard","Pfaudler (Germany)","Yes","Glasslined","E","","Openings: top 300mm x 400mm manway w/cover and 100mm sight glass, 1-150mm, 4-100mm; 1-100mm center btm outlet.","","","","1,250 mm (49.6 in)","Batch-Type Agitated","Lugs","","Dish","Reactor"
"96940","Glasslined Pfaudler (Germany) E Batch-Type Agitated Reactor - IPP# 96940","https://ims.internationalprocessplants.com/inventory/equipment/detail/96940","23","Yes","Mechanical","900mm dia 3-blade retreat curve impellor agit","2-finger upward baffle Style 83","Finger Baffle","","","Dish","","757 L (200 gallons)","","Used","1,000 mm (39.4 in)","","","","","","","Yes","6 bar (87 psi)","","","6 bar (87 psi)","93.3 °C (200 °F)","","Pfaudler (Germany)","Yes","Glasslined","E","","Openings: top 300mm x 400mm manway w/cover and 100mm sight glass, 1-150mm, 4-100mm; 1-100mm center btm outlet.","","","","1,250 mm (49.6 in)","Batch-Type Agitated","Lugs","","Dish","Reactor"
"96941","Glasslined Pfaudler (Germany) E Batch-Type Agitated Reactor - IPP# 96941","https://ims.internationalprocessplants.com/inventory/equipment/detail/96941","24","Yes","Packing","Type SWV-280 agit drive. 3-blade retreat curve impellor agit","2-finger upward baffle","Finger Baffle","","","Dish","","1,150 L (310 gallons)","","Used","1,200 mm (47.2 in)","","","","","","","Yes","6 bar (87 psi)","","","6 bar (87 psi)","200 °C (392 °F)","Standard","Pfaudler (Germany)","Yes","Glasslined","E","","Openings: top 320mm x 420mm manway w/cover, 4-100mm, 1-150mm; 1-100mm center btm outlet.","","","","1,250 mm (49.2 in)","Batch-Type Agitated","Lugs","","Dish","Reactor"
