"stock_number","title","url","attribute_count","Condition","Diameter","Glass Baffle Type","Glass Condition","Glass Fire Polish","Is Special","Length","Manufacturer","Material","Model","Mounting Details","Reglassed","Removable Tip Thread Size","Span","Subtype","Tip Type","Type","Vessel Size"
"100282","Baffle Glass Lined Parts 1,150 L (300 gallons) Glasslined For Sale - IPP# 100282","https://ims.internationalprocessplants.com/inventory/equipment/detail/100282","12","Re-glassed","76.2 mm (3 in)","H-Baffle","","","","1,350 mm (53.6 in)","Pfaudler","Glasslined","","","Yes","0 in","228.6 mm (9 in)","Baffle","","Glass Lined Parts","1,150 L (300 gallons)"
"100689","Glasslined Pfaudler Baffle Glass Lined Parts - IPP# 100689","https://ims.internationalprocessplants.com/inventory/equipment/detail/100689","13","Re-glassed","34.9 mm (1.38 in)","H-Baffle","","","","927 mm (36.5 in)","Pfaudler","Glasslined","","","Yes","0.5 in","117.5 mm (4.6 in)","Baffle","Removable","Glass Lined Parts","189.3 L (50 gallons)"
"100988","Glasslined Baffle Glass Lined Parts - IPP# 100988","https://ims.internationalprocessplants.com/inventory/equipment/detail/100988","12","Re-glassed","76.2 mm (3 in)","H-Baffle","","","","2,100 mm (83.1 in)","","Glasslined","","","Yes","0 in","317.5 mm (12.5 in)","Baffle","Integral","Glass Lined Parts","1,900 L (500 gallons)"
"100998","Baffle Glass Lined Parts  Glasslined For Sale - IPP# 100998","https://ims.internationalprocessplants.com/inventory/equipment/detail/100998","7","Re-glassed","","H-Baffle","","","","","","Glasslined","","","Yes","0 in","","Baffle","","Glass Lined Parts",""
"101093","Glasslined  Baffle Glass Lined Parts - IPP# 101093","https://ims.internationalprocessplants.com/inventory/equipment/detail/101093","12","Re-glassed","76.2 mm (3 in)","D-Baffle","","","","2,400 mm (94 in)","","Glasslined","","","Yes","1 in","330.2 mm (13 in)","Baffle","Removable","Glass Lined Parts","3,800 L (1,000 gallons)"
"101344","Baffle Glass Lined Parts 75.7 L (20 gallons) Glasslined For Sale - IPP# 101344","https://ims.internationalprocessplants.com/inventory/equipment/detail/101344","11","Re-glassed","34.9 mm (1.38 in)","Finger Baffle","","","","664 mm (26.1 in)","","Glasslined","","","Yes","0 in","114.3 mm (4.5 in)","Baffle","","Glass Lined Parts","75.7 L (20 gallons)"
"101348","Baffle Glass Lined Parts 757 L (200 gallons) Glasslined For Sale - IPP# 101348","https://ims.internationalprocessplants.com/inventory/equipment/detail/101348","11","Re-glassed","76.2 mm (3 in)","H-Baffle","","","","1,350 mm (53 in)","","Glasslined","","","Yes","0 in","","Baffle","Removable","Glass Lined Parts","757 L (200 gallons)"
"102340","Glasslined  Baffle Glass Lined Parts - IPP# 102340","https://ims.internationalprocessplants.com/inventory/equipment/detail/102340","10","Used","76.2 mm (3 in)","H-Baffle","","","","2,400 mm (95 in)","","Glasslined","","","","0 in","","Baffle","Integral","Glass Lined Parts","3,800 L (1,000 gallons)"
"103126","Glasslined  Baffle Glass Lined Parts - IPP# 103126","https://ims.internationalprocessplants.com/inventory/equipment/detail/103126","11","Re-glassed","76.2 mm (3 in)","H-Baffle","","","","2,350 mm (93 in)","","Glasslined","","","Yes","0 in","","Baffle","Integral","Glass Lined Parts","3,800 L (1,000 gallons)"
"103740","Glasslined  Baffle Glass Lined Parts - IPP# 103740","https://ims.internationalprocessplants.com/inventory/equipment/detail/103740","12","Re-glassed","72.9 mm (2.9 in)","Finger Baffle","","","","1,600 mm (63 in)","","Glasslined","","","Yes","0 in","209.6 mm (8.3 in)","Baffle","None","Glass Lined Parts","1,900 L (500 gallons)"
"104494","Baffle Glass Lined Parts 757 L (200 gallons) Glasslined For Sale - IPP# 104494","https://ims.internationalprocessplants.com/inventory/equipment/detail/104494","12","Re-glassed","76.2 mm (3 in)","H-Baffle","","","","1,350 mm (53.6 in)","Pfaudler","Glasslined","","","Yes","0 in","","Baffle","Integral","Glass Lined Parts","757 L (200 gallons)"
"104526","Glasslined  Baffle Glass Lined Parts - IPP# 104526","https://ims.internationalprocessplants.com/inventory/equipment/detail/104526","12","Re-glassed","76.2 mm (3 in)","H-Baffle","","","","2,400 mm (94 in)","","Glasslined","","","Yes","0 in","406.4 mm (16 in)","Baffle","Removable","Glass Lined Parts","3,800 L (1,000 gallons)"
"105452","Glasslined  Baffle Glass Lined Parts - IPP# 105452","https://ims.internationalprocessplants.com/inventory/equipment/detail/105452","12","Re-glassed","76.2 mm (3 in)","D-Baffle","","","","2,400 mm (94 in)","","Glasslined","","","Yes","0 in","381 mm (15 in)","Baffle","Integral","Glass Lined Parts","3,800 L (1,000 gallons)"
"105747","Baffle Glass Lined Parts 189.3 L (50 gallons) Glasslined For Sale - IPP# 105747","https://ims.internationalprocessplants.com/inventory/equipment/detail/105747","14","Re-glassed","34.9 mm (1.38 in)","Finger Baffle","","","","968 mm (38.1 in)","Pfaudler","Glasslined","ES series","","Yes","0 in","165.1 mm (6.5 in)","Baffle","None","Glass Lined Parts","189.3 L (50 gallons)"
"10680","Glasslined  Baffle Glass Lined Parts - IPP# 10680","https://ims.internationalprocessplants.com/inventory/equipment/detail/10680","9","Used","76.2 mm (3 in)","Beavertail","","","","2,150 mm (84 in)","","Glasslined","","","","0 in","","Baffle","","Glass Lined Parts","3,800 L (1,000 gallons)"
"107194","Glasslined  Baffle Glass Lined Parts - IPP# 107194","https://ims.internationalprocessplants.com/inventory/equipment/detail/107194","12","Re-glassed","76.2 mm (3 in)","H-Baffle","","","","1,450 mm (57.5 in)","","Glasslined","","","Yes","1 in","304.8 mm (12 in)","Baffle","Removable","Glass Lined Parts","757 L (200 gallons)"
"108123","Baffle Glass Lined Parts 7,550 L (2,000 gallons) Glasslined For Sale - IPP# 108123","https://ims.internationalprocessplants.com/inventory/equipment/detail/108123","10","Re-glassed","114.3 mm (4.5 in)","H-Baffle","","","","2,950 mm (117 in)","","Glasslined","","","Yes","0 in","","Baffle","","Glass Lined Parts","7,550 L (2,000 gallons)"
"108242","Glasslined  Baffle Glass Lined Parts - IPP# 108242","https://ims.internationalprocessplants.com/inventory/equipment/detail/108242","10","Used","76.2 mm (3 in)","H-Baffle","","","","1,450 mm (58 in)","","Glasslined","","","","0 in","","Baffle","Integral","Glass Lined Parts","757 L (200 gallons)"
"108352","Glasslined  Baffle Glass Lined Parts - IPP# 108352","https://ims.internationalprocessplants.com/inventory/equipment/detail/108352","11","Re-glassed","101.6 mm (4 in)","Finger Baffle","","","","2,400 mm (95 in)","","Glasslined","","","Yes","0 in","","Baffle","Integral","Glass Lined Parts","5,700 L (1,500 gallons)"
"109904","Glasslined Pfaudler Baffle Glass Lined Parts - IPP# 109904","https://ims.internationalprocessplants.com/inventory/equipment/detail/109904","12","Used","76.2 mm (3 in)","H-Baffle","","","","2,400 mm (94 in)","Pfaudler","Glasslined","","","","0 in","406.4 mm (16 in)","Baffle","Removable","Glass Lined Parts","3,800 L (1,000 gallons)"
"109929","Baffle Glass Lined Parts 37.9 L (10 gallons) Glasslined For Sale - IPP# 109929","https://ims.internationalprocessplants.com/inventory/equipment/detail/109929","11","Re-glassed","38.1 mm (1.5 in)","Thin Baffle","","","","648 mm (25.5 in)","","Glasslined","","","Yes","0 in","","Baffle","Removable","Glass Lined Parts","37.9 L (10 gallons)"
"1602","Baffle Glass Lined Parts 37.9 L (10 gallons) Glasslined For Sale - IPP# 1602","https://ims.internationalprocessplants.com/inventory/equipment/detail/1602","12","Re-glassed","28.6 mm (1.13 in)","Thin Baffle","","","","565 mm (22.3 in)","","Glasslined","","","Yes","0.3125 in","79.4 mm (3.1 in)","Baffle","Removable","Glass Lined Parts","37.9 L (10 gallons)"
"1611","Glasslined Pfaudler ES series Baffle Glass Lined Parts - IPP# 1611","https://ims.internationalprocessplants.com/inventory/equipment/detail/1611","13","Re-glassed","38.1 mm (1.5 in)","Finger Baffle","","","","965 mm (38 in)","Pfaudler","Glasslined","ES series","","Yes","0 in","165.1 mm (6.5 in)","Baffle","","Glass Lined Parts","189.3 L (50 gallons)"
"1617","Glasslined DeDietrich Baffle Glass Lined Parts - IPP# 1617","https://ims.internationalprocessplants.com/inventory/equipment/detail/1617","13","Re-glassed","76.2 mm (3 in)","Beavertail","","","","1,900 mm (74 in)","DeDietrich","Glasslined","","","Yes","0 in","123.8 mm (4.9 in)","Baffle","Integral","Glass Lined Parts","1,900 L (500 gallons)"
"1625","Glasslined UPE Romania Baffle Glass Lined Parts - IPP# 1625","https://ims.internationalprocessplants.com/inventory/equipment/detail/1625","12","Used","114.3 mm (4.5 in)","H-Baffle","Dirty (D) (light cleaning needed)","","","2,450 mm (97 in)","UPE Romania","Glasslined","","","","","406.4 mm (16 in)","Baffle","None","Glass Lined Parts","5,700 L (1,500 gallons)"
"1628","Baffle Glass Lined Parts  Glasslined For Sale - IPP# 1628","https://ims.internationalprocessplants.com/inventory/equipment/detail/1628","7","Re-glassed","114.3 mm (4.5 in)","","","","","","","Glasslined","","","Yes","0 in","","Baffle","","Glass Lined Parts",""
"200790","Glasslined Pfaudler Baffle Glass Lined Parts - IPP# 200790","https://ims.internationalprocessplants.com/inventory/equipment/detail/200790","11","Used","76.2 mm (3 in)","Finger Baffle","","","","1,950 mm (76 in)","Pfaudler","Glasslined","","","","0 in","","Baffle","Integral","Glass Lined Parts","2,850 L (750 gallons)"
"200794","Baffle Glass Lined Parts 15,150 L (4,000 gallons) Glasslined For Sale - IPP# 200794","https://ims.internationalprocessplants.com/inventory/equipment/detail/200794","11","Used","114.3 mm (4.5 in)","Finger Baffle","","","","3,700 mm (146.5 in)","","Glasslined","","","","0 in","304.8 mm (12 in)","Baffle","Integral","Glass Lined Parts","15,150 L (4,000 gallons)"
"204523","Baffle Glass Lined Parts 6,000 L (1,600 gallons) Glasslined For Sale - IPP# 204523","https://ims.internationalprocessplants.com/inventory/equipment/detail/204523","11","Used","170 mm (6.7 in)","Beavertail","","","","2,400 mm (95.3 in)","","Glasslined","","210mm wide x 136mm thick flat section, mounting flange","","0 in","210 mm (8.3 in)","Baffle","","Glass Lined Parts","6,000 L (1,600 gallons)"
"204532","Baffle Glass Lined Parts 1,200 L (317 gallons) Glasslined For Sale - IPP# 204532","https://ims.internationalprocessplants.com/inventory/equipment/detail/204532","10","Used","79 mm (3.1 in)","Beavertail","","","","1,600 mm (62.6 in)","","Glasslined","","","","0 in","100 mm (3.9 in)","Baffle","","Glass Lined Parts","1,200 L (317 gallons)"
"204533","Baffle Glass Lined Parts 8,000 L (2,100 gallons) Glasslined For Sale - IPP# 204533","https://ims.internationalprocessplants.com/inventory/equipment/detail/204533","10","Used","85 mm (3.3 in)","D-Baffle","","","","3,000 mm (117.3 in)","","Glasslined","","","","0 in","360 mm (14.2 in)","Baffle","","Glass Lined Parts","8,000 L (2,100 gallons)"
"206315","Glasslined Baffle Glass Lined Parts - IPP# 206315","https://ims.internationalprocessplants.com/inventory/equipment/detail/206315","12","Re-glassed","101.6 mm (4 in)","Beavertail","","","","2,400 mm (94 in)","","Glasslined","","","Yes","0.625 in","193.7 mm (7.6 in)","Baffle","Removable","Glass Lined Parts","3,800 L (1,000 gallons)"
"206316","Glasslined Baffle Glass Lined Parts - IPP# 206316","https://ims.internationalprocessplants.com/inventory/equipment/detail/206316","11","Re-glassed","127 mm (5 in)","Beavertail","","","","3,100 mm (122 in)","","Glasslined","","","Yes","0 in","158.8 mm (6.3 in)","Baffle","","Glass Lined Parts","11,350 L (3,000 gallons)"
"206317","Glasslined Baffle Glass Lined Parts - IPP# 206317","https://ims.internationalprocessplants.com/inventory/equipment/detail/206317","12","Re-glassed","127 mm (5 in)","Beavertail","","","","3,100 mm (122 in)","","Glasslined","","","Yes","0 in","155.6 mm (6.1 in)","Baffle","Integral","Glass Lined Parts","11,350 L (3,000 gallons)"
"206320","Glasslined Baffle Glass Lined Parts - IPP# 206320","https://ims.internationalprocessplants.com/inventory/equipment/detail/206320","11","Re-glassed","127 mm (5 in)","Beavertail","","","","3,100 mm (122 in)","","Glasslined","","","Yes","0 in","158.8 mm (6.3 in)","Baffle","","Glass Lined Parts","11,350 L (3,000 gallons)"
"206321","Glasslined Baffle Glass Lined Parts - IPP# 206321","https://ims.internationalprocessplants.com/inventory/equipment/detail/206321","12","Re-glassed","101.6 mm (4 in)","Beavertail","","","","2,250 mm (88.6 in)","","Glasslined","","","Yes","0.625 in","196.9 mm (7.8 in)","Baffle","Removable","Glass Lined Parts","3,800 L (1,000 gallons)"
"206323","Baffle Glass Lined Parts 1,150 L (300 gallons) Glasslined For Sale - IPP# 206323","https://ims.internationalprocessplants.com/inventory/equipment/detail/206323","14","Re-glassed","101.6 mm (4 in)","Beavertail","","","Yes","1,400 mm (55.4 in)","Pfaudler","Glasslined","","","Yes","0.625 in","133.4 mm (5.3 in)","Baffle","Removable","Glass Lined Parts","1,150 L (300 gallons)"
"206324","Glasslined Baffle Glass Lined Parts - IPP# 206324","https://ims.internationalprocessplants.com/inventory/equipment/detail/206324","13","Re-glassed","101.6 mm (4 in)","Beavertail","","","","2,850 mm (113 in)","DeDietrich","Glasslined","","","Yes","0.625 in","193.7 mm (7.6 in)","Baffle","Removable","Glass Lined Parts","11,350 L (3,000 gallons)"
"206330","Glasslined  Baffle Glass Lined Parts - IPP# 206330","https://ims.internationalprocessplants.com/inventory/equipment/detail/206330","11","Re-glassed","76.2 mm (3 in)","Beavertail","","","","1,800 mm (70.5 in)","","Glasslined","","","Yes","0 in","149.2 mm (5.9 in)","Baffle","","Glass Lined Parts","2,850 L (750 gallons)"
"206332","Glasslined  Baffle Glass Lined Parts - IPP# 206332","https://ims.internationalprocessplants.com/inventory/equipment/detail/206332","12","Re-glassed","76.2 mm (3 in)","Beavertail","","","","1,900 mm (75 in)","","Glasslined","","","Yes","0 in","149.2 mm (5.9 in)","Baffle","Integral","Glass Lined Parts","1,900 L (500 gallons)"
"206333","Glasslined Baffle Glass Lined Parts - IPP# 206333","https://ims.internationalprocessplants.com/inventory/equipment/detail/206333","12","Re-glassed","76.2 mm (3 in)","Finger Baffle","","","","1,300 mm (51 in)","","Glasslined","","","Yes","0.625 in","215.9 mm (8.5 in)","Baffle","Removable","Glass Lined Parts","1,150 L (300 gallons)"
"206336","Glasslined Baffle Glass Lined Parts - IPP# 206336","https://ims.internationalprocessplants.com/inventory/equipment/detail/206336","13","Re-glassed","101.6 mm (4 in)","Finger Baffle","","","","2,850 mm (111.3 in)","Pfaudler","Glasslined","","","Yes","0.625 in","355.6 mm (14 in)","Baffle","Removable","Glass Lined Parts","11,350 L (3,000 gallons)"
"206716","Glasslined Baffle Glass Lined Parts - IPP# 206716","https://ims.internationalprocessplants.com/inventory/equipment/detail/206716","12","Used","88.9 mm (3.5 in)","Beavertail","","","","1,550 mm (62 in)","DeDietrich","Glasslined","","flange mount","","0 in","152.4 mm (6 in)","Baffle","","Glass Lined Parts","2,850 L (750 gallons)"
"206717","Baffle Glass Lined Parts 7,550 L (2,000 gallons) Glasslined For Sale - IPP# 206717","https://ims.internationalprocessplants.com/inventory/equipment/detail/206717","12","Used","114.3 mm (4.5 in)","H-Baffle","","","","2,950 mm (116 in)","Pfaudler","Glasslined","","","","1.125 in","406.4 mm (16 in)","Baffle","Removable","Glass Lined Parts","7,550 L (2,000 gallons)"
"206823","Glasslined Baffle Glass Lined Parts - IPP# 206823","https://ims.internationalprocessplants.com/inventory/equipment/detail/206823","11","Used","203.2 mm (8 in)","Beavertail","","","","5,450 mm (214.5 in)","","Glasslined","","","","0 in","304.8 mm (12 in)","Baffle","Removable","Glass Lined Parts","37,850 L (10,000 gallons)"
"206847","Glasslined  Baffle Glass Lined Parts - IPP# 206847","https://ims.internationalprocessplants.com/inventory/equipment/detail/206847","11","Used","101.6 mm (4 in)","Beavertail","","","","2,950 mm (117 in)","","Glasslined","","","","0 in","177.8 mm (7 in)","Baffle","Integral","Glass Lined Parts","7,550 L (2,000 gallons)"
"206856","Baffle Glass Lined Parts 5,700 L (1,500 gallons) Glasslined For Sale - IPP# 206856","https://ims.internationalprocessplants.com/inventory/equipment/detail/206856","10","Re-glassed","100 mm (3.9 in)","Finger Baffle","","","","2,400 mm (94.5 in)","","Glasslined","","","Yes","0 in","","Baffle","","Glass Lined Parts","5,700 L (1,500 gallons)"
"206857","Baffle Glass Lined Parts 2,850 L (750 gallons) Glasslined For Sale - IPP# 206857","https://ims.internationalprocessplants.com/inventory/equipment/detail/206857","10","Re-glassed","100 mm (3.9 in)","Finger Baffle","","","","1,900 mm (74.8 in)","","Glasslined","","","Yes","0 in","","Baffle","","Glass Lined Parts","2,850 L (750 gallons)"
"206858","Baffle Glass Lined Parts 2,850 L (750 gallons) Glasslined For Sale - IPP# 206858","https://ims.internationalprocessplants.com/inventory/equipment/detail/206858","11","Re-glassed","100 mm (3.9 in)","Finger Baffle","","","","1,900 mm (74.8 in)","","Glasslined","","","Yes","0 in","","Baffle","Integral","Glass Lined Parts","2,850 L (750 gallons)"
"206859","Baffle Glass Lined Parts 3,800 L (1,000 gallons) Glasslined For Sale - IPP# 206859","https://ims.internationalprocessplants.com/inventory/equipment/detail/206859","11","Re-glassed","90 mm (3.5 in)","Beavertail","","","","2,300 mm (90.6 in)","","Glasslined","","","Yes","0 in","","Baffle","Integral","Glass Lined Parts","3,800 L (1,000 gallons)"
"206860","Baffle Glass Lined Parts 1,900 L (500 gallons) Glasslined For Sale - IPP# 206860","https://ims.internationalprocessplants.com/inventory/equipment/detail/206860","11","Re-glassed","80 mm (3.1 in)","Beavertail","","","","2,100 mm (82.7 in)","","Glasslined","","","Yes","0 in","","Baffle","Removable","Glass Lined Parts","1,900 L (500 gallons)"
"206862","Glasslined Pfaudler Baffle Glass Lined Parts - IPP# 206862","https://ims.internationalprocessplants.com/inventory/equipment/detail/206862","12","Used","76.2 mm (3 in)","D-Baffle","","","","2,100 mm (82 in)","Pfaudler","Glasslined","","","","0 in","355.6 mm (14 in)","Baffle","Integral","Glass Lined Parts","1,900 L (500 gallons)"
"206863","Glasslined Pfaudler Baffle Glass Lined Parts - IPP# 206863","https://ims.internationalprocessplants.com/inventory/equipment/detail/206863","12","Used","76.2 mm (3 in)","Beavertail","","","","1,850 mm (72 in)","Pfaudler","Glasslined","","","","0.625 in","139.7 mm (5.5 in)","Baffle","Removable","Glass Lined Parts","2,850 L (750 gallons)"
"206867","Unused Glasslined Pfaudler Baffle Glass Lined Parts - IPP# 206867","https://ims.internationalprocessplants.com/inventory/equipment/detail/206867","12","Unused","76.2 mm (3 in)","Fin Baffle","","","","2,000 mm (78 in)","Pfaudler","Glasslined","","","","0 in","152.4 mm (6 in)","Baffle","Integral","Glass Lined Parts","2,850 L (750 gallons)"
"206868","Glasslined Pfaudler Baffle Glass Lined Parts - IPP# 206868","https://ims.internationalprocessplants.com/inventory/equipment/detail/206868","11","Used","76.2 mm (3 in)","H-Baffle","","","","1,500 mm (60 in)","Pfaudler","Glasslined","","","","0 in","","Baffle","None","Glass Lined Parts","1,150 L (300 gallons)"
"206869","Baffle Glass Lined Parts 11,350 L (3,000 gallons) Glasslined For Sale - IPP# 206869","https://ims.internationalprocessplants.com/inventory/equipment/detail/206869","12","Used","127 mm (5 in)","Beavertail","","","","2,800 mm (110 in)","DeDietrich","Glasslined","","","","0.625 in","177.8 mm (7 in)","Baffle","Removable","Glass Lined Parts","11,350 L (3,000 gallons)"
"210502","Glasslined Pfaudler Baffle Glass Lined Parts - IPP# 210502","https://ims.internationalprocessplants.com/inventory/equipment/detail/210502","12","Re-glassed","101.6 mm (4 in)","Finger Baffle","","","","2,900 mm (113.5 in)","Pfaudler","Glasslined","","","Yes","0 in","330.2 mm (13 in)","Baffle","","Glass Lined Parts","11,350 L (3,000 gallons)"
"210546","Glasslined Baffle Glass Lined Parts - IPP# 210546","https://ims.internationalprocessplants.com/inventory/equipment/detail/210546","12","Re-glassed","171.5 mm (6.8 in)","D-Baffle","","","","3,800 mm (149 in)","Pfaudler","Glasslined","","","Yes","0 in","431.8 mm (17 in)","Baffle","","Glass Lined Parts","22,700 L (6,000 gallons)"
"210550","Glasslined Baffle Glass Lined Parts - IPP# 210550","https://ims.internationalprocessplants.com/inventory/equipment/detail/210550","13","Re-glassed","171.5 mm (6.8 in)","D-Baffle","","","","4,400 mm (173.5 in)","Pfaudler","Glasslined","","","Yes","0.625 in","431.8 mm (17 in)","Baffle","Removable","Glass Lined Parts","30,300 L (8,000 gallons)"
"210574","Baffle Glass Lined Parts  Glasslined For Sale - IPP# 210574","https://ims.internationalprocessplants.com/inventory/equipment/detail/210574","12","Re-glassed","177.8 mm (7 in)","D-Baffle","","","","4,400 mm (173.5 in)","Pfaudler","Glasslined","","","Yes","0 in","444.5 mm (17.5 in)","Baffle","Removable","Glass Lined Parts",""
"210581","Glasslined Baffle Glass Lined Parts - IPP# 210581","https://ims.internationalprocessplants.com/inventory/equipment/detail/210581","13","Re-glassed","28.6 mm (1.13 in)","Thin Baffle","","","","794 mm (31.3 in)","Pfaudler","Glasslined","","","Yes","0.625 in","79.4 mm (3.1 in)","Baffle","Removable","Glass Lined Parts","113.6 L (30 gallons)"
"210589","Baffle Glass Lined Parts 30,300 L (8,000 gallons) Glasslined For Sale - IPP# 210589","https://ims.internationalprocessplants.com/inventory/equipment/detail/210589","12","Re-glassed","215.9 mm (8.5 in)","Beavertail","","","","4,600 mm (182 in)","DeDietrich","Glasslined","","Flange mount","Yes","0 in","","Baffle","","Glass Lined Parts","30,300 L (8,000 gallons)"
"211324","Glasslined Baffle Glass Lined Parts - IPP# 211324","https://ims.internationalprocessplants.com/inventory/equipment/detail/211324","13","Re-glassed","101.6 mm (4 in)","Finger Baffle","","","","2,950 mm (116.8 in)","Pfaudler","Glasslined","","","Yes","0 in","355.6 mm (14 in)","Baffle","Integral","Glass Lined Parts","11,350 L (3,000 gallons)"
"212933","Glasslined Baffle Glass Lined Parts - IPP# 212933","https://ims.internationalprocessplants.com/inventory/equipment/detail/212933","13","Re-glassed","127 mm (5 in)","H-Baffle","","","","2,950 mm (117 in)","Pfaudler","Glasslined","","","Yes","0 in","431.8 mm (17 in)","Baffle","Integral","Glass Lined Parts","11,350 L (3,000 gallons)"
"213499","Glasslined  Baffle Glass Lined Parts - IPP# 213499","https://ims.internationalprocessplants.com/inventory/equipment/detail/213499","6","Used","","Finger Baffle","","","","","","Glasslined","","","","0 in","","Baffle","","Glass Lined Parts",""
"213792","Glasslined DeDietrich Baffle Glass Lined Parts - IPP# 213792","https://ims.internationalprocessplants.com/inventory/equipment/detail/213792","12","Re-glassed","101.6 mm (4 in)","Finger Baffle","","","","3,000 mm (119 in)","DeDietrich","Glasslined","","","Yes","0 in","","Baffle","Integral","Glass Lined Parts","11,350 L (3,000 gallons)"
"214189","Baffle Glass Lined Parts 8,000 L (2,100 gallons) Glasslined For Sale - IPP# 214189","https://ims.internationalprocessplants.com/inventory/equipment/detail/214189","11","Re-glassed","82 mm (3.2 in)","D-Baffle","","","","3,000 mm (117.7 in)","","Glasslined","","","Yes","0 in","360 mm (14.2 in)","Baffle","","Glass Lined Parts","8,000 L (2,100 gallons)"
"214190","Baffle Glass Lined Parts 20,000 L (5,300 gallons) Glasslined For Sale - IPP# 214190","https://ims.internationalprocessplants.com/inventory/equipment/detail/214190","12","Re-glassed","140 mm (5.5 in)","Finger Baffle","","","","4,000 mm (157.5 in)","","Glasslined","","","Yes","0.3125 in","360 mm (14.2 in)","Baffle","Removable","Glass Lined Parts","20,000 L (5,300 gallons)"
"214191","Baffle Glass Lined Parts 12,000 L (3,150 gallons) Glasslined For Sale - IPP# 214191","https://ims.internationalprocessplants.com/inventory/equipment/detail/214191","11","Re-glassed","102 mm (4 in)","Beavertail","","","","3,050 mm (120.1 in)","","Glasslined","","","Yes","0 in","194 mm (7.6 in)","Baffle","","Glass Lined Parts","12,000 L (3,150 gallons)"
"214192","Baffle Glass Lined Parts 8,000 L (2,100 gallons) Glasslined For Sale - IPP# 214192","https://ims.internationalprocessplants.com/inventory/equipment/detail/214192","11","Re-glassed","102 mm (4 in)","Finger Baffle","","","","2,650 mm (104.1 in)","","Glasslined","","","Yes","0 in","370 mm (14.6 in)","Baffle","","Glass Lined Parts","8,000 L (2,100 gallons)"
"214193","Baffle Glass Lined Parts 12,000 L (3,150 gallons) Glasslined For Sale - IPP# 214193","https://ims.internationalprocessplants.com/inventory/equipment/detail/214193","11","Re-glassed","100 mm (3.9 in)","D-Baffle","","","","3,050 mm (120.3 in)","","Glasslined","","","Yes","mm","360 mm (14.2 in)","Baffle","","Glass Lined Parts","12,000 L (3,150 gallons)"
"214650","Baffle Glass Lined Parts 378.5 L (100 gallons) Glasslined For Sale - IPP# 214650","https://ims.internationalprocessplants.com/inventory/equipment/detail/214650","13","Re-glassed","76.2 mm (3 in)","Concave","","","","1,400 mm (55.5 in)","Pfaudler","Glasslined","","","Yes","0 in","76.2 mm (3 in)","Baffle","Integral","Glass Lined Parts","378.5 L (100 gallons)"
"214664","Glasslined Pfaudler Baffle Glass Lined Parts - IPP# 214664","https://ims.internationalprocessplants.com/inventory/equipment/detail/214664","14","Needs Reglass","76.2 mm (3 in)","Finger Baffle","","Bad Glass (BG)","","1,350 mm (53 in)","Pfaudler","Glasslined","","","Yes",".058","381 mm (15 in)","Baffle","Removable","Glass Lined Parts","1,150 L (300 gallons)"
"214672","Glasslined Pfaudler Baffle Glass Lined Parts - IPP# 214672","https://ims.internationalprocessplants.com/inventory/equipment/detail/214672","13","Re-glassed","76.2 mm (3 in)","Finger Baffle","","","","2,000 mm (78.5 in)","Pfaudler","Glasslined","","","Yes","0 in","381 mm (15 in)","Baffle","Integral","Glass Lined Parts","2,850 L (750 gallons)"
"214676","Glasslined Pfaudler Baffle Glass Lined Parts - IPP# 214676","https://ims.internationalprocessplants.com/inventory/equipment/detail/214676","13","Re-glassed","76.2 mm (3 in)","H-Baffle","","","","1,200 mm (48 in)","Pfaudler","Glasslined","","","Yes","0.625 in","215.9 mm (8.5 in)","Baffle","Removable","Glass Lined Parts","568 L (150 gallons)"
"214695","Glasslined Baffle Glass Lined Parts - IPP# 214695","https://ims.internationalprocessplants.com/inventory/equipment/detail/214695","12","Re-glassed","38.1 mm (1.5 in)","Finger Baffle","","","","1,100 mm (43.5 in)","Pfaudler","Glasslined","","","Yes","0 in","254 mm (10 in)","Baffle","","Glass Lined Parts","378.5 L (100 gallons)"
"216204","Baffle Glass Lined Parts 15,150 L (4,000 gallons) Glasslined For Sale - IPP# 216204","https://ims.internationalprocessplants.com/inventory/equipment/detail/216204","11","Used","203.2 mm (8 in)","Beavertail","","","","3,700 mm (145.3 in)","DeDietrich","Glasslined","","","","0 in","114.3 mm (4.5 in)","Baffle","","Glass Lined Parts","15,150 L (4,000 gallons)"
"216205","Baffle Glass Lined Parts 15,150 L (4,000 gallons) Glasslined For Sale - IPP# 216205","https://ims.internationalprocessplants.com/inventory/equipment/detail/216205","10","Used","101.6 mm (4 in)","Finger Baffle","","","","3,850 mm (152 in)","DeDietrich","Glasslined","","","","0 in","","Baffle","","Glass Lined Parts","15,150 L (4,000 gallons)"
"216283","Baffle Glass Lined Parts 1,150 L (300 gallons) Glasslined For Sale - IPP# 216283","https://ims.internationalprocessplants.com/inventory/equipment/detail/216283","10","Used","76.2 mm (3 in)","Finger Baffle","","","","1,500 mm (59 in)","DeDietrich","Glasslined","","","","0 in","","Baffle","","Glass Lined Parts","1,150 L (300 gallons)"
"216503","Glasslined Pfaudler Baffle Glass Lined Parts - IPP# 216503","https://ims.internationalprocessplants.com/inventory/equipment/detail/216503","9","Used","","Beavertail","","","","","Pfaudler","Glasslined","","","","0 in","","Baffle","Integral","Glass Lined Parts","1,900 L (500 gallons)"
"216523","Glasslined Pfaudler Baffle Glass Lined Parts - IPP# 216523","https://ims.internationalprocessplants.com/inventory/equipment/detail/216523","12","Used","76.2 mm (3 in)","Thin Baffle","","","","1,950 mm (76.5 in)","Pfaudler","Glasslined","","","","0 in","127 mm (5 in)","Baffle","Removable","Glass Lined Parts","1,900 L (500 gallons)"
"216617","Glasslined Baffle Glass Lined Parts - IPP# 216617","https://ims.internationalprocessplants.com/inventory/equipment/detail/216617","12","Used","114.3 mm (4.5 in)","Finger Baffle","","","","3,850 mm (152 in)","Pfaudler","Glasslined","","","","0 in","406.4 mm (16 in)","Baffle","Integral","Glass Lined Parts","15,150 L (4,000 gallons)"
"216628","Baffle Glass Lined Parts 189.3 L (50 gallons) Glasslined For Sale - IPP# 216628","https://ims.internationalprocessplants.com/inventory/equipment/detail/216628","13","Re-glassed","38.1 mm (1.5 in)","H-Baffle","","","","914 mm (36 in)","Pfaudler","Glasslined","","","Yes","0.625 in","139.7 mm (5.5 in)","Baffle","Removable","Glass Lined Parts","189.3 L (50 gallons)"
"216682","Glasslined Baffle Glass Lined Parts - IPP# 216682","https://ims.internationalprocessplants.com/inventory/equipment/detail/216682","10","Used","254 mm (10 in)","","","","","3,600 mm (141 in)","Pfaudler","Glasslined","","Flange mount","","0 in","","Baffle","","Glass Lined Parts","22,700 L (6,000 gallons)"
"216683","4,000-Gallon Glass-Lined Beavertail Baffle by DeDietrich &#x2013; 3.4&#x2033;&#xD7;127.5&#x2033;, Removable Tip - IPP# 216683","https://ims.internationalprocessplants.com/inventory/equipment/detail/216683","17","Re-glassed","85.7 mm (3.4 in)","Beavertail","Very Clean (VC)","Full Fire Polish (FF)","","3,250 mm (127.5 in)","DeDietrich","Glasslined","Beavertail","Flange mount DN 6"--300#","Yes","5/8"-18 UNF","104.8 mm (4.1 in)","Baffle","Removable","Glass Lined Parts","15,150 L (4,000 gallons)"
"216685","Glasslined DeDietrich Baffle Glass Lined Parts - IPP# 216685","https://ims.internationalprocessplants.com/inventory/equipment/detail/216685","17","Re-glassed","114.3 mm (4.5 in)","Beavertail","Very Clean (VC)","Full Fire Polish (FF)","","2,750 mm (108.5 in)","DeDietrich","Glasslined","Beaver Tail","Flange mount","Yes","0 in","177.8 mm (7 in)","Baffle","Integral","Glass Lined Parts","7,550 L (2,000 gallons)"
"216688","Glasslined Baffle Glass Lined Parts - IPP# 216688","https://ims.internationalprocessplants.com/inventory/equipment/detail/216688","12","Used","203.2 mm (8 in)","Beavertail","","","","4,400 mm (174 in)","DeDietrich","Glasslined","","Flange mount","","0 in","254 mm (10 in)","Baffle","","Glass Lined Parts","22,700 L (6,000 gallons)"
"216689","Glasslined Baffle Glass Lined Parts - IPP# 216689","https://ims.internationalprocessplants.com/inventory/equipment/detail/216689","12","Used","203.2 mm (8 in)","Beavertail","","","","4,550 mm (180 in)","DeDietrich","Glasslined","","Flange mount design","","0 in","254 mm (10 in)","Baffle","","Glass Lined Parts","22,700 L (6,000 gallons)"
"217497","Pfaudler Glass-Lined Fin Baffle, 6.6&#x2033;&#xD7;167&#x2033; &#x2013; For 6,000 Gal Vessels, Removable Tip - IPP# 217497","https://ims.internationalprocessplants.com/inventory/equipment/detail/217497","16","Re-glassed","168.3 mm (6.6 in)","Fin Baffle","Very Clean (VC)","Full Fire Polish (FF)","","4,250 mm (167 in)","Pfaudler","Glasslined","Fin Baffle","","Yes","5/8-18 UNF","279.4 mm (11 in)","Baffle","Removable","Glass Lined Parts","22,700 L (6,000 gallons)"
"217522","Baffle Glass Lined Parts 11,000 L (2,900 gallons) Glasslined For Sale - IPP# 217522","https://ims.internationalprocessplants.com/inventory/equipment/detail/217522","10","Used","143 mm (5.6 in)","Beavertail","","","","3,100 mm (122 in)","","Glasslined","","mounting flange 250mm diameter (no holes)","","0 in","","Baffle","","Glass Lined Parts","11,000 L (2,900 gallons)"
"217525","Baffle Glass Lined Parts 4,000 L (1,050 gallons) Glasslined For Sale - IPP# 217525","https://ims.internationalprocessplants.com/inventory/equipment/detail/217525","10","Used","142 mm (5.6 in)","Finger Baffle","","","","2,200 mm (86.6 in)","","Glasslined","","","","0 in","","Baffle","None","Glass Lined Parts","4,000 L (1,050 gallons)"
"217526","Baffle Glass Lined Parts 11,000 L (2,900 gallons) Glasslined For Sale - IPP# 217526","https://ims.internationalprocessplants.com/inventory/equipment/detail/217526","10","Used","140 mm (5.5 in)","Finger Baffle","","","","3,100 mm (122 in)","","Glasslined","","","","0 in","","Baffle","Removable","Glass Lined Parts","11,000 L (2,900 gallons)"
"217527","Baffle Glass Lined Parts 6,000 L (1,600 gallons) Glasslined For Sale - IPP# 217527","https://ims.internationalprocessplants.com/inventory/equipment/detail/217527","11","Used","85 mm (3.3 in)","Beavertail","","","","2,500 mm (98 in)","","Glasslined","","","","0 in","195 mm (7.7 in)","Baffle","None","Glass Lined Parts","6,000 L (1,600 gallons)"
"217534","Baffle Glass Lined Parts 11,000 L (2,900 gallons) Glasslined For Sale - IPP# 217534","https://ims.internationalprocessplants.com/inventory/equipment/detail/217534","10","Used","145 mm (5.7 in)","Beavertail","","","","3,300 mm (129.9 in)","","Glasslined","","","","0 in","280 mm (11 in)","Baffle","","Glass Lined Parts","11,000 L (2,900 gallons)"
"217537","Baffle Glass Lined Parts 11,000 L (2,900 gallons) Glasslined For Sale - IPP# 217537","https://ims.internationalprocessplants.com/inventory/equipment/detail/217537","11","Used","142 mm (5.6 in)","Beavertail","","","","3,300 mm (129.9 in)","","Glasslined","","","","0 in","272 mm (10.7 in)","Baffle","None","Glass Lined Parts","11,000 L (2,900 gallons)"
"217538","Unused Baffle Glass Lined Parts 6,000 L (1,600 gallons) Glasslined For Sale - IPP# 217538","https://ims.internationalprocessplants.com/inventory/equipment/detail/217538","9","Unused","144 mm (5.7 in)","Beavertail","","","","2,450 mm (96.1 in)","","Glasslined","","","","0 in","","Baffle","","Glass Lined Parts","6,000 L (1,600 gallons)"
"217539","Baffle Glass Lined Parts 8,000 L (2,100 gallons) Glasslined For Sale - IPP# 217539","https://ims.internationalprocessplants.com/inventory/equipment/detail/217539","11","Used","117 mm (4.6 in)","Finger Baffle","","","","2,800 mm (110.6 in)","DeDietrich","Glasslined","","","","0 in","","Baffle","Removable","Glass Lined Parts","8,000 L (2,100 gallons)"
"217540","Baffle Glass Lined Parts 8,000 L (2,100 gallons) Glasslined For Sale - IPP# 217540","https://ims.internationalprocessplants.com/inventory/equipment/detail/217540","9","Used","92 mm (3.6 in)","Finger Baffle","","","","2,650 mm (103.9 in)","","Glasslined","","","","0 in","","Baffle","","Glass Lined Parts","8,000 L (2,100 gallons)"
"217543","Baffle Glass Lined Parts 8,000 L (2,100 gallons) Glasslined For Sale - IPP# 217543","https://ims.internationalprocessplants.com/inventory/equipment/detail/217543","10","Used","117 mm (4.6 in)","Finger Baffle","","","","2,750 mm (108.7 in)","","Glasslined","","","","0 in","","Baffle","None","Glass Lined Parts","8,000 L (2,100 gallons)"
"217546","Baffle Glass Lined Parts 11,000 L (2,900 gallons) Glasslined For Sale - IPP# 217546","https://ims.internationalprocessplants.com/inventory/equipment/detail/217546","10","Used","144 mm (5.7 in)","Beavertail","","","","3,100 mm (122 in)","","Glasslined","","","","0 in","180 mm (7.1 in)","Baffle","","Glass Lined Parts","11,000 L (2,900 gallons)"
"217547","Baffle Glass Lined Parts 11,000 L (2,900 gallons) Glasslined For Sale - IPP# 217547","https://ims.internationalprocessplants.com/inventory/equipment/detail/217547","11","Used","142 mm (5.6 in)","Beavertail","","","","3,000 mm (118.1 in)","","Glasslined","","","","0 in","180 mm (7.1 in)","Baffle","None","Glass Lined Parts","11,000 L (2,900 gallons)"
"217549","Baffle Glass Lined Parts 1,200 L (317 gallons) Glasslined For Sale - IPP# 217549","https://ims.internationalprocessplants.com/inventory/equipment/detail/217549","10","Used","79 mm (3.1 in)","Beavertail","","","","1,400 mm (55.1 in)","","Glasslined","","","","0 in","136 mm (5.4 in)","Baffle","","Glass Lined Parts","1,200 L (317 gallons)"
"217552","Baffle Glass Lined Parts 1,200 L (317 gallons) Glasslined For Sale - IPP# 217552","https://ims.internationalprocessplants.com/inventory/equipment/detail/217552","11","Used","79 mm (3.1 in)","Beavertail","","","","1,550 mm (61.8 in)","Pfaudler","Glasslined","","","","0 in","102 mm (4 in)","Baffle","","Glass Lined Parts","1,200 L (317 gallons)"
"217553","Baffle Glass Lined Parts 8,000 L (2,100 gallons) Glasslined For Sale - IPP# 217553","https://ims.internationalprocessplants.com/inventory/equipment/detail/217553","12","Used","160 mm (6.3 in)","Beavertail","","","","2,750 mm (107.5 in)","","Glasslined","","flange mounted with bolt holes","","0 in","180 mm (7.1 in)","Baffle","None","Glass Lined Parts","8,000 L (2,100 gallons)"
"217554","Unused Baffle Glass Lined Parts 11,000 L (2,900 gallons) Glasslined For Sale - IPP# 217554","https://ims.internationalprocessplants.com/inventory/equipment/detail/217554","12","Unused","142 mm (5.6 in)","Beavertail","","","","3,000 mm (118.1 in)","","Glasslined","","flange mounted with bolt holes","","0 in","172 mm (6.8 in)","Baffle","None","Glass Lined Parts","11,000 L (2,900 gallons)"
"217555","Baffle Glass Lined Parts 20,000 L (5,300 gallons) Glasslined For Sale - IPP# 217555","https://ims.internationalprocessplants.com/inventory/equipment/detail/217555","12","Used","144 mm (5.7 in)","Beavertail","","","","4,000 mm (157.5 in)","Pfaudler","Glasslined","TW1","","","0 in","27 mm (1.06 in)","Baffle","","Glass Lined Parts","20,000 L (5,300 gallons)"
"217558","Baffle Glass Lined Parts 3,000 L (793 gallons) Glasslined For Sale - IPP# 217558","https://ims.internationalprocessplants.com/inventory/equipment/detail/217558","11","Used","88 mm (3.5 in)","Beavertail","","","","2,000 mm (78 in)","","Glasslined","","","","0 in","142 mm (5.6 in)","Baffle","None","Glass Lined Parts","3,000 L (793 gallons)"
"217560","Baffle Glass Lined Parts 4,000 L (1,050 gallons) Glasslined For Sale - IPP# 217560","https://ims.internationalprocessplants.com/inventory/equipment/detail/217560","10","Used","78 mm (3.1 in)","Finger Baffle","","","","2,150 mm (85.4 in)","","Glasslined","","","","0 in","","Baffle","Removable","Glass Lined Parts","4,000 L (1,050 gallons)"
"217572","Baffle Glass Lined Parts 15,150 L (4,000 gallons) Glasslined For Sale - IPP# 217572","https://ims.internationalprocessplants.com/inventory/equipment/detail/217572","10","Re-glassed","140 mm (5.5 in)","Finger Baffle","","","","3,700 mm (145.7 in)","","Glasslined","","","Yes","0 in","","Baffle","","Glass Lined Parts","15,150 L (4,000 gallons)"
"221110","Baffle Glass Lined Parts 11,350 L (3,000 gallons) Glasslined For Sale - IPP# 221110","https://ims.internationalprocessplants.com/inventory/equipment/detail/221110","13","Re-glassed","127 mm (5 in)","H-Baffle","","","","2,950 mm (117 in)","Pfaudler","Glasslined","","","Yes","0 in","419.1 mm (16.5 in)","Baffle","Integral","Glass Lined Parts","11,350 L (3,000 gallons)"
"221219","Glasslined Baffle Glass Lined Parts - IPP# 221219","https://ims.internationalprocessplants.com/inventory/equipment/detail/221219","12","Re-glassed","76.2 mm (3 in)","H-Baffle","","","","1,450 mm (58 in)","","Glasslined","","","Yes","0 in","254 mm (10 in)","Baffle","Integral","Glass Lined Parts","1,150 L (300 gallons)"
"221226","Baffle Glass Lined Parts 1,900 L (500 gallons) Glasslined For Sale - IPP# 221226","https://ims.internationalprocessplants.com/inventory/equipment/detail/221226","10","Re-glassed","76.2 mm (3 in)","H-Baffle","","","","2,100 mm (82 in)","","Glasslined","","","Yes","0 in","","Baffle","","Glass Lined Parts","1,900 L (500 gallons)"
"221227","Glasslined Baffle Glass Lined Parts - IPP# 221227","https://ims.internationalprocessplants.com/inventory/equipment/detail/221227","13","Re-glassed","76.2 mm (3 in)","H-Baffle","","","","2,400 mm (94 in)","Pfaudler","Glasslined","","","Yes","0.625 in","317.5 mm (12.5 in)","Baffle","Removable","Glass Lined Parts","3,800 L (1,000 gallons)"
"221231","Glasslined Baffle Glass Lined Parts - IPP# 221231","https://ims.internationalprocessplants.com/inventory/equipment/detail/221231","11","Used","114.3 mm (4.5 in)","Finger Baffle","","","","3,000 mm (118.5 in)","Pfaudler","Glasslined","","","","0 in","","Baffle","Integral","Glass Lined Parts","7,550 L (2,000 gallons)"
"221233","Glasslined Pfaudler Baffle Glass Lined Parts - IPP# 221233","https://ims.internationalprocessplants.com/inventory/equipment/detail/221233","13","Re-glassed","76.2 mm (3 in)","Finger Baffle","","","","2,000 mm (78.9 in)","Pfaudler","Glasslined","","","Yes","0 in","368.3 mm (14.5 in)","Baffle","Integral","Glass Lined Parts","2,850 L (750 gallons)"
"221265","Glasslined Pfaudler Baffle Glass Lined Parts - IPP# 221265","https://ims.internationalprocessplants.com/inventory/equipment/detail/221265","11","Re-glassed","76.2 mm (3 in)","H-Baffle","","","","2,100 mm (83.1 in)","Pfaudler","Glasslined","","","Yes","0 in","","Baffle","","Glass Lined Parts","1,900 L (500 gallons)"
"221270","Baffle Glass Lined Parts 7,550 L (2,000 gallons) Glasslined For Sale - IPP# 221270","https://ims.internationalprocessplants.com/inventory/equipment/detail/221270","10","Used","","Thin Baffle","","","","3,150 mm (123.5 in)","Pfaudler","Glasslined","","","","in","","Baffle","Integral","Glass Lined Parts","7,550 L (2,000 gallons)"
"221271","Glasslined Pfaudler Baffle Glass Lined Parts - IPP# 221271","https://ims.internationalprocessplants.com/inventory/equipment/detail/221271","16","Re-glassed","76.2 mm (3 in)","Fin Baffle","Very Clean (VC)","Full Fire Polish (FF)","","1,900 mm (74.3 in)","Pfaudler","Glasslined","Fin Baffle","","Yes","5/8" -18 UNF","127 mm (5 in)","Baffle","Removable","Glass Lined Parts","1,900 L (500 gallons)"
"221393","Baffle Glass Lined Parts 1,900 L (500 gallons) Glasslined For Sale - IPP# 221393","https://ims.internationalprocessplants.com/inventory/equipment/detail/221393","12","Used","76.2 mm (3 in)","H-Baffle","","","","1,950 mm (76 in)","Pfaudler","Glasslined","","","","0 in","254 mm (10 in)","Baffle","Integral","Glass Lined Parts","1,900 L (500 gallons)"
"221816","Glasslined Pfaudler Baffle Glass Lined Parts - IPP# 221816","https://ims.internationalprocessplants.com/inventory/equipment/detail/221816","14","Good Used Glass","38.1 mm (1.5 in)","H-Baffle","Very Dirty (VD) Power wash at minimum","Some Fire Polish (F)","","1,150 mm (45.8 in)","Pfaudler","Glasslined","","","Yes","0.625 in","","Baffle","Removable","Glass Lined Parts","378.5 L (100 gallons)"
"221823","Glasslined Baffle Glass Lined Parts - IPP# 221823","https://ims.internationalprocessplants.com/inventory/equipment/detail/221823","15","Re-glassed","38.1 mm (1.5 in)","H-Baffle","Very Clean (VC)","Full Fire Polish (FF)","","1,150 mm (45.8 in)","Pfaudler","Glasslined","H Baffle","","Yes","","152.4 mm (6 in)","Baffle","Integral","Glass Lined Parts","189.3 L (50 gallons)"
"221839","Glasslined Pfaudler Baffle Glass Lined Parts - IPP# 221839","https://ims.internationalprocessplants.com/inventory/equipment/detail/221839","12","Used","76.2 mm (3 in)","Thin Baffle","","","","2,050 mm (80 in)","Pfaudler","Glasslined","","","","0 in","177.8 mm (7 in)","Baffle","Integral","Glass Lined Parts","2,850 L (750 gallons)"
"221969","Baffle Glass Lined Parts 7,550 L (2,000 gallons) Glasslined For Sale - IPP# 221969","https://ims.internationalprocessplants.com/inventory/equipment/detail/221969","12","Re-glassed","101.6 mm (4 in)","Beavertail","","","","2,850 mm (112.8 in)","","Glasslined","","","Yes","0.625 in","193.7 mm (7.6 in)","Baffle","Removable","Glass Lined Parts","7,550 L (2,000 gallons)"
"221970","Glasslined  Baffle Glass Lined Parts - IPP# 221970","https://ims.internationalprocessplants.com/inventory/equipment/detail/221970","12","Re-glassed","127 mm (5 in)","Beavertail","","","","2,750 mm (108.3 in)","","Glasslined","","","Yes","0 in","215.9 mm (8.5 in)","Baffle","Removable","Glass Lined Parts","11,350 L (3,000 gallons)"
"221972","Baffle Glass Lined Parts 2,850 L (750 gallons) Glasslined For Sale - IPP# 221972","https://ims.internationalprocessplants.com/inventory/equipment/detail/221972","13","Re-glassed","76.2 mm (3 in)","Beavertail","","","","2,050 mm (80.5 in)","Pfaudler","Glasslined","","","Yes","0.625 in","142.9 mm (5.6 in)","Baffle","Removable","Glass Lined Parts","2,850 L (750 gallons)"
"221975","Glasslined Baffle Glass Lined Parts - IPP# 221975","https://ims.internationalprocessplants.com/inventory/equipment/detail/221975","12","Re-glassed","101.6 mm (4 in)","Beavertail","","","","2,850 mm (113 in)","","Glasslined","","","Yes","0.625 in","196.9 mm (7.8 in)","Baffle","Removable","Glass Lined Parts","7,550 L (2,000 gallons)"
"221977","Glasslined  Baffle Glass Lined Parts - IPP# 221977","https://ims.internationalprocessplants.com/inventory/equipment/detail/221977","12","Re-glassed","101.6 mm (4 in)","Beavertail","","","","2,250 mm (88.3 in)","","Glasslined","","","Yes","0.625 in","196.9 mm (7.8 in)","Baffle","Removable","Glass Lined Parts","3,800 L (1,000 gallons)"
"221978","Glasslined Baffle Glass Lined Parts - IPP# 221978","https://ims.internationalprocessplants.com/inventory/equipment/detail/221978","13","Re-glassed","101.6 mm (4 in)","Beavertail","","","","2,150 mm (85.5 in)","Pfaudler","Glasslined","","","Yes","0.625 in","193.7 mm (7.6 in)","Baffle","Removable","Glass Lined Parts","3,800 L (1,000 gallons)"
"221982","Glasslined Baffle Glass Lined Parts - IPP# 221982","https://ims.internationalprocessplants.com/inventory/equipment/detail/221982","12","Re-glassed","127 mm (5 in)","Beavertail","","","","4,350 mm (171.6 in)","","Glasslined","","","Yes","0.625 in","222.3 mm (8.8 in)","Baffle","Removable","Glass Lined Parts","30,300 L (8,000 gallons)"
"222073","Glasslined Baffle Glass Lined Parts - IPP# 222073","https://ims.internationalprocessplants.com/inventory/equipment/detail/222073","13","Re-glassed","171.5 mm (6.8 in)","D-Baffle","","","","4,400 mm (173.5 in)","Pfaudler","Glasslined","","","Yes","0.625 in","406.4 mm (16 in)","Baffle","Removable","Glass Lined Parts","22,700 L (6,000 gallons)"
"222131","Glasslined Baffle Glass Lined Parts - IPP# 222131","https://ims.internationalprocessplants.com/inventory/equipment/detail/222131","13","Re-glassed","101.6 mm (4 in)","Finger Baffle","","","","3,000 mm (119 in)","DeDietrich","Glasslined","","","Yes","0 in","381 mm (15 in)","Baffle","Integral","Glass Lined Parts","11,350 L (3,000 gallons)"
"222416","Glasslined Baffle Glass Lined Parts - IPP# 222416","https://ims.internationalprocessplants.com/inventory/equipment/detail/222416","13","Re-glassed","139.7 mm (5.5 in)","Beavertail","","","","3,750 mm (147.5 in)","Pfaudler","Glasslined","","","Yes","0 in","228.6 mm (9 in)","Baffle","Integral","Glass Lined Parts","15,150 L (4,000 gallons)"
"222417","Glasslined Baffle Glass Lined Parts - IPP# 222417","https://ims.internationalprocessplants.com/inventory/equipment/detail/222417","13","Re-glassed","127 mm (5 in)","Beavertail","","","","3,750 mm (148 in)","Pfaudler","Glasslined","","","Yes","0 in","228.6 mm (9 in)","Baffle","Integral","Glass Lined Parts","15,150 L (4,000 gallons)"
"222425","Glasslined Baffle Glass Lined Parts - IPP# 222425","https://ims.internationalprocessplants.com/inventory/equipment/detail/222425","13","Re-glassed","127 mm (5 in)","Beavertail","","","","3,750 mm (147 in)","Pfaudler","Glasslined","","","Yes","in","228.6 mm (9 in)","Baffle","Integral","Glass Lined Parts","15,150 L (4,000 gallons)"
"222459","Glasslined Baffle Glass Lined Parts - IPP# 222459","https://ims.internationalprocessplants.com/inventory/equipment/detail/222459","13","Re-glassed","76.2 mm (3 in)","Finger Baffle","","","","1,600 mm (63 in)","DeDietrich","Glasslined","","","Yes","0 in","330.2 mm (13 in)","Baffle","Integral","Glass Lined Parts","1,150 L (300 gallons)"
"222521","Glasslined Baffle Glass Lined Parts - IPP# 222521","https://ims.internationalprocessplants.com/inventory/equipment/detail/222521","13","Re-glassed","101.6 mm (4 in)","Finger Baffle","","","","3,000 mm (119 in)","Pfaudler","Glasslined","","","Yes","0 in","381 mm (15 in)","Baffle","Integral","Glass Lined Parts","11,350 L (3,000 gallons)"
"222522","Glasslined Baffle Glass Lined Parts - IPP# 222522","https://ims.internationalprocessplants.com/inventory/equipment/detail/222522","13","Re-glassed","101.6 mm (4 in)","Finger Baffle","","","","3,100 mm (122.5 in)","Pfaudler","Glasslined","","","Yes","0 in","381 mm (15 in)","Baffle","Integral","Glass Lined Parts","11,350 L (3,000 gallons)"
"222525","Baffle Glass Lined Parts 11,350 L (3,000 gallons) Glasslined For Sale - IPP# 222525","https://ims.internationalprocessplants.com/inventory/equipment/detail/222525","11","Used","101.6 mm (4 in)","Beavertail","","","","3,000 mm (119 in)","","Glasslined","","","","0 in","177.8 mm (7 in)","Baffle","Integral","Glass Lined Parts","11,350 L (3,000 gallons)"
"222526","Glasslined  Baffle Glass Lined Parts - IPP# 222526","https://ims.internationalprocessplants.com/inventory/equipment/detail/222526","11","Used","76.2 mm (3 in)","H-Baffle","","","","2,350 mm (93 in)","","Glasslined","","","","0 in","330.2 mm (13 in)","Baffle","Removable","Glass Lined Parts","3,800 L (1,000 gallons)"
"222527","Glasslined  Baffle Glass Lined Parts - IPP# 222527","https://ims.internationalprocessplants.com/inventory/equipment/detail/222527","11","Used","101.6 mm (4 in)","Finger Baffle","","","","2,850 mm (112 in)","","Glasslined","","","Yes","0 in","","Baffle","Removable","Glass Lined Parts","7,550 L (2,000 gallons)"
"224222","Glasslined Pfaudler Baffle Glass Lined Parts - IPP# 224222","https://ims.internationalprocessplants.com/inventory/equipment/detail/224222","12","Used","38.1 mm (1.5 in)","H-Baffle","","","","1,050 mm (41.5 in)","Pfaudler","Glasslined","","","","0 in","152.4 mm (6 in)","Baffle","None","Glass Lined Parts","378.5 L (100 gallons)"
"224224","Baffle Glass Lined Parts 378.5 L (100 gallons) Glasslined For Sale - IPP# 224224","https://ims.internationalprocessplants.com/inventory/equipment/detail/224224","13","Re-glassed","38.1 mm (1.5 in)","H-Baffle","","","","1,100 mm (43.5 in)","Pfaudler","Glasslined","","","Yes","0.5 in","152.4 mm (6 in)","Baffle","Removable","Glass Lined Parts","378.5 L (100 gallons)"
"224227","Glasslined Pfaudler Baffle Glass Lined Parts - IPP# 224227","https://ims.internationalprocessplants.com/inventory/equipment/detail/224227","11","Used","38.1 mm (1.5 in)","H-Baffle","","","","826 mm (32.5 in)","Pfaudler","Glasslined","","","","0 in","165.1 mm (6.5 in)","Baffle","","Glass Lined Parts","113.6 L (30 gallons)"
"224228","Baffle Glass Lined Parts 378.5 L (100 gallons) Glasslined For Sale - IPP# 224228","https://ims.internationalprocessplants.com/inventory/equipment/detail/224228","12","Used","38.1 mm (1.5 in)","Finger Baffle","","","","1,250 mm (49.5 in)","Pfaudler","Glasslined","","","","0 in","254 mm (10 in)","Baffle","None","Glass Lined Parts","378.5 L (100 gallons)"
"224230","Glasslined Pfaudler Baffle Glass Lined Parts - IPP# 224230","https://ims.internationalprocessplants.com/inventory/equipment/detail/224230","12","Used","38.1 mm (1.5 in)","Finger Baffle","","","","482.6 mm (19 in)","Pfaudler","Glasslined","","","","0 in","127 mm (5 in)","Baffle","None","Glass Lined Parts","18.9 L (5 gallons)"
"224232","Glasslined Baffle Glass Lined Parts - IPP# 224232","https://ims.internationalprocessplants.com/inventory/equipment/detail/224232","13","Re-glassed","34.9 mm (1.38 in)","H-Baffle","","","","1,050 mm (40.5 in)","Pfaudler","Glasslined","","","Yes","0.625 in","134.6 mm (5.3 in)","Baffle","Removable","Glass Lined Parts","189.3 L (50 gallons)"
"224234","Glasslined Baffle Glass Lined Parts - IPP# 224234","https://ims.internationalprocessplants.com/inventory/equipment/detail/224234","13","Re-glassed","34.9 mm (1.38 in)","H-Baffle","","","","1,200 mm (46.6 in)","Pfaudler","Glasslined","","","Yes","0 in","152.4 mm (6 in)","Baffle","None","Glass Lined Parts","568 L (150 gallons)"
"224258","Glasslined Pfaudler Baffle Glass Lined Parts - IPP# 224258","https://ims.internationalprocessplants.com/inventory/equipment/detail/224258","13","Re-glassed","76.2 mm (3 in)","H-Baffle","","","","1,200 mm (48 in)","Pfaudler","Glasslined","","","Yes","0.625 in","254 mm (10 in)","Baffle","Removable","Glass Lined Parts","757 L (200 gallons)"
"224267","Baffle Glass Lined Parts 1,900 L (500 gallons) Glasslined For Sale - IPP# 224267","https://ims.internationalprocessplants.com/inventory/equipment/detail/224267","12","Used","76.2 mm (3 in)","H-Baffle","","","","1,900 mm (74.5 in)","Pfaudler","Glasslined","","","","0.625 in","304.8 mm (12 in)","Baffle","Removable","Glass Lined Parts","1,900 L (500 gallons)"
"224282","Glasslined Baffle Glass Lined Parts - IPP# 224282","https://ims.internationalprocessplants.com/inventory/equipment/detail/224282","13","Re-glassed","168.3 mm (6.6 in)","Thin Baffle","","","","4,250 mm (167 in)","Pfaudler","Glasslined","","","Yes","0.625 in","304.8 mm (12 in)","Baffle","Removable","Glass Lined Parts","22,700 L (6,000 gallons)"
"224283","Glasslined Baffle Glass Lined Parts - IPP# 224283","https://ims.internationalprocessplants.com/inventory/equipment/detail/224283","13","Re-glassed","168.3 mm (6.6 in)","Thin Baffle","","","","4,250 mm (167 in)","Pfaudler","Glasslined","","","Yes","0.625 in","304.8 mm (12 in)","Baffle","Removable","Glass Lined Parts","22,700 L (6,000 gallons)"
"224284","Glasslined Baffle Glass Lined Parts - IPP# 224284","https://ims.internationalprocessplants.com/inventory/equipment/detail/224284","13","Re-glassed","127 mm (5 in)","H-Baffle","","","","2,800 mm (110.5 in)","Pfaudler","Glasslined","","","Yes","0.625 in","431.8 mm (17 in)","Baffle","Removable","Glass Lined Parts","11,350 L (3,000 gallons)"
"224285","Glasslined Pfaudler Baffle Glass Lined Parts - IPP# 224285","https://ims.internationalprocessplants.com/inventory/equipment/detail/224285","13","Re-glassed","76.2 mm (3 in)","Finger Baffle","","","","1,550 mm (60.5 in)","Pfaudler","Glasslined","","","Yes","0 in","406.4 mm (16 in)","Baffle","Integral","Glass Lined Parts","1,900 L (500 gallons)"
"224287","Glasslined Pfaudler Baffle Glass Lined Parts - IPP# 224287","https://ims.internationalprocessplants.com/inventory/equipment/detail/224287","13","Re-glassed","76.2 mm (3 in)","H-Baffle","","","","1,500 mm (58.5 in)","Pfaudler","Glasslined","","","Yes","0.625 in","254 mm (10 in)","Baffle","Removable","Glass Lined Parts","1,900 L (500 gallons)"
"224298","Glasslined Pfaudler Baffle Glass Lined Parts - IPP# 224298","https://ims.internationalprocessplants.com/inventory/equipment/detail/224298","13","Re-glassed","76.2 mm (3 in)","H-Baffle","","","","1,950 mm (77 in)","Pfaudler","Glasslined","","","Yes","0.625 in","254 mm (10 in)","Baffle","Removable","Glass Lined Parts","2,850 L (750 gallons)"
"224310","Glasslined DeDietrich Baffle Glass Lined Parts - IPP# 224310","https://ims.internationalprocessplants.com/inventory/equipment/detail/224310","14","Re-glassed","139.7 mm (5.5 in)","Beavertail","","","","2,750 mm (108 in)","DeDietrich","Glasslined","","flange mount to fit a 8" nozzle.","Yes","0.5 in","165.1 mm (6.5 in)","Baffle","None","Glass Lined Parts","7,550 L (2,000 gallons)"
"224331","Baffle Glass Lined Parts 7,550 L (2,000 gallons) Glasslined For Sale - IPP# 224331","https://ims.internationalprocessplants.com/inventory/equipment/detail/224331","12","Used","101.6 mm (4 in)","Beavertail","","","","2,900 mm (115 in)","DeDietrich","Glasslined","","","","0 in","177.8 mm (7 in)","Baffle","None","Glass Lined Parts","7,550 L (2,000 gallons)"
"224361","Baffle Glass Lined Parts 7,550 L (2,000 gallons) Glasslined For Sale - IPP# 224361","https://ims.internationalprocessplants.com/inventory/equipment/detail/224361","12","Used","101.6 mm (4 in)","Thin Baffle","","","","3,050 mm (120 in)","Pfaudler","Glasslined","","","","0.625 in","254 mm (10 in)","Baffle","Removable","Glass Lined Parts","7,550 L (2,000 gallons)"
"224370","Glasslined Pfaudler Baffle Glass Lined Parts - IPP# 224370","https://ims.internationalprocessplants.com/inventory/equipment/detail/224370","13","Re-glassed","76.2 mm (3 in)","H-Baffle","","","","2,350 mm (93.5 in)","Pfaudler","Glasslined","","","Yes","0.625 in","304.8 mm (12 in)","Baffle","Removable","Glass Lined Parts","3,800 L (1,000 gallons)"
"224377","Glasslined Pfaudler Baffle Glass Lined Parts - IPP# 224377","https://ims.internationalprocessplants.com/inventory/equipment/detail/224377","13","Re-glassed","","Beavertail","","","","2,150 mm (84 in)","Pfaudler","Glasslined","","flange mount","Yes","0 in","152.4 mm (6 in)","Baffle","Integral","Glass Lined Parts","3,800 L (1,000 gallons)"
"224400","Glasslined  Baffle Glass Lined Parts - IPP# 224400","https://ims.internationalprocessplants.com/inventory/equipment/detail/224400","10","Used","76.2 mm (3 in)","Beavertail","","","","2,450 mm (96 in)","","Glasslined","","","","0 in","","Baffle","None","Glass Lined Parts","7,550 L (2,000 gallons)"
"224401","Glasslined  Baffle Glass Lined Parts - IPP# 224401","https://ims.internationalprocessplants.com/inventory/equipment/detail/224401","10","Used","76.2 mm (3 in)","Finger Baffle","","","","2,500 mm (98 in)","","Glasslined","","","","0 in","","Baffle","Integral","Glass Lined Parts","3,800 L (1,000 gallons)"
"224543","Glasslined Baffle Glass Lined Parts - IPP# 224543","https://ims.internationalprocessplants.com/inventory/equipment/detail/224543","13","Re-glassed","76.2 mm (3 in)","H-Baffle","","","","2,400 mm (94 in)","Pfaudler","Glasslined","","","Yes","0.625 in","323.9 mm (12.8 in)","Baffle","Removable","Glass Lined Parts","3,800 L (1,000 gallons)"
"224563","Glasslined Pfaudler Baffle Glass Lined Parts - IPP# 224563","https://ims.internationalprocessplants.com/inventory/equipment/detail/224563","13","Re-glassed","76.2 mm (3 in)","Thin Baffle","","","","1,950 mm (76.5 in)","Pfaudler","Glasslined","","","Yes","0 in","127 mm (5 in)","Baffle","Removable","Glass Lined Parts","2,850 L (750 gallons)"
"224564","Glasslined Pfaudler Baffle Glass Lined Parts - IPP# 224564","https://ims.internationalprocessplants.com/inventory/equipment/detail/224564","13","Re-glassed","76.2 mm (3 in)","Thin Baffle","","","","1,950 mm (76.5 in)","Pfaudler","Glasslined","","","Yes","0 in","127 mm (5 in)","Baffle","Removable","Glass Lined Parts","2,850 L (750 gallons)"
"224565","Baffle Glass Lined Parts 1,900 L (500 gallons) Glasslined For Sale - IPP# 224565","https://ims.internationalprocessplants.com/inventory/equipment/detail/224565","13","Re-glassed","76.2 mm (3 in)","Thin Baffle","","","","1,950 mm (76.5 in)","Pfaudler","Glasslined","","","Yes","0 in","127 mm (5 in)","Baffle","Removable","Glass Lined Parts","1,900 L (500 gallons)"
"224568","Glasslined Baffle Glass Lined Parts - IPP# 224568","https://ims.internationalprocessplants.com/inventory/equipment/detail/224568","13","Re-glassed","28.6 mm (1.13 in)","H-Baffle","","","","1,150 mm (46 in)","Pfaudler","Glasslined","","","Yes","0 in","152.4 mm (6 in)","Baffle","Removable","Glass Lined Parts","378.5 L (100 gallons)"
"224573","Glasslined Pfaudler Baffle Glass Lined Parts - IPP# 224573","https://ims.internationalprocessplants.com/inventory/equipment/detail/224573","13","Re-glassed","76.2 mm (3 in)","Thin Baffle","","","","1,900 mm (75 in)","Pfaudler","Glasslined","","","Yes","0 in","127 mm (5 in)","Baffle","Removable","Glass Lined Parts","2,850 L (750 gallons)"
"225435","Glasslined Baffle Glass Lined Parts - IPP# 225435","https://ims.internationalprocessplants.com/inventory/equipment/detail/225435","16","Re-glassed","76.2 mm (3 in)","H-Baffle","Very Clean (VC)","Full Fire Polish (FF)","","1,500 mm (59 in)","Pfaudler","Glasslined","H Baffle","","Yes","0 in","330.2 mm (13 in)","Baffle","Integral","Glass Lined Parts","1,150 L (300 gallons)"
"226520","Baffle Glass Lined Parts 378.5 L (100 gallons) Glasslined For Sale - IPP# 226520","https://ims.internationalprocessplants.com/inventory/equipment/detail/226520","13","Re-glassed","44.5 mm (1.75 in)","H-Baffle","","","","1,150 mm (46 in)","Pfaudler","Glasslined","","","Yes","0.625 in","152.4 mm (6 in)","Baffle","Removable","Glass Lined Parts","378.5 L (100 gallons)"
"226530","Glasslined Baffle Glass Lined Parts - IPP# 226530","https://ims.internationalprocessplants.com/inventory/equipment/detail/226530","11","Used","76.2 mm (3 in)","H-Baffle","","","","1,100 mm (44 in)","","Glasslined","","","","0 in","228.6 mm (9 in)","Baffle","Removable","Glass Lined Parts","1,150 L (300 gallons)"
"226534","Baffle Glass Lined Parts 378.5 L (100 gallons) Glasslined For Sale - IPP# 226534","https://ims.internationalprocessplants.com/inventory/equipment/detail/226534","11","Used","69.9 mm (2.8 in)","Finger Baffle","","","","1,450 mm (57 in)","","Glasslined","","","","0 in","330.2 mm (13 in)","Baffle","Integral","Glass Lined Parts","378.5 L (100 gallons)"
"226536","Baffle Glass Lined Parts 1,150 L (300 gallons) Glasslined For Sale - IPP# 226536","https://ims.internationalprocessplants.com/inventory/equipment/detail/226536","11","Used","76.2 mm (3 in)","Finger Baffle","","","","1,300 mm (52 in)","","Glasslined","","","","0 in","241.3 mm (9.5 in)","Baffle","Integral","Glass Lined Parts","1,150 L (300 gallons)"
"226539","Glasslined Baffle Glass Lined Parts - IPP# 226539","https://ims.internationalprocessplants.com/inventory/equipment/detail/226539","10","Used","38.1 mm (1.5 in)","H-Baffle","","","","1,150 mm (46 in)","","Glasslined","","","","0 in","152.4 mm (6 in)","Baffle","","Glass Lined Parts","378.5 L (100 gallons)"
"226542","Glasslined  Baffle Glass Lined Parts - IPP# 226542","https://ims.internationalprocessplants.com/inventory/equipment/detail/226542","11","Used","38.1 mm (1.5 in)","H-Baffle","","","","1,150 mm (46 in)","","Glasslined","","","","0 in","152.4 mm (6 in)","Baffle","Removable","Glass Lined Parts","378.5 L (100 gallons)"
"226546","Glasslined  Baffle Glass Lined Parts - IPP# 226546","https://ims.internationalprocessplants.com/inventory/equipment/detail/226546","14","Re-glassed","38.1 mm (1.5 in)","Fin Baffle","Very Clean (VC)","Full Fire Polish (FF)","","1,100 mm (43.6 in)","","Glasslined","","","Yes","5/16"-24 UNF","63.5 mm (2.5 in)","Baffle","Removable","Glass Lined Parts","378.5 L (100 gallons)"
"226622","Baffle Glass Lined Parts 757 L (200 gallons) Glasslined For Sale - IPP# 226622","https://ims.internationalprocessplants.com/inventory/equipment/detail/226622","8","Re-glassed","","H-Baffle","","","","","","Glasslined","","","Yes","0 in","","Baffle","","Glass Lined Parts","757 L (200 gallons)"
"228019","Glasslined Pfaudler Baffle Glass Lined Parts - IPP# 228019","https://ims.internationalprocessplants.com/inventory/equipment/detail/228019","12","Used","76.2 mm (3 in)","H-Baffle","","","","2,400 mm (94 in)","Pfaudler","Glasslined","","","","0.625 in","304.8 mm (12 in)","Baffle","Removable","Glass Lined Parts","3,800 L (1,000 gallons)"
"228048","Glasslined Baffle Glass Lined Parts - IPP# 228048","https://ims.internationalprocessplants.com/inventory/equipment/detail/228048","12","Used","76.2 mm (3 in)","Finger Baffle","","","","2,000 mm (79 in)","Pfaudler","Glasslined","","","","0 in","393.7 mm (15.5 in)","Baffle","Integral","Glass Lined Parts","2,850 L (750 gallons)"
"228082","Baffle Glass Lined Parts 37.9 L (10 gallons) Glasslined For Sale - IPP# 228082","https://ims.internationalprocessplants.com/inventory/equipment/detail/228082","12","Re-glassed","33.3 mm (1.31 in)","Thin Baffle","","","","540 mm (21.3 in)","Pfaudler","Glasslined","","","Yes","0 in","76.2 mm (3 in)","Baffle","","Glass Lined Parts","37.9 L (10 gallons)"
"228160","Glasslined Baffle Glass Lined Parts - IPP# 228160","https://ims.internationalprocessplants.com/inventory/equipment/detail/228160","12","Re-glassed","73 mm (2.9 in)","Beavertail","","","","2,100 mm (83.5 in)","","Glasslined","","","Yes","0.625 in","142.9 mm (5.6 in)","Baffle","Removable","Glass Lined Parts","3,800 L (1,000 gallons)"
"228165","Glasslined Baffle Glass Lined Parts - IPP# 228165","https://ims.internationalprocessplants.com/inventory/equipment/detail/228165","13","Re-glassed","139.7 mm (5.5 in)","Beavertail","","","","2,800 mm (110 in)","Pfaudler","Glasslined","","","Yes","0 in","174.6 mm (6.9 in)","Baffle","Integral","Glass Lined Parts","7,550 L (2,000 gallons)"
"228189","Glasslined  Baffle Glass Lined Parts - IPP# 228189","https://ims.internationalprocessplants.com/inventory/equipment/detail/228189","12","Re-glassed","76.2 mm (3 in)","H-Baffle","","","","2,350 mm (92 in)","","Glasslined","","","Yes","0 in","304.8 mm (12 in)","Baffle","Integral","Glass Lined Parts","3,800 L (1,000 gallons)"
"228222","Baffle Glass Lined Parts 378.5 L (100 gallons) Glasslined For Sale - IPP# 228222","https://ims.internationalprocessplants.com/inventory/equipment/detail/228222","11","Re-glassed","63.5 mm (2.5 in)","","","","","1,200 mm (48 in)","","Glasslined","","with a 6" flange","Yes","0 in","","Baffle","Integral","Glass Lined Parts","378.5 L (100 gallons)"
"228229","Glasslined  Baffle Glass Lined Parts - IPP# 228229","https://ims.internationalprocessplants.com/inventory/equipment/detail/228229","12","Re-glassed","76.2 mm (3 in)","H-Baffle","","","","2,400 mm (94 in)","","Glasslined","","","Yes","0 in","304.8 mm (12 in)","Baffle","Removable","Glass Lined Parts","3,800 L (1,000 gallons)"
"228230","Glasslined  Baffle Glass Lined Parts - IPP# 228230","https://ims.internationalprocessplants.com/inventory/equipment/detail/228230","11","Used","76.2 mm (3 in)","H-Baffle","","","","2,400 mm (94 in)","","Glasslined","","","","0 in","304.8 mm (12 in)","Baffle","Removable","Glass Lined Parts","3,800 L (1,000 gallons)"
"228231","Glasslined  Baffle Glass Lined Parts - IPP# 228231","https://ims.internationalprocessplants.com/inventory/equipment/detail/228231","11","Used","76.2 mm (3 in)","H-Baffle","","","","1,350 mm (54 in)","","Glasslined","","","","0 in","228.6 mm (9 in)","Baffle","Removable","Glass Lined Parts","757 L (200 gallons)"
"228232","Glasslined  Baffle Glass Lined Parts - IPP# 228232","https://ims.internationalprocessplants.com/inventory/equipment/detail/228232","11","Used","76.2 mm (3 in)","Finger Baffle","","","","1,350 mm (54 in)","","Glasslined","","","","0 in","355.6 mm (14 in)","Baffle","Removable","Glass Lined Parts","378.5 L (100 gallons)"
"228233","Glasslined  Baffle Glass Lined Parts - IPP# 228233","https://ims.internationalprocessplants.com/inventory/equipment/detail/228233","11","Used","76.2 mm (3 in)","D-Baffle","","","","2,400 mm (94 in)","","Glasslined","","","","0 in","381 mm (15 in)","Baffle","Integral","Glass Lined Parts","3,800 L (1,000 gallons)"
"228234","Glasslined  Baffle Glass Lined Parts - IPP# 228234","https://ims.internationalprocessplants.com/inventory/equipment/detail/228234","11","Used","76.2 mm (3 in)","H-Baffle","","","","2,400 mm (94 in)","","Glasslined","","","","0 in","304.8 mm (12 in)","Baffle","Integral","Glass Lined Parts","3,800 L (1,000 gallons)"
"228235","Glasslined  Baffle Glass Lined Parts - IPP# 228235","https://ims.internationalprocessplants.com/inventory/equipment/detail/228235","11","Used","76.2 mm (3 in)","H-Baffle","","","","2,400 mm (94 in)","","Glasslined","","","","0 in","304.8 mm (12 in)","Baffle","Removable","Glass Lined Parts","3,800 L (1,000 gallons)"
"228237","Glasslined Pfaudler Baffle Glass Lined Parts - IPP# 228237","https://ims.internationalprocessplants.com/inventory/equipment/detail/228237","13","Re-glassed","76.2 mm (3 in)","D-Baffle","","","","1,850 mm (72 in)","Pfaudler","Glasslined","","","Yes","0 in","355.6 mm (14 in)","Baffle","Removable","Glass Lined Parts","2,850 L (750 gallons)"
"228260","Glasslined Baffle Glass Lined Parts - IPP# 228260","https://ims.internationalprocessplants.com/inventory/equipment/detail/228260","13","Re-glassed","127 mm (5 in)","H-Baffle","","","","2,850 mm (111.5 in)","Pfaudler","Glasslined","","","Yes","0.625 in","431.8 mm (17 in)","Baffle","Removable","Glass Lined Parts","11,350 L (3,000 gallons)"
"228355","Baffle Glass Lined Parts 18,950 L (5,000 gallons) Glasslined For Sale - IPP# 228355","https://ims.internationalprocessplants.com/inventory/equipment/detail/228355","6","Used","","","","","","","","Glasslined","","","","0 in","","Baffle","","Glass Lined Parts","18,950 L (5,000 gallons)"
"228356","Baffle Glass Lined Parts 18,950 L (5,000 gallons) Glasslined For Sale - IPP# 228356","https://ims.internationalprocessplants.com/inventory/equipment/detail/228356","6","Used","","","","","","","","Glasslined","","","","0 in","","Baffle","","Glass Lined Parts","18,950 L (5,000 gallons)"
"228375","Baffle Glass Lined Parts  Glasslined For Sale - IPP# 228375","https://ims.internationalprocessplants.com/inventory/equipment/detail/228375","10","Used","330.2 mm (13 in)","Beavertail","","","","3,850 mm (152 in)","DeDietrich","Glasslined","","","","0 in","177.8 mm (7 in)","Baffle","","Glass Lined Parts",""
"228385","Glasslined Baffle Glass Lined Parts - IPP# 228385","https://ims.internationalprocessplants.com/inventory/equipment/detail/228385","10","Re-glassed","5,050 mm (198.5 in)","Beavertail","","","","","","Glasslined","","","Yes","0 in","228.6 mm (9 in)","Baffle","Integral","Glass Lined Parts",""
"228386","Baffle Glass Lined Parts 15,150 L (4,000 gallons) Glasslined For Sale - IPP# 228386","https://ims.internationalprocessplants.com/inventory/equipment/detail/228386","10","Used","","Beavertail","","","","3,800 mm (150 in)","","Glasslined","","","","0 in","228.6 mm (9 in)","Baffle","Integral","Glass Lined Parts","15,150 L (4,000 gallons)"
"228387","Glasslined  Baffle Glass Lined Parts - IPP# 228387","https://ims.internationalprocessplants.com/inventory/equipment/detail/228387","9","Re-glassed","355.6 mm (14 in)","","","","","3,800 mm (150.5 in)","","Glasslined","","","Yes","0 in","177.8 mm (7 in)","Baffle","","Glass Lined Parts",""
"228388","Baffle Glass Lined Parts 18,950 L (5,000 gallons) Glasslined For Sale - IPP# 228388","https://ims.internationalprocessplants.com/inventory/equipment/detail/228388","6","Used","","","","","","","","Glasslined","","","","0 in","","Baffle","","Glass Lined Parts","18,950 L (5,000 gallons)"
"228389","Baffle Glass Lined Parts  Glasslined For Sale - IPP# 228389","https://ims.internationalprocessplants.com/inventory/equipment/detail/228389","9","Used","","Beavertail","","","","4,650 mm (183 in)","","Glasslined","","","","0 in","292.1 mm (11.5 in)","Baffle","Removable","Glass Lined Parts",""
"229039","Baffle Glass Lined Parts 4,000 L (1,050 gallons) Glasslined For Sale - IPP# 229039","https://ims.internationalprocessplants.com/inventory/equipment/detail/229039","12","Used","142 mm (5.6 in)","Beavertail","","","","2,350 mm (92.9 in)","Pfaudler","Glasslined","","flange mounted with bolt holes and 3-sensors","","0 in","174 mm (6.9 in)","Baffle","","Glass Lined Parts","4,000 L (1,050 gallons)"
"230136","Baffle Glass Lined Parts 7,550 L (2,000 gallons) Glasslined For Sale - IPP# 230136","https://ims.internationalprocessplants.com/inventory/equipment/detail/230136","13","Re-glassed","114.3 mm (4.5 in)","Finger Baffle","","","","3,000 mm (118.5 in)","Pfaudler","Glasslined","","","Yes","0 in","330.2 mm (13 in)","Baffle","Integral","Glass Lined Parts","7,550 L (2,000 gallons)"
"230233","Baffle Glass Lined Parts  Glasslined For Sale - IPP# 230233","https://ims.internationalprocessplants.com/inventory/equipment/detail/230233","7","Re-glassed","","Beavertail","","","","","","Glasslined","","","Yes","0 in","","Baffle","","Glass Lined Parts",""
"230234","Glasslined Baffle Glass Lined Parts - IPP# 230234","https://ims.internationalprocessplants.com/inventory/equipment/detail/230234","15","Re-glassed","76.2 mm (3 in)","H-Baffle","Very Clean (VC)","Full Fire Polish (FF)","","2,400 mm (94 in)","","Glasslined","H Baffle","","Yes","5/8" -18 UNF","323.9 mm (12.8 in)","Baffle","Removable","Glass Lined Parts","3,800 L (1,000 gallons)"
"230253","Glasslined Baffle Glass Lined Parts - IPP# 230253","https://ims.internationalprocessplants.com/inventory/equipment/detail/230253","13","Re-glassed","76.2 mm (3 in)","Finger Baffle","","","","2,150 mm (85.5 in)","Pfaudler","Glasslined","","","Yes","0.625 in","381 mm (15 in)","Baffle","Removable","Glass Lined Parts","2,850 L (750 gallons)"
"230254","Baffle Glass Lined Parts  Glasslined For Sale - IPP# 230254","https://ims.internationalprocessplants.com/inventory/equipment/detail/230254","7","Re-glassed","","Finger Baffle","","","","","","Glasslined","","","Yes","0 in","","Baffle","","Glass Lined Parts",""
"230255","Baffle Glass Lined Parts 1,150 L (300 gallons) Glasslined For Sale - IPP# 230255","https://ims.internationalprocessplants.com/inventory/equipment/detail/230255","10","Re-glassed","76.2 mm (3 in)","Finger Baffle","","","","1,400 mm (55 in)","","Glasslined","","","Yes","0 in","","Baffle","","Glass Lined Parts","1,150 L (300 gallons)"
"230311","Glasslined  Baffle Glass Lined Parts - IPP# 230311","https://ims.internationalprocessplants.com/inventory/equipment/detail/230311","6","Used","","H-Baffle","","","","","","Glasslined","","","","0 in","","Baffle","","Glass Lined Parts",""
"230312","Baffle Glass Lined Parts  Glasslined For Sale - IPP# 230312","https://ims.internationalprocessplants.com/inventory/equipment/detail/230312","7","Re-glassed","","Thin Baffle","","","","","","Glasslined","","","Yes","0 in","","Baffle","","Glass Lined Parts",""
"230319","Baffle Glass Lined Parts  Glasslined For Sale - IPP# 230319","https://ims.internationalprocessplants.com/inventory/equipment/detail/230319","7","Re-glassed","","Finger Baffle","","","","","","Glasslined","","","Yes","0 in","","Baffle","","Glass Lined Parts",""
"230327","Baffle Glass Lined Parts  Glasslined For Sale - IPP# 230327","https://ims.internationalprocessplants.com/inventory/equipment/detail/230327","7","Re-glassed","","Beavertail","","","","","","Glasslined","","","Yes","0 in","","Baffle","","Glass Lined Parts",""
"230384","Glasslined Baffle Glass Lined Parts - IPP# 230384","https://ims.internationalprocessplants.com/inventory/equipment/detail/230384","11","Used","228.6 mm (9 in)","Thin Baffle","","","","5,400 mm (212.5 in)","Pfaudler","Glasslined","","Flange mount. 200.5" tip end to flange.","","0 in","","Baffle","Integral","Glass Lined Parts",""
"230385","Baffle Glass Lined Parts 15,150 L (4,000 gallons) Glasslined For Sale - IPP# 230385","https://ims.internationalprocessplants.com/inventory/equipment/detail/230385","12","Good Used Glass","127 mm (5 in)","D-Baffle","","","","3,750 mm (148 in)","Pfaudler","Glasslined","","","","0 in","431.8 mm (17 in)","Baffle","Integral","Glass Lined Parts","15,150 L (4,000 gallons)"
"232309","Baffle Glass Lined Parts  Glasslined For Sale - IPP# 232309","https://ims.internationalprocessplants.com/inventory/equipment/detail/232309","7","Re-glassed","165.1 mm (6.5 in)","","","","","","","Glasslined","","","Yes","0 in","","Baffle","","Glass Lined Parts",""
"232310","Baffle Glass Lined Parts  Glasslined For Sale - IPP# 232310","https://ims.internationalprocessplants.com/inventory/equipment/detail/232310","7","Re-glassed","165.1 mm (6.5 in)","","","","","","","Glasslined","","","Yes","0 in","","Baffle","","Glass Lined Parts",""
"232311","Baffle Glass Lined Parts  Glasslined For Sale - IPP# 232311","https://ims.internationalprocessplants.com/inventory/equipment/detail/232311","7","Re-glassed","165.1 mm (6.5 in)","","","","","","","Glasslined","","","Yes","0 in","","Baffle","","Glass Lined Parts",""
"232335","Glasslined Baffle Glass Lined Parts - IPP# 232335","https://ims.internationalprocessplants.com/inventory/equipment/detail/232335","10","Used","76.2 mm (3 in)","H-Baffle","","","","1,500 mm (59 in)","","Glasslined","","","","1.125 in","","Baffle","Removable","Glass Lined Parts","1,150 L (300 gallons)"
"232355","Glasslined Pfaudler Baffle Glass Lined Parts - IPP# 232355","https://ims.internationalprocessplants.com/inventory/equipment/detail/232355","13","Re-glassed","76.2 mm (3 in)","H-Baffle","","","","2,400 mm (94 in)","Pfaudler","Glasslined","","","Yes","0.625 in","317.5 mm (12.5 in)","Baffle","Removable","Glass Lined Parts","378.5 L (100 gallons)"
"232356","Glasslined Pfaudler Baffle Glass Lined Parts - IPP# 232356","https://ims.internationalprocessplants.com/inventory/equipment/detail/232356","13","Re-glassed","76.2 mm (3 in)","H-Baffle","","","","2,400 mm (94 in)","Pfaudler","Glasslined","","","Yes","0.625 in","317.5 mm (12.5 in)","Baffle","Removable","Glass Lined Parts","3,800 L (1,000 gallons)"
"232357","Glasslined Pfaudler Baffle Glass Lined Parts - IPP# 232357","https://ims.internationalprocessplants.com/inventory/equipment/detail/232357","12","Needs Reglass","76.2 mm (3 in)","H-Baffle","","","","2,400 mm (94 in)","Pfaudler","Glasslined","","","","0 in","330.2 mm (13 in)","Baffle","Removable","Glass Lined Parts","3,800 L (1,000 gallons)"
"232358","Glasslined Pfaudler Baffle Glass Lined Parts - IPP# 232358","https://ims.internationalprocessplants.com/inventory/equipment/detail/232358","12","Used","76.2 mm (3 in)","H-Baffle","","","","1,350 mm (53.5 in)","Pfaudler","Glasslined","","","","1.125 in","228.6 mm (9 in)","Baffle","Removable","Glass Lined Parts","757 L (200 gallons)"
"232359","Baffle Glass Lined Parts 1,150 L (300 gallons) Glasslined For Sale - IPP# 232359","https://ims.internationalprocessplants.com/inventory/equipment/detail/232359","12","Used","76.2 mm (3 in)","Beavertail","","","","1,500 mm (59.5 in)","DeDietrich","Glasslined","","","","0 in","120.7 mm (4.8 in)","Baffle","Integral","Glass Lined Parts","1,150 L (300 gallons)"
"232362","Glasslined Pfaudler Baffle Glass Lined Parts - IPP# 232362","https://ims.internationalprocessplants.com/inventory/equipment/detail/232362","13","Re-glassed","69.9 mm (2.8 in)","Beavertail","","","","1,350 mm (53.5 in)","Pfaudler","Glasslined","","","Yes","0.875 in","152.4 mm (6 in)","Baffle","Removable","Glass Lined Parts","757 L (200 gallons)"
"232364","Glasslined  Baffle Glass Lined Parts - IPP# 232364","https://ims.internationalprocessplants.com/inventory/equipment/detail/232364","11","Used","76.2 mm (3 in)","H-Baffle","","","","1,750 mm (69.8 in)","","Glasslined","","","","0 in","381 mm (15 in)","Baffle","Removable","Glass Lined Parts","1,150 L (300 gallons)"
"232365","Glasslined  Baffle Glass Lined Parts - IPP# 232365","https://ims.internationalprocessplants.com/inventory/equipment/detail/232365","11","Used","76.2 mm (3 in)","H-Baffle","","","","1,300 mm (50.5 in)","","Glasslined","","","","0 in","254 mm (10 in)","Baffle","Integral","Glass Lined Parts","757 L (200 gallons)"
"232368","Glasslined Pfaudler Baffle Glass Lined Parts - IPP# 232368","https://ims.internationalprocessplants.com/inventory/equipment/detail/232368","12","Used","76.2 mm (3 in)","H-Baffle","","","","1,500 mm (59 in)","Pfaudler","Glasslined","","","","0 in","330.2 mm (13 in)","Baffle","Removable","Glass Lined Parts","1,150 L (300 gallons)"
"232369","Glasslined Baffle Glass Lined Parts - IPP# 232369","https://ims.internationalprocessplants.com/inventory/equipment/detail/232369","13","Re-glassed","114.3 mm (4.5 in)","D-Baffle","","","","2,800 mm (110.5 in)","Pfaudler","Glasslined","","","Yes","0.625 in","431.8 mm (17 in)","Baffle","Removable","Glass Lined Parts","7,550 L (2,000 gallons)"
"232375","Baffle Glass Lined Parts 757 L (200 gallons) Glasslined For Sale - IPP# 232375","https://ims.internationalprocessplants.com/inventory/equipment/detail/232375","13","Re-glassed","82.6 mm (3.3 in)","H-Baffle","","","","1,350 mm (54 in)","Pfaudler","Glasslined","","","Yes","0 in","228.6 mm (9 in)","Baffle","Integral","Glass Lined Parts","757 L (200 gallons)"
"232377","Baffle Glass Lined Parts 3,800 L (1,000 gallons) Glasslined For Sale - IPP# 232377","https://ims.internationalprocessplants.com/inventory/equipment/detail/232377","12","Used","76.2 mm (3 in)","H-Baffle","","","","2,100 mm (82.5 in)","Pfaudler","Glasslined","","","","0 in","260.4 mm (10.3 in)","Baffle","Integral","Glass Lined Parts","3,800 L (1,000 gallons)"
"232380","Glasslined Pfaudler Baffle Glass Lined Parts - IPP# 232380","https://ims.internationalprocessplants.com/inventory/equipment/detail/232380","12","Used","76.2 mm (3 in)","Thin Baffle","","","","1,950 mm (76 in)","Pfaudler","Glasslined","","","","0 in","139.7 mm (5.5 in)","Baffle","Removable","Glass Lined Parts","1,900 L (500 gallons)"
"232381","Baffle Glass Lined Parts 1,900 L (500 gallons) Glasslined For Sale - IPP# 232381","https://ims.internationalprocessplants.com/inventory/equipment/detail/232381","12","Used","76.2 mm (3 in)","Beavertail","","","","1,600 mm (62.5 in)","DeDietrich","Glasslined","","","","0 in","127 mm (5 in)","Baffle","Integral","Glass Lined Parts","1,900 L (500 gallons)"
"232397","Glasslined Pfaudler Baffle Glass Lined Parts - IPP# 232397","https://ims.internationalprocessplants.com/inventory/equipment/detail/232397","13","Re-glassed","101.6 mm (4 in)","Finger Baffle","","","","2,850 mm (112 in)","Pfaudler","Glasslined","","","Yes","0 in","406.4 mm (16 in)","Baffle","Removable","Glass Lined Parts","7,550 L (2,000 gallons)"
"232398","Glasslined Pfaudler Baffle Glass Lined Parts - IPP# 232398","https://ims.internationalprocessplants.com/inventory/equipment/detail/232398","13","Re-glassed","76.2 mm (3 in)","H-Baffle","","","","2,400 mm (94 in)","Pfaudler","Glasslined","","","Yes","0 in","330.2 mm (13 in)","Baffle","Removable","Glass Lined Parts","3,800 L (1,000 gallons)"
"232399","Glasslined Pfaudler Baffle Glass Lined Parts - IPP# 232399","https://ims.internationalprocessplants.com/inventory/equipment/detail/232399","13","Re-glassed","76.2 mm (3 in)","H-Baffle","","","","2,400 mm (94 in)","Pfaudler","Glasslined","","","Yes","0 in","304.8 mm (12 in)","Baffle","Integral","Glass Lined Parts","3,800 L (1,000 gallons)"
"232400","Glasslined Pfaudler Baffle Glass Lined Parts - IPP# 232400","https://ims.internationalprocessplants.com/inventory/equipment/detail/232400","12","Used","76.2 mm (3 in)","H-Baffle","","","","1,900 mm (74 in)","Pfaudler","Glasslined","","","","0 in","317.5 mm (12.5 in)","Baffle","Integral","Glass Lined Parts","2,850 L (750 gallons)"
"232402","Glasslined  Baffle Glass Lined Parts - IPP# 232402","https://ims.internationalprocessplants.com/inventory/equipment/detail/232402","11","Needs Reglass","101.6 mm (4 in)","Beavertail","","","","2,900 mm (113.8 in)","","Glasslined","","","Yes","0 in","190.5 mm (7.5 in)","Baffle","","Glass Lined Parts","7,550 L (2,000 gallons)"
"232405","Baffle Glass Lined Parts 1,900 L (500 gallons) Glasslined For Sale - IPP# 232405","https://ims.internationalprocessplants.com/inventory/equipment/detail/232405","13","Re-glassed","76.2 mm (3 in)","Finger Baffle","","","","1,950 mm (77.5 in)","Pfaudler","Glasslined","","","Yes","0 in","381 mm (15 in)","Baffle","Removable","Glass Lined Parts","1,900 L (500 gallons)"
"232406","Glasslined Pfaudler Baffle Glass Lined Parts - IPP# 232406","https://ims.internationalprocessplants.com/inventory/equipment/detail/232406","12","Used","76.2 mm (3 in)","Thin Baffle","","","","1,850 mm (72.5 in)","Pfaudler","Glasslined","","","","0 in","184.2 mm (7.3 in)","Baffle","Removable","Glass Lined Parts","1,900 L (500 gallons)"
"232407","Baffle Glass Lined Parts 5,700 L (1,500 gallons) Glasslined For Sale - IPP# 232407","https://ims.internationalprocessplants.com/inventory/equipment/detail/232407","12","Used","114.3 mm (4.5 in)","Thin Baffle","","","","2,450 mm (95.8 in)","Pfaudler","Glasslined","","","","0.625 in","254 mm (10 in)","Baffle","Removable","Glass Lined Parts","5,700 L (1,500 gallons)"
"232410","Glasslined Pfaudler Baffle Glass Lined Parts - IPP# 232410","https://ims.internationalprocessplants.com/inventory/equipment/detail/232410","12","Used","114.3 mm (4.5 in)","H-Baffle","","","","2,450 mm (97 in)","Pfaudler","Glasslined","","","","1.125 in","431.8 mm (17 in)","Baffle","Removable","Glass Lined Parts","5,700 L (1,500 gallons)"
"232411","Glasslined Pfaudler Baffle Glass Lined Parts - IPP# 232411","https://ims.internationalprocessplants.com/inventory/equipment/detail/232411","13","Re-glassed","76.2 mm (3 in)","H-Baffle","","","","2,400 mm (94.5 in)","Pfaudler","Glasslined","","","Yes","0 in","330.2 mm (13 in)","Baffle","Removable","Glass Lined Parts","3,800 L (1,000 gallons)"
"232426","Glasslined Pfaudler Baffle Glass Lined Parts - IPP# 232426","https://ims.internationalprocessplants.com/inventory/equipment/detail/232426","12","Used","76.2 mm (3 in)","H-Baffle","","","","2,400 mm (94 in)","Pfaudler","Glasslined","","","","1.125 in","330.2 mm (13 in)","Baffle","Removable","Glass Lined Parts","3,800 L (1,000 gallons)"
"232427","Glasslined Pfaudler Baffle Glass Lined Parts - IPP# 232427","https://ims.internationalprocessplants.com/inventory/equipment/detail/232427","12","Used","76.2 mm (3 in)","H-Baffle","","","","2,400 mm (94 in)","Pfaudler","Glasslined","","","","0 in","330.2 mm (13 in)","Baffle","Removable","Glass Lined Parts","3,800 L (1,000 gallons)"
"232430","Glasslined Pfaudler Baffle Glass Lined Parts - IPP# 232430","https://ims.internationalprocessplants.com/inventory/equipment/detail/232430","12","Used","101.6 mm (4 in)","Beavertail","","","","2,500 mm (98.5 in)","Pfaudler","Glasslined","","","","0 in","139.7 mm (5.5 in)","Baffle","Removable","Glass Lined Parts","5,700 L (1,500 gallons)"
"232461","Glasslined Pfaudler Baffle Glass Lined Parts - IPP# 232461","https://ims.internationalprocessplants.com/inventory/equipment/detail/232461","12","Needs Reglass","76.2 mm (3 in)","H-Baffle","","","","2,400 mm (94.5 in)","Pfaudler","Glasslined","","","","0.625 in","330.2 mm (13 in)","Baffle","Removable","Glass Lined Parts","3,800 L (1,000 gallons)"
"232670","Glasslined  Baffle Glass Lined Parts - IPP# 232670","https://ims.internationalprocessplants.com/inventory/equipment/detail/232670","16","Re-glassed","127 mm (5 in)","H-Baffle","Very Clean (VC)","Full Fire Polish (FF)","","2,800 mm (111 in)","Pfaudler","Glasslined","H Baffle","","Yes","0 in","444.5 mm (17.5 in)","Baffle","Integral","Glass Lined Parts","11,350 L (3,000 gallons)"
"232677","Baffle Glass Lined Parts 15,150 L (4,000 gallons) Glasslined For Sale - IPP# 232677","https://ims.internationalprocessplants.com/inventory/equipment/detail/232677","12","Re-glassed","171.5 mm (6.8 in)","D-Baffle","","","","3,550 mm (140.5 in)","","Glasslined","","","Yes","0 in","406.4 mm (16 in)","Baffle","Removable","Glass Lined Parts","15,150 L (4,000 gallons)"
"232678","Baffle Glass Lined Parts 3,800 L (1,000 gallons) Glasslined For Sale - IPP# 232678","https://ims.internationalprocessplants.com/inventory/equipment/detail/232678","11","Used","76.2 mm (3 in)","H-Baffle","","","","2,450 mm (96 in)","","Glasslined","","","","0 in","304.8 mm (12 in)","Baffle","Removable","Glass Lined Parts","3,800 L (1,000 gallons)"
"232679","Glasslined Pfaudler Baffle Glass Lined Parts - IPP# 232679","https://ims.internationalprocessplants.com/inventory/equipment/detail/232679","13","Re-glassed","88.9 mm (3.5 in)","Beavertail","","","","2,500 mm (98.5 in)","Pfaudler","Glasslined","","","Yes","0 in","196.9 mm (7.8 in)","Baffle","Integral","Glass Lined Parts","5,700 L (1,500 gallons)"
"232680","Glasslined Baffle Glass Lined Parts - IPP# 232680","https://ims.internationalprocessplants.com/inventory/equipment/detail/232680","13","Re-glassed","114.3 mm (4.5 in)","H-Baffle","","","","2,450 mm (97 in)","Pfaudler","Glasslined","","","Yes","0 in","419.1 mm (16.5 in)","Baffle","Integral","Glass Lined Parts","5,700 L (1,500 gallons)"
"232689","Glasslined Baffle Glass Lined Parts - IPP# 232689","https://ims.internationalprocessplants.com/inventory/equipment/detail/232689","12","Re-glassed","76.2 mm (3 in)","Beavertail","","","","2,550 mm (100.5 in)","","Glasslined","","","Yes","0.625 in","146.1 mm (5.8 in)","Baffle","Removable","Glass Lined Parts","5,700 L (1,500 gallons)"
"232696","Baffle Glass Lined Parts 757 L (200 gallons) Glasslined For Sale - IPP# 232696","https://ims.internationalprocessplants.com/inventory/equipment/detail/232696","10","Used","76.2 mm (3 in)","D-Baffle","","","","1,350 mm (54 in)","","Glasslined","","","","0 in","304.8 mm (12 in)","Baffle","","Glass Lined Parts","757 L (200 gallons)"
"232699","Glasslined Beaver Tail Baffle Glass Lined Parts - IPP# 232699","https://ims.internationalprocessplants.com/inventory/equipment/detail/232699","15","Re-glassed","101.6 mm (4 in)","Beavertail","Very Clean (VC)","Full Fire Polish (FF)","","2,250 mm (88.3 in)","","Glasslined","Beaver Tail","","Yes","5/8"-18 UNF","193.7 mm (7.6 in)","Baffle","Removable","Glass Lined Parts","3,800 L (1,000 gallons)"
"233513","Glasslined  Baffle Glass Lined Parts - IPP# 233513","https://ims.internationalprocessplants.com/inventory/equipment/detail/233513","11","Re-glassed","114.3 mm (4.5 in)","H-Baffle","","","","2,950 mm (116 in)","","Glasslined","","","Yes","1.125 in","","Baffle","Removable","Glass Lined Parts","7,550 L (2,000 gallons)"
"233524","Glasslined Baffle Glass Lined Parts - IPP# 233524","https://ims.internationalprocessplants.com/inventory/equipment/detail/233524","12","Re-glassed","76.2 mm (3 in)","H-Baffle","","","","1,600 mm (63.5 in)","","Glasslined","","","Yes","0 in","254 mm (10 in)","Baffle","Integral","Glass Lined Parts","1,150 L (300 gallons)"
"233544","Baffle Glass Lined Parts 757 L (200 gallons) Glasslined For Sale - IPP# 233544","https://ims.internationalprocessplants.com/inventory/equipment/detail/233544","11","Re-glassed","76.2 mm (3 in)","Thin Baffle","","","","1,300 mm (51.5 in)","","Glasslined","","","Yes","0.625 in","","Baffle","Removable","Glass Lined Parts","757 L (200 gallons)"
"233547","Glasslined Baffle Glass Lined Parts - IPP# 233547","https://ims.internationalprocessplants.com/inventory/equipment/detail/233547","15","Re-glassed","76.2 mm (3 in)","Beavertail","Very Clean (VC)","Full Fire Polish (FF)","","2,050 mm (80.8 in)","Pfaudler","Glasslined","","","Yes","0 in","142.9 mm (5.6 in)","Baffle","Integral","Glass Lined Parts","3,800 L (1,000 gallons)"
"233548","Baffle Glass Lined Parts 7,550 L (2,000 gallons) Glasslined For Sale - IPP# 233548","https://ims.internationalprocessplants.com/inventory/equipment/detail/233548","10","Re-glassed","101.6 mm (4 in)","Beavertail","","","","2,850 mm (113 in)","","Glasslined","","","Yes","0 in","","Baffle","","Glass Lined Parts","7,550 L (2,000 gallons)"
"233553","Glasslined  Baffle Glass Lined Parts - IPP# 233553","https://ims.internationalprocessplants.com/inventory/equipment/detail/233553","14","Re-glassed","168.3 mm (6.6 in)","D-Baffle","Very Clean (VC)","Full Fire Polish (FF)","","4,100 mm (161 in)","","Glasslined","","","Yes","0 in","431.8 mm (17 in)","Baffle","Integral","Glass Lined Parts","22,700 L (6,000 gallons)"
"233554","Glasslined Baffle Glass Lined Parts - IPP# 233554","https://ims.internationalprocessplants.com/inventory/equipment/detail/233554","13","Re-glassed","168.3 mm (6.6 in)","D-Baffle","","","","3,900 mm (154.3 in)","Pfaudler","Glasslined","","","Yes","0.625 in","406.4 mm (16 in)","Baffle","Removable","Glass Lined Parts","22,700 L (6,000 gallons)"
"233561","Glasslined Baffle Glass Lined Parts - IPP# 233561","https://ims.internationalprocessplants.com/inventory/equipment/detail/233561","13","Re-glassed","76.2 mm (3 in)","Thin Baffle","","","","2,400 mm (94 in)","Pfaudler","Glasslined","","","Yes","0 in","177.8 mm (7 in)","Baffle","Integral","Glass Lined Parts","3,800 L (1,000 gallons)"
"233565","Glasslined Baffle Glass Lined Parts - IPP# 233565","https://ims.internationalprocessplants.com/inventory/equipment/detail/233565","13","Re-glassed","127 mm (5 in)","D-Baffle","","","","3,600 mm (142.3 in)","Pfaudler","Glasslined","","","Yes","0.625 in","419.1 mm (16.5 in)","Baffle","Removable","Glass Lined Parts","15,150 L (4,000 gallons)"
"233566","Baffle Glass Lined Parts 11,350 L (3,000 gallons) Glasslined For Sale - IPP# 233566","https://ims.internationalprocessplants.com/inventory/equipment/detail/233566","11","Used","127 mm (5 in)","D-Baffle","","","","2,800 mm (110.3 in)","Pfaudler","Glasslined","","","","1.125 in","","Baffle","Removable","Glass Lined Parts","11,350 L (3,000 gallons)"
"233567","Glasslined Pfaudler Baffle Glass Lined Parts - IPP# 233567","https://ims.internationalprocessplants.com/inventory/equipment/detail/233567","11","Needs Reglass","127 mm (5 in)","D-Baffle","","","","2,950 mm (117 in)","Pfaudler","Glasslined","","","","0 in","","Baffle","Integral","Glass Lined Parts","11,350 L (3,000 gallons)"
"233577","Baffle Glass Lined Parts 568 L (150 gallons) Glasslined For Sale - IPP# 233577","https://ims.internationalprocessplants.com/inventory/equipment/detail/233577","7","Used","","H-Baffle","","","","","","Glasslined","","","","0 in","","Baffle","","Glass Lined Parts","568 L (150 gallons)"
"233584","Glasslined Pfaudler Baffle Glass Lined Parts - IPP# 233584","https://ims.internationalprocessplants.com/inventory/equipment/detail/233584","15","Re-glassed","76.2 mm (3 in)","H-Baffle","Very Clean (VC)","Full Fire Polish (FF)","","1,950 mm (76.5 in)","Pfaudler","Glasslined","","","Yes","5/8"-18UNF","254 mm (10 in)","Baffle","Removable","Glass Lined Parts","1,900 L (500 gallons)"
"233590","Glasslined Baffle Glass Lined Parts - IPP# 233590","https://ims.internationalprocessplants.com/inventory/equipment/detail/233590","12","Re-glassed","101.6 mm (4 in)","Beavertail","","","","3,000 mm (118 in)","","Glasslined","","","Yes","0 in","120.7 mm (4.8 in)","Baffle","Integral","Glass Lined Parts","7,550 L (2,000 gallons)"
"233696","Glasslined Baffle Glass Lined Parts - IPP# 233696","https://ims.internationalprocessplants.com/inventory/equipment/detail/233696","9","Used","215.9 mm (8.5 in)","","","","","4,500 mm (177 in)","","Glasslined","","","","0.625 in","","Baffle","Removable","Glass Lined Parts","30,300 L (8,000 gallons)"
"233901","Glasslined  Baffle Glass Lined Parts - IPP# 233901","https://ims.internationalprocessplants.com/inventory/equipment/detail/233901","12","Re-glassed","76.2 mm (3 in)","Beavertail","","","","2,400 mm (94 in)","","Glasslined","","","Yes","0.625 in","146.1 mm (5.8 in)","Baffle","Removable","Glass Lined Parts","3,800 L (1,000 gallons)"
"233912","Baffle Glass Lined Parts 1,900 L (500 gallons) Glasslined For Sale - IPP# 233912","https://ims.internationalprocessplants.com/inventory/equipment/detail/233912","10","Used","76.2 mm (3 in)","H-Baffle","","","","1,950 mm (77 in)","","Glasslined","","","","0 in","","Baffle","Integral","Glass Lined Parts","1,900 L (500 gallons)"
"233913","Baffle Glass Lined Parts 7,550 L (2,000 gallons) Glasslined For Sale - IPP# 233913","https://ims.internationalprocessplants.com/inventory/equipment/detail/233913","11","Re-glassed","114.3 mm (4.5 in)","H-Baffle","","","","2,950 mm (116 in)","","Glasslined","","","Yes","0 in","","Baffle","Removable","Glass Lined Parts","7,550 L (2,000 gallons)"
"233922","Baffle Glass Lined Parts 3,800 L (1,000 gallons) Glasslined For Sale - IPP# 233922","https://ims.internationalprocessplants.com/inventory/equipment/detail/233922","10","Used","76.2 mm (3 in)","H-Baffle","","","","2,400 mm (95 in)","","Glasslined","","","","0 in","","Baffle","Removable","Glass Lined Parts","3,800 L (1,000 gallons)"
"235500","Baffle Glass Lined Parts  Glasslined For Sale - IPP# 235500","https://ims.internationalprocessplants.com/inventory/equipment/detail/235500","7","Used","","H-Baffle","","","","","","Glasslined","","","","0 in","","Baffle","Removable","Glass Lined Parts",""
"235503","Baffle Glass Lined Parts 757 L (200 gallons) Glasslined For Sale - IPP# 235503","https://ims.internationalprocessplants.com/inventory/equipment/detail/235503","11","Re-glassed","76.2 mm (3 in)","H-Baffle","","","","1,350 mm (54 in)","","Glasslined","","","Yes","1.125 in","","Baffle","Removable","Glass Lined Parts","757 L (200 gallons)"
"235504","Baffle Glass Lined Parts 5,700 L (1,500 gallons) Glasslined For Sale - IPP# 235504","https://ims.internationalprocessplants.com/inventory/equipment/detail/235504","11","Re-glassed","101.6 mm (4 in)","Beavertail","","","","2,400 mm (95 in)","","Glasslined","","","Yes","0 in","","Baffle","Integral","Glass Lined Parts","5,700 L (1,500 gallons)"
"235505","Glasslined Baffle Glass Lined Parts - IPP# 235505","https://ims.internationalprocessplants.com/inventory/equipment/detail/235505","13","Re-glassed","76.2 mm (3 in)","H-Baffle","","","","1,900 mm (74 in)","Pfaudler","Glasslined","","","Yes","0.625 in","317.5 mm (12.5 in)","Baffle","Removable","Glass Lined Parts","2,850 L (750 gallons)"
"235507","Glasslined Baffle Glass Lined Parts - IPP# 235507","https://ims.internationalprocessplants.com/inventory/equipment/detail/235507","13","Re-glassed","76.2 mm (3 in)","H-Baffle","","","","1,450 mm (58 in)","Pfaudler","Glasslined","","","Yes","0 in","254 mm (10 in)","Baffle","Integral","Glass Lined Parts","1,150 L (300 gallons)"
"235535","Glasslined Pfaudler Baffle Glass Lined Parts - IPP# 235535","https://ims.internationalprocessplants.com/inventory/equipment/detail/235535","15","Re-glassed","34.9 mm (1.38 in)","Fin Baffle","Very Clean (VC)","Full Fire Polish (FF)","","819 mm (32.3 in)","Pfaudler","Glasslined","","","Yes","0 in","76.2 mm (3 in)","Baffle","Integral","Glass Lined Parts","113.6 L (30 gallons)"
"235537","Baffle Glass Lined Parts 757 L (200 gallons) Glasslined For Sale - IPP# 235537","https://ims.internationalprocessplants.com/inventory/equipment/detail/235537","11","Re-glassed","76.2 mm (3 in)","Beavertail","","","","1,350 mm (53 in)","","Glasslined","","","Yes","0 in","","Baffle","Integral","Glass Lined Parts","757 L (200 gallons)"
"235540","Baffle Glass Lined Parts 3,800 L (1,000 gallons) Glasslined For Sale - IPP# 235540","https://ims.internationalprocessplants.com/inventory/equipment/detail/235540","11","Re-glassed","76.2 mm (3 in)","H-Baffle","","","","2,400 mm (94 in)","","Glasslined","","","Yes","1.125 in","","Baffle","Removable","Glass Lined Parts","3,800 L (1,000 gallons)"
"235542","Glasslined Agitator Glass Lined Parts - IPP# 235542","https://ims.internationalprocessplants.com/inventory/equipment/detail/235542","11","Re-glassed","34.8 mm (1.37 in)","H-Baffle","","","","927 mm (36.5 in)","","Glasslined","","","Yes","1.125"","","Baffle","Removable","Glass Lined Parts","283.9 L (75 gallons)"
"235546","Glasslined Baffle Glass Lined Parts - IPP# 235546","https://ims.internationalprocessplants.com/inventory/equipment/detail/235546","14","Re-glassed","168.3 mm (6.6 in)","D-Baffle","Very Clean (VC)","Full Fire Polish (FF)","","3,950 mm (156 in)","Pfaudler","Glasslined","","","Yes","","406.4 mm (16 in)","Baffle","Integral","Glass Lined Parts","22,700 L (6,000 gallons)"
"235547","Glasslined Baffle Glass Lined Parts - IPP# 235547","https://ims.internationalprocessplants.com/inventory/equipment/detail/235547","13","Re-glassed","168.3 mm (6.6 in)","D-Baffle","","","","3,900 mm (154.3 in)","Pfaudler","Glasslined","","","Yes","0.625 in","406.4 mm (16 in)","Baffle","Removable","Glass Lined Parts","22,700 L (6,000 gallons)"
"235553","Baffle Glass Lined Parts 22,700 L (6,000 gallons) Glasslined For Sale - IPP# 235553","https://ims.internationalprocessplants.com/inventory/equipment/detail/235553","12","Re-glassed","168.3 mm (6.6 in)","D-Baffle","","","","4,000 mm (156.5 in)","Pfaudler","Glasslined","","","Yes","0 in","","Baffle","Integral","Glass Lined Parts","22,700 L (6,000 gallons)"
"235555","Glasslined Pfaudler Baffle Glass Lined Parts - IPP# 235555","https://ims.internationalprocessplants.com/inventory/equipment/detail/235555","16","Re-glassed","168.3 mm (6.6 in)","D-Baffle","Very Clean (VC)","Full Fire Polish (FF)","","4,000 mm (157 in)","Pfaudler","Glasslined","D Baffle","","Yes","0.125 in","431.8 mm (17 in)","Baffle","Integral","Glass Lined Parts","22,700 L (6,000 gallons)"
"235558","Glasslined  Baffle Glass Lined Parts - IPP# 235558","https://ims.internationalprocessplants.com/inventory/equipment/detail/235558","10","Needs Reglass","38.1 mm (1.5 in)","Finger Baffle","","","","714 mm (28.1 in)","","Glasslined","","","Yes","0 in","","Baffle","","Glass Lined Parts","189.3 L (50 gallons)"
"235571","Baffle Glass Lined Parts 1,900 L (500 gallons) Glasslined For Sale - IPP# 235571","https://ims.internationalprocessplants.com/inventory/equipment/detail/235571","9","Re-glassed","76.2 mm (3 in)","Finger Baffle","","","","2,000 mm (78.5 in)","","Glasslined","","","","0 in","","Baffle","","Glass Lined Parts","1,900 L (500 gallons)"
"235592","Glasslined Pfaudler Beavertail Baffle Glass Lined Parts - IPP# 235592","https://ims.internationalprocessplants.com/inventory/equipment/detail/235592","14","Re-glassed","127 mm (5 in)","Beavertail","","","","2,900 mm (114.8 in)","Pfaudler","Glasslined","Beavertail","","Yes","0.625 in","165.1 mm (6.5 in)","Baffle","Removable","Glass Lined Parts","11,350 L (3,000 gallons)"
"235596","Glasslined Baffle Glass Lined Parts - IPP# 235596","https://ims.internationalprocessplants.com/inventory/equipment/detail/235596","16","Re-glassed","127 mm (5 in)","D-Baffle","Very Clean (VC)","Full Fire Polish (FF)","","3,800 mm (149 in)","Pfaudler","Glasslined","D","","Yes","0 in","419.1 mm (16.5 in)","Baffle","Integral","Glass Lined Parts","15,150 L (4,000 gallons)"
"235597","Glasslined Pfaudler Baffle Glass Lined Parts - IPP# 235597","https://ims.internationalprocessplants.com/inventory/equipment/detail/235597","12","Re-glassed","127 mm (5 in)","Beavertail","","","","3,600 mm (142 in)","Pfaudler","Glasslined","","","Yes","0.625 in","","Baffle","Removable","Glass Lined Parts","15,150 L (4,000 gallons)"
"235598","Baffle Glass Lined Parts 1,900 L (500 gallons) Glasslined For Sale - IPP# 235598","https://ims.internationalprocessplants.com/inventory/equipment/detail/235598","12","Re-glassed","76.2 mm (3 in)","Beavertail","","","","1,950 mm (76.5 in)","Pfaudler","Glasslined","","","Yes","0 in","","Baffle","Integral","Glass Lined Parts","1,900 L (500 gallons)"
"235851","Baffle Glass Lined Parts 30,300 L (8,000 gallons) Glasslined For Sale - IPP# 235851","https://ims.internationalprocessplants.com/inventory/equipment/detail/235851","11","Used","","Beavertail","","Bad Glass (BG)","","4,150 mm (164 in)","","Glasslined","","","","0 in","228.6 mm (9 in)","Baffle","Integral","Glass Lined Parts","30,300 L (8,000 gallons)"
"235852","Baffle Glass Lined Parts 30,300 L (8,000 gallons) Glasslined For Sale - IPP# 235852","https://ims.internationalprocessplants.com/inventory/equipment/detail/235852","11","Used","254 mm (10 in)","Beavertail","","","","4,150 mm (164 in)","","Glasslined","","","","0 in","228.6 mm (9 in)","Baffle","Integral","Glass Lined Parts","30,300 L (8,000 gallons)"
"235854","Baffle Glass Lined Parts  Glasslined For Sale - IPP# 235854","https://ims.internationalprocessplants.com/inventory/equipment/detail/235854","6","Used","","Beavertail","","","","","","Glasslined","","","","0 in","","Baffle","","Glass Lined Parts",""
"235905","Glasslined Baffle Glass Lined Parts - IPP# 235905","https://ims.internationalprocessplants.com/inventory/equipment/detail/235905","9","Used","","Beavertail","","","","4,150 mm (164 in)","","Glasslined","","flange mount","","0 in","","Baffle","","Glass Lined Parts","18,950 L (5,000 gallons)"
"235906","Glasslined Baffle Glass Lined Parts - IPP# 235906","https://ims.internationalprocessplants.com/inventory/equipment/detail/235906","9","Used","","Beavertail","","","","4,150 mm (164 in)","","Glasslined","","flange mount","","0 in","","Baffle","","Glass Lined Parts","18,950 L (5,000 gallons)"
"235997","Baffle Glass Lined Parts 113.6 L (30 gallons) Glasslined For Sale - IPP# 235997","https://ims.internationalprocessplants.com/inventory/equipment/detail/235997","15","Re-glassed","33.3 mm (1.31 in)","Fin Baffle","Very Clean (VC)","Full Fire Polish (FF)","","819 mm (32.3 in)","Pfaudler","Glasslined","","","Yes","0 in","76.2 mm (3 in)","Baffle","None","Glass Lined Parts","113.6 L (30 gallons)"
"238200","Glasslined Pfaudler Baffle Glass Lined Parts - IPP# 238200","https://ims.internationalprocessplants.com/inventory/equipment/detail/238200","15","Re-glassed","76.2 mm (3 in)","H-Baffle","Very Clean (VC)","Full Fire Polish (FF)","","1,950 mm (76.5 in)","Pfaudler","Glasslined","","","Yes","0 in","266.7 mm (10.5 in)","Baffle","Integral","Glass Lined Parts","2,850 L (750 gallons)"
"238202","Glasslined  Baffle Glass Lined Parts - IPP# 238202","https://ims.internationalprocessplants.com/inventory/equipment/detail/238202","11","Re-glassed","31.8 mm (1.25 in)","Finger Baffle","","","","686 mm (27 in)","","Glasslined","","","Yes","0 in","82.6 mm (3.3 in)","Baffle","","Glass Lined Parts","75.7 L (20 gallons)"
"238203","Unused Glasslined  Baffle Glass Lined Parts - IPP# 238203","https://ims.internationalprocessplants.com/inventory/equipment/detail/238203","12","Unused","31.8 mm (1.25 in)","H-Baffle","","","","1,100 mm (42.5 in)","","Glasslined","","","Yes","0 in","171.5 mm (6.8 in)","Baffle","None","Glass Lined Parts","189.3 L (50 gallons)"
"238215","Glasslined  Baffle Glass Lined Parts - IPP# 238215","https://ims.internationalprocessplants.com/inventory/equipment/detail/238215","11","Used","203.2 mm (8 in)","Beavertail","","","","3,650 mm (144 in)","","Glasslined","","Flange mount","","0 in","177.8 mm (7 in)","Baffle","None","Glass Lined Parts",""
"238217","Glasslined Baffle Glass Lined Parts - IPP# 238217","https://ims.internationalprocessplants.com/inventory/equipment/detail/238217","11","Used","","Beavertail","","","","2,750 mm (109 in)","3V Tech","Glasslined","","10" flange mount","","0 in","","Baffle","Integral","Glass Lined Parts","18,950 L (5,000 gallons)"
"238223","New Glasslined  Baffle Glass Lined Parts - IPP# 238223","https://ims.internationalprocessplants.com/inventory/equipment/detail/238223","11","New","165.1 mm (6.5 in)","Thin Baffle","","","","3,550 mm (140 in)","","Glasslined","","","","0 in","304.8 mm (12 in)","Baffle","Integral","Glass Lined Parts","15,150 L (4,000 gallons)"
"238260","Glasslined 3V Tech Baffle Glass Lined Parts - IPP# 238260","https://ims.internationalprocessplants.com/inventory/equipment/detail/238260","7","Used","168.1 mm (6.6 in)","","","","","","3V Tech","Glasslined","","","","0 in","","Baffle","","Glass Lined Parts",""
"238261","Baffle Glass Lined Parts  Glasslined For Sale - IPP# 238261","https://ims.internationalprocessplants.com/inventory/equipment/detail/238261","7","Used","168.1 mm (6.6 in)","","","","","","3V Tech","Glasslined","","","","0 in","","Baffle","","Glass Lined Parts",""
"238262","Baffle Glass Lined Parts  Glasslined For Sale - IPP# 238262","https://ims.internationalprocessplants.com/inventory/equipment/detail/238262","6","Used","168.1 mm (6.6 in)","","","","","","","Glasslined","","","","0 in","","Baffle","","Glass Lined Parts",""
"238263","Baffle Glass Lined Parts  Glasslined For Sale - IPP# 238263","https://ims.internationalprocessplants.com/inventory/equipment/detail/238263","7","Used","168.1 mm (6.6 in)","","","","","","3V Tech","Glasslined","","","","0 in","","Baffle","","Glass Lined Parts",""
"238265","Baffle Glass Lined Parts  Glasslined For Sale - IPP# 238265","https://ims.internationalprocessplants.com/inventory/equipment/detail/238265","6","Used","168.1 mm (6.6 in)","","","","","","","Glasslined","","","","0 in","","Baffle","","Glass Lined Parts",""
"238275","Baffle Glass Lined Parts  Glasslined For Sale - IPP# 238275","https://ims.internationalprocessplants.com/inventory/equipment/detail/238275","6","Used","168.1 mm (6.6 in)","","","","","","","Glasslined","","","","0 in","","Baffle","","Glass Lined Parts",""
"238316","Glasslined Baffle Glass Lined Parts - IPP# 238316","https://ims.internationalprocessplants.com/inventory/equipment/detail/238316","14","Re-glassed","114.3 mm (4.5 in)","H-Baffle","Very Clean (VC)","Full Fire Polish (FF)","","2,950 mm (116 in)","","Glasslined","H Baffle","","Yes","","406.4 mm (16 in)","Baffle","Integral","Glass Lined Parts","7,550 L (2,000 gallons)"
"238326","Glasslined Pfaudler Baffle Glass Lined Parts - IPP# 238326","https://ims.internationalprocessplants.com/inventory/equipment/detail/238326","16","Re-glassed","76.2 mm (3 in)","H-Baffle","Very Clean (VC)","Full Fire Polish (FF)","","1,950 mm (76.5 in)","Pfaudler","Glasslined","H Baffle","","Yes","5/8" -18UNF","254 mm (10 in)","Baffle","Removable","Glass Lined Parts","1,900 L (500 gallons)"
"238327","Glasslined Pfaudler Baffle Glass Lined Parts - IPP# 238327","https://ims.internationalprocessplants.com/inventory/equipment/detail/238327","16","Re-glassed","76.2 mm (3 in)","H-Baffle","Very Clean (VC)","Full Fire Polish (FF)","","1,950 mm (76.5 in)","Pfaudler","Glasslined","H Baffle","","Yes","0 in","25.4 mm (1 in)","Baffle","Integral","Glass Lined Parts","1,900 L (500 gallons)"
"238342","Glasslined Pfaudler Baffle Glass Lined Parts - IPP# 238342","https://ims.internationalprocessplants.com/inventory/equipment/detail/238342","12","Used","76.2 mm (3 in)","Concave","","","","1,650 mm (64 in)","Pfaudler","Glasslined","","","","in","139.7 mm (5.5 in)","Baffle","Integral","Glass Lined Parts","1,150 L (300 gallons)"
"238344","Baffle Glass Lined Parts 1,900 L (500 gallons) Glasslined For Sale - IPP# 238344","https://ims.internationalprocessplants.com/inventory/equipment/detail/238344","11","Re-glassed","76.2 mm (3 in)","Fin Baffle","","","","1,950 mm (76 in)","","Glasslined","","","","1.125 in","152.4 mm (6 in)","Baffle","Removable","Glass Lined Parts","1,900 L (500 gallons)"
"238347","Glasslined  Baffle Glass Lined Parts - IPP# 238347","https://ims.internationalprocessplants.com/inventory/equipment/detail/238347","12","Re-glassed","76.2 mm (3 in)","H-Baffle","","","","1,450 mm (58 in)","","Glasslined","","","Yes","in","304.8 mm (12 in)","Baffle","Integral","Glass Lined Parts","1,150 L (300 gallons)"
"238351","Glasslined DeDietrich Baffle Glass Lined Parts - IPP# 238351","https://ims.internationalprocessplants.com/inventory/equipment/detail/238351","12","Used","76.2 mm (3 in)","Beavertail","","","","2,450 mm (96 in)","DeDietrich","Glasslined","","","","0 in","177.8 mm (7 in)","Baffle","Integral","Glass Lined Parts","5,700 L (1,500 gallons)"
"238382","Glasslined Baffle Glass Lined Parts - IPP# 238382","https://ims.internationalprocessplants.com/inventory/equipment/detail/238382","13","Re-glassed","114.3 mm (4.5 in)","H-Baffle","","","","2,900 mm (115 in)","Pfaudler","Glasslined","","","Yes","0 in","355.6 mm (14 in)","Baffle","Integral","Glass Lined Parts","7,550 L (2,000 gallons)"
"238429","Glasslined Baffle Glass Lined Parts - IPP# 238429","https://ims.internationalprocessplants.com/inventory/equipment/detail/238429","15","Re-glassed","127 mm (5 in)","Fin Baffle","Very Clean (VC)","Full Fire Polish (FF)","","3,600 mm (142 in)","","Glasslined","Fin","","Yes","5/8-18 UNF","279.4 mm (11 in)","Baffle","Removable","Glass Lined Parts","15,150 L (4,000 gallons)"
"238441","Baffle Glass Lined Parts 1,900 L (500 gallons) Glasslined For Sale - IPP# 238441","https://ims.internationalprocessplants.com/inventory/equipment/detail/238441","12","Re-glassed","76.2 mm (3 in)","H-Baffle","","","","2,150 mm (85.5 in)","","Glasslined","","","Yes","in","266.7 mm (10.5 in)","Baffle","Integral","Glass Lined Parts","1,900 L (500 gallons)"
"239035","Glasslined Pfaudler Baffle Glass Lined Parts - IPP# 239035","https://ims.internationalprocessplants.com/inventory/equipment/detail/239035","13","Re-glassed","76.2 mm (3 in)","H-Baffle","","","","2,100 mm (83.1 in)","Pfaudler","Glasslined","","","Yes","0 in","254 mm (10 in)","Baffle","Integral","Glass Lined Parts","1,900 L (500 gallons)"
"239036","Glasslined Baffle Glass Lined Parts - IPP# 239036","https://ims.internationalprocessplants.com/inventory/equipment/detail/239036","13","Re-glassed","101.6 mm (4 in)","Beavertail","","","","2,550 mm (100.5 in)","Pfaudler","Glasslined","","","Yes","0 in","196.9 mm (7.8 in)","Baffle","None","Glass Lined Parts","7,550 L (2,000 gallons)"
"239045","Glasslined  Baffle Glass Lined Parts - IPP# 239045","https://ims.internationalprocessplants.com/inventory/equipment/detail/239045","14","Re-glassed","76.2 mm (3 in)","Fin Baffle","Very Clean (VC)","Full Fire Polish (FF)","","1,950 mm (76.5 in)","","Glasslined","","","Yes","5/8"-18UNF","127 mm (5 in)","Baffle","Removable","Glass Lined Parts","2,850 L (750 gallons)"
"239052","Glasslined  Baffle Glass Lined Parts - IPP# 239052","https://ims.internationalprocessplants.com/inventory/equipment/detail/239052","15","Re-glassed","76.2 mm (3 in)","D-Baffle","Very Clean (VC)","Full Fire Polish (FF)","","2,100 mm (83 in)","","Glasslined","D Baffles","","Yes","0.625 in","381 mm (15 in)","Baffle","Removable","Glass Lined Parts","3,800 L (1,000 gallons)"
"239053","Glasslined Pfaudler EM Series Baffle Glass Lined Parts - IPP# 239053","https://ims.internationalprocessplants.com/inventory/equipment/detail/239053","16","Re-glassed","76.2 mm (3 in)","H-Baffle","Very Clean (VC)","Full Fire Polish (FF)","","1,400 mm (54.3 in)","Pfaudler","Glasslined","EM Series","","Yes","0 in","330.2 mm (13 in)","Baffle","Integral","Glass Lined Parts","757 L (200 gallons)"
"239058","Glasslined Baffle Glass Lined Parts - IPP# 239058","https://ims.internationalprocessplants.com/inventory/equipment/detail/239058","16","Re-glassed","76.2 mm (3 in)","Fin Baffle","Very Clean (VC)","Full Fire Polish (FF)","","2,350 mm (92.8 in)","Pfaudler","Glasslined","Fin Baffle","","Yes","5/8"-18UNF","177.8 mm (7 in)","Baffle","Removable","Glass Lined Parts","3,800 L (1,000 gallons)"
"239074","Baffle Glass Lined Parts 7,550 L (2,000 gallons) Glasslined For Sale - IPP# 239074","https://ims.internationalprocessplants.com/inventory/equipment/detail/239074","8","Used","","H-Baffle","","","","","","Glasslined","","","","in","","Baffle","Integral","Glass Lined Parts","7,550 L (2,000 gallons)"
"239120","Glasslined  Baffle Glass Lined Parts - IPP# 239120","https://ims.internationalprocessplants.com/inventory/equipment/detail/239120","15","Re-glassed","76.2 mm (3 in)","Beavertail","Very Clean (VC)","Full Fire Polish (FF)","","2,800 mm (110.5 in)","","Glasslined","Beaver Tail Excentric","","Yes","0 in","152.4 mm (6 in)","Baffle","Integral","Glass Lined Parts","7,550 L (2,000 gallons)"
"239121","Glasslined Baffle Glass Lined Parts - IPP# 239121","https://ims.internationalprocessplants.com/inventory/equipment/detail/239121","15","Re-glassed","101.6 mm (4 in)","Beavertail","Very Clean (VC)","Full Fire Polish (FF)","","2,900 mm (115 in)","","Glasslined","Beavertail","","Yes","0 in","177.8 mm (7 in)","Baffle","Integral","Glass Lined Parts","7,550 L (2,000 gallons)"
"239446","Glasslined Baffle Glass Lined Parts - IPP# 239446","https://ims.internationalprocessplants.com/inventory/equipment/detail/239446","16","Re-glassed","76.2 mm (3 in)","Beavertail","Very Clean (VC)","Full Fire Polish (FF)","","2,500 mm (98.5 in)","DeDietrich","Glasslined","SA","","Yes","5/8"-18UNF","152.4 mm (6 in)","Baffle","Removable","Glass Lined Parts","3,800 L (1,000 gallons)"
"239448","Glasslined  Baffle Glass Lined Parts - IPP# 239448","https://ims.internationalprocessplants.com/inventory/equipment/detail/239448","13","Re-glassed","76.2 mm (3 in)","H-Baffle","Very Clean (VC)","Full Fire Polish (FF)","","1,950 mm (76.5 in)","","Glasslined","","","Yes","","266.7 mm (10.5 in)","Baffle","Integral","Glass Lined Parts","1,900 L (500 gallons)"
"240001","Glasslined Pfaudler Baffle Glass Lined Parts - IPP# 240001","https://ims.internationalprocessplants.com/inventory/equipment/detail/240001","16","Re-glassed","168.1 mm (6.6 in)","D-Baffle","Very Clean (VC)","Full Fire Polish (FF)","","3,950 mm (156.3 in)","Pfaudler","Glasslined","D Baffle","","Yes","0 in","431.8 mm (17 in)","Baffle","Integral","Glass Lined Parts","22,700 L (6,000 gallons)"
"240002","Baffle Glass Lined Parts 22,700 L (6,000 gallons) Glasslined For Sale - IPP# 240002","https://ims.internationalprocessplants.com/inventory/equipment/detail/240002","11","Used","168.1 mm (6.6 in)","D-Baffle","","","","3,950 mm (156.3 in)","Pfaudler","Glasslined","","","","in","","Baffle","Integral","Glass Lined Parts","22,700 L (6,000 gallons)"
"240008","Baffle Glass Lined Parts 22,700 L (6,000 gallons) Glasslined For Sale - IPP# 240008","https://ims.internationalprocessplants.com/inventory/equipment/detail/240008","12","Re-glassed","168.1 mm (6.6 in)","D-Baffle","","","","3,950 mm (156.3 in)","Pfaudler","Glasslined","","","Yes","0 in","","Baffle","Removable","Glass Lined Parts","22,700 L (6,000 gallons)"
"240009","Glasslined Pfaudler Baffle Glass Lined Parts - IPP# 240009","https://ims.internationalprocessplants.com/inventory/equipment/detail/240009","16","Re-glassed","168.1 mm (6.6 in)","D-Baffle","Very Clean (VC)","Full Fire Polish (FF)","","4,100 mm (161 in)","Pfaudler","Glasslined","D Baffle","","Yes","0 in","431.8 mm (17 in)","Baffle","Integral","Glass Lined Parts","22,700 L (6,000 gallons)"
"240012","Baffle Glass Lined Parts 22,700 L (6,000 gallons) Glasslined For Sale - IPP# 240012","https://ims.internationalprocessplants.com/inventory/equipment/detail/240012","11","Used","168.1 mm (6.6 in)","D-Baffle","","","","3,950 mm (156.3 in)","Pfaudler","Glasslined","","","","0 in","","Baffle","Integral","Glass Lined Parts","22,700 L (6,000 gallons)"
"240013","Baffle Glass Lined Parts  Glasslined For Sale - IPP# 240013","https://ims.internationalprocessplants.com/inventory/equipment/detail/240013","7","Used","","Thin Baffle","","","","","","Glasslined","","","","0 in","","Baffle","Integral","Glass Lined Parts",""
"240015","Pfaudler Glasslined D-Baffle for 6,000-Gal Vessels &#x2013; 6.6&#x2033; Dia &#xD7; 155&#x2033; L - IPP# 240015","https://ims.internationalprocessplants.com/inventory/equipment/detail/240015","16","Re-glassed","168.3 mm (6.6 in)","D-Baffle","Very Clean (VC)","Full Fire Polish (FF)","","3,950 mm (155 in)","Pfaudler","Glasslined","D Baffle","","Yes","5/8-18UNF","431.8 mm (17 in)","Baffle","Removable","Glass Lined Parts","22,700 L (6,000 gallons)"
"240016","Glasslined Pfaudler Baffle Glass Lined Parts - IPP# 240016","https://ims.internationalprocessplants.com/inventory/equipment/detail/240016","16","Re-glassed","114.3 mm (4.5 in)","H-Baffle","Very Clean (VC)","Full Fire Polish (FF)","","2,950 mm (116 in)","Pfaudler","Glasslined","H Baffle","","Yes","0 in","406.4 mm (16 in)","Baffle","Integral","Glass Lined Parts","7,550 L (2,000 gallons)"
"240020","Glasslined Baffle Glass Lined Parts - IPP# 240020","https://ims.internationalprocessplants.com/inventory/equipment/detail/240020","10","Re-glassed","","Beavertail","","","","","","Glasslined","","flange mount","Yes","0 in","","Baffle","Integral","Glass Lined Parts","15,150 L (4,000 gallons)"
"240021","Glasslined  Baffle Glass Lined Parts - IPP# 240021","https://ims.internationalprocessplants.com/inventory/equipment/detail/240021","16","Re-glassed","168.3 mm (6.6 in)","D-Baffle","Very Clean (VC)","Full Fire Polish (FF)","","4,000 mm (157 in)","Pfaudler","Glasslined","D Baffle","","Yes","0 in","431.8 mm (17 in)","Baffle","Integral","Glass Lined Parts","22,700 L (6,000 gallons)"
"240022","Baffle Glass Lined Parts  Glasslined For Sale - IPP# 240022","https://ims.internationalprocessplants.com/inventory/equipment/detail/240022","8","Used","","D-Baffle","","","","","Pfaudler","Glasslined","","","","0 in","","Baffle","Removable","Glass Lined Parts",""
"240031","Glasslined Baffle Glass Lined Parts - IPP# 240031","https://ims.internationalprocessplants.com/inventory/equipment/detail/240031","15","Re-glassed","165.1 mm (6.5 in)","D-Baffle","Very Clean (VC)","Full Fire Polish (FF)","","3,950 mm (154.8 in)","","Glasslined","D Baffle","","Yes","5/8"-18 UNF","431.8 mm (17 in)","Baffle","Removable","Glass Lined Parts","22,700 L (6,000 gallons)"
"240032","Glasslined  Baffle Glass Lined Parts - IPP# 240032","https://ims.internationalprocessplants.com/inventory/equipment/detail/240032","15","Re-glassed","165.1 mm (6.5 in)","D-Baffle","Very Clean (VC)","Full Fire Polish (FF)","","3,950 mm (156 in)","","Glasslined","D Baffle","","Yes","0 in","431.8 mm (17 in)","Baffle","Integral","Glass Lined Parts","22,700 L (6,000 gallons)"
"240034","Glasslined Baffle Glass Lined Parts - IPP# 240034","https://ims.internationalprocessplants.com/inventory/equipment/detail/240034","14","Re-glassed","114.3 mm (4.5 in)","D-Baffle","Very Clean (VC)","Full Fire Polish (FF)","","2,800 mm (110 in)","","Glasslined","","","Yes","0 in","431.8 mm (17 in)","Baffle","Integral","Glass Lined Parts","7,550 L (2,000 gallons)"
"240045","Glasslined Baffle Glass Lined Parts - IPP# 240045","https://ims.internationalprocessplants.com/inventory/equipment/detail/240045","13","Re-glassed","76.2 mm (3 in)","H-Baffle","","","Yes","1,500 mm (59 in)","","Glasslined","","","Yes","0 in","323.9 mm (12.8 in)","Baffle","Integral","Glass Lined Parts","1,900 L (500 gallons)"
"240156","Glasslined  Baffle Glass Lined Parts - IPP# 240156","https://ims.internationalprocessplants.com/inventory/equipment/detail/240156","12","Needs Reglass","114.3 mm (4.5 in)","H-Baffle","","","","2,950 mm (117 in)","Pfaudler","Glasslined","","","","1.125 in","431.8 mm (17 in)","Baffle","Removable","Glass Lined Parts","7,550 L (2,000 gallons)"
"240159","Glasslined  Baffle Glass Lined Parts - IPP# 240159","https://ims.internationalprocessplants.com/inventory/equipment/detail/240159","11","Used","127 mm (5 in)","H-Baffle","","","","2,950 mm (117 in)","","Glasslined","","","","0 in","431.8 mm (17 in)","Baffle","Integral","Glass Lined Parts","11,350 L (3,000 gallons)"
"240183","Baffle Glass Lined Parts 7,550 L (2,000 gallons) Glasslined For Sale - IPP# 240183","https://ims.internationalprocessplants.com/inventory/equipment/detail/240183","10","Used","114.3 mm (4.5 in)","H-Baffle","","","","2,950 mm (116 in)","","Glasslined","","","","in","","Baffle","Integral","Glass Lined Parts","7,550 L (2,000 gallons)"
"240214","Baffle Glass Lined Parts - IPP# 240214","https://ims.internationalprocessplants.com/inventory/equipment/detail/240214","16","Re-glassed","101.6 mm (4 in)","Fin Baffle","Very Clean (VC)","Full Fire Polish (FF)","","3,050 mm (120 in)","Pfaudler","Glasslined","Fin Baffle","","Yes","5/8"-18UNF","228.6 mm (9 in)","Baffle","Removable","Glass Lined Parts","7,550 L (2,000 gallons)"
"240218","Baffle Glass Lined Parts - IPP# 240218","https://ims.internationalprocessplants.com/inventory/equipment/detail/240218","13","Needs Reglass","114.3 mm (4.5 in)","H-Baffle","Very Clean (VC)","Full Fire Polish (FF)","","2,950 mm (116 in)","","","","","Yes","5/8" 18UNF","431.8 mm (17 in)","Baffle","Removable","Glass Lined Parts","7,550 L (2,000 gallons)"
"240231","Glasslined Baffle Glass Lined Parts - IPP# 240231","https://ims.internationalprocessplants.com/inventory/equipment/detail/240231","13","Re-glassed","127 mm (5 in)","D-Baffle","","","","3,800 mm (149 in)","Pfaudler","Glasslined","","","Yes","0 in","419.1 mm (16.5 in)","Baffle","Integral","Glass Lined Parts","15,150 L (4,000 gallons)"
"240234","Glasslined Baffle Glass Lined Parts - IPP# 240234","https://ims.internationalprocessplants.com/inventory/equipment/detail/240234","12","Re-glassed","127 mm (5 in)","Beavertail","","","","2,750 mm (107.8 in)","","Glasslined","","","Yes","0.625 in","222.3 mm (8.8 in)","Baffle","Removable","Glass Lined Parts","11,350 L (3,000 gallons)"
"240262","Baffle Glass Lined Parts  Glasslined For Sale - IPP# 240262","https://ims.internationalprocessplants.com/inventory/equipment/detail/240262","5","Used","","","","","","","","Glasslined","","","","0 in","","Baffle","","Glass Lined Parts",""
"240263","Baffle Glass Lined Parts  Glasslined For Sale - IPP# 240263","https://ims.internationalprocessplants.com/inventory/equipment/detail/240263","5","Used","","","","","","","","Glasslined","","","","0 in","","Baffle","","Glass Lined Parts",""
"240269","Baffle Glass Lined Parts  Glasslined For Sale - IPP# 240269","https://ims.internationalprocessplants.com/inventory/equipment/detail/240269","6","Re-glassed","","","","","","","","Glasslined","","","Yes","0 in","","Baffle","","Glass Lined Parts",""
"240273","Baffle Glass Lined Parts 15,150 L (4,000 gallons) Glasslined For Sale - IPP# 240273","https://ims.internationalprocessplants.com/inventory/equipment/detail/240273","8","Used","","Beavertail","","","","","","Glasslined","","flange mount","","0 in","","Baffle","","Glass Lined Parts","15,150 L (4,000 gallons)"
"240282","Glasslined  Baffle Glass Lined Parts - IPP# 240282","https://ims.internationalprocessplants.com/inventory/equipment/detail/240282","9","Used","31.8 mm (1.25 in)","Thin Baffle","","","","864 mm (34 in)","","Glasslined","","","","0 in","","Baffle","","Glass Lined Parts","113.6 L (30 gallons)"
"240283","Baffle Glass Lined Parts 113.6 L (30 gallons) Glasslined For Sale - IPP# 240283","https://ims.internationalprocessplants.com/inventory/equipment/detail/240283","10","Used","25.4 mm (1 in)","Thin Baffle","","","","600 mm (23.6 in)","","Glasslined","","","","0.875 in","","Baffle","Removable","Glass Lined Parts","113.6 L (30 gallons)"
"240284","Baffle Glass Lined Parts 113.6 L (30 gallons) Glasslined For Sale - IPP# 240284","https://ims.internationalprocessplants.com/inventory/equipment/detail/240284","10","Used","25.4 mm (1 in)","Thin Baffle","","","","737 mm (29 in)","","Glasslined","","","","1.125 in","","Baffle","Removable","Glass Lined Parts","113.6 L (30 gallons)"
"240286","Glasslined  Baffle Glass Lined Parts - IPP# 240286","https://ims.internationalprocessplants.com/inventory/equipment/detail/240286","8","Used","870 mm (34.3 in)","Thin Baffle","","","","","","Glasslined","","","","0 in","","Baffle","Removable","Glass Lined Parts",""
"240294","Glasslined  Baffle Glass Lined Parts - IPP# 240294","https://ims.internationalprocessplants.com/inventory/equipment/detail/240294","10","Used","76.2 mm (3 in)","H-Baffle","","","","1,300 mm (52 in)","","Glasslined","","","","0.3125 in","","Baffle","Removable","Glass Lined Parts","757 L (200 gallons)"
"240295","Glasslined  Baffle Glass Lined Parts - IPP# 240295","https://ims.internationalprocessplants.com/inventory/equipment/detail/240295","12","Re-glassed","76.2 mm (3 in)","H-Baffle","","","","2,100 mm (82.5 in)","","Glasslined","","","Yes","in","266.7 mm (10.5 in)","Baffle","Integral","Glass Lined Parts","1,900 L (500 gallons)"
"240296","Glasslined  Baffle Glass Lined Parts - IPP# 240296","https://ims.internationalprocessplants.com/inventory/equipment/detail/240296","10","Used","76.2 mm (3 in)","H-Baffle","","","","1,350 mm (54 in)","","Glasslined","","","","0.3125 in","","Baffle","Removable","Glass Lined Parts","757 L (200 gallons)"
"240312","Glasslined Pfaudler Baffle Glass Lined Parts - IPP# 240312","https://ims.internationalprocessplants.com/inventory/equipment/detail/240312","15","Re-glassed","76.2 mm (3 in)","H-Baffle","Very Clean (VC)","Full Fire Polish (FF)","","1,850 mm (73.3 in)","Pfaudler","Glasslined","","","Yes","5/8"-18UNC","317.5 mm (12.5 in)","Baffle","Removable","Glass Lined Parts","2,850 L (750 gallons)"
"240323","Glasslined Baffle Glass Lined Parts - IPP# 240323","https://ims.internationalprocessplants.com/inventory/equipment/detail/240323","14","Re-glassed","76.2 mm (3 in)","H-Baffle","","","","2,400 mm (94 in)","Pfaudler","Glasslined","H Baffle","","Yes","0.625 in","323.9 mm (12.8 in)","Baffle","Removable","Glass Lined Parts","3,800 L (1,000 gallons)"
"240327","Glasslined Baffle Glass Lined Parts - IPP# 240327","https://ims.internationalprocessplants.com/inventory/equipment/detail/240327","14","Re-glassed","114.3 mm (4.5 in)","H-Baffle","Very Clean (VC)","Full Fire Polish (FF)","","2,450 mm (97 in)","","Glasslined","","","Yes","5/8"-18UNF","431.8 mm (17 in)","Baffle","Removable","Glass Lined Parts","5,700 L (1,500 gallons)"
"240328","Glasslined  Baffle Glass Lined Parts - IPP# 240328","https://ims.internationalprocessplants.com/inventory/equipment/detail/240328","15","Re-glassed","114.3 mm (4.5 in)","H-Baffle","Very Clean (VC)","Full Fire Polish (FF)","","2,500 mm (98 in)","","Glasslined","H Baffle","","Yes","0 in","431.8 mm (17 in)","Baffle","Integral","Glass Lined Parts","5,700 L (1,500 gallons)"
"240329","Glasslined Baffle Glass Lined Parts - IPP# 240329","https://ims.internationalprocessplants.com/inventory/equipment/detail/240329","13","Re-glassed","76.2 mm (3 in)","D-Baffle","","","","2,250 mm (89 in)","Pfaudler","Glasslined","","","Yes","in","381 mm (15 in)","Baffle","Integral","Glass Lined Parts","3,800 L (1,000 gallons)"
"240330","Baffle Glass Lined Parts 3,800 L (1,000 gallons) Glasslined For Sale - IPP# 240330","https://ims.internationalprocessplants.com/inventory/equipment/detail/240330","10","Re-glassed","76.2 mm (3 in)","D-Baffle","","","","2,350 mm (93.5 in)","","Glasslined","","","Yes","0 in","","Baffle","","Glass Lined Parts","3,800 L (1,000 gallons)"
"240333","Baffle Glass Lined Parts 1,150 L (300 gallons) Glasslined For Sale - IPP# 240333","https://ims.internationalprocessplants.com/inventory/equipment/detail/240333","9","Used","76.2 mm (3 in)","Finger Baffle","","","","1,550 mm (61 in)","","Glasslined","","","","0 in","","Baffle","","Glass Lined Parts","1,150 L (300 gallons)"
"240334","Baffle Glass Lined Parts 1,150 L (300 gallons) Glasslined For Sale - IPP# 240334","https://ims.internationalprocessplants.com/inventory/equipment/detail/240334","9","Used","76.2 mm (3 in)","Finger Baffle","","","","2,000 mm (79 in)","","Glasslined","","","","0 in","","Baffle","","Glass Lined Parts","1,150 L (300 gallons)"
"240335","Baffle Glass Lined Parts 1,150 L (300 gallons) Glasslined For Sale - IPP# 240335","https://ims.internationalprocessplants.com/inventory/equipment/detail/240335","9","Used","76.2 mm (3 in)","Finger Baffle","","","","2,000 mm (78 in)","","Glasslined","","","","0 in","","Baffle","","Glass Lined Parts","1,150 L (300 gallons)"
"240336","Glasslined  Baffle Glass Lined Parts - IPP# 240336","https://ims.internationalprocessplants.com/inventory/equipment/detail/240336","10","Re-glassed","76.2 mm (3 in)","Finger Baffle","","","","2,350 mm (93 in)","","Glasslined","","","","0 in","","Baffle","Integral","Glass Lined Parts","3,800 L (1,000 gallons)"
"240337","Glasslined  Baffle Glass Lined Parts - IPP# 240337","https://ims.internationalprocessplants.com/inventory/equipment/detail/240337","9","Used","76.2 mm (3 in)","Finger Baffle","","","","1,350 mm (53 in)","","Glasslined","","","","0 in","","Baffle","","Glass Lined Parts","568 L (150 gallons)"
"240338","Baffle Glass Lined Parts 1,150 L (300 gallons) Glasslined For Sale - IPP# 240338","https://ims.internationalprocessplants.com/inventory/equipment/detail/240338","9","Used","76.2 mm (3 in)","Finger Baffle","","","","1,600 mm (63 in)","","Glasslined","","","","0 in","","Baffle","","Glass Lined Parts","1,150 L (300 gallons)"
"240339","Glasslined  Baffle Glass Lined Parts - IPP# 240339","https://ims.internationalprocessplants.com/inventory/equipment/detail/240339","9","Used","76.2 mm (3 in)","D-Baffle","","","","1,650 mm (65.5 in)","","Glasslined","","","","0 in","","Baffle","","Glass Lined Parts","1,900 L (500 gallons)"
"240341","Glasslined  Baffle Glass Lined Parts - IPP# 240341","https://ims.internationalprocessplants.com/inventory/equipment/detail/240341","10","Used","76.2 mm (3 in)","H-Baffle","","","","1,450 mm (58 in)","","Glasslined","","","","1.125 in","","Baffle","Removable","Glass Lined Parts","3,800 L (1,000 gallons)"
"240342","Glasslined Baffle Glass Lined Parts - IPP# 240342","https://ims.internationalprocessplants.com/inventory/equipment/detail/240342","15","Re-glassed","76.2 mm (3 in)","H-Baffle","Very Clean (VC)","Full Fire Polish (FF)","","2,400 mm (94 in)","","Glasslined","H Baffle","","Yes","0.3125 in","304.8 mm (12 in)","Baffle","Removable","Glass Lined Parts","3,800 L (1,000 gallons)"
"240344","Baffle Glass Lined Parts 11,350 L (3,000 gallons) Glasslined For Sale - IPP# 240344","https://ims.internationalprocessplants.com/inventory/equipment/detail/240344","9","Used","101.6 mm (4 in)","Finger Baffle","","","","3,000 mm (119 in)","","Glasslined","","","","0 in","","Baffle","","Glass Lined Parts","11,350 L (3,000 gallons)"
"240346","Glasslined  Baffle Glass Lined Parts - IPP# 240346","https://ims.internationalprocessplants.com/inventory/equipment/detail/240346","14","Re-glassed","101.6 mm (4 in)","Beavertail","Very Clean (VC)","Full Fire Polish (FF)","","2,000 mm (79 in)","","Glasslined","Beavertail","","Yes","","196.9 mm (7.8 in)","Baffle","Removable","Glass Lined Parts","5,700 L (1,500 gallons)"
"240347","Glasslined Pfaudler EM Series Baffle Glass Lined Parts - IPP# 240347","https://ims.internationalprocessplants.com/inventory/equipment/detail/240347","15","Re-glassed","76.2 mm (3 in)","D-Baffle","Very Clean (VC)","Full Fire Polish (FF)","","1,400 mm (54.3 in)","Pfaudler","Glasslined","EM Series","","Yes","","317.5 mm (12.5 in)","Baffle","Integral","Glass Lined Parts","757 L (200 gallons)"
"240352","Baffle Glass Lined Parts 7,550 L (2,000 gallons) Glasslined For Sale - IPP# 240352","https://ims.internationalprocessplants.com/inventory/equipment/detail/240352","10","Used","101.6 mm (4 in)","Finger Baffle","","","","2,750 mm (108 in)","","Glasslined","","","","0 in","","Baffle","Integral","Glass Lined Parts","7,550 L (2,000 gallons)"
"240353","Glasslined  Baffle Glass Lined Parts - IPP# 240353","https://ims.internationalprocessplants.com/inventory/equipment/detail/240353","10","Used","76.2 mm (3 in)","H-Baffle","","","","1,700 mm (67 in)","","Glasslined","","","","0 in","","Baffle","Integral","Glass Lined Parts","1,150 L (300 gallons)"
"240354","Glasslined  Baffle Glass Lined Parts - IPP# 240354","https://ims.internationalprocessplants.com/inventory/equipment/detail/240354","10","Used","76.2 mm (3 in)","H-Baffle","","","","1,700 mm (67.3 in)","","Glasslined","","","","1.125 in","","Baffle","Integral","Glass Lined Parts","1,150 L (300 gallons)"
"240366","Baffle Glass Lined Parts 1,900 L (500 gallons) Glasslined For Sale - IPP# 240366","https://ims.internationalprocessplants.com/inventory/equipment/detail/240366","11","Re-glassed","76.2 mm (3 in)","H-Baffle","","","","1,950 mm (76.5 in)","","Glasslined","","","Yes","0 in","","Baffle","Integral","Glass Lined Parts","1,900 L (500 gallons)"
"240386","Glasslined  Baffle Glass Lined Parts - IPP# 240386","https://ims.internationalprocessplants.com/inventory/equipment/detail/240386","10","Used","101.6 mm (4 in)","Beavertail","","","","3,000 mm (119 in)","","Glasslined","","","","0 in","","Baffle","Integral","Glass Lined Parts","11,350 L (3,000 gallons)"
"240390","Baffle Glass Lined Parts 757 L (200 gallons) Glasslined For Sale - IPP# 240390","https://ims.internationalprocessplants.com/inventory/equipment/detail/240390","9","Used","69.9 mm (2.8 in)","Finger Baffle","","","","1,250 mm (49.6 in)","","Glasslined","","","","0 in","","Baffle","","Glass Lined Parts","757 L (200 gallons)"
"240404","Glasslined  Baffle Glass Lined Parts - IPP# 240404","https://ims.internationalprocessplants.com/inventory/equipment/detail/240404","11","Re-glassed","76.2 mm (3 in)","H-Baffle","","","","1,950 mm (77 in)","","Glasslined","","","Yes","0 in","","Baffle","Integral","Glass Lined Parts","2,850 L (750 gallons)"
"240405","Baffle Glass Lined Parts 37.9 L (10 gallons) Glasslined For Sale - IPP# 240405","https://ims.internationalprocessplants.com/inventory/equipment/detail/240405","11","Used","26.9 mm (1.06 in)","Thin Baffle","","","","578 mm (22.8 in)","","Glasslined","","","Yes","0.3125 in","","Baffle","Removable","Glass Lined Parts","37.9 L (10 gallons)"
"240407","Glasslined  Baffle Glass Lined Parts - IPP# 240407","https://ims.internationalprocessplants.com/inventory/equipment/detail/240407","10","Used","76.2 mm (3 in)","H-Baffle","","","","1,350 mm (52.3 in)","","Glasslined","","","","1.125 in","","Baffle","Removable","Glass Lined Parts","757 L (200 gallons)"
"240408","Glasslined Baffle Glass Lined Parts - IPP# 240408","https://ims.internationalprocessplants.com/inventory/equipment/detail/240408","13","Re-glassed","168.3 mm (6.6 in)","D-Baffle","Very Clean (VC)","Full Fire Polish (FF)","","4,000 mm (157 in)","","Glasslined","D Baffle","","Yes","","","Baffle","Integral","Glass Lined Parts","22,700 L (6,000 gallons)"
"240409","Glasslined  Baffle Glass Lined Parts - IPP# 240409","https://ims.internationalprocessplants.com/inventory/equipment/detail/240409","10","Used","76.2 mm (3 in)","H-Baffle","","","","1,950 mm (76.5 in)","","Glasslined","","","","1.125 in","","Baffle","Removable","Glass Lined Parts","1,900 L (500 gallons)"
"240413","Glasslined Baffle Glass Lined Parts - IPP# 240413","https://ims.internationalprocessplants.com/inventory/equipment/detail/240413","12","Re-glassed","76.2 mm (3 in)","H-Baffle","","","","2,100 mm (82.5 in)","","Glasslined","","","Yes","in","266.7 mm (10.5 in)","Baffle","Integral","Glass Lined Parts","1,900 L (500 gallons)"
"240415","Glasslined Baffle Glass Lined Parts - IPP# 240415","https://ims.internationalprocessplants.com/inventory/equipment/detail/240415","9","Used","76.2 mm (3 in)","Beavertail","","","","2,450 mm (96 in)","","Glasslined","","","","0 in","","Baffle","","Glass Lined Parts","5,700 L (1,500 gallons)"
"240416","Glasslined Baffle Glass Lined Parts - IPP# 240416","https://ims.internationalprocessplants.com/inventory/equipment/detail/240416","10","Used","101.6 mm (4 in)","Finger Baffle","","","","2,400 mm (94.5 in)","","Glasslined","","","","0 in","","Baffle","Integral","Glass Lined Parts","7,550 L (2,000 gallons)"
"240418","Glasslined  Baffle Glass Lined Parts - IPP# 240418","https://ims.internationalprocessplants.com/inventory/equipment/detail/240418","10","Used","76.2 mm (3 in)","Finger Baffle","","","","1,250 mm (49.5 in)","","Glasslined","","","","1.125 in","","Baffle","Removable","Glass Lined Parts","757 L (200 gallons)"
"240425","Baffle Glass Lined Parts 7,550 L (2,000 gallons) Glasslined For Sale - IPP# 240425","https://ims.internationalprocessplants.com/inventory/equipment/detail/240425","10","Used","","Beavertail","","","","3,050 mm (120 in)","","Glasslined","","flange mount design","","0 in","","Baffle","Integral","Glass Lined Parts","7,550 L (2,000 gallons)"
"240522","Baffle Glass Lined Parts  Glasslined For Sale - IPP# 240522","https://ims.internationalprocessplants.com/inventory/equipment/detail/240522","7","Re-glassed","171.5 mm (6.8 in)","","","","","","","Glasslined","","","Yes","0 in","","Baffle","","Glass Lined Parts",""
"240523","Baffle Glass Lined Parts  Glasslined For Sale - IPP# 240523","https://ims.internationalprocessplants.com/inventory/equipment/detail/240523","7","Re-glassed","171.5 mm (6.8 in)","","","","","","","Glasslined","","","Yes","0 in","","Baffle","","Glass Lined Parts",""
"240534","Baffle Glass Lined Parts 11,350 L (3,000 gallons) Glasslined For Sale - IPP# 240534","https://ims.internationalprocessplants.com/inventory/equipment/detail/240534","13","Re-glassed","139.7 mm (5.5 in)","Beavertail","","","","2,800 mm (110 in)","","Glasslined","","8" flange mount","Yes","0 in","181 mm (7.1 in)","Baffle","Integral","Glass Lined Parts","11,350 L (3,000 gallons)"
"240570","Glasslined  Baffle Glass Lined Parts - IPP# 240570","https://ims.internationalprocessplants.com/inventory/equipment/detail/240570","15","Re-glassed","76.2 mm (3 in)","D-Baffle","Very Clean (VC)","Full Fire Polish (FF)","","2,250 mm (89 in)","","Glasslined","D Baffle","","Yes","5/8-18UNF","317.5 mm (12.5 in)","Baffle","Removable","Glass Lined Parts","3,800 L (1,000 gallons)"
"240571","Glasslined  Baffle Glass Lined Parts - IPP# 240571","https://ims.internationalprocessplants.com/inventory/equipment/detail/240571","15","Re-glassed","127 mm (5 in)","Beavertail","Very Clean (VC)","Full Fire Polish (FF)","","3,600 mm (142 in)","","Glasslined","Beaver Tail","","Yes","0 in","203.2 mm (8 in)","Baffle","None","Glass Lined Parts","15,150 L (4,000 gallons)"
"240573","Baffle Glass Lined Parts 1,900 L (500 gallons) Glasslined For Sale - IPP# 240573","https://ims.internationalprocessplants.com/inventory/equipment/detail/240573","8","Used","","Finger Baffle","","","","","","Glasslined","","","","0 in","","Baffle","Integral","Glass Lined Parts","1,900 L (500 gallons)"
"240641","Glasslined  Baffle Glass Lined Parts - IPP# 240641","https://ims.internationalprocessplants.com/inventory/equipment/detail/240641","10","Used","76.2 mm (3 in)","H-Baffle","","","","1,400 mm (54.3 in)","","Glasslined","","","","0.625 in","","Baffle","Removable","Glass Lined Parts","757 L (200 gallons)"
"240644","Baffle Glass Lined Parts 378.5 L (100 gallons) Glasslined For Sale - IPP# 240644","https://ims.internationalprocessplants.com/inventory/equipment/detail/240644","10","Used","31.8 mm (1.25 in)","H-Baffle","","","","1,150 mm (45.8 in)","","Glasslined","","","","0.625 in","","Baffle","Removable","Glass Lined Parts","378.5 L (100 gallons)"
"240646","Glasslined  Baffle Glass Lined Parts - IPP# 240646","https://ims.internationalprocessplants.com/inventory/equipment/detail/240646","10","Re-glassed","76.2 mm (3 in)","Fin Baffle","","","","1,950 mm (76.5 in)","","Glasslined","","","","0.625 in","","Baffle","Removable","Glass Lined Parts","1,900 L (500 gallons)"
"240652","Baffle Glass Lined Parts 11,350 L (3,000 gallons) Glasslined For Sale - IPP# 240652","https://ims.internationalprocessplants.com/inventory/equipment/detail/240652","9","Used","101.6 mm (4 in)","Beavertail","","","","2,950 mm (115.3 in)","","Glasslined","","","","0 in","","Baffle","","Glass Lined Parts","11,350 L (3,000 gallons)"
"240653","Glasslined Pfaudler Baffle Glass Lined Parts - IPP# 240653","https://ims.internationalprocessplants.com/inventory/equipment/detail/240653","11","Used","76.2 mm (3 in)","H-Baffle","","","","1,400 mm (54.3 in)","Pfaudler","Glasslined","","","","in","","Baffle","Integral","Glass Lined Parts","757 L (200 gallons)"
"240670","Glasslined  Baffle Glass Lined Parts - IPP# 240670","https://ims.internationalprocessplants.com/inventory/equipment/detail/240670","10","Used","76.2 mm (3 in)","Thin Baffle","","","","1,850 mm (72.8 in)","","Glasslined","","","","0.625 in","","Baffle","Removable","Glass Lined Parts","1,900 L (500 gallons)"
"240672","Glasslined  Baffle Glass Lined Parts - IPP# 240672","https://ims.internationalprocessplants.com/inventory/equipment/detail/240672","10","Used","76.2 mm (3 in)","H-Baffle","","","","2,400 mm (94 in)","","Glasslined","","","","0.625 in","","Baffle","Removable","Glass Lined Parts","3,800 L (1,000 gallons)"
"240673","Glasslined Baffle Glass Lined Parts - IPP# 240673","https://ims.internationalprocessplants.com/inventory/equipment/detail/240673","15","Re-glassed","76.2 mm (3 in)","H-Baffle","Very Clean (VC)","Full Fire Polish (FF)","","1,950 mm (76.5 in)","","Glasslined","H Baffle","","Yes","0 in","279.4 mm (11 in)","Baffle","Integral","Glass Lined Parts","1,900 L (500 gallons)"
"240674","Glasslined  Baffle Glass Lined Parts - IPP# 240674","https://ims.internationalprocessplants.com/inventory/equipment/detail/240674","12","Re-glassed","76.2 mm (3 in)","Beavertail","","","","2,050 mm (80.5 in)","","Glasslined","","","Yes","0 in","117.5 mm (4.6 in)","Baffle","Integral","Glass Lined Parts","1,900 L (500 gallons)"
"240676","Glasslined  Baffle Glass Lined Parts - IPP# 240676","https://ims.internationalprocessplants.com/inventory/equipment/detail/240676","10","Used","114.3 mm (4.5 in)","D-Baffle","","","","2,950 mm (116 in)","","Glasslined","","","","0 in","","Baffle","Integral","Glass Lined Parts","7,550 L (2,000 gallons)"
"240730","Glasslined Baffle Glass Lined Parts - IPP# 240730","https://ims.internationalprocessplants.com/inventory/equipment/detail/240730","11","Re-glassed","114.3 mm (4.5 in)","Beavertail","","","","2,750 mm (109 in)","","Glasslined","","","Yes","1.125 in","","Baffle","Removable","Glass Lined Parts","7,550 L (2,000 gallons)"
"240731","Glasslined Baffle Glass Lined Parts - IPP# 240731","https://ims.internationalprocessplants.com/inventory/equipment/detail/240731","11","Re-glassed","114.3 mm (4.5 in)","Beavertail","","","","2,950 mm (117 in)","","Glasslined","","","Yes","0 in","","Baffle","Integral","Glass Lined Parts","11,350 L (3,000 gallons)"
"240755","Glasslined Baffle Glass Lined Parts - IPP# 240755","https://ims.internationalprocessplants.com/inventory/equipment/detail/240755","14","Re-glassed","76.2 mm (3 in)","H-Baffle","Very Clean (VC)","Full Fire Polish (FF)","","1,400 mm (54.3 in)","","Glasslined","EM series","","Yes","","63.5 mm (2.5 in)","Baffle","Integral","Glass Lined Parts","757 L (200 gallons)"
"240763","Glasslined Pfaudler Baffle Glass Lined Parts - IPP# 240763","https://ims.internationalprocessplants.com/inventory/equipment/detail/240763","11","Used","101.6 mm (4 in)","Beavertail","","","","2,850 mm (113 in)","Pfaudler","Glasslined","","","","0.875 in","","Baffle","Removable","Glass Lined Parts","7,550 L (2,000 gallons)"
"240764","Baffle Glass Lined Parts 11,350 L (3,000 gallons) Glasslined For Sale - IPP# 240764","https://ims.internationalprocessplants.com/inventory/equipment/detail/240764","11","Used","101.6 mm (4 in)","Beavertail","","","","3,000 mm (119 in)","Pfaudler","Glasslined","","","","0 in","","Baffle","Integral","Glass Lined Parts","11,350 L (3,000 gallons)"
"240765","Glasslined Baffle Glass Lined Parts - IPP# 240765","https://ims.internationalprocessplants.com/inventory/equipment/detail/240765","13","Re-glassed","152.4 mm (6 in)","Beavertail","","","","2,800 mm (109.9 in)","","Glasslined","","flange mount","Yes","0 in","177.8 mm (7 in)","Baffle","Integral","Glass Lined Parts","7,550 L (2,000 gallons)"
"240793","Glasslined Pfaudler Baffle Glass Lined Parts - IPP# 240793","https://ims.internationalprocessplants.com/inventory/equipment/detail/240793","13","Re-glassed","76.2 mm (3 in)","H-Baffle","","","","2,400 mm (94.5 in)","Pfaudler","Glasslined","","","Yes","0.625 in","330.2 mm (13 in)","Baffle","Removable","Glass Lined Parts","3,800 L (1,000 gallons)"
"240803","Glasslined  Baffle Glass Lined Parts - IPP# 240803","https://ims.internationalprocessplants.com/inventory/equipment/detail/240803","11","Used","76.2 mm (3 in)","H-Baffle","","","","2,400 mm (94 in)","","Glasslined","","","","0 in","304.8 mm (12 in)","Baffle","Integral","Glass Lined Parts","3,800 L (1,000 gallons)"
"240804","Glasslined Baffle Glass Lined Parts - IPP# 240804","https://ims.internationalprocessplants.com/inventory/equipment/detail/240804","11","Used","76.2 mm (3 in)","H-Baffle","","","","2,400 mm (94 in)","","Glasslined","","","","0 in","317.5 mm (12.5 in)","Baffle","Integral","Glass Lined Parts","3,800 L (1,000 gallons)"
"240811","Glasslined Pfaudler Baffle Glass Lined Parts - IPP# 240811","https://ims.internationalprocessplants.com/inventory/equipment/detail/240811","11","Used","76.2 mm (3 in)","Thin Baffle","","","","1,500 mm (60 in)","Pfaudler","Glasslined","","","","0 in","","Baffle","Removable","Glass Lined Parts","1,150 L (300 gallons)"
"240814","Glasslined  Baffle Glass Lined Parts - IPP# 240814","https://ims.internationalprocessplants.com/inventory/equipment/detail/240814","12","Re-glassed","76.2 mm (3 in)","H-Baffle","","","","1,150 mm (45.5 in)","","Glasslined","","","Yes","0.625 in","228.6 mm (9 in)","Baffle","Removable","Glass Lined Parts","568 L (150 gallons)"
"240823","Glasslined Baffle Glass Lined Parts - IPP# 240823","https://ims.internationalprocessplants.com/inventory/equipment/detail/240823","15","Re-glassed","76.2 mm (3 in)","Fin Baffle","Very Clean (VC)","Full Fire Polish (FF)","","1,700 mm (66 in)","","Glasslined","Fin","","Yes","5/8"-18UNF","127 mm (5 in)","Baffle","Removable","Glass Lined Parts","1,900 L (500 gallons)"
"240830","Glasslined Baffle Glass Lined Parts - IPP# 240830","https://ims.internationalprocessplants.com/inventory/equipment/detail/240830","17","Re-glassed","101.6 mm (4 in)","Fin Baffle","Very Clean (VC)","Full Fire Polish (FF)","","2,900 mm (113.5 in)","Pfaudler","Glasslined","Fin Baffle","Flange mount","Yes","0 in","228.6 mm (9 in)","Baffle","Integral","Glass Lined Parts","7,550 L (2,000 gallons)"
"240831","Glasslined  Baffle Glass Lined Parts - IPP# 240831","https://ims.internationalprocessplants.com/inventory/equipment/detail/240831","11","Re-glassed","76.2 mm (3 in)","Thin Baffle","","","","2,350 mm (92.8 in)","","Glasslined","","","","0 in","177.8 mm (7 in)","Baffle","None","Glass Lined Parts","3,800 L (1,000 gallons)"
"240832","Glasslined  Baffle Glass Lined Parts - IPP# 240832","https://ims.internationalprocessplants.com/inventory/equipment/detail/240832","11","Used","76.2 mm (3 in)","Thin Baffle","","","","1,950 mm (76.5 in)","","Glasslined","","","","0.625 in","127 mm (5 in)","Baffle","Removable","Glass Lined Parts","1,900 L (500 gallons)"
"240833","Baffle Glass Lined Parts 3,800 L (1,000 gallons) Glasslined For Sale - IPP# 240833","https://ims.internationalprocessplants.com/inventory/equipment/detail/240833","9","Used","76.2 mm (3 in)","Finger Baffle","","","","2,250 mm (89 in)","","Glasslined","","","","0 in","","Baffle","","Glass Lined Parts","3,800 L (1,000 gallons)"
"240837","Glasslined  Baffle Glass Lined Parts - IPP# 240837","https://ims.internationalprocessplants.com/inventory/equipment/detail/240837","10","Used","76.2 mm (3 in)","Thin Baffle","","","","2,350 mm (92.5 in)","","Glasslined","","","","0.625 in","","Baffle","Removable","Glass Lined Parts","3,800 L (1,000 gallons)"
"240838","Glasslined  Baffle Glass Lined Parts - IPP# 240838","https://ims.internationalprocessplants.com/inventory/equipment/detail/240838","10","Used","76.2 mm (3 in)","Thin Baffle","","","","2,350 mm (92.5 in)","","Glasslined","","","","0.625 in","","Baffle","Removable","Glass Lined Parts","3,800 L (1,000 gallons)"
"240854","Glasslined Pfaudler Baffle Glass Lined Parts - IPP# 240854","https://ims.internationalprocessplants.com/inventory/equipment/detail/240854","13","Re-glassed","76.2 mm (3 in)","Thin Baffle","","","","1,400 mm (55.5 in)","Pfaudler","Glasslined","","","Yes","0.625 in","127 mm (5 in)","Baffle","Removable","Glass Lined Parts","1,900 L (500 gallons)"
"240881","Baffle Glass Lined Parts 7,550 L (2,000 gallons) Glasslined For Sale - IPP# 240881","https://ims.internationalprocessplants.com/inventory/equipment/detail/240881","10","Used","114.3 mm (4.5 in)","H-Baffle","","","","2,950 mm (116.5 in)","","Glasslined","","","","0 in","","Baffle","Integral","Glass Lined Parts","7,550 L (2,000 gallons)"
"240882","Glasslined Pfaudler Fin Baffle Baffle Glass Lined Parts - IPP# 240882","https://ims.internationalprocessplants.com/inventory/equipment/detail/240882","15","Re-glassed","76.2 mm (3 in)","Fin Baffle","Very Clean (VC)","Full Fire Polish (FF)","","2,350 mm (93.5 in)","Pfaudler","Glasslined","Fin Baffle","","Yes","","177.8 mm (7 in)","Baffle","Integral","Glass Lined Parts","3,800 L (1,000 gallons)"
"240884","Glasslined Baffle Glass Lined Parts - IPP# 240884","https://ims.internationalprocessplants.com/inventory/equipment/detail/240884","11","Used","76.2 mm (3 in)","H-Baffle","","","","1,350 mm (52.5 in)","","Glasslined","","","","in","330.2 mm (13 in)","Baffle","Integral","Glass Lined Parts","757 L (200 gallons)"
"240890","Baffle Glass Lined Parts 113.6 L (30 gallons) Glasslined For Sale - IPP# 240890","https://ims.internationalprocessplants.com/inventory/equipment/detail/240890","10","Used","82.6 mm (3.3 in)","Thin Baffle","","","","832 mm (32.8 in)","","Glasslined","","","","0.3125 in","","Baffle","Removable","Glass Lined Parts","113.6 L (30 gallons)"
"240891","Glasslined Baffle Glass Lined Parts - IPP# 240891","https://ims.internationalprocessplants.com/inventory/equipment/detail/240891","14","Re-glassed","33.3 mm (1.31 in)","Thin Baffle","","","","886 mm (34.9 in)","DeDietrich","Glasslined","CTJ","","Yes","0.625 in","76.2 mm (3 in)","Baffle","Removable","Glass Lined Parts","189.3 L (50 gallons)"
"240894","Baffle Glass Lined Parts 113.6 L (30 gallons) Glasslined For Sale - IPP# 240894","https://ims.internationalprocessplants.com/inventory/equipment/detail/240894","7","Used","","Thin Baffle","","","","","","Glasslined","","","","in","","Baffle","","Glass Lined Parts","113.6 L (30 gallons)"
"240896","Baffle Glass Lined Parts 7,550 L (2,000 gallons) Glasslined For Sale - IPP# 240896","https://ims.internationalprocessplants.com/inventory/equipment/detail/240896","12","Re-glassed","114.3 mm (4.5 in)","H-Baffle","","","","2,950 mm (116 in)","","Glasslined","","","Yes","in","419.1 mm (16.5 in)","Baffle","Integral","Glass Lined Parts","7,550 L (2,000 gallons)"
"240897","Glasslined Baffle Glass Lined Parts - IPP# 240897","https://ims.internationalprocessplants.com/inventory/equipment/detail/240897","13","Re-glassed","76.2 mm (3 in)","H-Baffle","","","","1,450 mm (58 in)","Pfaudler","Glasslined","","","Yes","in","254 mm (10 in)","Baffle","Integral","Glass Lined Parts","1,150 L (300 gallons)"
"245961","Glasslined Baffle Glass Lined Parts - IPP# 245961","https://ims.internationalprocessplants.com/inventory/equipment/detail/245961","11","Re-glassed","","H-Baffle","","","","2,950 mm (116 in)","","Glasslined","","","Yes","0.625 in","431.8 mm (17 in)","Baffle","Removable","Glass Lined Parts","7,550 L (2,000 gallons)"
"246267","Glasslined Pfaudler SA-4000 Baffle Glass Lined Parts - IPP# 246267","https://ims.internationalprocessplants.com/inventory/equipment/detail/246267","15","Re-glassed","127 mm (5 in)","Beavertail","Very Clean (VC)","Full Fire Polish (FF)","","3,600 mm (142 in)","Pfaudler","Glasslined","SA-4000","","Yes","","203.2 mm (8 in)","Baffle","Integral","Glass Lined Parts","15,150 L (4,000 gallons)"
"246269","Glasslined Pfaudler Baffle Glass Lined Parts - IPP# 246269","https://ims.internationalprocessplants.com/inventory/equipment/detail/246269","15","Re-glassed","127 mm (5 in)","Fin Baffle","Very Clean (VC)","Full Fire Polish (FF)","","3,600 mm (142 in)","Pfaudler","Glasslined","","5/18-18" threads","Yes","","279.4 mm (11 in)","Baffle","Removable","Glass Lined Parts","15,150 L (4,000 gallons)"
"246283","Glasslined DeDietrich SA-3000 Baffle Glass Lined Parts - IPP# 246283","https://ims.internationalprocessplants.com/inventory/equipment/detail/246283","17","Re-glassed","139.7 mm (5.5 in)","Beavertail","Very Clean (VC)","Full Fire Polish (FF)","Yes","2,800 mm (110 in)","DeDietrich","Glasslined","SA-3000","Flange Mount","Yes","","177.8 mm (7 in)","Baffle","Integral","Glass Lined Parts","11,350 L (3,000 gallons)"
"246285","Glasslined DeDietrich Baffle Glass Lined Parts - IPP# 246285","https://ims.internationalprocessplants.com/inventory/equipment/detail/246285","16","Re-glassed","139.7 mm (5.5 in)","Beavertail","Very Clean (VC)","Full Fire Polish (FF)","Yes","2,800 mm (110 in)","DeDietrich","Glasslined","","Flange Mount 8"","Yes","","177.8 mm (7 in)","Baffle","Integral","Glass Lined Parts","11,350 L (3,000 gallons)"
"246470","Unused Glasslined H Baffle Baffle Glass Lined Parts - IPP# 246470","https://ims.internationalprocessplants.com/inventory/equipment/detail/246470","13","Unused","76.2 mm (3 in)","H-Baffle","Very Clean (VC)","Full Fire Polish (FF)","","1,950 mm (76.5 in)","","Glasslined","H Baffle","","","","266.7 mm (10.5 in)","Baffle","Integral","Glass Lined Parts","1,900 L (500 gallons)"
"246472","Unused Glasslined H Baffle Baffle Glass Lined Parts - IPP# 246472","https://ims.internationalprocessplants.com/inventory/equipment/detail/246472","13","Unused","76.2 mm (3 in)","H-Baffle","Very Clean (VC)","Full Fire Polish (FF)","","2,400 mm (94 in)","","Glasslined","H Baffle","","","","304.8 mm (12 in)","Baffle","Integral","Glass Lined Parts","3,800 L (1,000 gallons)"
"246473","Glasslined  Baffle Glass Lined Parts - IPP# 246473","https://ims.internationalprocessplants.com/inventory/equipment/detail/246473","13","Good Used Glass","76.2 mm (3 in)","Fin Baffle","Very Clean (VC)","Full Fire Polish (FF)","","1,950 mm (76.5 in)","","Glasslined","","","","5/8-18","127 mm (5 in)","Baffle","Removable","Glass Lined Parts","1,900 L (500 gallons)"
"246608","Baffle Glass Lined Parts 378.5 L (100 gallons) Glasslined For Sale - IPP# 246608","https://ims.internationalprocessplants.com/inventory/equipment/detail/246608","13","Needs Reglass","76.2 mm (3 in)","Finger Baffle","","","","1,300 mm (51 in)","Pfaudler","Glasslined","Finger","","","in","254 mm (10 in)","Baffle","Integral","Glass Lined Parts","378.5 L (100 gallons)"
"246662","Baffle Glass Lined Parts 37.9 L (10 gallons)  For Sale - IPP# 246662","https://ims.internationalprocessplants.com/inventory/equipment/detail/246662","10","Needs Reglass","33.4 mm (1.32 in)","Fin Baffle","","","","527 mm (20.8 in)","Pfaudler","","","","","","88.9 mm (3.5 in)","Baffle","Integral","Glass Lined Parts","37.9 L (10 gallons)"
"246663","Baffle Glass Lined Parts 75.7 L (20 gallons) Glasslined For Sale - IPP# 246663","https://ims.internationalprocessplants.com/inventory/equipment/detail/246663","11","Needs Reglass","33.4 mm (1.32 in)","Fin Baffle","","","","660 mm (26 in)","","Glasslined","","","","1/2-20","76.2 mm (3 in)","Baffle","Removable","Glass Lined Parts","75.7 L (20 gallons)"
"246676","Baffle Glass Lined Parts - IPP# 246676","https://ims.internationalprocessplants.com/inventory/equipment/detail/246676","11","Re-glassed","38.1 mm (1.5 in)","","Very Clean (VC)","Full Fire Polish (FF)","","851 mm (33.5 in)","","","","","Yes","5/16-24","88.9 mm (3.5 in)","Baffle","","Glass Lined Parts","189.3 L (50 gallons)"
"246679","Baffle Glass Lined Parts - IPP# 246679","https://ims.internationalprocessplants.com/inventory/equipment/detail/246679","14","Re-glassed","76.2 mm (3 in)","H-Baffle","Very Clean (VC)","Full Fire Polish (FF)","","2,400 mm (94 in)","","Glasslined","H Baffle","","Yes","","323.9 mm (12.8 in)","Baffle","Integral","Glass Lined Parts","3,800 L (1,000 gallons)"
"246681","Baffle Glass Lined Parts - IPP# 246681","https://ims.internationalprocessplants.com/inventory/equipment/detail/246681","15","Re-glassed","76.2 mm (3 in)","H-Baffle","Very Clean (VC)","Full Fire Polish (FF)","","2,400 mm (94 in)","","Glasslined","H Baffle","","Yes","5/8"-18 UNF","323.9 mm (12.8 in)","Baffle","Removable","Glass Lined Parts","3,800 L (1,000 gallons)"
"246697","Glasslined Pfaudler Baffle Glass Lined Parts - IPP# 246697","https://ims.internationalprocessplants.com/inventory/equipment/detail/246697","15","Re-glassed","76.2 mm (3 in)","H-Baffle","Very Clean (VC)","Full Fire Polish (FF)","","1,500 mm (59 in)","Pfaudler","Glasslined","EL series","","Yes","","266.7 mm (10.5 in)","Baffle","Integral","Glass Lined Parts","1,150 L (300 gallons)"
"246864","Glasslined Pfaudler Baffle Glass Lined Parts - IPP# 246864","https://ims.internationalprocessplants.com/inventory/equipment/detail/246864","12","Needs Reglass","76.2 mm (3 in)","H-Baffle","","Bad Glass (BG)","","1,500 mm (59 in)","Pfaudler","Glasslined","","","","","317.5 mm (12.5 in)","Baffle","Integral","Glass Lined Parts","1,150 L (300 gallons)"
"246982","Glasslined  Baffle Glass Lined Parts - IPP# 246982","https://ims.internationalprocessplants.com/inventory/equipment/detail/246982","15","Re-glassed","101.6 mm (4 in)","Beavertail","Very Clean (VC)","Full Fire Polish (FF)","","2,250 mm (88.5 in)","","Glasslined","Beavertail","","Yes","5/8"-18UNF","203.2 mm (8 in)","Baffle","Removable","Glass Lined Parts","3,800 L (1,000 gallons)"
"246983","Glasslined  Baffle Glass Lined Parts - IPP# 246983","https://ims.internationalprocessplants.com/inventory/equipment/detail/246983","15","Re-glassed","101.6 mm (4 in)","Beavertail","Very Clean (VC)","Full Fire Polish (FF)","","2,250 mm (88.5 in)","","Glasslined","Beavertail","","Yes","5/8"-18UNF","203.2 mm (8 in)","Baffle","Removable","Glass Lined Parts","3,800 L (1,000 gallons)"
"246984","Glasslined  Baffle Glass Lined Parts - IPP# 246984","https://ims.internationalprocessplants.com/inventory/equipment/detail/246984","14","Re-glassed","101.6 mm (4 in)","Beavertail","Very Clean (VC)","Full Fire Polish (FF)","","2,250 mm (88 in)","","Glasslined","","","Yes","5/8"-18 UNF","203.2 mm (8 in)","Baffle","Removable","Glass Lined Parts","3,800 L (1,000 gallons)"
"246985","Baffle Glass Lined Parts - IPP# 246985","https://ims.internationalprocessplants.com/inventory/equipment/detail/246985","15","Re-glassed","101.6 mm (4 in)","Beavertail","Very Clean (VC)","Full Fire Polish (FF)","","2,300 mm (90 in)","","Glasslined","Beaver Tail","","Yes","5/8"-18UNF","203.2 mm (8 in)","Baffle","Removable","Glass Lined Parts","3,800 L (1,000 gallons)"
"246986","Baffle Glass Lined Parts - IPP# 246986","https://ims.internationalprocessplants.com/inventory/equipment/detail/246986","14","Re-glassed","76.2 mm (3 in)","Beavertail","Very Clean (VC)","Full Fire Polish (FF)","","2,100 mm (83 in)","","Glasslined","Beaver Tail","","Yes","","152.4 mm (6 in)","Baffle","Integral","Glass Lined Parts","1,900 L (500 gallons)"
"246993","Baffle Glass Lined Parts - IPP# 246993","https://ims.internationalprocessplants.com/inventory/equipment/detail/246993","15","Re-glassed","76.2 mm (3 in)","Beavertail","Very Clean (VC)","Full Fire Polish (FF)","","2,500 mm (98.3 in)","Pfaudler","Glasslined","Beaver Tail","","Yes","","578 mm (22.8 in)","Baffle","Integral","Glass Lined Parts","3,800 L (1,000 gallons)"
"246996","Baffle Glass Lined Parts 15,150 L (4,000 gallons) Glasslined For Sale - IPP# 246996","https://ims.internationalprocessplants.com/inventory/equipment/detail/246996","7","Needs Reglass","","Wide I Baffle","","Bad Glass (BG)","","","","Glasslined","","","","","","Baffle","","Glass Lined Parts","15,150 L (4,000 gallons)"
"247077","Baffle Glass Lined Parts - IPP# 247077","https://ims.internationalprocessplants.com/inventory/equipment/detail/247077","4","Needs Reglass","","","","","","","","Glasslined","","","","","","Baffle","","Glass Lined Parts",""
"247080","Baffle Glass Lined Parts - IPP# 247080","https://ims.internationalprocessplants.com/inventory/equipment/detail/247080","3","Needs Reglass","","","","","","","","","","","","","","Baffle","","Glass Lined Parts",""
"247089","Baffle Glass Lined Parts - IPP# 247089","https://ims.internationalprocessplants.com/inventory/equipment/detail/247089","11","Needs Reglass","38.1 mm (1.5 in)","H-Baffle","","","","1,150 mm (45.8 in)","Pfaudler","Glasslined","","","","","165.1 mm (6.5 in)","Baffle","Integral","Glass Lined Parts","378.5 L (100 gallons)"
"247101","Baffle Glass Lined Parts - IPP# 247101","https://ims.internationalprocessplants.com/inventory/equipment/detail/247101","11","Needs Reglass","76.2 mm (3 in)","H-Baffle","","","","1,900 mm (74 in)","","Glasslined","","","","5/8"","317.5 mm (12.5 in)","Baffle","Removable","Glass Lined Parts","2,850 L (750 gallons)"
"247160","Baffle Glass Lined Parts - IPP# 247160","https://ims.internationalprocessplants.com/inventory/equipment/detail/247160","15","Re-glassed","76.2 mm (3 in)","H-Baffle","Very Clean (VC)","Full Fire Polish (FF)","","2,400 mm (94 in)","","Glasslined","H Baffle","","Yes","5/8"-18 UNF","323.9 mm (12.8 in)","Baffle","Removable","Glass Lined Parts","3,800 L (1,000 gallons)"
"247163","Baffle Glass Lined Parts - IPP# 247163","https://ims.internationalprocessplants.com/inventory/equipment/detail/247163","10","Re-glassed","114.3 mm (4.5 in)","D-Baffle","","","","2,950 mm (116 in)","","Glasslined","","","","","431.8 mm (17 in)","Baffle","Integral","Glass Lined Parts","7,550 L (2,000 gallons)"
"247165","Glasslined Beavertail Baffle for 500-Gallon Vessel &#x2013; Pfaudler - IPP# 247165","https://ims.internationalprocessplants.com/inventory/equipment/detail/247165","15","Re-glassed","76.2 mm (3 in)","Beavertail","Very Clean (VC)","Full Fire Polish (FF)","","1,900 mm (75.5 in)","Pfaudler","Glasslined","Beavertail","","","5/8-18UNF","146.1 mm (5.8 in)","Baffle","Removable","Glass Lined Parts","1,900 L (500 gallons)"
"247182","Baffle Glass Lined Parts - IPP# 247182","https://ims.internationalprocessplants.com/inventory/equipment/detail/247182","13","Re-glassed","76.2 mm (3 in)","Fin Baffle","Very Clean (VC)","Full Fire Polish (FF)","","1,950 mm (76.5 in)","","Glasslined","","","","Threaded for RTD 5/8"","139.7 mm (5.5 in)","Baffle","Removable","Glass Lined Parts","1,900 L (500 gallons)"
"247227","Baffle Glass Lined Parts - IPP# 247227","https://ims.internationalprocessplants.com/inventory/equipment/detail/247227","14","Good Used Glass","165.1 mm (6.5 in)","Beavertail","Clean (C)","Some Fire Polish (F)","","4,150 mm (163.5 in)","Pfaudler","Glasslined","Beavertail","","","","203.2 mm (8 in)","Baffle","Integral","Glass Lined Parts","22,700 L (6,000 gallons)"
"247243","Baffle Glass Lined Parts - IPP# 247243","https://ims.internationalprocessplants.com/inventory/equipment/detail/247243","11","Good Used Glass","38.1 mm (1.5 in)","Finger Baffle","","","","660 mm (26 in)","Pfaudler","Glasslined","","","","","114.3 mm (4.5 in)","Baffle","Integral","Glass Lined Parts","75.7 L (20 gallons)"
"247281","Baffle Glass Lined Parts - IPP# 247281","https://ims.internationalprocessplants.com/inventory/equipment/detail/247281","10","Needs Reglass","127 mm (5 in)","D-Baffle","","","","2,800 mm (110 in)","","Glasslined","","","","","406.4 mm (16 in)","Baffle","Removable","Glass Lined Parts","7,550 L (2,000 gallons)"
"247283","Baffle Glass Lined Parts - IPP# 247283","https://ims.internationalprocessplants.com/inventory/equipment/detail/247283","8","Needs Reglass","","Beavertail","","","","3,850 mm (152 in)","","Glasslined","","","","","177.8 mm (7 in)","Baffle","Integral","Glass Lined Parts",""
"247412","Baffle Glass Lined Parts - IPP# 247412","https://ims.internationalprocessplants.com/inventory/equipment/detail/247412","13","Needs Reglass","114.3 mm (4.5 in)","H-Baffle","","Bad Glass (BG)","","2,950 mm (116 in)","Pfaudler","Glasslined","","","","1 1/8","431.8 mm (17 in)","Baffle","Removable","Glass Lined Parts","7,550 L (2,000 gallons)"
"247413","Baffle Glass Lined Parts - IPP# 247413","https://ims.internationalprocessplants.com/inventory/equipment/detail/247413","12","Needs Reglass","114.3 mm (4.5 in)","H-Baffle","","Bad Glass (BG)","","2,450 mm (97 in)","","Glasslined","","","","1.125","419.1 mm (16.5 in)","Baffle","Removable","Glass Lined Parts","5,700 L (1,500 gallons)"
"247588","Baffle Glass Lined Parts - IPP# 247588","https://ims.internationalprocessplants.com/inventory/equipment/detail/247588","11","Needs Reglass","76.2 mm (3 in)","Beavertail","","Bad Glass (BG)","","2,800 mm (110.5 in)","","Glasslined","","","","","177.8 mm (7 in)","Baffle","Integral","Glass Lined Parts","7,550 L (2,000 gallons)"
"247589","Baffle Glass Lined Parts - IPP# 247589","https://ims.internationalprocessplants.com/inventory/equipment/detail/247589","13","Needs Reglass","101.6 mm (4 in)","Beavertail","","Bad Glass (BG)","","2,850 mm (113 in)","DeDietrich","Glasslined","","","","2) 5/8","203.2 mm (8 in)","Baffle","Removable","Glass Lined Parts","7,550 L (2,000 gallons)"
"247590","Baffle Glass Lined Parts - IPP# 247590","https://ims.internationalprocessplants.com/inventory/equipment/detail/247590","13","Needs Reglass","203.2 mm (8 in)","Beavertail","","Bad Glass (BG)","","2,750 mm (108.8 in)","DeDietrich","Glasslined","","Flange mount","","","203.2 mm (8 in)","Baffle","Integral","Glass Lined Parts","7,550 L (2,000 gallons)"
"247922","Baffle Glass Lined Parts - IPP# 247922","https://ims.internationalprocessplants.com/inventory/equipment/detail/247922","13","Needs Reglass","76.2 mm (3 in)","H-Baffle","","Bad Glass (BG)","","1,950 mm (76.5 in)","Pfaudler","Glasslined","","","","5/8","279.4 mm (11 in)","Baffle","Removable","Glass Lined Parts","1,900 L (500 gallons)"
"247924","Baffle Glass Lined Parts - IPP# 247924","https://ims.internationalprocessplants.com/inventory/equipment/detail/247924","12","Needs Reglass","127 mm (5 in)","Beavertail","","Bad Glass (BG)","","3,850 mm (152 in)","DeDietrich","Glasslined","","","","","177.8 mm (7 in)","Baffle","Integral","Glass Lined Parts","22,700 L (6,000 gallons)"
"248001","Glass-Lined H-Baffle for 50 Gal Vessels &#x2013; 36&#x2033; L x 1.5&#x2033; Dia with Removable Tip - IPP# 248001","https://ims.internationalprocessplants.com/inventory/equipment/detail/248001","14","Re-glassed","38.1 mm (1.5 in)","H-Baffle","Very Clean (VC)","Full Fire Polish (FF)","","914 mm (36 in)","","Glasslined","","","Yes","5/16&#x201D;","139.7 mm (5.5 in)","Baffle","Removable","Glass Lined Parts","189.3 L (50 gallons)"
"248257","Glasslined Pfaudler H Baffle Baffle Glass Lined Parts - IPP# 248257","https://ims.internationalprocessplants.com/inventory/equipment/detail/248257","13","Used","330.2 mm (13 in)","H-Baffle","","","","2,400 mm (94 in)","Pfaudler","Glasslined","H Baffle","","","1"","304.8 mm (12 in)","Baffle","Removable","Glass Lined Parts","3,800 L (1,000 gallons)"
"248258","Glasslined Pfaudler H Baffle Baffle Glass Lined Parts - IPP# 248258","https://ims.internationalprocessplants.com/inventory/equipment/detail/248258","12","Used","76.2 mm (3 in)","H-Baffle","","","","2,400 mm (94 in)","Pfaudler","Glasslined","H Baffle","","","","304.8 mm (12 in)","Baffle","Integral","Glass Lined Parts","3,800 L (1,000 gallons)"
"248259","Glasslined Pfaudler Beavertail Baffle Baffle Glass Lined Parts - IPP# 248259","https://ims.internationalprocessplants.com/inventory/equipment/detail/248259","14","Used","203.2 mm (8 in)","Beavertail","Dirty (D) (light cleaning needed)","Full Fire Polish (FF)","","3,700 mm (146 in)","Pfaudler","Glasslined","Beavertail Baffle","Flange Mount","","","","Baffle","None","Glass Lined Parts","5,000 L (1,300 gallons)"
"248295","Baffle Glass Lined Parts - IPP# 248295","https://ims.internationalprocessplants.com/inventory/equipment/detail/248295","9","Needs Reglass","76.2 mm (3 in)","Beavertail","","","","1,450 mm (57 in)","","Glasslined","","","","","133.4 mm (5.3 in)","Baffle","","Glass Lined Parts","757 L (200 gallons)"
"248361","Glasslined  Agitator Glass Lined Parts - IPP# 248361","https://ims.internationalprocessplants.com/inventory/equipment/detail/248361","10","Used","76.2 mm (3 in)","Beavertail","","","","1,300 mm (51.3 in)","","Glasslined","","","","5/8-18","128.9 mm (5.1 in)","Baffle","Removable","Glass Lined Parts",""
"248362","Glasslined  Agitator Glass Lined Parts - IPP# 248362","https://ims.internationalprocessplants.com/inventory/equipment/detail/248362","10","Used","76.2 mm (3 in)","Beavertail","","","","1,300 mm (52 in)","","Glasslined","","","","5/18-18","128.9 mm (5.1 in)","Baffle","Removable","Glass Lined Parts",""
"35591","Glasslined EL series Baffle Glass Lined Parts - IPP# 35591","https://ims.internationalprocessplants.com/inventory/equipment/detail/35591","13","Re-glassed","76.2 mm (3 in)","H-Baffle","","","","2,100 mm (83 in)","","Glasslined","EL series","","Yes","0 in","279.4 mm (11 in)","Baffle","Integral","Glass Lined Parts","1,900 L (500 gallons)"
"41822","Glasslined  Baffle Glass Lined Parts - IPP# 41822","https://ims.internationalprocessplants.com/inventory/equipment/detail/41822","10","Used","76.2 mm (3 in)","D-Baffle","","","","1,750 mm (68 in)","","Glasslined","","","","0 in","","Baffle","Removable","Glass Lined Parts","1,150 L (300 gallons)"
"46454","Baffle Glass Lined Parts 2,850 L (750 gallons) Glasslined For Sale - IPP# 46454","https://ims.internationalprocessplants.com/inventory/equipment/detail/46454","12","Re-glassed","76.2 mm (3 in)","H-Baffle","","","","1,900 mm (74 in)","","Glasslined","","","Yes","0 in","317.5 mm (12.5 in)","Baffle","Integral","Glass Lined Parts","2,850 L (750 gallons)"
"46455","Baffle Glass Lined Parts 1,900 L (500 gallons) Glasslined For Sale - IPP# 46455","https://ims.internationalprocessplants.com/inventory/equipment/detail/46455","11","Re-glassed","76.2 mm (3 in)","Finger Baffle","","","","1,500 mm (60 in)","","Glasslined","","","Yes","0 in","","Baffle","Integral","Glass Lined Parts","1,900 L (500 gallons)"
"46471","Baffle Glass Lined Parts 11,350 L (3,000 gallons) Glasslined For Sale - IPP# 46471","https://ims.internationalprocessplants.com/inventory/equipment/detail/46471","10","Used","127 mm (5 in)","D-Baffle","","","","3,350 mm (132 in)","","Glasslined","","","","0 in","","Baffle","Integral","Glass Lined Parts","11,350 L (3,000 gallons)"
"706510","Glasslined Pfaudler Baffle Glass Lined Parts - IPP# 706510","https://ims.internationalprocessplants.com/inventory/equipment/detail/706510","8","Used","","Finger Baffle","","","","","Pfaudler","Glasslined","","","","0 in","","Baffle","","Glass Lined Parts","23,850 L (6,300 gallons)"
"706559","Baffle Glass Lined Parts 3,800 L (1,000 gallons) Glasslined For Sale - IPP# 706559","https://ims.internationalprocessplants.com/inventory/equipment/detail/706559","10","Used","80 mm (3.1 in)","Finger Baffle","","","","2,500 mm (97.6 in)","","Glasslined","","","","0 in","","Baffle","Integral","Glass Lined Parts","3,800 L (1,000 gallons)"
"706566","Baffle Glass Lined Parts 15,150 L (4,000 gallons) Glasslined For Sale - IPP# 706566","https://ims.internationalprocessplants.com/inventory/equipment/detail/706566","10","Used","3,200 mm (125 in)","Finger Baffle","","","","96,500 mm (3,800 in)","","Glasslined","","","","0 in","","Baffle","Integral","Glass Lined Parts","15,150 L (4,000 gallons)"
"70675","Glasslined  Baffle Glass Lined Parts - IPP# 70675","https://ims.internationalprocessplants.com/inventory/equipment/detail/70675","11","Used","76.2 mm (3 in)","H-Baffle","","","","1,750 mm (68.5 in)","","Glasslined","","","","0 in","254 mm (10 in)","Baffle","Integral","Glass Lined Parts","1,150 L (300 gallons)"
"706775","Glasslined Baffle Glass Lined Parts - IPP# 706775","https://ims.internationalprocessplants.com/inventory/equipment/detail/706775","10","Used","110 mm (4.3 in)","Finger Baffle","","","","2,400 mm (95.3 in)","","Glasslined","","","","0 in","","Baffle","Removable","Glass Lined Parts","5,700 L (1,500 gallons)"
"706777","Glasslined Pfaudler Baffle Glass Lined Parts - IPP# 706777","https://ims.internationalprocessplants.com/inventory/equipment/detail/706777","11","Used","80 mm (3.1 in)","D-Baffle","","","","1,600 mm (63.4 in)","Pfaudler","Glasslined","","","","0 in","","Baffle","Removable","Glass Lined Parts","7,550 L (2,000 gallons)"
"706779","Glasslined  Baffle Glass Lined Parts - IPP# 706779","https://ims.internationalprocessplants.com/inventory/equipment/detail/706779","10","Used","80 mm (3.1 in)","Finger Baffle","","","","1,400 mm (55.1 in)","","Glasslined","","","","0 in","","Baffle","Integral","Glass Lined Parts","1,200 L (317 gallons)"
"706781","Baffle Glass Lined Parts 1,200 L (317 gallons) Glasslined For Sale - IPP# 706781","https://ims.internationalprocessplants.com/inventory/equipment/detail/706781","10","Used","85 mm (3.3 in)","Finger Baffle","","","","1,400 mm (55.9 in)","","Glasslined","","","","0 in","","Baffle","Integral","Glass Lined Parts","1,200 L (317 gallons)"
"706783","Glasslined  Baffle Glass Lined Parts - IPP# 706783","https://ims.internationalprocessplants.com/inventory/equipment/detail/706783","10","Used","85 mm (3.3 in)","D-Baffle","","","","1,400 mm (55.9 in)","","Glasslined","","","","0 in","365 mm (14.4 in)","Baffle","","Glass Lined Parts","1,200 L (317 gallons)"
"706784","Glasslined  Baffle Glass Lined Parts - IPP# 706784","https://ims.internationalprocessplants.com/inventory/equipment/detail/706784","10","Used","85 mm (3.3 in)","D-Baffle","","","","1,400 mm (55.5 in)","","Glasslined","","","","0 in","365 mm (14.4 in)","Baffle","","Glass Lined Parts","1,200 L (317 gallons)"
"706785","Glasslined  Baffle Glass Lined Parts - IPP# 706785","https://ims.internationalprocessplants.com/inventory/equipment/detail/706785","11","Used","75 mm (3 in)","Beavertail","","","","1,500 mm (59.4 in)","","Glasslined","","","","0 in","90 mm (3.5 in)","Baffle","None","Glass Lined Parts","1,200 L (317 gallons)"
"706787","Baffle Glass Lined Parts 2,000 L (528 gallons) Glasslined For Sale - IPP# 706787","https://ims.internationalprocessplants.com/inventory/equipment/detail/706787","10","Used","80 mm (3.1 in)","Finger Baffle","","","","1,600 mm (63.8 in)","","Glasslined","","","","0 in","","Baffle","Integral","Glass Lined Parts","2,000 L (528 gallons)"
"706793","Baffle Glass Lined Parts 2,000 L (528 gallons) Glasslined For Sale - IPP# 706793","https://ims.internationalprocessplants.com/inventory/equipment/detail/706793","11","Used","85 mm (3.3 in)","D-Baffle","","","","1,800 mm (71.3 in)","","Glasslined","","","","0 in","360 mm (14.2 in)","Baffle","Removable","Glass Lined Parts","2,000 L (528 gallons)"
"706794","Baffle Glass Lined Parts 2,000 L (528 gallons) Glasslined For Sale - IPP# 706794","https://ims.internationalprocessplants.com/inventory/equipment/detail/706794","10","Used","80 mm (3.1 in)","D-Baffle","","","","2,150 mm (85.4 in)","","Glasslined","","","","0 in","360 mm (14.2 in)","Baffle","","Glass Lined Parts","2,000 L (528 gallons)"
"706795","Glasslined  Baffle Glass Lined Parts - IPP# 706795","https://ims.internationalprocessplants.com/inventory/equipment/detail/706795","10","Used","80 mm (3.1 in)","Finger Baffle","","","","1,550 mm (61 in)","","Glasslined","","","","0 in","","Baffle","Removable","Glass Lined Parts","2,000 L (528 gallons)"
"706796","Glasslined  Baffle Glass Lined Parts - IPP# 706796","https://ims.internationalprocessplants.com/inventory/equipment/detail/706796","10","Used","75 mm (3 in)","Finger Baffle","","","","1,850 mm (73.6 in)","","Glasslined","","","","0 in","","Baffle","None","Glass Lined Parts","2,000 L (528 gallons)"
"706798","Baffle Glass Lined Parts 1,150 L (300 gallons) Glasslined For Sale - IPP# 706798","https://ims.internationalprocessplants.com/inventory/equipment/detail/706798","10","Used","80 mm (3.1 in)","Finger Baffle","","","","1,400 mm (55.9 in)","","Glasslined","","","","0 in","","Baffle","Integral","Glass Lined Parts","1,150 L (300 gallons)"
"706808","Baffle Glass Lined Parts 2,000 L (528 gallons) Glasslined For Sale - IPP# 706808","https://ims.internationalprocessplants.com/inventory/equipment/detail/706808","10","Used","80 mm (3.1 in)","Finger Baffle","","","","2,100 mm (83.7 in)","","Glasslined","","","","0 in","","Baffle","Removable","Glass Lined Parts","2,000 L (528 gallons)"
"706809","Glasslined  Baffle Glass Lined Parts - IPP# 706809","https://ims.internationalprocessplants.com/inventory/equipment/detail/706809","11","Used","83 mm (3.3 in)","D-Baffle","","","","2,500 mm (97.8 in)","","Glasslined","","","","0 in","360 mm (14.2 in)","Baffle","Removable","Glass Lined Parts","4,000 L (1,050 gallons)"
"706820","Glasslined  Baffle Glass Lined Parts - IPP# 706820","https://ims.internationalprocessplants.com/inventory/equipment/detail/706820","9","Used","100 mm (3.9 in)","Finger Baffle","","","","2,300 mm (91.3 in)","","Glasslined","","","","0 in","","Baffle","","Glass Lined Parts","4,000 L (1,050 gallons)"
"706821","Baffle Glass Lined Parts 4,000 L (1,050 gallons) Glasslined For Sale - IPP# 706821","https://ims.internationalprocessplants.com/inventory/equipment/detail/706821","9","Used","90 mm (3.5 in)","Finger Baffle","","","","2,050 mm (81.5 in)","","Glasslined","","","","0 in","","Baffle","","Glass Lined Parts","4,000 L (1,050 gallons)"
"706822","Baffle Glass Lined Parts 1,150 L (300 gallons) Glasslined For Sale - IPP# 706822","https://ims.internationalprocessplants.com/inventory/equipment/detail/706822","10","Used","75 mm (3 in)","Beavertail","","","","1,500 mm (59.6 in)","","Glasslined","","","","0 in","85 mm (3.3 in)","Baffle","","Glass Lined Parts","1,150 L (300 gallons)"
"71143","Glasslined  Baffle Glass Lined Parts - IPP# 71143","https://ims.internationalprocessplants.com/inventory/equipment/detail/71143","12","Used","76.2 mm (3 in)","Finger Baffle","","","","1,200 mm (46.5 in)","Pfaudler","Glasslined","2 Finger- up","","","1 in","","Baffle","Removable","Glass Lined Parts","757 L (200 gallons)"
"71729","Glasslined Pfaudler Baffle Glass Lined Parts - IPP# 71729","https://ims.internationalprocessplants.com/inventory/equipment/detail/71729","13","Re-glassed","76.2 mm (3 in)","H-Baffle","","","","1,500 mm (58.5 in)","Pfaudler","Glasslined","","","Yes","0.625 in","317.5 mm (12.5 in)","Baffle","Removable","Glass Lined Parts","1,150 L (300 gallons)"
"71732","Baffle Glass Lined Parts 1,150 L (300 gallons) Glasslined For Sale - IPP# 71732","https://ims.internationalprocessplants.com/inventory/equipment/detail/71732","13","Re-glassed","76.2 mm (3 in)","H-Baffle","","","","1,500 mm (59 in)","Pfaudler","Glasslined","","","Yes","0.625 in","304.8 mm (12 in)","Baffle","Removable","Glass Lined Parts","1,150 L (300 gallons)"
"71736","Glasslined Baffle Glass Lined Parts - IPP# 71736","https://ims.internationalprocessplants.com/inventory/equipment/detail/71736","13","Re-glassed","76.2 mm (3 in)","H-Baffle","","","","1,500 mm (59 in)","Pfaudler","Glasslined","","","Yes","0.625 in","330.2 mm (13 in)","Baffle","Removable","Glass Lined Parts","1,150 L (300 gallons)"
"71904","Glasslined Baffle Glass Lined Parts - IPP# 71904","https://ims.internationalprocessplants.com/inventory/equipment/detail/71904","12","Re-glassed","76.2 mm (3 in)","H-Baffle","","","","1,850 mm (72.8 in)","","Glasslined","","","Yes","0.5 in","304.8 mm (12 in)","Baffle","Removable","Glass Lined Parts","1,900 L (500 gallons)"
"73001","Baffle Glass Lined Parts 75.7 L (20 gallons) Glasslined For Sale - IPP# 73001","https://ims.internationalprocessplants.com/inventory/equipment/detail/73001","11","Re-glassed","34.9 mm (1.38 in)","Finger Baffle","","","","683 mm (26.9 in)","","Glasslined","","","Yes","0 in","139.7 mm (5.5 in)","Baffle","","Glass Lined Parts","75.7 L (20 gallons)"
"73999","Glasslined Pfaudler Baffle Glass Lined Parts - IPP# 73999","https://ims.internationalprocessplants.com/inventory/equipment/detail/73999","13","Re-glassed","76.2 mm (3 in)","H-Baffle","","","","1,500 mm (59 in)","Pfaudler","Glasslined","","","Yes","1.125 in","254 mm (10 in)","Baffle","Removable","Glass Lined Parts","1,900 L (500 gallons)"
"74043","Glasslined Baffle Glass Lined Parts - IPP# 74043","https://ims.internationalprocessplants.com/inventory/equipment/detail/74043","14","Re-glassed","76.2 mm (3 in)","H-Baffle","","","","1,500 mm (59 in)","Pfaudler","Glasslined","EL series","","Yes","0.625 in","330.2 mm (13 in)","Baffle","Removable","Glass Lined Parts","1,150 L (300 gallons)"
"74975","Glasslined  Baffle Glass Lined Parts - IPP# 74975","https://ims.internationalprocessplants.com/inventory/equipment/detail/74975","12","Re-glassed","101.6 mm (4 in)","Beavertail","","","","2,500 mm (98 in)","","Glasslined","","","Yes","in","152.4 mm (6 in)","Baffle","None","Glass Lined Parts","5,700 L (1,500 gallons)"
"77738","Glasslined  Baffle Glass Lined Parts - IPP# 77738","https://ims.internationalprocessplants.com/inventory/equipment/detail/77738","12","Re-glassed","114.3 mm (4.5 in)","H-Baffle","","","","2,950 mm (116 in)","","Glasslined","","","Yes","0 in","431.8 mm (17 in)","Baffle","Integral","Glass Lined Parts","11,350 L (3,000 gallons)"
"79319","Glasslined Pfaudler Baffle Glass Lined Parts - IPP# 79319","https://ims.internationalprocessplants.com/inventory/equipment/detail/79319","13","Re-glassed","76.2 mm (3 in)","H-Baffle","","","","2,400 mm (94.5 in)","Pfaudler","Glasslined","","","Yes","0 in","323.9 mm (12.8 in)","Baffle","Removable","Glass Lined Parts","3,800 L (1,000 gallons)"
"79604","Baffle Glass Lined Parts 378.5 L (100 gallons) Glasslined For Sale - IPP# 79604","https://ims.internationalprocessplants.com/inventory/equipment/detail/79604","11","Re-glassed","31.8 mm (1.25 in)","H-Baffle","","","","1,100 mm (44 in)","","Glasslined","","","Yes","0 in","","Baffle","Integral","Glass Lined Parts","378.5 L (100 gallons)"
"79919","Glasslined Pfaudler D Baffle Baffle Glass Lined Parts - IPP# 79919","https://ims.internationalprocessplants.com/inventory/equipment/detail/79919","16","Re-glassed","76.2 mm (3 in)","D-Baffle","Very Clean (VC)","Full Fire Polish (FF)","","2,100 mm (83 in)","Pfaudler","Glasslined","D Baffle","","Yes","0 in","381 mm (15 in)","Baffle","Integral","Glass Lined Parts","1,900 L (500 gallons)"
"79920","Glasslined  Baffle Glass Lined Parts - IPP# 79920","https://ims.internationalprocessplants.com/inventory/equipment/detail/79920","11","Re-glassed","76.2 mm (3 in)","Finger Baffle","","","","1,500 mm (60 in)","","Glasslined","","","Yes","0 in","","Baffle","Integral","Glass Lined Parts","1,150 L (300 gallons)"
"81000","Baffle Glass Lined Parts 1,900 L (500 gallons) Glasslined For Sale - IPP# 81000","https://ims.internationalprocessplants.com/inventory/equipment/detail/81000","14","Re-glassed","76.2 mm (3 in)","H-Baffle","","","","1,500 mm (59 in)","Pfaudler","Glasslined","EL series","","Yes","1.125 in","304.8 mm (12 in)","Baffle","Removable","Glass Lined Parts","1,900 L (500 gallons)"
"81427","Glasslined Baffle Glass Lined Parts - IPP# 81427","https://ims.internationalprocessplants.com/inventory/equipment/detail/81427","15","Re-glassed","76.2 mm (3 in)","D-Baffle","Very Clean (VC)","Full Fire Polish (FF)","","1,500 mm (59 in)","Pfaudler","Glasslined","ELL Series","","Yes","","381 mm (15 in)","Baffle","Integral","Glass Lined Parts","1,150 L (300 gallons)"
"82421","Glasslined  Baffle Glass Lined Parts - IPP# 82421","https://ims.internationalprocessplants.com/inventory/equipment/detail/82421","12","Re-glassed","34.9 mm (1.38 in)","Finger Baffle","","","","800 mm (31.5 in)","","Glasslined","","","Yes","0.625 in","177.8 mm (7 in)","Baffle","Removable","Glass Lined Parts","113.6 L (30 gallons)"
"83064","Glasslined  Baffle Glass Lined Parts - IPP# 83064","https://ims.internationalprocessplants.com/inventory/equipment/detail/83064","11","Re-glassed","76.2 mm (3 in)","H-Baffle","","","","2,000 mm (79 in)","","Glasslined","","","Yes","0 in","","Baffle","Removable","Glass Lined Parts","1,900 L (500 gallons)"
"83893","Baffle Glass Lined Parts 5,700 L (1,500 gallons) Glasslined For Sale - IPP# 83893","https://ims.internationalprocessplants.com/inventory/equipment/detail/83893","11","Re-glassed","101.6 mm (4 in)","Beavertail","","","","2,250 mm (88 in)","","Glasslined","","","Yes","1 in","","Baffle","Removable","Glass Lined Parts","5,700 L (1,500 gallons)"
"83913","Glasslined Pfaudler Baffle Glass Lined Parts - IPP# 83913","https://ims.internationalprocessplants.com/inventory/equipment/detail/83913","13","Re-glassed","76.2 mm (3 in)","H-Baffle","","","","1,500 mm (59 in)","Pfaudler","Glasslined","","","Yes","1.125 in","254 mm (10 in)","Baffle","Removable","Glass Lined Parts","1,150 L (300 gallons)"
"83918","Glasslined Baffle Glass Lined Parts - IPP# 83918","https://ims.internationalprocessplants.com/inventory/equipment/detail/83918","13","Re-glassed","76.2 mm (3 in)","H-Baffle","","","","1,500 mm (58.8 in)","Pfaudler","Glasslined","","","Yes","0.625 in","266.7 mm (10.5 in)","Baffle","Removable","Glass Lined Parts","1,900 L (500 gallons)"
"85187","Glasslined Baffle Glass Lined Parts - IPP# 85187","https://ims.internationalprocessplants.com/inventory/equipment/detail/85187","13","Re-glassed","114.3 mm (4.5 in)","H-Baffle","","","","2,950 mm (116 in)","Pfaudler","Glasslined","","","Yes","0 in","355.6 mm (14 in)","Baffle","Integral","Glass Lined Parts","7,550 L (2,000 gallons)"
"85322","Glasslined  Baffle Glass Lined Parts - IPP# 85322","https://ims.internationalprocessplants.com/inventory/equipment/detail/85322","11","Re-glassed","76.2 mm (3 in)","H-Baffle","","","","2,350 mm (93.5 in)","","Glasslined","","","Yes","0.625 in","","Baffle","Removable","Glass Lined Parts","3,800 L (1,000 gallons)"
"86308","Glasslined Baffle Glass Lined Parts - IPP# 86308","https://ims.internationalprocessplants.com/inventory/equipment/detail/86308","12","Re-glassed","168.3 mm (6.6 in)","D-Baffle","","","","3,800 mm (149 in)","Pfaudler","Glasslined","","","Yes","0 in","406.4 mm (16 in)","Baffle","","Glass Lined Parts","30,300 L (8,000 gallons)"
"86339","Glasslined  Baffle Glass Lined Parts - IPP# 86339","https://ims.internationalprocessplants.com/inventory/equipment/detail/86339","12","Re-glassed","76.2 mm (3 in)","H-Baffle","","","","1,950 mm (76.5 in)","","Glasslined","","","Yes","0.625 in","254 mm (10 in)","Baffle","Removable","Glass Lined Parts","1,900 L (500 gallons)"
"86505","Glasslined Baffle Glass Lined Parts - IPP# 86505","https://ims.internationalprocessplants.com/inventory/equipment/detail/86505","10","Re-glassed","165.1 mm (6.5 in)","","","","","4,150 mm (163 in)","Pfaudler","Glasslined","","","Yes","0 in","","Baffle","","Glass Lined Parts","18,950 L (5,000 gallons)"
"86976","Glasslined Pfaudler Baffle Glass Lined Parts - IPP# 86976","https://ims.internationalprocessplants.com/inventory/equipment/detail/86976","13","Re-glassed","76.2 mm (3 in)","H-Baffle","","","","1,500 mm (59 in)","Pfaudler","Glasslined","","","Yes","0.625 in","254 mm (10 in)","Baffle","Removable","Glass Lined Parts","1,900 L (500 gallons)"
"88299","Glasslined Pfaudler Baffle Glass Lined Parts - IPP# 88299","https://ims.internationalprocessplants.com/inventory/equipment/detail/88299","15","Re-glassed","76.2 mm (3 in)","H-Baffle","Very Clean (VC)","Full Fire Polish (FF)","","1,500 mm (59 in)","Pfaudler","Glasslined","H Baffle","","","0 in","254 mm (10 in)","Baffle","Integral","Glass Lined Parts","1,150 L (300 gallons)"
"88452","Glasslined  Baffle Glass Lined Parts - IPP# 88452","https://ims.internationalprocessplants.com/inventory/equipment/detail/88452","12","Re-glassed","76.2 mm (3 in)","H-Baffle","","","","2,400 mm (94 in)","","Glasslined","","","Yes","0 in","330.2 mm (13 in)","Baffle","None","Glass Lined Parts","3,800 L (1,000 gallons)"
"88466","Glasslined  Baffle Glass Lined Parts - IPP# 88466","https://ims.internationalprocessplants.com/inventory/equipment/detail/88466","12","Re-glassed","85.7 mm (3.4 in)","H-Baffle","","","","2,350 mm (93.3 in)","","Glasslined","","","Yes","0.625 in","330.2 mm (13 in)","Baffle","Removable","Glass Lined Parts","3,800 L (1,000 gallons)"
"88664","Glasslined  Baffle Glass Lined Parts - IPP# 88664","https://ims.internationalprocessplants.com/inventory/equipment/detail/88664","12","Re-glassed","76.2 mm (3 in)","H-Baffle","","","","1,900 mm (74 in)","","Glasslined","","","Yes","0.625 in","304.8 mm (12 in)","Baffle","Removable","Glass Lined Parts","2,850 L (750 gallons)"
"89308","Glasslined  Baffle Glass Lined Parts - IPP# 89308","https://ims.internationalprocessplants.com/inventory/equipment/detail/89308","11","Re-glassed","101.6 mm (4 in)","H-Baffle","","","","2,450 mm (97 in)","","Glasslined","","","Yes","0 in","","Baffle","Integral","Glass Lined Parts","5,700 L (1,500 gallons)"
"89403","Baffle Glass Lined Parts 16,000 L (4,250 gallons) Glasslined For Sale - IPP# 89403","https://ims.internationalprocessplants.com/inventory/equipment/detail/89403","8","Re-glassed","101.6 mm (4 in)","","","","","","","Glasslined","","","Yes","0 in","","Baffle","","Glass Lined Parts","16,000 L (4,250 gallons)"
"89420","Baffle Glass Lined Parts 6,000 L (1,600 gallons) Glasslined For Sale - IPP# 89420","https://ims.internationalprocessplants.com/inventory/equipment/detail/89420","10","Used","80 mm (3.1 in)","Beavertail","","","","2,500 mm (98.4 in)","Pfaudler","Glasslined","","","","0 in","","Baffle","","Glass Lined Parts","6,000 L (1,600 gallons)"
"91028","Glasslined  Baffle Glass Lined Parts - IPP# 91028","https://ims.internationalprocessplants.com/inventory/equipment/detail/91028","12","Needs Reglass","127 mm (5 in)","H-Baffle","","","","2,850 mm (111.5 in)","","Glasslined","","","Yes","1 in","406.4 mm (16 in)","Baffle","Removable","Glass Lined Parts","11,350 L (3,000 gallons)"
"91710","Glasslined Pfaudler Baffle Glass Lined Parts - IPP# 91710","https://ims.internationalprocessplants.com/inventory/equipment/detail/91710","13","Re-glassed","114.3 mm (4.5 in)","Beavertail","","","","4,100 mm (161.5 in)","Pfaudler","Glasslined","","","Yes","0.625 in","225.4 mm (8.9 in)","Baffle","Removable","Glass Lined Parts","22,700 L (6,000 gallons)"
"91915","Glasslined  Baffle Glass Lined Parts - IPP# 91915","https://ims.internationalprocessplants.com/inventory/equipment/detail/91915","10","Used","76.2 mm (3 in)","Thin Baffle","","","","1,950 mm (76 in)","","Glasslined","","","","0 in","","Baffle","Removable","Glass Lined Parts","1,900 L (500 gallons)"
"92126","Glasslined  Baffle Glass Lined Parts - IPP# 92126","https://ims.internationalprocessplants.com/inventory/equipment/detail/92126","11","Used","76.2 mm (3 in)","H-Baffle","","","","1,950 mm (76 in)","","Glasslined","","","","1.125 in","254 mm (10 in)","Baffle","Removable","Glass Lined Parts","1,900 L (500 gallons)"
"92181","Glasslined  Baffle Glass Lined Parts - IPP# 92181","https://ims.internationalprocessplants.com/inventory/equipment/detail/92181","10","Used","114.3 mm (4.5 in)","H-Baffle","","","","2,450 mm (96 in)","","Glasslined","","","","0 in","","Baffle","Integral","Glass Lined Parts","5,700 L (1,500 gallons)"
"92182","Glasslined  Baffle Glass Lined Parts - IPP# 92182","https://ims.internationalprocessplants.com/inventory/equipment/detail/92182","10","Used","76.2 mm (3 in)","Beavertail","","","","1,600 mm (63 in)","","Glasslined","","","","0.75 in","","Baffle","Removable","Glass Lined Parts","1,150 L (300 gallons)"
"92197","Glasslined Pfaudler Baffle Glass Lined Parts - IPP# 92197","https://ims.internationalprocessplants.com/inventory/equipment/detail/92197","11","Used","127 mm (5 in)","H-Baffle","","","","2,950 mm (116 in)","Pfaudler","Glasslined","","","","0 in","","Baffle","Integral","Glass Lined Parts","7,550 L (2,000 gallons)"
"92675","Glasslined Pfaudler Baffle Glass Lined Parts - IPP# 92675","https://ims.internationalprocessplants.com/inventory/equipment/detail/92675","8","Used","","D-Baffle","","","","","Pfaudler","Glasslined","","","","0 in","","Baffle","","Glass Lined Parts","15,150 L (4,000 gallons)"
"92677","Glasslined Pfaudler Baffle Glass Lined Parts - IPP# 92677","https://ims.internationalprocessplants.com/inventory/equipment/detail/92677","8","Used","","Finger Baffle","","","","","Pfaudler","Glasslined","","","","0 in","","Baffle","","Glass Lined Parts","15,150 L (4,000 gallons)"
"92679","Baffle Glass Lined Parts 7,550 L (2,000 gallons) Glasslined For Sale - IPP# 92679","https://ims.internationalprocessplants.com/inventory/equipment/detail/92679","8","Used","","D-Baffle","","","","","Pfaudler","Glasslined","","","","0 in","","Baffle","","Glass Lined Parts","7,550 L (2,000 gallons)"
"92696","Glasslined Pfaudler Baffle Glass Lined Parts - IPP# 92696","https://ims.internationalprocessplants.com/inventory/equipment/detail/92696","7","Used","","","","","","","Pfaudler","Glasslined","","","","0 in","","Baffle","","Glass Lined Parts","10,000 L (2,650 gallons)"
"94459","Glasslined  Baffle Glass Lined Parts - IPP# 94459","https://ims.internationalprocessplants.com/inventory/equipment/detail/94459","9","Used","75 mm (3 in)","Finger Baffle","","","","2,000 mm (78.7 in)","","Glasslined","","","","0 in","","Baffle","","Glass Lined Parts","1,900 L (500 gallons)"
"94720","Glasslined  Baffle Glass Lined Parts - IPP# 94720","https://ims.internationalprocessplants.com/inventory/equipment/detail/94720","12","Re-glassed","76.2 mm (3 in)","D-Baffle","","","","1,900 mm (74 in)","","Glasslined","","","Yes","0 in","368.3 mm (14.5 in)","Baffle","Integral","Glass Lined Parts","2,850 L (750 gallons)"
"94737","Baffle Glass Lined Parts 189.3 L (50 gallons) Glasslined For Sale - IPP# 94737","https://ims.internationalprocessplants.com/inventory/equipment/detail/94737","10","Used","76.2 mm (3 in)","H-Baffle","","","","1,250 mm (50 in)","","Glasslined","","","","0 in","","Baffle","Integral","Glass Lined Parts","189.3 L (50 gallons)"
"94926","Glasslined Pfaudler Baffle Glass Lined Parts - IPP# 94926","https://ims.internationalprocessplants.com/inventory/equipment/detail/94926","13","Re-glassed","76.2 mm (3 in)","D-Baffle","","","","2,400 mm (94 in)","Pfaudler","Glasslined","","","Yes","0 in","381 mm (15 in)","Baffle","Integral","Glass Lined Parts","3,800 L (1,000 gallons)"
"95240","Glasslined Pfaudler RA/EL or ELL Baffle Glass Lined Parts - IPP# 95240","https://ims.internationalprocessplants.com/inventory/equipment/detail/95240","16","Re-glassed","76.2 mm (3 in)","H-Baffle","Very Clean (VC)","Full Fire Polish (FF)","","1,500 mm (59 in)","Pfaudler","Glasslined","RA/EL or ELL","","Yes","5/8"-18 UNF","330.2 mm (13 in)","Baffle","Removable","Glass Lined Parts","1,900 L (500 gallons)"
"95242","Glasslined Baffle Glass Lined Parts - IPP# 95242","https://ims.internationalprocessplants.com/inventory/equipment/detail/95242","13","Re-glassed","76.2 mm (3 in)","D-Baffle","","","","1,750 mm (69.3 in)","Pfaudler","Glasslined","","","Yes","0.625 in","381 mm (15 in)","Baffle","Removable","Glass Lined Parts","1,900 L (500 gallons)"
"95625","Glasslined  Baffle Glass Lined Parts - IPP# 95625","https://ims.internationalprocessplants.com/inventory/equipment/detail/95625","10","Used","76.2 mm (3 in)","Beavertail","","","","1,350 mm (53 in)","","Glasslined","","","","0 in","","Baffle","Removable","Glass Lined Parts","757 L (200 gallons)"
"95761","Glasslined  Baffle Glass Lined Parts - IPP# 95761","https://ims.internationalprocessplants.com/inventory/equipment/detail/95761","10","Used","76.2 mm (3 in)","H-Baffle","","","","2,350 mm (93 in)","","Glasslined","","","","0 in","","Baffle","Integral","Glass Lined Parts","3,800 L (1,000 gallons)"
"96417","Glasslined  Baffle Glass Lined Parts - IPP# 96417","https://ims.internationalprocessplants.com/inventory/equipment/detail/96417","10","Used","76.2 mm (3 in)","H-Baffle","","","","2,400 mm (94 in)","","Glasslined","","","","0 in","","Baffle","None","Glass Lined Parts","3,800 L (1,000 gallons)"
"96507","Glasslined Baffle Glass Lined Parts - IPP# 96507","https://ims.internationalprocessplants.com/inventory/equipment/detail/96507","13","Re-glassed","76.2 mm (3 in)","H-Baffle","","","","1,900 mm (74 in)","Pfaudler","Glasslined","","","Yes","0.625 in","317.5 mm (12.5 in)","Baffle","Removable","Glass Lined Parts","2,850 L (750 gallons)"
"96514","Glasslined Baffle Glass Lined Parts - IPP# 96514","https://ims.internationalprocessplants.com/inventory/equipment/detail/96514","11","Re-glassed","34.9 mm (1.38 in)","Thin Baffle","","","","851 mm (33.5 in)","","Glasslined","","","Yes","0 in","82.6 mm (3.3 in)","Baffle","","Glass Lined Parts","113.6 L (30 gallons)"
"97975","Glasslined  Baffle Glass Lined Parts - IPP# 97975","https://ims.internationalprocessplants.com/inventory/equipment/detail/97975","10","Used","76.2 mm (3 in)","H-Baffle","","","","1,950 mm (77 in)","","Glasslined","","","","0 in","","Baffle","Removable","Glass Lined Parts","1,900 L (500 gallons)"
"98248","Baffle Glass Lined Parts 757 L (200 gallons) Glasslined For Sale - IPP# 98248","https://ims.internationalprocessplants.com/inventory/equipment/detail/98248","11","Re-glassed","76.2 mm (3 in)","Beavertail","","","","1,350 mm (52.5 in)","","Glasslined","","","Yes","0.75 in","","Baffle","Removable","Glass Lined Parts","757 L (200 gallons)"
"98270","Baffle Glass Lined Parts 1,900 L (500 gallons) Glasslined For Sale - IPP# 98270","https://ims.internationalprocessplants.com/inventory/equipment/detail/98270","11","Used","95 mm (3.7 in)","Finger Baffle","","","","2,100 mm (82.7 in)","Pfaudler","Glasslined","","","","0 in","","Baffle","None","Glass Lined Parts","1,900 L (500 gallons)"
"98271","Glasslined Pfaudler Baffle Glass Lined Parts - IPP# 98271","https://ims.internationalprocessplants.com/inventory/equipment/detail/98271","9","Used","","Beavertail","","","","","Pfaudler","Glasslined","","","","0 in","","Baffle","Removable","Glass Lined Parts","22,700 L (6,000 gallons)"
"98274","Baffle Glass Lined Parts 6,300 L (1,650 gallons) Glasslined For Sale - IPP# 98274","https://ims.internationalprocessplants.com/inventory/equipment/detail/98274","8","Re-glassed","","","","","","","Schwelm","Glasslined","","","Yes","0 in","","Baffle","","Glass Lined Parts","6,300 L (1,650 gallons)"
"98281","Glasslined DeDietrich Baffle Glass Lined Parts - IPP# 98281","https://ims.internationalprocessplants.com/inventory/equipment/detail/98281","9","Re-glassed","","Beavertail","","","","","DeDietrich","Glasslined","","","Yes","0 in","","Baffle","","Glass Lined Parts","12,500 L (3,300 gallons)"
"98284","Glasslined Pfaudler 127 Baffle Glass Lined Parts - IPP# 98284","https://ims.internationalprocessplants.com/inventory/equipment/detail/98284","10","Re-glassed","","Finger Baffle","","","","","Pfaudler","Glasslined","127","","Yes","0 in","","Baffle","","Glass Lined Parts","16,000 L (4,250 gallons)"
"98299","Glasslined Pfaudler Baffle Glass Lined Parts - IPP# 98299","https://ims.internationalprocessplants.com/inventory/equipment/detail/98299","8","Used","","Beavertail","","","","","Pfaudler","Glasslined","","","","0 in","","Baffle","","Glass Lined Parts","12,500 L (3,300 gallons)"
"98343","Glasslined  Baffle Glass Lined Parts - IPP# 98343","https://ims.internationalprocessplants.com/inventory/equipment/detail/98343","9","Used","76.2 mm (3 in)","Beavertail","","","","1,800 mm (70 in)","","Glasslined","","","","0 in","","Baffle","","Glass Lined Parts","1,900 L (500 gallons)"
"98361","Glasslined  Baffle Glass Lined Parts - IPP# 98361","https://ims.internationalprocessplants.com/inventory/equipment/detail/98361","10","Used","82.6 mm (3.3 in)","Beavertail","","","","1,850 mm (73 in)","","Glasslined","","","","0 in","","Baffle","Removable","Glass Lined Parts","2,000 L (530 gallons)"
"98362","Baffle Glass Lined Parts 2,000 L (530 gallons) Glasslined For Sale - IPP# 98362","https://ims.internationalprocessplants.com/inventory/equipment/detail/98362","9","Used","82.6 mm (3.3 in)","D-Baffle","","","","1,850 mm (72 in)","","Glasslined","","","","0 in","","Baffle","","Glass Lined Parts","2,000 L (530 gallons)"
"98366","Baffle Glass Lined Parts 189.3 L (50 gallons) Glasslined For Sale - IPP# 98366","https://ims.internationalprocessplants.com/inventory/equipment/detail/98366","10","Used","38.1 mm (1.5 in)","Beavertail","","","","914 mm (36 in)","","Glasslined","","","","0 in","","Baffle","Removable","Glass Lined Parts","189.3 L (50 gallons)"
"98690","Glasslined  Baffle Glass Lined Parts - IPP# 98690","https://ims.internationalprocessplants.com/inventory/equipment/detail/98690","9","Used","88.9 mm (3.5 in)","Finger Baffle","","","","1,400 mm (56 in)","","Glasslined","","","","0 in","","Baffle","","Glass Lined Parts","2,000 L (525 gallons)"
"98692","Glasslined Baffle Glass Lined Parts - IPP# 98692","https://ims.internationalprocessplants.com/inventory/equipment/detail/98692","9","Used","62 mm (2.4 in)","Beavertail","","","","990 mm (39 in)","","Glasslined","","","","0 in","","Baffle","","Glass Lined Parts","189.3 L (50 gallons)"
"99797","Glasslined  Baffle Glass Lined Parts - IPP# 99797","https://ims.internationalprocessplants.com/inventory/equipment/detail/99797","15","Re-glassed","76.2 mm (3 in)","H-Baffle","Very Clean (VC)","Full Fire Polish (FF)","","2,400 mm (94 in)","","Glasslined","H Baffle","","Yes","0 in","323.9 mm (12.8 in)","Baffle","Integral","Glass Lined Parts","3,800 L (1,000 gallons)"
"99809","Baffle Glass Lined Parts 16,000 L (4,250 gallons) Glasslined For Sale - IPP# 99809","https://ims.internationalprocessplants.com/inventory/equipment/detail/99809","9","Re-glassed","","Beavertail","","","","","Pfaudler","Glasslined","","","Yes","0 in","","Baffle","","Glass Lined Parts","16,000 L (4,250 gallons)"
