"stock_number","title","url","attribute_count","Air Receiver","Baffle Details","Baffle Type","Body Only","Bottom Head Fastening","Bottom Head Material","Bottom Head Type","CIP","Capacity","Capacity (Design)","Clad","Condition","Cone Length","Diameter","Does it have Agitation ?","Does it have an Internal Coil?","Glass Condition","Glass Fire Polish","Glass Lined","Height","Internal Finish","Internal Full Vacuum","Internal Pressure","Internal Temperature","Jacket","Jacket MOC","Jacket Material","Jacket Material of Construction","Jacket Pressure","Jacket Temperature","Jacket Type","Length","Lifting Lugs","Load Cells","Manufacturer","Manway","Material","Model","Motor Hertz","Motor Phase","Motor Power","Motor Speed","Nozzle Schedule","Number of Jacket Zones","Orientation","Pressure","Sanitary Contruction","Straight Side Length","Straight-side Length","Subtype","Support","Support Details","Support Type","Top Head Fastening","Top Head Material","Top Head Type","Type","Vacuum"
"100410","Stainless Steel 304L Coek Gell of Belgium  Tank - IPP# 100410","https://ims.internationalprocessplants.com/inventory/equipment/detail/100410","10","","","","","","","","","","3,000 L (790 gallons)","","Used","","1,550 mm (61 in)","","","","","","","","","1.01 bar (14.7 psi)","287.8 °C (550 °F)","","","","","","","","","","","Coek Gell of Belgium","","Stainless Steel 304L","","","","","","","","Vertical","","","","1,950 mm (77 in)","","","","","","","","Tank",""
"100411","Stainless Steel 304 Webber  Tank - IPP# 100411","https://ims.internationalprocessplants.com/inventory/equipment/detail/100411","16","","","","","","","","","","378.5 L (100 gallons)","","Used","","711 mm (28 in)","Yes","","","","","","","","1.01 bar (14.7 psi)","25 °C (77 °F)","","","","","","","","","","","Webber","","Stainless Steel 304","","50","3","2.2 kW (3 HP)","1,380","","","Vertical","","","","1,100 mm (44 in)","","Legs","","","","","","Tank",""
"100529","Glasslined Pfaudler Tank - IPP# 100529","https://ims.internationalprocessplants.com/inventory/equipment/detail/100529","10","","","","","","","","","","378.5 L (100 gallons)","","Used","","762 mm (30 in)","","","","","","","","","","","","","","","2.8 bar (40 psi)","","","","","","Pfaudler","","Glasslined","","","","","","","","Vertical","","","","762 mm (30 in)","","Legs","","","","","","Tank",""
"100552","Stainless Steel 304 Webber Tank - IPP# 100552","https://ims.internationalprocessplants.com/inventory/equipment/detail/100552","11","","","","","","","","","","190 L (50.2 gallons)","","Used","","508 mm (20 in)","","","","","","","","","1.01 bar (14.7 psi)","20 °C (68 °F)","","","","","","","","","","","Webber","","Stainless Steel 304","","","","","","","","Vertical","","","","1,050 mm (42 in)","","","","","","","","Tank","Yes"
"100553","Stainless Steel 304 Webber Tank - IPP# 100553","https://ims.internationalprocessplants.com/inventory/equipment/detail/100553","11","","","","","","","","","","189.3 L (50 gallons)","","Used","","508 mm (20 in)","","","","","","","","","1.01 bar (14.7 psi)","20 °C (68 °F)","","","","","","","","","","","Webber","","Stainless Steel 304","","","","","","","","Vertical","","","","1,050 mm (42 in)","","Legs","","","","","","Tank",""
"100554","Stainless Steel 304 Webber Tank - IPP# 100554","https://ims.internationalprocessplants.com/inventory/equipment/detail/100554","11","","","","","","","","","","3,400 L (900 gallons)","","Used","","1,500 mm (60 in)","","","","","","","","","1.01 bar (14.7 psi)","93.3 °C (200 °F)","","","","","","","","","","","Webber","","Stainless Steel 304","","","","","","","","Vertical","","","","1,850 mm (72 in)","","Lugs","","","","","","Tank",""
"100762","Glasslined Von Roll Tank - IPP# 100762","https://ims.internationalprocessplants.com/inventory/equipment/detail/100762","12","","","","","","","","","","300 L (79.3 gallons)","","Used","","600 mm (23.6 in)","","","","","","","","","2 bar (29 psi)","","","","Carbon Steel","","2 bar (29 psi)","","","","","","Von Roll","","Glasslined","","","","","","","","Vertical","","","","900 mm (35.4 in)","","Lugs","","","","","","Tank",""
"100763","Glasslined Lampart Tank - IPP# 100763","https://ims.internationalprocessplants.com/inventory/equipment/detail/100763","16","","","","","","","","","","2,200 L (586 gallons)","","Used","","1,400 mm (55.1 in)","","","","","","","","","3.2 bar (46.4 psi)","200 °C (392 °F)","","","Carbon Steel","","6 bar (87 psi)","200 °C (392 °F)","Standard","","","","Lampart","Yes","Glasslined","","","","","","","","Vertical","","","","900 mm (35.4 in)","","Feet","","","","","","Tank",""
"101144","Glasslined Ceramic Coatings VR100 Tank - IPP# 101144","https://ims.internationalprocessplants.com/inventory/equipment/detail/101144","15","","","","","","","","","","378.5 L (100 gallons)","","Re-glassed","","762 mm (30 in)","","","Very Clean (VC)","Full Fire Polish (FF)","","","","","10.3 bar (150 psi)","232.2 °C (450 °F)","","","","","","","","","","","Ceramic Coatings","","Glasslined","VR100","","","","","","","Vertical","","","","813 mm (32 in)","","Sockets for pipe legs","","","","","","Tank","Yes"
"101690","Glasslined Tank - IPP# 101690","https://ims.internationalprocessplants.com/inventory/equipment/detail/101690","8","","","","","","","","","","2,450 L (650 gallons)","","Used","","1,350 mm (53 in)","","","","","","","","","","","","","","","","","","","","","","","Glasslined","","","","","","","","Vertical","","","","1,600 mm (63 in)","","Lugs","","","","","","Tank",""
"101961","Glasslined Pfaudler P Series Tank - IPP# 101961","https://ims.internationalprocessplants.com/inventory/equipment/detail/101961","15","","","","","","","","","","113.6 L (30 gallons)","","Re-glassed","","508 mm (20 in)","","","Very Clean (VC)","Full Fire Polish (FF)","","","","","2.1 bar (30 psi)","232.2 °C (450 °F)","","","","","","","","","","","Pfaudler","","Glasslined","P Series","","","","","","","Vertical","","","","629 mm (24.8 in)","","Lugs","","","","","","Tank","Yes"
"102067","Glasslined Ceramic Coatings Tank - IPP# 102067","https://ims.internationalprocessplants.com/inventory/equipment/detail/102067","14","","","","","","","","","","189.3 L (50 gallons)","","Re-glassed","","457.2 mm (18 in)","","","Very Clean (VC)","Full Fire Polish (FF)","","","","","6.9 bar (100 psi)","148.9 °C (300 °F)","","","","","","","","","","","Ceramic Coatings","","Glasslined","","","","","","","","Horizontal","","","","1,250 mm (49 in)","","Saddle","","","","","","Tank","Yes"
"102363","Glasslined Schwelmer Eisenwerke Tank - IPP# 102363","https://ims.internationalprocessplants.com/inventory/equipment/detail/102363","17","","","","","","","","","","26,700 L (7,050 gallons)","","Used","","2,600 mm (102.4 in)","","","","","","","","","6 bar (87 psi)","200 °C (392 °F)","","","Carbon Steel","","6 bar (87 psi)","200 °C (392 °F)","Standard","","","","Schwelmer Eisenwerke","Yes","Glasslined","","","","","","","","Vertical","","","","4,500 mm (178 in)","","Feet","","","","","","Tank","Yes"
"10271","Glasslined DeDietrich VR36-200-25 Tank - IPP# 10271","https://ims.internationalprocessplants.com/inventory/equipment/detail/10271","14","","","","","","","","","","757 L (200 gallons)","","Re-glassed","","914 mm (36 in)","","","Very Clean (VC)","Full Fire Polish (FF)","","","","","1.01 bar (14.7 psi)","176.7 °C (350 °F)","","","","","","","","","","","DeDietrich","","Glasslined","VR36-200-25","","","","","","","Vertical","","","","1,150 mm (46 in)","","Sockets for pipe legs","","","","","","Tank",""
"104027","Glasslined Pfaudler Tank - IPP# 104027","https://ims.internationalprocessplants.com/inventory/equipment/detail/104027","15","","","","","","","","","","320 L (84.5 gallons)","","Used","","780 mm (30.7 in)","","","","","","","","","1.96 bar (28.4 psi)","","","","Carbon Steel","","4.9 bar (71.1 psi)","","Standard","","","","Pfaudler","Yes","Glasslined","","","","","","","","Vertical","","","","580 mm (22.8 in)","","Legs","","","","","","Tank","Yes"
"104029","Glasslined Lampart  Tank - IPP# 104029","https://ims.internationalprocessplants.com/inventory/equipment/detail/104029","16","","","","","","","","","","1,600 L (422.7 gallons)","","Used","","1,400 mm (55.1 in)","","","","","","","","","3 bar (43.5 psi)","200 °C (392 °F)","","","Carbon Steel","","6 bar (87 psi)","200 °C (392 °F)","Standard","","","","Lampart","Yes","Glasslined","","","","","","","","Vertical","","","","900 mm (35.4 in)","","Legs","","","","","","Tank",""
"104576","Glasslined Pfaudler CH1600 Tank - IPP# 104576","https://ims.internationalprocessplants.com/inventory/equipment/detail/104576","12","","","","","","","","","","1,800 L (478.2 gallons)","","Used","","1,000 mm (39.4 in)","","","","","","","","","3 bar (43.5 psi)","200 °C (392 °F)","","","","","","","","","","","Pfaudler","Yes","Glasslined","CH1600","","","","","","","Horizontal","","","","2,000 mm (78.7 in)","","","","","","","","Tank",""
"10539","Unused Stainless Steel 304 Clad Combustion Engineering Inc. Tank - IPP# 10539","https://ims.internationalprocessplants.com/inventory/equipment/detail/10539","13","","","","","","","","","","63,600 L (16,800 gallons)","Yes","Unused","","2,750 mm (108 in)","","","","","","","","","48.3 bar (700 psi)","93.3 °C (200 °F)","","","","","","","","","","","Combustion Engineering Inc.","Yes","Stainless Steel 304","","","","","","","","Vertical","","","","10,050 mm (396 in)","","Skirt","","","","","","Tank",""
"107324","Unused Glasslined Ceramic Coatings Tank - IPP# 107324","https://ims.internationalprocessplants.com/inventory/equipment/detail/107324","12","","","","","","","","","","3,800 L (1,000 gallons)","","Unused","","1,500 mm (60 in)","","","","","","","","","5.2 bar (75 psi)","232.2 °C (450 °F)","","","","","","","","","","","Ceramic Coatings","","Glasslined","","","","","","","","Horizontal","","","","1,850 mm (72 in)","","Sockets for pipe legs","","","","","","Tank","Yes"
"107342","Glasslined Ceramic Coatings Tank - IPP# 107342","https://ims.internationalprocessplants.com/inventory/equipment/detail/107342","11","","","","","","","","","","757 L (200 gallons)","","Used","","914 mm (36 in)","","","","","","","","","1.72 bar (25 psi)","343.3 °C (650 °F)","","","","","","","","","","","Ceramic Coatings","","Glasslined","","","","","","","","Vertical","","","","1,350 mm (54 in)","","Lugs","","","","","","Tank",""
"107779","Glasslined Pfaudler  Tank - IPP# 107779","https://ims.internationalprocessplants.com/inventory/equipment/detail/107779","10","","","","","","","","","","1,100 L (291.9 gallons)","","Used","","1,100 mm (43.3 in)","","","","","","","","","","100 °C (212 °F)","","","","","","","","","","","Pfaudler","","Glasslined","","","","","","","","Vertical","","","","967 mm (38.1 in)","","Legs","","","","","","Tank",""
"107845","Glasslined Pfaudler VR100 Tank - IPP# 107845","https://ims.internationalprocessplants.com/inventory/equipment/detail/107845","15","","","","","","","","","","378.5 L (100 gallons)","","Re-glassed","","762 mm (30 in)","","","Very Clean (VC)","Full Fire Polish (FF)","","","","","1.72 bar (25 psi)","343.3 °C (650 °F)","","","","","","","","","","","Pfaudler","","Glasslined","VR100","","","","","","","Vertical","","","","1,050 mm (42 in)","","Sockets for pipe legs","","","","","","Tank","Yes"
"111808","Glasslined Tank - IPP# 111808","https://ims.internationalprocessplants.com/inventory/equipment/detail/111808","6","","","","","","","","","","1,900 L (500 gallons)","","Used","","","","","","","","","","","","","","","","","","","","","","","","Yes","Glasslined","","","","","","","","","","","","","","Lugs","","","","","","Tank",""
"112005","Storage Tank Stainless Steel 316 FM &amp; I - IPP# 112005","https://ims.internationalprocessplants.com/inventory/equipment/detail/112005","8","","","","","","","","","","21,950 L (5,800 gallons)","","Used","","3,050 mm (120 in)","","","","","","","","","","","","","","","","","","","","","FM & I","","Stainless Steel 316","","","","","","","","Vertical","","","","3,050 mm (120 in)","","","","","","","","Tank",""
"112063","Stainless Steel 304 Evans &amp; Sons Tank - IPP# 112063","https://ims.internationalprocessplants.com/inventory/equipment/detail/112063","13","","(2) sidewall mounted baffles.","Sidewall Mounted Straight Baffle","","","","","","","17,050 L (4,500 gallons)","","Used","","2,750 mm (108 in)","Yes","","","","","","","","1.01 bar (14.7 psi)","","","","","","","","","","","","Evans & Sons","","Stainless Steel 304","","","","","","","","Vertical","","","","2,750 mm (108 in)","","Legs","","","","","","Tank",""
"112129","Stainless Steel 304L Metal Equipment Co. Tank - IPP# 112129","https://ims.internationalprocessplants.com/inventory/equipment/detail/112129","16","","","","","","","","","","18,950 L (5,000 gallons)","","Used","","2,700 mm (107 in)","Yes","","","","","","","","1.03 bar (15 psi)","71.1 °C (160 °F)","","","","","","","","","","","Metal Equipment Co","","Stainless Steel 304L","","3","","18.6 kW (25 HP)","1,740","","","Vertical","","","","3,050 mm (120 in)","","Legs","","","","","","Tank","Yes"
"112143","Stainless Steel 304 Tank - IPP# 112143","https://ims.internationalprocessplants.com/inventory/equipment/detail/112143","8","","","","","","","","","","35,600 L (9,400 gallons)","","Used","","3,050 mm (120 in)","","Yes","","","","","","","","","","","","","","","","","","","","","Stainless Steel 304","","","","","","","","Vertical","","","","4,900 mm (192 in)","","","","","","","","Tank",""
"112197","Glasslined Pfaudler Tank - IPP# 112197","https://ims.internationalprocessplants.com/inventory/equipment/detail/112197","12","","","","","","","","","","5,700 L (1,500 gallons)","","Used","","1,850 mm (72 in)","","","","","","","","","3.4 bar (50 psi)","232.2 °C (450 °F)","","","","","","","","","","","Pfaudler","Yes","Glasslined","","","","","","","","Vertical","","","","2,000 mm (78 in)","","","","","","","","Tank","Yes"
"112205","Glasslined Pfaudler Tank - IPP# 112205","https://ims.internationalprocessplants.com/inventory/equipment/detail/112205","14","","","","","","","","","","66,250 L (17,500 gallons)","","Used","","3,350 mm (132 in)","","","","","","","","","2.8 bar (40 psi)","232.2 °C (450 °F)","","","","","","","","","","","Pfaudler","Yes","Glasslined","CH-132-17500","","","","","","","Horizontal","","","","6,850 mm (270 in)","","Sockets for pipe legs","","","","","","Tank","Yes"
"112238","Glasslined Pfaudler Tank - IPP# 112238","https://ims.internationalprocessplants.com/inventory/equipment/detail/112238","10","","","","","","","","","","3,800 L (1,000 gallons)","","Used","","1,850 mm (72 in)","","","","","","","","","","","","","","","","","","","","","Pfaudler","Yes","Glasslined","","","","","","","","Vertical","","","","2,000 mm (78 in)","","Legs","","","","","","Tank",""
"117062","Glasslined Ceramic Coatings Tank - IPP# 117062","https://ims.internationalprocessplants.com/inventory/equipment/detail/117062","10","","","","","","","","","","1,150 L (300 gallons)","","Used","","","","","","","","","","","5.2 bar (75 psi)","176.7 °C (350 °F)","","","","","","","","","","","Ceramic Coatings","","Glasslined","","","","","","","","Vertical","","","","","","Legs","","","","","","Tank","Yes"
"13893","Glasslined Tank - IPP# 13893","https://ims.internationalprocessplants.com/inventory/equipment/detail/13893","14","","","","","","","","","","378.5 L (100 gallons)","","Re-glassed","","762 mm (30 in)","","","Very Clean (VC)","Full Fire Polish (FF)","","","","","1.72 bar (25 psi)","176.7 °C (350 °F)","","","","","","","","","","","Pfaudler","","Glasslined","VR-100","","","","","","","Vertical","","","","914 mm (36 in)","","Lugs","","","","","","Tank",""
"14677","Glasslined Pfaudler VR-100 Tank - IPP# 14677","https://ims.internationalprocessplants.com/inventory/equipment/detail/14677","15","","","","","","","","","","378.5 L (100 gallons)","","Re-glassed","","762 mm (30 in)","","","Very Clean (VC)","Full Fire Polish (FF)","","","","","1.72 bar (25 psi)","176.7 °C (350 °F)","","","","","","","","","","","Pfaudler","","Glasslined","VR-100","","","","","","","Vertical","","","","914 mm (36 in)","","Lugs","","","","","","Tank","Yes"
"201486","Stainless Steel Austenitic VAM  Tank - IPP# 201486","https://ims.internationalprocessplants.com/inventory/equipment/detail/201486","15","","","","","","","","","","50 L (13.2 gallons)","","Used","","355 mm (14 in)","","","","","","","","","3 bar (43.5 psi)","144 °C (291.2 °F)","","","Stainless Steel 304","","4 bar (58 psi)","144 °C (291.2 °F)","Standard","","","","VAM","","Stainless Steel Austenitic","","","","","","","","Vertical","","","","570 mm (22.4 in)","","","","","","","","Tank","Yes"
"201655","Glasslined Glascote Tank - IPP# 201655","https://ims.internationalprocessplants.com/inventory/equipment/detail/201655","12","","","","","","","","","","13,250 L (3,500 gallons)","","Used","","2,150 mm (84 in)","","","","","","","","","3.4 bar (50 psi)","232.2 °C (450 °F)","","","","","","","","","","","Glascote","Yes","Glasslined","","","","","","","","Horizontal","","","","3,350 mm (132 in)","","Lugs","","","","","","Tank",""
"202091","Stainless Steel 316 Modern Welding  Tank - IPP# 202091","https://ims.internationalprocessplants.com/inventory/equipment/detail/202091","17","","With (4) sidewall mounted straight baffles.","Sidewall Mounted Straight Baffle","","","","","","","14,400 L (3,800 gallons)","","Used","","2,450 mm (96 in)","Yes","","","","","","","","1.01 bar (14.7 psi)","176.7 °C (350 °F)","","","","","","","","","","","Modern Welding","Yes","Stainless Steel 316","","60","","1.12 kW (1.5 HP)","1,750","","","Vertical","","","","2,900 mm (114 in)","","","","","","","","Tank",""
"202233","Stainless Steel 316L Evans &amp; Sons Tank - IPP# 202233","https://ims.internationalprocessplants.com/inventory/equipment/detail/202233","11","","","","","","","","","","568 L (150 gallons)","","Used","","610 mm (24 in)","","","","","","","","","1.03 bar (15 psi)","148.9 °C (300 °F)","","","","","","","","","","","Evans & Sons","","Stainless Steel 316L","","","","","","","","Horizontal","","","","1,850 mm (72 in)","","Saddle","","","","","","Tank",""
"202370","Stainless Steel 316 Stainless Steel Process Equipment Tank - IPP# 202370","https://ims.internationalprocessplants.com/inventory/equipment/detail/202370","17","","","","","","","","","","5,300 L (1,400 gallons)","","Used","","1,850 mm (72 in)","Yes","","","","","","","","4.1 bar (60 psi)","93.3 °C (200 °F)","","","","","","","","","","","Stainless Steel Process Equipment","Yes","Stainless Steel 316","","60","3","7.5 kW (10 HP)","1,750","","","Vertical","","","","1,850 mm (72 in)","","Lugs","","","","","","Tank",""
"202535","Glasslined Pfaudler Tank - IPP# 202535","https://ims.internationalprocessplants.com/inventory/equipment/detail/202535","13","","","","","","","","","","20,000 L (5,300 gallons)","","Used","","2,700 mm (106.3 in)","","","","","","","","","10 bar (145 psi)","200 °C (392 °F)","","","","","","","","","","","Pfaudler","Yes","Glasslined","","","","","","","","Vertical","","","","4,300 mm (169.3 in)","","Lugs","","","","","","Tank","Yes"
"202559","Stainless Steel 316  Tank - IPP# 202559","https://ims.internationalprocessplants.com/inventory/equipment/detail/202559","8","","","","","","","","","","35,000 L (9,250 gallons)","","Used","","3,000 mm (118.1 in)","","","","","","","","","","","","","","","","","","","","","","Yes","Stainless Steel 316","","","","","","","","Vertical","","","","5,000 mm (196.9 in)","","","","","","","","Tank",""
"202751","Unused Stainless Steel 316L Technique Metal Tank - IPP# 202751","https://ims.internationalprocessplants.com/inventory/equipment/detail/202751","15","","","","","","","","","","1,500 L (396.3 gallons)","","Unused","","1,200 mm (47.2 in)","","","","","","","","","1.01 bar (14.7 psi)","100 °C (212 °F)","","","Stainless Steel 304L","","1 bar (14.5 psi)","120 °C (248 °F)","Standard","","","","Technique Metal","","Stainless Steel 316L","","","","","","","","Vertical","","","","1,500 mm (59.1 in)","","Lugs","","","","","","Tank",""
"202777","Stainless Steel 316 Melle Bezons Tank - IPP# 202777","https://ims.internationalprocessplants.com/inventory/equipment/detail/202777","18","","","","","","","","","","11,000 L (2,900 gallons)","","Used","","2,400 mm (94.5 in)","Yes","Yes","","","","","","","5 bar (72.5 psi)","190 °C (374 °F)","","","","","","","","","","","Melle Bezons","Yes","Stainless Steel 316","","5050","3","3 kW (4 HP)","1,430","","","Vertical","","","","2,000 mm (78.7 in)","","Legs","","","","","","Tank",""
"202803","Glasslined DeDietrich Tank - IPP# 202803","https://ims.internationalprocessplants.com/inventory/equipment/detail/202803","15","","","","","","","","","","1,300 L (343.4 gallons)","","Used","","1,400 mm (55.1 in)","","","","","","","","","6 bar (87 psi)","200 °C (392 °F)","","","","","6 bar (87 psi)","200 °C (392 °F)","","","","","DeDietrich","Yes","Glasslined","","","","","","","","Vertical","","","","800 mm (31.5 in)","","Legs","","","","","","Tank","Yes"
"202929","Glasslined Pfaudler  Tank - IPP# 202929","https://ims.internationalprocessplants.com/inventory/equipment/detail/202929","10","","","","","","","","","","39,000 L (10,300 gallons)","","Used","","2,900 mm (114.2 in)","","","","","","","","","","","","","","","","","","","","","Pfaudler","Yes","Glasslined","","","","","","","","Vertical","","","","5,500 mm (216.5 in)","","Legs","","","","","","Tank",""
"202933","Glasslined DeDietrich Tank - IPP# 202933","https://ims.internationalprocessplants.com/inventory/equipment/detail/202933","13","","","","","","","","","","10,500 L (2,750 gallons)","","Used","","2,000 mm (78.7 in)","","","","","","","","","3 bar (43.5 psi)","100 °C (212 °F)","","","","","","","","","","","DeDietrich","Yes","Glasslined","","","","","","","","Vertical","","","","2,700 mm (106.3 in)","","Legs","","","","","","Tank","Yes"
"202934","Glasslined DeDietrich Tank - IPP# 202934","https://ims.internationalprocessplants.com/inventory/equipment/detail/202934","13","","","","","","","","","","21,300 L (5,650 gallons)","","Used","","2,600 mm (102.4 in)","","","","","","","","","3 bar (43.5 psi)","200 °C (392 °F)","","","","","","","","","","","DeDietrich","Yes","Glasslined","","","","","","","","Vertical","","","","3,400 mm (133.9 in)","","Legs","","","","","","Tank","Yes"
"203001","Stainless Steel 304 Lee Industries Tank - IPP# 203001","https://ims.internationalprocessplants.com/inventory/equipment/detail/203001","15","","","","","","","","","","1,900 L (500 gallons)","","Used","","1,200 mm (48 in)","","","","","","","","","5.2 bar (75 psi)","104.4 °C (220 °F)","","","","","5.2 bar (75 psi)","193.3 °C (380 °F)","Half Pipe/Limpet","","","","Lee Industries","","Stainless Steel 304","","","","","","","","Vertical","","","","1,500 mm (60 in)","","Legs","","","","","","Tank","Yes"
"203013","Stainless Steel Pfaudler Tank - IPP# 203013","https://ims.internationalprocessplants.com/inventory/equipment/detail/203013","9","","","","","","","","","","1,900 L (500 gallons)","","Used","","1,200 mm (48 in)","","","","","","","","","","","","","","","","","","","","","Pfaudler","","Stainless Steel Other","","","","","","","","Vertical","","","","1,700 mm (66 in)","","Feet","","","","","","Tank",""
"203018","Stainless Steel 316L Paul Mueller Tank - IPP# 203018","https://ims.internationalprocessplants.com/inventory/equipment/detail/203018","16","","","","","","","","","","7,550 L (2,000 gallons)","","Used","","2,000 mm (78 in)","","","","","","","","","3.7 bar (53 psi)","182.2 °C (360 °F)","","","Stainless Steel 304","","9.3 bar (135 psi)","182.2 °C (360 °F)","Dimple","","","","Paul Mueller","Yes","Stainless Steel 316L","","","","","","","","Vertical","","","","2,000 mm (78 in)","","Legs","","","","","","Tank",""
"203031","Glasslined DeDietrich Tank - IPP# 203031","https://ims.internationalprocessplants.com/inventory/equipment/detail/203031","10","","","","","","","","","","7,550 L (2,000 gallons)","","Used","","","","","","","","","","","2.4 bar (35 psi)","204.4 °C (400 °F)","","","","","","","","","","","DeDietrich","","Glasslined","","","","","","","","Vertical","","","","","","Legs","","","","","","Tank","Yes"
"203051","Glasslined Tank - IPP# 203051","https://ims.internationalprocessplants.com/inventory/equipment/detail/203051","13","","","","","","","","","","3,800 L (1,000 gallons)","","Used","","1,500 mm (60 in)","","","","","","","","","3.4 bar (50 psi)","148.9 °C (300 °F)","","","","","","","","","","","Pfaudler","Yes","Glasslined","CV60-1000","","","","","","","Vertical","","","","1,900 mm (75 in)","","Legs","","","","","","Tank",""
"203155","Glasslined Pfaudler VR30 Tank - IPP# 203155","https://ims.internationalprocessplants.com/inventory/equipment/detail/203155","15","","","","","","","","","","113.6 L (30 gallons)","","Re-glassed","","508 mm (20 in)","","","Very Clean (VC)","Full Fire Polish (FF)","","","","","2.1 bar (30 psi)","232.2 °C (450 °F)","","","","","","","","","","","Pfaudler","","Glasslined","VR30","","","","","","","Vertical","","","","508 mm (20 in)","","Sockets for pipe legs","","","","","","Tank","Yes"
"203420","Stainless Steel 304 Asada Iron Works Tank - IPP# 203420","https://ims.internationalprocessplants.com/inventory/equipment/detail/203420","20","","","","","","","","","","6,500 L (1,700 gallons)","","Used","","1,900 mm (74.8 in)","Yes","","","","","","","","1.01 bar (14.7 psi)","","","","Carbon Steel","","1.1 bar (16 psi)","","Standard","","","","Asada Iron Works","Yes","Stainless Steel 304","","60","3","75 kW (100.6 HP)","1,200","","","Vertical","","","","2,000 mm (78.7 in)","","Lugs","","","","","","Tank","Yes"
"203544","Stainless Steel 304 Casale Ind Tank - IPP# 203544","https://ims.internationalprocessplants.com/inventory/equipment/detail/203544","13","","","","","","","","","","28,400 L (7,500 gallons)","","Used","3,100 mm (121.3 in)","3,650 mm (144 in)","","","","","","","","","","37.8 °C (100 °F)","","","","","","","","","","","Casale Ind","Yes","Stainless Steel 304","","","","","","","","Vertical","","","","1,500 mm (60 in)","","Lugs","","","","","","Tank","Yes"
"203554","Stainless Steel 316 Casale Ind Tank - IPP# 203554","https://ims.internationalprocessplants.com/inventory/equipment/detail/203554","13","","","","","","","","","","946 L (250 gallons)","","Used","","1,050 mm (42 in)","","","","","","","","","10.3 bar (150 psi)","121.1 °C (250 °F)","","","","","","","","","","","Casale Ind","Yes","Stainless Steel 316","","","","","","","","Vertical","","","","1,050 mm (42 in)","","Legs","","","","","","Tank","Yes"
"203746","Glasslined DeDietrich  Tank - IPP# 203746","https://ims.internationalprocessplants.com/inventory/equipment/detail/203746","12","","","","","","","","","","3,250 L (859 gallons)","","Used","","1,500 mm (59.1 in)","","","","","","","","","6 bar (87 psi)","200 °C (392 °F)","","","","","","","","","","","DeDietrich","Yes","Glasslined","","","","","","","","Vertical","","","","1,000 mm (39.4 in)","","Sockets for pipe legs","","","","","","Tank",""
"203961","Glasslined DeDietrich Tank - IPP# 203961","https://ims.internationalprocessplants.com/inventory/equipment/detail/203961","12","","","","","","","","","","189.3 L (50 gallons)","","Used","","914 mm (36 in)","","","","","","","","","10.3 bar (150 psi)","260 °C (500 °F)","","","","","","","","","","","DeDietrich","","Glasslined","","","","","","","","Vertical","","","","304.8 mm (12 in)","","Legs","","","","","","Tank","Yes"
"203962","Reglassed,  DeDietrich 50 gallon clamp top tank - IPP# 203962","https://ims.internationalprocessplants.com/inventory/equipment/detail/203962","14","","","","","","","","","","189.3 L (50 gallons)","","Re-glassed","","813 mm (32 in)","","","Very Clean (VC)","Full Fire Polish (FF)","","","","","10.3 bar (150 psi)","260 °C (500 °F)","","","","","","","","","","","DeDietrich","","Glasslined","","","","","","","","Vertical","","","","304.8 mm (12 in)","","Legs","","","","","","Tank","Yes"
"203965","Glasslined DeDietrich Tank - IPP# 203965","https://ims.internationalprocessplants.com/inventory/equipment/detail/203965","12","","","","","","","","","","189.3 L (50 gallons)","","Good Used Glass","","914 mm (36 in)","","","","","","","","","10.3 bar (150 psi)","260 °C (500 °F)","","","","","","","","","","","DeDietrich","","Glasslined","","","","","","","","Vertical","","","","304.8 mm (12 in)","","Legs","","","","","","Tank","Yes"
"203966","Glasslined DeDietrich Tank - IPP# 203966","https://ims.internationalprocessplants.com/inventory/equipment/detail/203966","11","","","","","","","","","","189.3 L (50 gallons)","","Needs Reglass","","914 mm (36 in)","","","","","","","","","10.3 bar (150 psi)","260 °C (500 °F)","","","","","","","","","","","DeDietrich","","Glasslined","","","","","","","","","","","","304.8 mm (12 in)","","Legs","","","","","","Tank","Yes"
"203971","Glasslined DeDietrich Tank - IPP# 203971","https://ims.internationalprocessplants.com/inventory/equipment/detail/203971","14","","","","","","","","","","189.3 L (50 gallons)","","Re-glassed","","813 mm (32 in)","","","Very Clean (VC)","Full Fire Polish (FF)","","","","","10.3 bar (150 psi)","260 °C (500 °F)","","","","","","","","","","","DeDietrich","","Glasslined","","","","","","","","Vertical","","","","279.4 mm (11 in)","","Legs","","","","","","Tank","Yes"
"203972","Glasslined DeDietrich Tank - IPP# 203972","https://ims.internationalprocessplants.com/inventory/equipment/detail/203972","14","","","","","","","","","","189.3 L (50 gallons)","","Re-glassed","","813 mm (32 in)","","","Very Clean (VC)","Full Fire Polish (FF)","","","","","10.3 bar (150 psi)","260 °C (500 °F)","","","","","","","","","","","DeDietrich","","Glasslined","","","","","","","","Vertical","","","","304.8 mm (12 in)","","Legs","","","","","","Tank","Yes"
"204045","Stainless Steel 304L Bisphoric Tank - IPP# 204045","https://ims.internationalprocessplants.com/inventory/equipment/detail/204045","12","","","","","","","","","","18,950 L (5,000 gallons)","","Used","","2,450 mm (96 in)","","","","","","","","","1.72 bar (25 psi)","148.9 °C (300 °F)","","","","","","","","","","","Bisphoric","Yes","Stainless Steel 304L","","","","","","","","Vertical","","","","3,600 mm (141 in)","","Legs","","","","","","Tank",""
"204132","Carbon Steel Clad Richard Stiehler KG Tank - IPP# 204132","https://ims.internationalprocessplants.com/inventory/equipment/detail/204132","17","","","","","","","","","","10,500 L (2,750 gallons)","Yes","Used","","1,800 mm (70.9 in)","","","","","","","","","6 bar (87 psi)","200 °C (392 °F)","","","Carbon Steel","","15 bar (217.6 psi)","300 °C (572 °F)","External Pipe Coil","","","","Richard Stiehler KG","Yes","Carbon Steel","","","","","","","","Horizontal","","","","3,450 mm (135.8 in)","","Saddle","","","","","","Tank",""
"204134","Stainless Steel Clad Apparatebau Quant Tank - IPP# 204134","https://ims.internationalprocessplants.com/inventory/equipment/detail/204134","13","","","","","","","","","","1,800 L (475.5 gallons)","Yes","Used","","1,250 mm (49.2 in)","","Yes","","","","","","","6 bar (87 psi)","300 °C (572 °F)","","","","","","","","","","","Apparatebau Quant","","Stainless Steel Other","","","","","","","","Vertical","","","","2,300 mm (90.6 in)","","Lugs","","","","","","Tank",""
"204150","Stainless Steel Austenitic Edak Tank - IPP# 204150","https://ims.internationalprocessplants.com/inventory/equipment/detail/204150","10","","","","","","","","","","630 L (166.4 gallons)","","Used","","700 mm (27.6 in)","","","","","","","","","2 bar (29 psi)","200 °C (392 °F)","","","","","","","","","","","Edak","","Stainless Steel Austenitic","","","","","","","","Horizontal","","","","1,600 mm (62.4 in)","","","","","","","","Tank",""
"204403","Glasslined DeDietrich  Tank - IPP# 204403","https://ims.internationalprocessplants.com/inventory/equipment/detail/204403","12","","","","","","","","","","1,000 L (264.2 gallons)","","Used","","1,000 mm (39.4 in)","","","","","","","","","6 bar (87 psi)","200 °C (392 °F)","","","","","","","","","","","DeDietrich","","Glasslined","","","","","","","","Vertical","","","","1,800 mm (70.9 in)","","Legs","","","","","","Tank","Yes"
"204409","Stainless Steel Austenitic Romheld  Tank - IPP# 204409","https://ims.internationalprocessplants.com/inventory/equipment/detail/204409","13","","","","","","","","","","6,300 L (1,650 gallons)","","Used","","2,000 mm (78.7 in)","","","","","","","","","3.2 bar (46.4 psi)","200 °C (392 °F)","","","","","","","","","","","Romheld","Yes","Stainless Steel Austenitic","","","","","","","","Vertical","","","","1,600 mm (63 in)","","Ring","","","","","","Tank","Yes"
"204511","Stainless Steel Austenitic Heinrich Rosen Tank - IPP# 204511","https://ims.internationalprocessplants.com/inventory/equipment/detail/204511","13","","","","","","","","","","21,400 L (5,650 gallons)","","Used","","2,000 mm (78.7 in)","","Yes","","","","","","","3 bar (43.5 psi)","100 °C (212 °F)","","","","","","0 °C (32 °F)","","","","","Heinrich Rosen","Yes","Stainless Steel Austenitic","","","","","","","","Horizontal","","","","5,950 mm (233.9 in)","","","","","","","","Tank",""
"205582","Stainless Steel 304L Feldmeier Equipment Tank - IPP# 205582","https://ims.internationalprocessplants.com/inventory/equipment/detail/205582","16","","","","","","","","","","1,900 L (500 gallons)","","Used","","1,200 mm (48 in)","","","","","","","","","3.4 bar (50 psi)","204.4 °C (400 °F)","","","Stainless Steel 304","","10.3 bar (150 psi)","204.4 °C (400 °F)","Dimple","","","","Feldmeier Equipment","","Stainless Steel 304L","","","","","","","","Vertical","","","","1,700 mm (66 in)","","Lugs","","","","","","Tank","Yes"
"205594","Stainless Steel 316L Arrow Tank - IPP# 205594","https://ims.internationalprocessplants.com/inventory/equipment/detail/205594","12","","","","","","","","","","3,800 L (1,000 gallons)","","Used","","1,700 mm (66 in)","","","","","","","","","3.4 bar (50 psi)","200 °C (392 °F)","","","","","","","","","","","Arrow Tank","","Stainless Steel 316L","","","","","","","","Vertical","","","","1,850 mm (72 in)","","Lugs","","","","","","Tank","Yes"
"205699","Glasslined DeDietrich VT4000 Tank - IPP# 205699","https://ims.internationalprocessplants.com/inventory/equipment/detail/205699","14","","","","","","","","","","15,150 L (4,000 gallons)","","Used","","2,600 mm (102 in)","","","","","","","","","2.8 bar (40 psi)","204.4 °C (400 °F)","","","","","","","","","","","DeDietrich","Yes","Glasslined","VT4000","","","","","","","Vertical","","","","2,400 mm (94 in)","","Legs","","","","","","Tank","Yes"
"205850","Stainless Steel 316 Lee Industries Tank - IPP# 205850","https://ims.internationalprocessplants.com/inventory/equipment/detail/205850","11","","","","","","","","","","568 L (150 gallons)","","Used","","813 mm (32 in)","","","","","","","","","1.03 bar (15 psi)","121.1 °C (250 °F)","","","","","","","","","","","Lee Industries","","Stainless Steel 316","","","","","","","","Vertical","","","","1,100 mm (44 in)","","Caster","","","","","","Tank",""
"205862","Stainless Steel 321 Northland Stainless Tank - IPP# 205862","https://ims.internationalprocessplants.com/inventory/equipment/detail/205862","15","","","","","","","","","","757 L (200 gallons)","","Used","","914 mm (36 in)","","","","","","","","","2.1 bar (30 psi)","176.7 °C (350 °F)","","","","","6.9 bar (100 psi)","176.7 °C (350 °F)","Dimple","","","","Northland Stainless","","Stainless Steel 321","","","","","","","","Vertical","","","","965 mm (38 in)","","Lugs","","","","","","Tank","Yes"
"205981","Glasslined Pfaudler Tank - IPP# 205981","https://ims.internationalprocessplants.com/inventory/equipment/detail/205981","14","","","","","","","","","","7,100 L (1,900 gallons)","","Used","","1,850 mm (72 in)","","Yes","","","","","","","1.03 bar (15 psi)","232.2 °C (450 °F)","","","","","","","","","","","Pfaudler","Yes","Glasslined","","","","","","","","Horizontal","","","","2,350 mm (93 in)","","Sockets for pipe legs","","","","","","Tank","Yes"
"205982","Glasslined Pfaudler Tank - IPP# 205982","https://ims.internationalprocessplants.com/inventory/equipment/detail/205982","13","","","","","","","","","","7,100 L (1,900 gallons)","","Used","","1,850 mm (72 in)","","","","","","","","","1.03 bar (15 psi)","232.2 °C (450 °F)","","","","","","","","","","","Pfaudler","Yes","Glasslined","","","","","","","","Horizontal","","","","2,350 mm (93 in)","","Sockets for pipe legs","","","","","","Tank","Yes"
"206204","Titanium Permascand Tank - IPP# 206204","https://ims.internationalprocessplants.com/inventory/equipment/detail/206204","17","","","","","","","","","","6,650 L (1,750 gallons)","","Used","","1,800 mm (70.9 in)","","Yes","","","","","","","1 bar (14.5 psi)","50 °C (122 °F)","","","Titanium","","5 bar (72.5 psi)","50 °C (122 °F)","Internal Pipe Coil","","","","Permascand","Yes","Titanium","","","","","","","","Vertical","","","","2,250 mm (88.6 in)","","Lugs","","","","","","Tank",""
"206206","Titanium Permascand Tank - IPP# 206206","https://ims.internationalprocessplants.com/inventory/equipment/detail/206206","19","","","","","","","","","","5,400 L (1,450 gallons)","","Used","","1,900 mm (74.8 in)","Yes","Yes","","","","","","","1 bar (14.5 psi)","120 °C (248 °F)","","","","","","","","","","","Permascand","Yes","Titanium","","50","3","2.5 kW (3.4 HP)","1,415","","","Vertical","","","","1,400 mm (55.1 in)","","Lugs","","","","","","Tank","Yes"
"206637","Stainless Steel 304 Tank - IPP# 206637","https://ims.internationalprocessplants.com/inventory/equipment/detail/206637","12","","","","","","","","","","3,050 L (800 gallons)","","Used","","1,500 mm (60 in)","","","","","","","","","3.1 bar (45 psi)","148.9 °C (300 °F)","","","","","","","","","","","Kennedy Tank","Yes","Stainless Steel 304","","","","","","","","Vertical","","","","2,150 mm (84 in)","","Lugs","","","","","","Tank",""
"206640","Stainless Steel 316 Tank - IPP# 206640","https://ims.internationalprocessplants.com/inventory/equipment/detail/206640","12","","","","","","","","","","189.3 L (50 gallons)","","Used","","610 mm (24 in)","","","","","","","","","3.4 bar (50 psi)","343.3 °C (650 °F)","","","","","","","","","","","Cream City Boiler","","Stainless Steel 316","","","","","","","","Vertical","","","","991 mm (39 in)","","Legs","","","","","","Tank","Yes"
"206789","Glasslined Tank - IPP# 206789","https://ims.internationalprocessplants.com/inventory/equipment/detail/206789","16","","","Finger Baffle","","","","","","","11,350 L (3,000 gallons)","","Used","","","Yes","","","","","","","","1.03 bar (15 psi)","93.3 °C (200 °F)","","","","","","","","","","","Pfaudler","Yes","Glasslined","PSA-3000","","","5.6 kW (7.5 HP)","1,755","","","Vertical","","","","","","Lugs","","","","","","Tank","Yes"
"206958","Glasslined DeDietrich  Tank - IPP# 206958","https://ims.internationalprocessplants.com/inventory/equipment/detail/206958","14","","","","","","","","","","2,550 L (670 gallons)","","Re-glassed","","1,200 mm (48 in)","","","Very Clean (VC)","Full Fire Polish (FF)","","","","","3 bar (43.5 psi)","200 °C (392 °F)","","","","","","","","","","","DeDietrich","","Glasslined","","","","","","","","Horizontal","","","","2,150 mm (84 in)","","Saddle","","","","","","Tank","Yes"
"207123","Stainless Steel 317 JENS OLSEN  Tank - IPP# 207123","https://ims.internationalprocessplants.com/inventory/equipment/detail/207123","21","","4-baffles on sidewall","Flat Vertical","","","","","","","2,400 L (634 gallons)","","Used","","1,400 mm (55.1 in)","Yes","","","","","","","","1.5 bar (21.8 psi)","","","","Carbon Steel","","2 bar (29 psi)","","Half Pipe/Limpet","","","","JENS OLSEN","Yes","Stainless Steel 317","","50","3","3 kW (4 HP)","1,420","","","Vertical","","","","1,400 mm (55.1 in)","","Lugs","","","","","","Tank",""
"207127","Stainless Steel 317  Tank - IPP# 207127","https://ims.internationalprocessplants.com/inventory/equipment/detail/207127","11","","","","","","","","","","2,400 L (634 gallons)","","Used","","","Yes","","","","","","","","","","","","Carbon Steel","","","","Half Pipe/Limpet","","","","","","Stainless Steel 317","","50","3","2.8 kW (3.8 HP)","1,460","","","","","","","","","","","","","","","Tank",""
"207259","Glasslined DeDietrich  Tank - IPP# 207259","https://ims.internationalprocessplants.com/inventory/equipment/detail/207259","12","","","","","","","","","","2,450 L (645 gallons)","","Used","","1,400 mm (55.1 in)","","","","","","","","","3 bar (43.5 psi)","200 °C (392 °F)","","","","","","","","","","","DeDietrich","Yes","Glasslined","","","","","","","","Vertical","","","","1,800 mm (70.9 in)","","Legs","","","","","","Tank",""
"207416","Stainless Steel 321 Lee  Tank - IPP# 207416","https://ims.internationalprocessplants.com/inventory/equipment/detail/207416","11","","","","","","","","","","757 L (200 gallons)","","Used","","914 mm (36 in)","","","","","","","","","1.03 bar (15 psi)","121.1 °C (250 °F)","","","","","","","","","","","Lee Industries","","Stainless Steel 321","","","","","","","","Vertical","","","","914 mm (36 in)","","Caster","","","","","","Tank",""
"207477","Stainless Steel 316 Tank - IPP# 207477","https://ims.internationalprocessplants.com/inventory/equipment/detail/207477","14","","","","","","","","","","757 L (200 gallons)","","Used","","914 mm (36 in)","","","","","","","","","1.03 bar (15 psi)","100 °C (212 °F)","","","","","","","","","","","DCI","Yes","Stainless Steel 316","","","","","","","","Vertical","","Yes","","1,200 mm (47 in)","","Legs","","","","","","Tank","Yes"
"207577","Stainless Steel 304 Tank - IPP# 207577","https://ims.internationalprocessplants.com/inventory/equipment/detail/207577","14","","","","","","","","","","3,300 L (875 gallons)","","Used","","1,350 mm (54 in)","","","","","","","","","3.4 bar (50 psi)","160 °C (320 °F)","","","","","","","","","","","Gaston County","Yes","Stainless Steel 304","","3","","1.49 kW (2 HP)","","","","Vertical","","","","2,150 mm (84 in)","","Legs","","","","","","Tank",""
"207654","Stainless Steel 304 Tank - IPP# 207654","https://ims.internationalprocessplants.com/inventory/equipment/detail/207654","15","","","","","","","","","","1,150 L (300 gallons)","","Used","","914 mm (36 in)","","","","","","","","","3.4 bar (50 psi)","176.7 °C (350 °F)","","","","","6.9 bar (100 psi)","176.7 °C (350 °F)","Half Pipe/Limpet","","","","Gaston County","Yes","Stainless Steel 304","","","","","","","","Vertical","","","","1,650 mm (64 in)","","Legs","","","","","","Tank",""
"207665","Stainless Steel 304 Tank - IPP# 207665","https://ims.internationalprocessplants.com/inventory/equipment/detail/207665","13","","","","","","","","","","11,350 L (3,000 gallons)","","Used","","1,850 mm (72 in)","","","","","","","","","5.2 bar (75 psi)","148.9 °C (300 °F)","","","","","","","","","","","Terre Haute Boiler","Yes","Stainless Steel 304","","","","","","","","Vertical","","","","4,250 mm (168 in)","","Legs","","","","","","Tank","Yes"
"207667","Stainless Steel 304 Tank - IPP# 207667","https://ims.internationalprocessplants.com/inventory/equipment/detail/207667","10","","","","","","","","","","11,350 L (3,000 gallons)","","Used","","1,850 mm (72 in)","","","","","","","","","4.1 bar (60 psi)","160 °C (320 °F)","","","","","","","","","","","Gaston County","","Stainless Steel 304","","","","","","","","Vertical","","","","4,250 mm (168 in)","","","","","","","","Tank",""
"207815","Stainless Steel 304 Tank - IPP# 207815","https://ims.internationalprocessplants.com/inventory/equipment/detail/207815","11","","","","","","","","","","4,900 L (1,300 gallons)","","Used","","1,850 mm (72 in)","","","","","","","","","1.03 bar (15 psi)","93.3 °C (200 °F)","","","","","","","","","","","Continental","","Stainless Steel 304","","","","","","","","Vertical","","","","1,300 mm (52 in)","","Legs","","","","","","Tank",""
"207816","Stainless Steel 304 Tank - IPP# 207816","https://ims.internationalprocessplants.com/inventory/equipment/detail/207816","12","","","","","","","","","","4,900 L (1,300 gallons)","","Used","","1,850 mm (72 in)","","","","","","","","","1.03 bar (15 psi)","93.3 °C (200 °F)","","","","","","","","","","","Continental","Yes","Stainless Steel 304","","","","","","","","Vertical","","","","1,300 mm (52 in)","","Legs","","","","","","Tank",""
"207956","Stainless Steel 316 Clad Davy Powergas  Tank - IPP# 207956","https://ims.internationalprocessplants.com/inventory/equipment/detail/207956","13","","","","","","","","","","16,300 L (4,300 gallons)","Yes","Used","","1,500 mm (60 in)","","","","","","","","","24.1 bar (350 psi)","343.3 °C (650 °F)","","","","","","","","","","","Davy Powergas","Yes","Stainless Steel 316","","","","","","","","Vertical","","","","8,550 mm (336 in)","","Skirt","","","","","","Tank",""
"207958","Stainless Steel 316 Clad Downingtown  Tank - IPP# 207958","https://ims.internationalprocessplants.com/inventory/equipment/detail/207958","12","","","","","","","","","","12,500 L (3,300 gallons)","Yes","Used","","1,500 mm (60 in)","","","","","","","","","21.4 bar (310 psi)","343.3 °C (650 °F)","","","","","","","","","","","Downingtown","","Stainless Steel 316","","","","","","","","Vertical","","","","6,400 mm (252 in)","","Skirt","","","","","","Tank",""
"208235","Stainless Steel 316 Fritz Rauscher  Tank - IPP# 208235","https://ims.internationalprocessplants.com/inventory/equipment/detail/208235","12","","","","","","","","","","1,500 L (396.3 gallons)","","Used","","1,100 mm (43.3 in)","","","","","","","","","2.5 bar (36.3 psi)","100 °C (212 °F)","","","","","","","","","","","Fritz Rauscher","","Stainless Steel Austenitic","","","","","","","","Vertical","","","","1,900 mm (74 in)","","Legs","","","","","","Tank","Yes"
"208236","Stainless Steel 316 Fritz Rauscher  Tank - IPP# 208236","https://ims.internationalprocessplants.com/inventory/equipment/detail/208236","12","","","","","","","","","","1,500 L (396.3 gallons)","","Used","","1,100 mm (43.3 in)","","","","","","","","","2.5 bar (36.3 psi)","100 °C (212 °F)","","","","","","","","","","","Fritz Rauscher","","Stainless Steel Austenitic","","","","","","","","Vertical","","","","1,900 mm (74 in)","","Legs","","","","","","Tank","Yes"
"208249","Glasslined DeDietrich  Tank - IPP# 208249","https://ims.internationalprocessplants.com/inventory/equipment/detail/208249","14","","","","","","","","","","2,500 L (660 gallons)","","Used","","1,400 mm (55.1 in)","","","","","","","","","3 bar (43.5 psi)","200 °C (392 °F)","","","","","","","","","","","DeDietrich","Yes","Glasslined","CSV-2700","","","","","","","Vertical","","","","2,000 mm (78.7 in)","","Legs","","","","","","Tank","Yes"
"208289","Glasslined Pfaudler VD-100 Tank - IPP# 208289","https://ims.internationalprocessplants.com/inventory/equipment/detail/208289","13","","","","","","","","","","114 L (30.1 gallons)","","Used","","508 mm (20 in)","","","","","","","","","6 bar (87 psi)","200 °C (392 °F)","","","","","","","","","","","Pfaudler","","Glasslined","VD-100","","","","","","","Vertical","","","","665 mm (26.2 in)","","Lugs","","","","","","Tank","Yes"
"208292","Glasslined Pfaudler VD-100 Tank - IPP# 208292","https://ims.internationalprocessplants.com/inventory/equipment/detail/208292","13","","","","","","","","","","114 L (30.1 gallons)","","Used","","500 mm (19.7 in)","","","","","","","","","6 bar (87 psi)","200 °C (392 °F)","","","","","","","","","","","Pfaudler","","Glasslined","VD-100","","","","","","","Vertical","","","","489 mm (19.3 in)","","Lugs","","","","","","Tank","Yes"
"208318","Stainless Steel Austenitic Gerhard &amp; Rauh  Tank - IPP# 208318","https://ims.internationalprocessplants.com/inventory/equipment/detail/208318","9","","","","","","","","","","3,000 L (793 gallons)","","Used","","1,150 mm (44.9 in)","","","","","","","","","","","","","","","","","","","","","Gerharb & Rauh","","Stainless Steel Austenitic","","","","","","","","Horizontal","","","","2,400 mm (94.5 in)","","Legs","","","","","","Tank",""
"208334","Glasslined Technoglass  Tank - IPP# 208334","https://ims.internationalprocessplants.com/inventory/equipment/detail/208334","13","","","","","","","","","","1,750 L (466.3 gallons)","","Used","","1,000 mm (39.4 in)","","","","","","","","","3 bar (43.5 psi)","200 °C (392 °F)","","","","","","","","","","","Technoglass","","Glasslined","HT1600","","","","","","","Horizontal","","","","2,100 mm (82.7 in)","","Saddle","","","","","","Tank","Yes"
"208335","Glasslined Tank - IPP# 208335","https://ims.internationalprocessplants.com/inventory/equipment/detail/208335","11","","","","","","","","","","210 L (55.5 gallons)","","Re-glassed","","600 mm (23.6 in)","","","","","","","","","6 bar (87 psi)","200 °C (392 °F)","","","","","","","","","","","DeDietrich","","Glasslined","","","","","","","","Vertical","","","","550 mm (21.7 in)","","Lugs","","","","","","Tank",""
"208340","Glasslined DeDietrich CSH-1000 Tank - IPP# 208340","https://ims.internationalprocessplants.com/inventory/equipment/detail/208340","14","","","","","","","","","","1,750 L (462.3 gallons)","","Used","","1,000 mm (39.4 in)","","","","","","","","","6 bar (87 psi)","200 °C (392 °F)","","","","","","","","","","","DeDietrich","Yes","Glasslined","CSH-1000","","","","","","","Horizontal","","","","2,500 mm (98.4 in)","","Saddle","","","","","","Tank","Yes"
"208352","Glasslined DeDietrich  Tank - IPP# 208352","https://ims.internationalprocessplants.com/inventory/equipment/detail/208352","13","","","","","","","","","","1,600 L (422.7 gallons)","","Used","","1,100 mm (43.3 in)","","","","","","","","","3 bar (43.5 psi)","200 °C (392 °F)","","","","","","","","","","","DeDietrich","Yes","Glasslined","","","","","","","","Vertical","","","","1,100 mm (43.3 in)","","Legs","","","","","","Tank","Yes"
"208396","Plastic Formoplast Kunststofftechnik GmbH PE-HD Tank - IPP# 208396","https://ims.internationalprocessplants.com/inventory/equipment/detail/208396","11","","","","","","","","","","30,000 L (7,950 gallons)","","Used","","3,000 mm (118.1 in)","","","","","","","","","","30 °C (86 °F)","","","","","","","","","","","Formoplast Kunststofftechnik GmbH","Yes","Plastic","PE-HD","","","","","","","Vertical","","","","4,200 mm (165.4 in)","","","","","","","","Tank",""
"208399","Stainless Steel Austenitic Fritz Rauscher Tank - IPP# 208399","https://ims.internationalprocessplants.com/inventory/equipment/detail/208399","13","","","","","","","","","","2,000 L (528 gallons)","","Used","","1,100 mm (43.3 in)","","","","","","","","","3 bar (43.5 psi)","50 °C (122 °F)","","","","","","","","","","","Fritz Rauscher","Yes","Stainless Steel Austenitic","","","","","","","","Horizontal","","","","2,300 mm (90.9 in)","","Saddle","","","","","","Tank","Yes"
"208402","Stainless Steel 316 Gerhard &amp; Rauh  Tank - IPP# 208402","https://ims.internationalprocessplants.com/inventory/equipment/detail/208402","11","","","","","","","","","","1,000 L (264.2 gallons)","","Used","","1,000 mm (39.4 in)","","","","","","","","","3 bar (43.5 psi)","150 °C (302 °F)","","","","","","","","","","","Gerharb & Rauh","","Stainless Steel 316","","","","","","","","Vertical","","","","1,000 mm (39.4 in)","","","","","","","","Tank","Yes"
"208439","Stainless Steel 304 Edak  Tank - IPP# 208439","https://ims.internationalprocessplants.com/inventory/equipment/detail/208439","13","","","","","","","","","","1,600 L (422.7 gallons)","","Used","","1,100 mm (43.3 in)","","","","","","","","","2 bar (29 psi)","200 °C (392 °F)","","","","","","","","","","","Edak","Yes","Stainless Steel 304","","","","","","","","Horizontal","","","","1,600 mm (62 in)","","Legs","","","","","","Tank","Yes"
"208440","Stainless Steel 304 Edak  Tank - IPP# 208440","https://ims.internationalprocessplants.com/inventory/equipment/detail/208440","13","","","","","","","","","","1,600 L (422.7 gallons)","","Used","","1,100 mm (43.3 in)","","","","","","","","","2 bar (29 psi)","200 °C (392 °F)","","","","","","","","","","","Edak","Yes","Stainless Steel 304","","","","","","","","Horizontal","","","","1,600 mm (62 in)","","Legs","","","","","","Tank","Yes"
"208461","Stainless Steel Austenitic  Tank - IPP# 208461","https://ims.internationalprocessplants.com/inventory/equipment/detail/208461","14","","4-baffles on sidewall","","","","","","","","5,000 L (1,300 gallons)","","Used","","2,000 mm (78.7 in)","Yes","","","","","","","","","","","","","","","","","","","","","","Stainless Steel Austenitic","","50","3","3 kW (4 HP)","1,400","","","Vertical","","","","2,000 mm (78.7 in)","","Legs","","","","","","Tank",""
"208487","Stainless Steel 316 Technolchi srl  Tank - IPP# 208487","https://ims.internationalprocessplants.com/inventory/equipment/detail/208487","12","","","","","","","","","","500 L (132.1 gallons)","","Used","","","Yes","","","","","","","","1.01 bar (14.7 psi)","60 °C (140 °F)","","","","","","","","","","","Technolchi S.r.l.","","Stainless Steel 316","","","","1.3 kW (1.74 HP)","1,705","","","Vertical","","","","","","Legs","","","","","","Tank",""
"208488","Stainless Steel 316 Technolchi srl  Tank - IPP# 208488","https://ims.internationalprocessplants.com/inventory/equipment/detail/208488","13","","","","","","","","","","500 L (132.1 gallons)","","Used","","","Yes","","","","","","","","1.01 bar (14.7 psi)","60 °C (140 °F)","","","","","","","","","","","Technolchi S.r.l.","","Stainless Steel 316","","60","","1.3 kW (1.74 HP)","1,705","","","Vertical","","","","","","Lugs","","","","","","Tank",""
"208489","Stainless Steel 316 Technolchi srl  Tank - IPP# 208489","https://ims.internationalprocessplants.com/inventory/equipment/detail/208489","11","","","","","","","","","","500 L (132.1 gallons)","","Used","","","","","","","","","","","1.01 bar (14.7 psi)","60 °C (140 °F)","","","","","","","","","","","Technolchi S.r.l.","","Stainless Steel 316","","","","1.3 kW (1.74 HP)","1,705","","","Vertical","","","","","","Lugs","","","","","","Tank",""
"208490","Stainless Steel 316 Technolchi srl  Tank - IPP# 208490","https://ims.internationalprocessplants.com/inventory/equipment/detail/208490","11","","","","","","","","","","500 L (132.1 gallons)","","Used","","","","","","","","","","","1.01 bar (14.7 psi)","60 °C (140 °F)","","","","","","","","","","","Technolchi S.r.l.","","Stainless Steel 316","","","","1.3 kW (1.74 HP)","1,705","","","Vertical","","","","","","Lugs","","","","","","Tank",""
"208538","Stainless Steel 316 Tank - IPP# 208538","https://ims.internationalprocessplants.com/inventory/equipment/detail/208538","13","","","","","","","","","","6,050 L (1,600 gallons)","","Used","","1,350 mm (54 in)","","","","","","","","","1.03 bar (15 psi)","121.1 °C (250 °F)","","","","","","","","","","","Industrial Alloy Fabricators","Yes","Stainless Steel 316L","","","","","","","","Vertical","","","","3,650 mm (144 in)","","Legs","","","","","","Tank","Yes"
"20888","Carbon Steel AO Smith Tank - IPP# 20888","https://ims.internationalprocessplants.com/inventory/equipment/detail/20888","12","","","","","","","","","","2,650 L (700 gallons)","","Used","","1,050 mm (42 in)","","","","","","","","","39.6 bar (575 psi)","232.2 °C (450 °F)","","","","","","","","","","","AO Smith","Yes","Carbon Steel","","","","","","","","Horizontal","","","","2,900 mm (114 in)","","Saddle","","","","","","Tank",""
"209174","Glasslined Tank - IPP# 209174","https://ims.internationalprocessplants.com/inventory/equipment/detail/209174","13","","","","","","","","","","15,150 L (4,000 gallons)","","Used","","2,550 mm (100 in)","","","","","","","","","2.4 bar (35 psi)","232.2 °C (450 °F)","","","","","","","","","","","Pfaudler","Yes","Glasslined","","","","","","","","Horizontal","","","","2,050 mm (80 in)","","Legs","","","","","","Tank","Yes"
"209319","Glasslined DeDietrich Tank - IPP# 209319","https://ims.internationalprocessplants.com/inventory/equipment/detail/209319","14","","","","","","","","","","378.5 L (100 gallons)","","Re-glassed","","813 mm (32 in)","","","Very Clean (VC)","Full Fire Polish (FF)","","","","","9 bar (130 psi)","260 °C (500 °F)","","","","","","","","","","","DeDietrich","","Glasslined","","","","","","","","Vertical","","","","762 mm (30 in)","","Other","","","","","","Tank","Yes"
"209464","Stainless Steel 316L Walker Stainless Tank - IPP# 209464","https://ims.internationalprocessplants.com/inventory/equipment/detail/209464","13","","","","","","","","","","568 L (150 gallons)","","Used","","762 mm (30 in)","","","","","","","","","8.6 bar (125 psi)","162.8 °C (325 °F)","","","","","","","","","","","Walker Stainless","","Stainless Steel 316L","G-095 A W","","","","","","","Vertical","","","","1,200 mm (48 in)","","Lugs","","","","","","Tank","Yes"
"209705","Unused Stainless Steel 316 Tank - IPP# 209705","https://ims.internationalprocessplants.com/inventory/equipment/detail/209705","13","","","","","","","","","","700 L (185 gallons)","","Unused","","813 mm (32 in)","","","","","","","","","3.4 bar (50 psi)","162.8 °C (325 °F)","","","","","","","","","","","Perry Products Co.","","Stainless Steel 316","HDDX-185","","","","","","","Vertical","","","","1,500 mm (60 in)","","Legs","","","","","","Tank","Yes"
"209708","Stainless Steel 321 Tank - IPP# 209708","https://ims.internationalprocessplants.com/inventory/equipment/detail/209708","8","","","","","","","","","","340.7 L (90 gallons)","","Used","","660 mm (26 in)","","","","","","","","","","","","","","","","","","","","","","","Stainless Steel 321","","","","","","","","Vertical","","","","914 mm (36 in)","","Lugs","","","","","","Tank",""
"209872","Stainless Steel 316 H. Pontifex &amp; Sons Ltd. Tank - IPP# 209872","https://ims.internationalprocessplants.com/inventory/equipment/detail/209872","17","","With (4) internal baffles on sidewall.","Sidewall Mounted Straight Baffle","","","","","","","25,000 L (6,600 gallons)","","Used","","2,900 mm (114.2 in)","Yes","","","","","","","","1.01 bar (14.7 psi)","60 °C (140 °F)","","","","","","","","","","","H.Pontifex & sons ltd","Yes","Stainless Steel 316","","","","3 kW (4 HP)","1,440","","","Vertical","","","","3,750 mm (147.6 in)","","Lugs","","","","","","Tank",""
"209876","Stainless Steel 316 H. Pontifex &amp; Sons LTD Tank - IPP# 209876","https://ims.internationalprocessplants.com/inventory/equipment/detail/209876","19","","With (4) internal baffles on sidewall.","","","","","","","","10,000 L (2,650 gallons)","","Used","","2,250 mm (88.5 in)","Yes","","","","","","","","1.01 bar (14.7 psi)","95 °C (203 °F)","","","","","4.1 bar (60 psi)","150 °C (302 °F)","Half Pipe/Limpet","","","","H.Pontifex & sons ltd","","Stainless Steel 316","","50","","2.2 kW (3 HP)","1,415","","","Vertical","","","","2,300 mm (91.3 in)","","Lugs","","","","","","Tank",""
"209882","Stainless Steel 316 Bibby  Tank - IPP# 209882","https://ims.internationalprocessplants.com/inventory/equipment/detail/209882","12","","","","","","","","","","10,000 L (2,650 gallons)","","Used","","2,550 mm (100 in)","","","","","","","","","1.01 bar (14.7 psi)","50 °C (122 °F)","","","","","","","","","","","Bibby","Yes","Stainless Steel 316L","","","","","","","","Vertical","","","","2,000 mm (78 in)","","Base Mounted","","","","","","Tank",""
"209884","Stainless Steel 316  Tank - IPP# 209884","https://ims.internationalprocessplants.com/inventory/equipment/detail/209884","9","","","","","","","","","","780 L (206 gallons)","","Used","","989 mm (38.9 in)","","","","","","","","","1.01 bar (14.7 psi)","","","","","","","","","","","","","","Stainless Steel 316L","","","","","","","","Vertical","","","","913 mm (35.9 in)","","Legs","","","","","","Tank",""
"209885","Stainless Steel 316  Tank - IPP# 209885","https://ims.internationalprocessplants.com/inventory/equipment/detail/209885","9","","","","","","","","","","780 L (206 gallons)","","Used","","989 mm (38.9 in)","","","","","","","","","1.01 bar (14.7 psi)","","","","","","","","","","","","","","Stainless Steel 316L","","","","","","","","Vertical","","","","913 mm (35.9 in)","","Legs","","","","","","Tank",""
"209917","Stainless Steel 304 John Dore &amp; Co Ltd  Tank - IPP# 209917","https://ims.internationalprocessplants.com/inventory/equipment/detail/209917","12","","","","","","","","","","836 L (220.8 gallons)","","Used","","914 mm (36 in)","","","","","","","","","3.8 bar (54.9 psi)","100 °C (212 °F)","","","","","","","","","","","John Dore & Co LTD.","","Stainless Steel 304","","","","","","","","Vertical","","","","1,200 mm (48 in)","","Legs","","","","","","Tank","Yes"
"209918","Stainless Steel 304 John Dore &amp; Co Ltd  Tank - IPP# 209918","https://ims.internationalprocessplants.com/inventory/equipment/detail/209918","12","","","","","","","","","","836 L (220.8 gallons)","","Used","","914 mm (36 in)","","","","","","","","","3.8 bar (54.9 psi)","100 °C (212 °F)","","","","","","","","","","","John Dore & Co LTD.","","Stainless Steel 304","","","","","","","","Vertical","","","","1,200 mm (48 in)","","Legs","","","","","","Tank","Yes"
"209919","Stainless Steel 304 John Dore &amp; Co Ltd  Tank - IPP# 209919","https://ims.internationalprocessplants.com/inventory/equipment/detail/209919","12","","","","","","","","","","836 L (220.8 gallons)","","Used","","914 mm (36 in)","","","","","","","","","3.8 bar (54.9 psi)","100 °C (212 °F)","","","","","","","","","","","John Dore & Co LTD.","","Stainless Steel 304","","","","","","","","Vertical","","","","1,200 mm (48 in)","","Legs","","","","","","Tank","Yes"
"209920","Stainless Steel 304 John Dore &amp; Co Ltd  Tank - IPP# 209920","https://ims.internationalprocessplants.com/inventory/equipment/detail/209920","12","","","","","","","","","","836 L (220.8 gallons)","","Used","","914 mm (36 in)","","","","","","","","","3.8 bar (54.9 psi)","100 °C (212 °F)","","","","","","","","","","","John Dore & Co LTD.","","Stainless Steel 304","","","","","","","","Vertical","","","","1,200 mm (48 in)","","Legs","","","","","","Tank","Yes"
"209922","Stainless Steel 304L John Dore &amp; Co LTD. Tank - IPP# 209922","https://ims.internationalprocessplants.com/inventory/equipment/detail/209922","12","","","","","","","","","","1,000 L (264.2 gallons)","","Used","","1,050 mm (41.7 in)","","","","","","","","","3.8 bar (54.9 psi)","190 °C (374 °F)","","","","","","","","","","","John Dore & Co LTD.","","Stainless Steel 304L","","","","","","","","Vertical","","","","1,050 mm (42 in)","","Legs","","","","","","Tank","Yes"
"209928","Stainless Steel 304 S.S.V Ltd  Tank - IPP# 209928","https://ims.internationalprocessplants.com/inventory/equipment/detail/209928","14","","","","","","","","","","5,000 L (1,300 gallons)","","Used","","1,850 mm (72 in)","","","","","","","","","3.8 bar (54.9 psi)","190 °C (374 °F)","","","","","","","","","","Yes","S.S.V Ltd","Yes","Stainless Steel 304","","","","","","","","Vertical","","","","1,550 mm (61 in)","","Legs","","","","","","Tank","Yes"
"209931","Stainless Steel 304 S.S.V Ltd  Tank - IPP# 209931","https://ims.internationalprocessplants.com/inventory/equipment/detail/209931","14","","","","","","","","","","5,000 L (1,300 gallons)","","Used","","1,850 mm (72 in)","","","","","","","","","3.8 bar (54.9 psi)","190 °C (374 °F)","","","","","","","","","","Yes","S.S.V Ltd","Yes","Stainless Steel 304","","","","","","","","Vertical","","","","1,550 mm (61 in)","","Legs","","","","","","Tank","Yes"
"209938","Stainless Steel 304 S.S.V Ltd  Tank - IPP# 209938","https://ims.internationalprocessplants.com/inventory/equipment/detail/209938","14","","","","","","","","","","5,000 L (1,300 gallons)","","Used","","1,850 mm (72 in)","","","","","","","","","3.8 bar (54.9 psi)","190 °C (374 °F)","","","","","","","","","","Yes","S.S.V Ltd","Yes","Stainless Steel 304","","","","","","","","Vertical","","","","1,550 mm (61 in)","","Legs","","","","","","Tank","Yes"
"209939","Glasslined Henry Balfour &amp; co ltd  Tank - IPP# 209939","https://ims.internationalprocessplants.com/inventory/equipment/detail/209939","14","","","","","","","","","","5,000 L (1,300 gallons)","","Used","","1,800 mm (71.1 in)","","","","","","","","","3.8 bar (54.9 psi)","180 °C (356 °F)","","","","","","","","","","Yes","Henry Balfour & Co. LTD.","Yes","Glasslined","","","","","","","","Vertical","","","","1,550 mm (61 in)","","Legs","","","","","","Tank","Yes"
"209941","Stainless Steel 304 S.S.V Ltd  Tank - IPP# 209941","https://ims.internationalprocessplants.com/inventory/equipment/detail/209941","14","","","","","","","","","","5,000 L (1,300 gallons)","","Used","","1,850 mm (72 in)","","","","","","","","","3.8 bar (54.9 psi)","190 °C (374 °F)","","","","","","","","","","Yes","S.S.V Ltd","Yes","Stainless Steel 304","","","","","","","","Vertical","","","","1,550 mm (61 in)","","Legs","","","","","","Tank","Yes"
"210268","Glasslined Pfaudler VD-800 Tank - IPP# 210268","https://ims.internationalprocessplants.com/inventory/equipment/detail/210268","11","","","","","","","","","","897 L (237 gallons)","","Used","","620 mm (24.4 in)","","","","","","","","","7.8 bar (113.8 psi)","200 °C (392 °F)","","","","","","","","","","","Pfaudler","","Glasslined","VD-800","","","","","","","Vertical","","","","","","Lugs","","","","","","Tank",""
"210270","Glasslined Tank - IPP# 210270","https://ims.internationalprocessplants.com/inventory/equipment/detail/210270","13","","","","","","","","","","20,150 L (5,300 gallons)","","Used","","2,000 mm (78.7 in)","","","","","","","","","3 bar (43.5 psi)","100 °C (212 °F)","","","","","","","","","","","Pfaudler","Yes","Glasslined","","","","","","","","Horizontal","","","","6,100 mm (239.8 in)","","Saddle","","","","","","Tank","Yes"
"210271","Glasslined Pfaudler CH16000 Tank - IPP# 210271","https://ims.internationalprocessplants.com/inventory/equipment/detail/210271","14","","","","","","","","","","17,500 L (4,600 gallons)","","Used","","2,000 mm (78.7 in)","","","","","","","","","3 bar (43.5 psi)","100 °C (212 °F)","","","","","","","","","","","Pfaudler","Yes","Glasslined","CH16000","","","","","","","Horizontal","","","","5,150 mm (202.8 in)","","Saddle","","","","","","Tank","Yes"
"210283","Stainless Steel 304 Consolidated Fabricators  Tank - IPP# 210283","https://ims.internationalprocessplants.com/inventory/equipment/detail/210283","11","","","","","","","","","","15,900 L (4,200 gallons)","","Used","","1,850 mm (72 in)","","","","","","","","","2.4 bar (35 psi)","204.4 °C (400 °F)","","","","","","","","","","","Consolidated Fabricators","","Stainless Steel 304","","","","","","","","Vertical","","","","457.2 mm (18 in)","","Skirt","","","","","","Tank",""
"210774","Stainless Steel 316 Grindsted Denmark  Tank - IPP# 210774","https://ims.internationalprocessplants.com/inventory/equipment/detail/210774","22","","","","","","","","","","3,650 L (967 gallons)","","Used","","1,600 mm (63 in)","Yes","","","","","","","","1 bar (14.5 psi)","146.2 °C (295.2 °F)","","","Stainless Steel 316","","3.3 bar (47.9 psi)","146.2 °C (295.2 °F)","Half Pipe/Limpet","","","","Grindsted Denmark","Yes","Stainless Steel 316L","","50","3","4 kW (5.4 HP)","950","","","Vertical","","","","1,450 mm (56.5 in)","","Lugs","","","","","","Tank","Yes"
"210797","Stainless Steel 316 APV Crepaco  Tank - IPP# 210797","https://ims.internationalprocessplants.com/inventory/equipment/detail/210797","9","","","","","","","","","","946 L (250 gallons)","","Used","","914 mm (36 in)","","","","","","","","","","","","","","","","","","","","","APV Crepaco","","Stainless Steel 316","","","","","","","","Vertical","","","","1,350 mm (54 in)","","Legs","","","","","","Tank",""
"210803","Stainless Steel 316 Tank - IPP# 210803","https://ims.internationalprocessplants.com/inventory/equipment/detail/210803","12","","","","","","","","","","1,500 L (400 gallons)","","Used","","1,200 mm (48 in)","","","","","","","","","5.2 bar (75 psi)","204.4 °C (400 °F)","","","","","","","","","","","Northland Stainless","Yes","Stainless Steel 316","","","","","","","","Horizontal","","","","1,200 mm (48 in)","","","","","","","","Tank","Yes"
"210809","Stainless Steel 316 Tank - IPP# 210809","https://ims.internationalprocessplants.com/inventory/equipment/detail/210809","13","","","","","","","","","","1,500 L (400 gallons)","","Used","","1,200 mm (48 in)","","","","","","","","","5.2 bar (75 psi)","150 °C (302 °F)","","","","","","","","","","","APV Hebeler","Yes","Stainless Steel 316","","","","","","","","Horizontal","","","","1,200 mm (48 in)","","Saddle","","","","","","Tank","Yes"
"210847","Stainless Steel 316 Tank - IPP# 210847","https://ims.internationalprocessplants.com/inventory/equipment/detail/210847","12","","","","","","","","","","1,900 L (500 gallons)","","Used","","1,200 mm (48 in)","","","","","","","","","1.03 bar (15 psi)","37.8 °C (100 °F)","","","","","","","","","","","Crossland Boiler Works","","Stainless Steel 316","","","","","","","","Vertical","","","","1,300 mm (52 in)","","Legs","","","","","","Tank","Yes"
"210852","Stainless Steel 304L M. LABBE  Tank - IPP# 210852","https://ims.internationalprocessplants.com/inventory/equipment/detail/210852","12","","","","","","","","","","21,200 L (5,600 gallons)","","Used","793 mm (31.2 in)","2,400 mm (94.5 in)","","","","","","","","","","135 °C (275 °F)","","","","","","","","","","","M. LABBE","Yes","Stainless Steel 304L","","","","","","","","Vertical","","","","3,900 mm (153.5 in)","","Lugs","","","","","","Tank",""
"210853","Inconel 600 M. LABBE  Tank - IPP# 210853","https://ims.internationalprocessplants.com/inventory/equipment/detail/210853","12","","","","","","","","","","13,300 L (3,500 gallons)","","Used","","2,400 mm (94.5 in)","","","","","","","","","3.5 bar (50.8 psi)","135 °C (275 °F)","","","","","","","","","","","M. LABBE","Yes","Inconel","","","","","","","","Vertical","","","","2,050 mm (80.8 in)","","Lugs","","","","","","Tank",""
"210864","Stainless Steel 304 Metal Arts  Tank - IPP# 210864","https://ims.internationalprocessplants.com/inventory/equipment/detail/210864","14","","5/16" thick plate baffles","Sidewall Mounted Straight Baffle","","","","","","","6,450 L (1,700 gallons)","","Used","","1,850 mm (72 in)","","","","","","","","","1.01 bar (14.7 psi)","204.4 °C (400 °F)","","","","","","","","","","","Metal Arts","Yes","Stainless Steel 304","","","","","","","","Vertical","","","","2,450 mm (96 in)","","Lugs","","","","","","Tank",""
"211061","Stainless Steel 316 Tank - IPP# 211061","https://ims.internationalprocessplants.com/inventory/equipment/detail/211061","17","","","","","","","","","","3,050 L (800 gallons)","","Used","","1,350 mm (54 in)","","","","","","","","","3.4 bar (50 psi)","148.9 °C (300 °F)","","","Stainless Steel 321","","0.34 bar (5 psi)","-16.1 °C (3 °F)","Standard","","","","Northland Stainless","","Stainless Steel 316L","","","","","","","","Horizontal","","Yes","","2,150 mm (84 in)","","Lugs","","","","","","Tank","Yes"
"211089","Stainless Steel 304 Tank - IPP# 211089","https://ims.internationalprocessplants.com/inventory/equipment/detail/211089","8","","","","","","","","","","2,850 L (750 gallons)","","Used","","1,500 mm (60 in)","","","","","","","","","","","","","","","","","","","","","","","Stainless Steel 304","","","","","","","","Vertical","","","","1,500 mm (60 in)","","Legs","","","","","","Tank",""
"211208","Stainless Steel 304 Tank - IPP# 211208","https://ims.internationalprocessplants.com/inventory/equipment/detail/211208","12","","","","","","","","","","2,850 L (750 gallons)","","Used","","1,500 mm (60 in)","","","","","","","","","4.1 bar (60 psi)","148.9 °C (300 °F)","","","","","","","","","","","Continental","Yes","Stainless Steel 304","","","","","","","","Vertical","","","","1,400 mm (56 in)","","Legs","","","","","","Tank",""
"211243","Stainless Steel 304 Tank - IPP# 211243","https://ims.internationalprocessplants.com/inventory/equipment/detail/211243","10","","","","","","","","","","2,450 L (650 gallons)","","Used","","1,200 mm (48 in)","Yes","","","","","","","","","","","","","","","","","","","","","","Stainless Steel 304","","","","3 kW (4 HP)","","","","Vertical","","","","2,000 mm (78 in)","","Legs","","","","","","Tank",""
"211500","Glasslined  DeDietrich  Tank with Top Mounted Column - IPP# 211500","https://ims.internationalprocessplants.com/inventory/equipment/detail/211500","13","","","","","","","","","","1,650 L (438.5 gallons)","","Used","","1,000 mm (39.4 in)","","","","","","","","","6 bar (87 psi)","100 °C (212 °F)","","","","","","","","","","","DeDietrich","Yes","Glasslined","","","","","","","","Horizontal","","","","1,850 mm (72.8 in)","","Saddle","","","","","","Tank","Yes"
"211502","Glasslined DeDietrich  Tank - IPP# 211502","https://ims.internationalprocessplants.com/inventory/equipment/detail/211502","9","","","","","","","","","","1,000 L (264.2 gallons)","","Used","","1,000 mm (39.4 in)","","","","","","","","","","","","","","","","","","","","","DeDietrich","","Glasslined","","","","","","","","Horizontal","","","","1,200 mm (47.2 in)","","Saddle","","","","","","Tank",""
"211504","Glasslined Estrella  Tank - IPP# 211504","https://ims.internationalprocessplants.com/inventory/equipment/detail/211504","10","","","","","","","","","","50 L (13.2 gallons)","","Used","","300 mm (11.8 in)","","","","","","","","","3 bar (43.5 psi)","80 °C (176 °F)","","","","","","","","","","","Estrella","","Glasslined","","","","","","","","Vertical","","","","600 mm (23.6 in)","","","","","","","","Tank",""
"211506","Glasslined Estrella AG  Tank - IPP# 211506","https://ims.internationalprocessplants.com/inventory/equipment/detail/211506","12","","","","","","","","","","630 L (166.4 gallons)","","Used","","700 mm (27.6 in)","","","","","","","","","2 bar (29 psi)","100 °C (212 °F)","","","","","","","","","","","Estrella","","Glasslined","","","","","","","","Horizontal","","","","1,950 mm (77 in)","","Saddle","","","","","","Tank","Yes"
"211538","Glasslined Von Roll  Tank - IPP# 211538","https://ims.internationalprocessplants.com/inventory/equipment/detail/211538","14","","","","","","","","","","1,050 L (277.4 gallons)","","Re-glassed","","800 mm (31.5 in)","Yes","","","","","","","","2 bar (29 psi)","200 °C (392 °F)","","","","","","","","","","","Von Roll","","Glasslined","ZVo/ 1000 / S","","","","","","","Horizontal","","","","1,800 mm (70.9 in)","","Saddle","","","","","","Tank","Yes"
"211539","Glasslined Estrella AG  Tank - IPP# 211539","https://ims.internationalprocessplants.com/inventory/equipment/detail/211539","12","","","","","","","","","","630 L (166.4 gallons)","","Used","","700 mm (27.6 in)","","","","","","","","","2 bar (29 psi)","100 °C (212 °F)","","","","","","","","","","","Estrella","","Glasslined","","","","","","","","Vertical","","","","1,950 mm (77 in)","","Saddle","","","","","","Tank","Yes"
"211540","Stainless Steel 317 Romabau Weinfelden  Tank - IPP# 211540","https://ims.internationalprocessplants.com/inventory/equipment/detail/211540","15","","","","","","","","","","630 L (166.4 gallons)","","Used","","700 mm (27.6 in)","","","","","","","","","2 bar (29 psi)","200 °C (392 °F)","","","Stainless Steel Other","","6 bar (87 psi)","200 °C (392 °F)","Half Pipe/Limpet","","","","Romabau Weinfelden","","Stainless Steel 317","","","","","","","","Horizontal","","","","1,600 mm (62.4 in)","","","","","","","","Tank","Yes"
"211541","Stainless Steel Other WAFAG  Tank - IPP# 211541","https://ims.internationalprocessplants.com/inventory/equipment/detail/211541","15","","","","","","","","","","160 L (42.3 gallons)","","Used","","450 mm (17.7 in)","","","","","","","","","2 bar (29 psi)","200 °C (392 °F)","","","Stainless Steel Other","","6 bar (87 psi)","200 °C (392 °F)","Half Pipe/Limpet","","","","WAFAG","","Stainless Steel 316L","","","","","","","","Horizontal","","","","1,000 mm (39.6 in)","","","","","","","","Tank","Yes"
"211542","Stainless Steel Other Fr. Maurer Ag  Tank - IPP# 211542","https://ims.internationalprocessplants.com/inventory/equipment/detail/211542","14","","","","","","","","","","630 L (166.4 gallons)","","Used","","700 mm (27.6 in)","","","","","","","","","2 bar (29 psi)","200 °C (392 °F)","","","Stainless Steel 316L","","4.8 bar (69.6 psi)","200 °C (392 °F)","Half Pipe/Limpet","","","","Fr. Maurer Ag","","Stainless Steel 316L","","","","","","","","Horizontal","","","","1,600 mm (62.4 in)","","","","","","","","Tank",""
"211543","Stainless Steel Other Inox Maurer  Tank - IPP# 211543","https://ims.internationalprocessplants.com/inventory/equipment/detail/211543","16","","","","","","","","","","2,500 L (660 gallons)","","Used","","1,100 mm (43.3 in)","","","","","","","","","2 bar (29 psi)","200 °C (392 °F)","","","Stainless Steel 316L","","6 bar (87 psi)","200 °C (392 °F)","Half Pipe/Limpet","","","","Inox Maurer AG","","Stainless Steel 316L","","","","","","","","Horizontal","","","","2,550 mm (99.8 in)","","Other","","","","","","Tank","Yes"
"211544","Stainless Steel Other Inox Maurer  Tank - IPP# 211544","https://ims.internationalprocessplants.com/inventory/equipment/detail/211544","16","","","","","","","","","","2,500 L (660 gallons)","","Used","","1,100 mm (43.3 in)","","","","","","","","","2 bar (29 psi)","200 °C (392 °F)","","","Stainless Steel Other","","6 bar (87 psi)","200 °C (392 °F)","Half Pipe/Limpet","","","","Inox Maurer AG","","Stainless Steel 316L","","","","","","","","Horizontal","","","","2,550 mm (99.8 in)","","Other","","","","","","Tank","Yes"
"211547","Stainless Steel Austenitic Chematec  Tank - IPP# 211547","https://ims.internationalprocessplants.com/inventory/equipment/detail/211547","10","","","","","","","","","","1,800 L (480.8 gallons)","","Used","","","","","","","","","","","6 bar (87 psi)","200 °C (392 °F)","","","","","","","","","","","Chematec AG","","Stainless Steel Austenitic","","","","","","","","Horizontal","","","","","","Saddle","","","","","","Tank","Yes"
"211548","Glasslined Estrella AG  Tank - IPP# 211548","https://ims.internationalprocessplants.com/inventory/equipment/detail/211548","12","","","","","","","","","","630 L (166.4 gallons)","","Re-glassed","","700 mm (27.6 in)","","","","","","","","","2 bar (29 psi)","100 °C (212 °F)","","","","","","","","","","","Estrella","","Glasslined","","","","","","","","Vertical","","","","2,050 mm (79.9 in)","","Legs","","","","","","Tank","Yes"
"211551","Glasslined Estrella AG  Tank - IPP# 211551","https://ims.internationalprocessplants.com/inventory/equipment/detail/211551","12","","","","","","","","","","743 L (196.3 gallons)","","Used","","700 mm (27.6 in)","","","","","","","","","2 bar (29 psi)","100 °C (212 °F)","","","","","","","","","","","Estrella","","Glasslined","","","","","","","","Vertical","","","","1,950 mm (77 in)","","Legs","","","","","","Tank","Yes"
"211556","Glasslined Estrella  Tank - IPP# 211556","https://ims.internationalprocessplants.com/inventory/equipment/detail/211556","11","","","","","","","","","","50 L (13.2 gallons)","","Used","","500 mm (19.7 in)","","","","","","","","","2 bar (29 psi)","200 °C (392 °F)","","","","","","","","","","","Estrella","","Glasslined","","","","","","","","Vertical","","","","480 mm (18.9 in)","","Other","","","","","","Tank",""
"211557","Glasslined  Tank - IPP# 211557","https://ims.internationalprocessplants.com/inventory/equipment/detail/211557","9","","","","","","","","","","2,500 L (660 gallons)","","Needs Reglass","","1,000 mm (39.4 in)","","","","","","","","","","","","","","","","","","","","","","Yes","Glasslined","","","","","","","","Horizontal","","","","2,000 mm (78.7 in)","","Saddle","","","","","","Tank",""
"211558","Glasslined Pfaudler  Tank - IPP# 211558","https://ims.internationalprocessplants.com/inventory/equipment/detail/211558","12","","","","","","","","","","4,400 L (1,150 gallons)","","Needs Reglass","","1,600 mm (63 in)","","","","","","","","","2 bar (29 psi)","200 °C (392 °F)","","","","","","","","","","","Pfaudler","","Glasslined","","","","","","","","Vertical","","","","2,500 mm (98.4 in)","","Legs","","","","","","Tank","Yes"
"211559","Glasslined  Tank - IPP# 211559","https://ims.internationalprocessplants.com/inventory/equipment/detail/211559","12","","","","","","","","","","1,600 L (422.7 gallons)","","Needs Reglass","","1,000 mm (39.4 in)","","","","","","","","","3.2 bar (46.4 psi)","200 °C (392 °F)","","","","","","","","","","","Von Roll","","Glasslined","","","","","","","","Horizontal","","","","2,500 mm (98.4 in)","","Saddle","","","","","","Tank","Yes"
"211560","Glasslined Lampart  Tank - IPP# 211560","https://ims.internationalprocessplants.com/inventory/equipment/detail/211560","12","","","","","","","","","","4,000 L (1,050 gallons)","","Used","","1,600 mm (63 in)","","","","","","","","","2 bar (29 psi)","200 °C (392 °F)","","","","","","","","","","","Lampart","Yes","Glasslined","","","","","","","","Vertical","","","","2,500 mm (98.4 in)","","Legs","","","","","","Tank",""
"211574","Stainless Steel 317 Grub  Tank - IPP# 211574","https://ims.internationalprocessplants.com/inventory/equipment/detail/211574","17","","","","","","","","","","2,500 L (660 gallons)","","Used","","1,100 mm (43.3 in)","Yes","","","","","","","","2 bar (29 psi)","200 °C (392 °F)","","","Stainless Steel 317","","8 bar (116 psi)","200 °C (392 °F)","Half Pipe/Limpet","","","","Grub","","Stainless Steel 317","","","","5 kW (6.7 HP)","","","","Horizontal","","","","2,550 mm (99.8 in)","","","","","","","","Tank","Yes"
"211580","Glasslined Estrella AG  Tank - IPP# 211580","https://ims.internationalprocessplants.com/inventory/equipment/detail/211580","12","","","","","","","","","","630 L (166.4 gallons)","","Used","","700 mm (27.6 in)","","","","","","","","","2 bar (29 psi)","100 °C (212 °F)","","","","","","","","","","","Estrella","","Glasslined","","","","","","","","Vertical","","","","1,950 mm (77 in)","","Legs","","","","","","Tank","Yes"
"211591","Stainless Steel 316L Hanag AG Tank - IPP# 211591","https://ims.internationalprocessplants.com/inventory/equipment/detail/211591","9","","","","","","","","","","2,500 L (660 gallons)","","Used","","1,100 mm (43.3 in)","","","","","","","","","","","","","","","","","","","","","Hanag AG","","Stainless Steel 316L","","","","","","","","Horizontal","","","","1,650 mm (65 in)","","","","","","","","Tank","Yes"
"211592","Stainless Steel 317 WAFAG  Tank - IPP# 211592","https://ims.internationalprocessplants.com/inventory/equipment/detail/211592","15","","","","","","","","","","1,600 L (422.7 gallons)","","Used","","1,100 mm (43.3 in)","","","","","","","","","2 bar (29 psi)","200 °C (392 °F)","","","Stainless Steel 317","","6 bar (87 psi)","200 °C (392 °F)","Half Pipe/Limpet","","","","WAFAG","","Stainless Steel 317","","","","","","","","Horizontal","","","","1,500 mm (58.5 in)","","Other","","","","","","Tank",""
"211593","Stainless Steel 317 Inox Maurer  Tank - IPP# 211593","https://ims.internationalprocessplants.com/inventory/equipment/detail/211593","16","","","","","","","","","","2,500 L (660 gallons)","","Used","","1,100 mm (43.3 in)","","","","","","","","","2 bar (29 psi)","200 °C (392 °F)","","","Stainless Steel 317","","6 bar (87 psi)","200 °C (392 °F)","Half Pipe/Limpet","","","","Inox Maurer AG","","Stainless Steel 317","","","","","","","","Horizontal","","","","2,550 mm (99.8 in)","","Other","","","","","","Tank","Yes"
"211594","Stainless Steel 317 Inox Maurer  Tank - IPP# 211594","https://ims.internationalprocessplants.com/inventory/equipment/detail/211594","16","","","","","","","","","","2,500 L (660 gallons)","","Used","","1,100 mm (43.3 in)","","","","","","","","","2 bar (29 psi)","200 °C (392 °F)","","","Stainless Steel 317","","6 bar (87 psi)","200 °C (392 °F)","Half Pipe/Limpet","","","","Inox Maurer AG","","Stainless Steel 317","","","","","","","","Horizontal","","","","2,550 mm (99.8 in)","","Other","","","","","","Tank","Yes"
"211596","Stainless Steel 317 Chematec  Tank - IPP# 211596","https://ims.internationalprocessplants.com/inventory/equipment/detail/211596","11","","","","","","","","","","1,000 L (264.2 gallons)","","Used","","800 mm (31.5 in)","","","","","","","","","2 bar (29 psi)","200 °C (392 °F)","","","","","","","","","","","Chematec AG","","Stainless Steel 317","","","","","","","","Horizontal","","","","1,950 mm (76.1 in)","","Other","","","","","","Tank",""
"211598","Stainless Steel 317  Tank - IPP# 211598","https://ims.internationalprocessplants.com/inventory/equipment/detail/211598","15","","","","","","","","","","1,000 L (264.2 gallons)","","Used","","800 mm (31.5 in)","","","","","","","","","6 bar (87 psi)","200 °C (392 °F)","","","Stainless Steel 317","","6 bar (87 psi)","200 °C (392 °F)","Half Pipe/Limpet","","","","","","Stainless Steel 317","","","","","","","","Horizontal","","","","1,800 mm (70.9 in)","","Saddle","","","","","","Tank","Yes"
"211603","Glasslined DeDietrich CHS-800-005 Tank - IPP# 211603","https://ims.internationalprocessplants.com/inventory/equipment/detail/211603","13","","","","","","","","","","1,000 L (264.2 gallons)","","Used","","800 mm (31.5 in)","","","","","","","","","2 bar (29 psi)","200 °C (392 °F)","","","","","","","","","","","DeDietrich","","Glasslined","CHS-800-005","","","","","","","Horizontal","","","","1,200 mm (47.2 in)","","Saddle","","","","","","Tank","Yes"
"211604","Stainless Steel 317 Hanag  Tank - IPP# 211604","https://ims.internationalprocessplants.com/inventory/equipment/detail/211604","16","","","","","","","","","","630 L (166.4 gallons)","","Used","","700 mm (27.6 in)","","","","","","","","","2 bar (29 psi)","200 °C (392 °F)","","","Stainless Steel 317","","6 bar (87 psi)","200 °C (392 °F)","Half Pipe/Limpet","","","","Hanag AG","","Stainless Steel 317","","","","","","","","Horizontal","","","","1,600 mm (62.4 in)","","Other","","","","","","Tank","Yes"
"211606","Stainless Steel 316 Hanag  Tank - IPP# 211606","https://ims.internationalprocessplants.com/inventory/equipment/detail/211606","16","","","","","","","","","","630 L (166.4 gallons)","","Used","","700 mm (27.6 in)","","","","","","","","","2 bar (29 psi)","200 °C (392 °F)","","","Stainless Steel 316","","6 bar (87 psi)","200 °C (392 °F)","Half Pipe/Limpet","","","","Hanag AG","","Stainless Steel 316","","","","","","","","Horizontal","","","","1,600 mm (62.4 in)","","Other","","","","","","Tank","Yes"
"211614","Stainless Steel 317 Chematec AG  Tank - IPP# 211614","https://ims.internationalprocessplants.com/inventory/equipment/detail/211614","16","","","","","","","","","","1,000 L (264.2 gallons)","","Used","","800 mm (31.5 in)","","","","","","","","","2 bar (29 psi)","200 °C (392 °F)","","","Stainless Steel 317","","6 bar (87 psi)","200 °C (392 °F)","Half Pipe/Limpet","","","","Chematec AG","","Stainless Steel 317","","","","","","","","Horizontal","","","","1,950 mm (76.1 in)","","Saddle","","","","","","Tank","Yes"
"211627","Glasslined Estrella  Tank - IPP# 211627","https://ims.internationalprocessplants.com/inventory/equipment/detail/211627","10","","","","","","","","","","100 L (26.4 gallons)","","Used","","400 mm (15.7 in)","","","","","","","","","2 bar (29 psi)","200 °C (392 °F)","","","","","","","","","","","Estrella","","Glasslined","","","","","","","","","","","","640 mm (25.2 in)","","Lugs","","","","","","Tank",""
"211647","Glasslined Pfaudler  Tank - IPP# 211647","https://ims.internationalprocessplants.com/inventory/equipment/detail/211647","13","","","","","","","","","","25,000 L (6,600 gallons)","","Used","","3,200 mm (126 in)","","","","","","","","","2 bar (29 psi)","50 °C (122 °F)","","","","","","","","","","","Pfaudler","Yes","Glasslined","","","","","","","","Vertical","","","","4,050 mm (159.4 in)","","Legs","","","","","","Tank","Yes"
"211649","Glasslined Pfaudler CH 25000 Tank - IPP# 211649","https://ims.internationalprocessplants.com/inventory/equipment/detail/211649","14","","","","","","","","","","25,000 L (6,600 gallons)","","Used","","3,200 mm (126 in)","","","","","","","","","6 bar (87 psi)","50 °C (122 °F)","","","","","","","","","","","Pfaudler","Yes","Glasslined","CH 25000","","","","","","","Vertical","","","","4,050 mm (159.4 in)","","Legs","","","","","","Tank","Yes"
"211653","Stainless Steel 316 Koehler-Bosshardt  Tank - IPP# 211653","https://ims.internationalprocessplants.com/inventory/equipment/detail/211653","11","","","","","","","","","","40,000 L (10,550 gallons)","","Used","","3,400 mm (133.9 in)","","","","","","","","","2 bar (29 psi)","50 °C (122 °F)","","","","","","","","","","","Koehler-Bosshardt","Yes","Stainless Steel 316","","","","","","","","Horizontal","","","","3,800 mm (150.1 in)","","","","","","","","Tank",""
"211654","Stainless Steel 316 Koehler-Bosshardt  Tank - IPP# 211654","https://ims.internationalprocessplants.com/inventory/equipment/detail/211654","11","","","","","","","","","","40,000 L (10,550 gallons)","","Used","","3,400 mm (133.9 in)","","","","","","","","","2 bar (29 psi)","50 °C (122 °F)","","","","","","","","","","","Koehler-Bosshardt","Yes","Stainless Steel 316","","","","","","","","Horizontal","","","","3,800 mm (150.1 in)","","","","","","","","Tank",""
"211655","Stainless Steel 316 Koehler-Bosshardt  Tank - IPP# 211655","https://ims.internationalprocessplants.com/inventory/equipment/detail/211655","15","","","","","","","","","","40,000 L (10,550 gallons)","","Used","","3,400 mm (133.9 in)","","","","","","","","","2 bar (29 psi)","50 °C (122 °F)","","","Stainless Steel 316","","6 bar (87 psi)","200 °C (392 °F)","Half Pipe/Limpet","","","","Koehler-Bosshardt","Yes","Stainless Steel 316","","","","","","","","Horizontal","","","","3,800 mm (150.1 in)","","","","","","","","Tank",""
"211657","Stainless Steel 317  Tank - IPP# 211657","https://ims.internationalprocessplants.com/inventory/equipment/detail/211657","15","","","","","","","","","","10,000 L (2,650 gallons)","","Used","","2,000 mm (78.7 in)","","","","","","","","","2 bar (29 psi)","50 °C (122 °F)","","","Stainless Steel 317","","6 bar (87 psi)","200 °C (392 °F)","Half Pipe/Limpet","","","","","Yes","Stainless Steel 317","","","","","","","","Vertical","","","","3,200 mm (126.7 in)","","Legs","","","","","","Tank",""
"211660","Glasslined Pfaudler  Tank - IPP# 211660","https://ims.internationalprocessplants.com/inventory/equipment/detail/211660","17","","","","","","","","","","16,000 L (4,250 gallons)","","Used","","2,000 mm (78.7 in)","","","","","","","","","6 bar (87 psi)","100 °C (212 °F)","","","Carbon Steel","","10 bar (145 psi)","100 °C (212 °F)","Standard","","","","Pfaudler","Yes","Glasslined","CH 16 000","","","","","","","Vertical","","","","4,950 mm (194.3 in)","","Legs","","","","","","Tank",""
"211661","Glasslined Pfaudler  Tank - IPP# 211661","https://ims.internationalprocessplants.com/inventory/equipment/detail/211661","16","","","","","","","","","","16,000 L (4,250 gallons)","","Used","","2,000 mm (78.7 in)","","","","","","","","","6 bar (87 psi)","100 °C (212 °F)","","","","","10 bar (145 psi)","100 °C (212 °F)","","","","","Pfaudler","Yes","Glasslined","CH 16 000","","","","","","","Vertical","","","","4,950 mm (194.3 in)","","Legs","","","","","","Tank","Yes"
"211662","Stainless Steel Austenitic Koehler-Bosshardt  Tank - IPP# 211662","https://ims.internationalprocessplants.com/inventory/equipment/detail/211662","16","","","","","","","","","","16,000 L (4,250 gallons)","","Used","","2,600 mm (102.4 in)","","","","","","","","","2 bar (29 psi)","50 °C (122 °F)","","","Stainless Steel Austenitic","","6 bar (87 psi)","200 °C (392 °F)","Half Pipe/Limpet","","","","Koehler-Bosshardt","Yes","Stainless Steel Austenitic","","","","","","","","Vertical","","","","2,950 mm (116.3 in)","","Legs","","","","","","Tank",""
"211665","Stainless Steel 316 Josef Meyer  Tank - IPP# 211665","https://ims.internationalprocessplants.com/inventory/equipment/detail/211665","17","","","","","","","","","","10,000 L (2,650 gallons)","","Used","","2,000 mm (78.7 in)","Yes","","","","","","","","2 bar (29 psi)","50 °C (122 °F)","","","Stainless Steel 316","","6 bar (87 psi)","200 °C (392 °F)","Half Pipe/Limpet","","","","Josef Meyer","Yes","Stainless Steel 316","","","","","","","","Vertical","","","","4,000 mm (157.5 in)","","Legs","","","","","","Tank",""
"211666","Stainless Steel 316 Josef Meyer Schellr&#xFC;hrer: ARL 50 Tank - IPP# 211666","https://ims.internationalprocessplants.com/inventory/equipment/detail/211666","18","","","","","","","","","","10,000 L (2,650 gallons)","","Used","","2,000 mm (78.7 in)","Yes","","","","","","","","2 bar (29 psi)","50 °C (122 °F)","","","Stainless Steel 316","","6 bar (87 psi)","200 °C (392 °F)","Half Pipe/Limpet","","","","Josef Meyer","Yes","Stainless Steel 316","Schellr&#xFC;hrer: ARL 50","","","","","","","Vertical","","","","4,000 mm (157.5 in)","","Legs","","","","","","Tank",""
"211670","Glasslined Estrella  Tank - IPP# 211670","https://ims.internationalprocessplants.com/inventory/equipment/detail/211670","12","","","","","","","","","","25,000 L (6,600 gallons)","","Used","","3,200 mm (126 in)","","","","","","","","","6 bar (87 psi)","50 °C (122 °F)","","","","","","","","","","","Estrella","Yes","Glasslined","","","","","","","","Vertical","","","","2,200 mm (87.2 in)","","Legs","","","","","","Tank",""
"211672","Glasslined DeDietrich  Tank - IPP# 211672","https://ims.internationalprocessplants.com/inventory/equipment/detail/211672","12","","","","","","","","","","25,000 L (6,600 gallons)","","Used","","3,200 mm (126 in)","","","","","","","","","2 bar (29 psi)","50 °C (122 °F)","","","","","","","","","","","DeDietrich","Yes","Glasslined","","","","","","","","Vertical","","","","2,200 mm (87.2 in)","","Legs","","","","","","Tank",""
"211674","Stainless Steel 316 WAFAG  Tank - IPP# 211674","https://ims.internationalprocessplants.com/inventory/equipment/detail/211674","12","","","","","","","","","","10,000 L (2,650 gallons)","","Used","","2,000 mm (78.7 in)","","","","","","","","","2 bar (29 psi)","50 °C (122 °F)","","","","","","","","","","","WAFAG","Yes","Stainless Steel 316","","","","","","","","Vertical","","","","3,200 mm (126.7 in)","","Legs","","","","","","Tank",""
"211675","Glasslined DeDietrich  Tank - IPP# 211675","https://ims.internationalprocessplants.com/inventory/equipment/detail/211675","12","","","","","","","","","","25,000 L (6,600 gallons)","","Used","","3,200 mm (126 in)","","","","","","","","","2 bar (29 psi)","50 °C (122 °F)","","","","","","","","","","","DeDietrich","Yes","Glasslined","","","","","","","","Vertical","","","","2,200 mm (87.2 in)","","","","","","","","Tank","Yes"
"211677","Glasslined Pfaudler  Tank - IPP# 211677","https://ims.internationalprocessplants.com/inventory/equipment/detail/211677","13","","","","","","","","","","25,000 L (6,600 gallons)","","Used","","3,200 mm (126 in)","","","","","","","","","6 bar (87 psi)","50 °C (122 °F)","","","","","","","","","","","Pfaudler","Yes","Glasslined","","","","","","","","Vertical","","","","2,200 mm (87.2 in)","","Legs","","","","","","Tank","Yes"
"211682","Glasslined Schwelmer Eisenwerke  Tank - IPP# 211682","https://ims.internationalprocessplants.com/inventory/equipment/detail/211682","12","","","","","","","","","","1,000 L (264.2 gallons)","","Used","","1,000 mm (39.4 in)","","","","","","","","","3.2 bar (46.4 psi)","200 °C (392 °F)","","","","","","","","","","","Schwelmer Eisenwerke","","Glasslined","","","","","","","","Horizontal","","","","1,200 mm (47.2 in)","","Saddle","","","","","","Tank","Yes"
"211685","Glasslined Roll AG  Tank - IPP# 211685","https://ims.internationalprocessplants.com/inventory/equipment/detail/211685","12","","","","","","","","","","1,000 L (264.2 gallons)","","Needs Reglass","","1,000 mm (39.4 in)","","","","","","","","","3.2 bar (46.4 psi)","200 °C (392 °F)","","","","","","","","","","","Von Roll","","Glasslined","","","","","","","","Horizontal","","","","1,200 mm (47.2 in)","","Saddle","","","","","","Tank","Yes"
"211687","Unused Glasslined Estrella  Tank - IPP# 211687","https://ims.internationalprocessplants.com/inventory/equipment/detail/211687","12","","","","","","","","","","743 L (196.3 gallons)","","Unused","","700 mm (27.6 in)","","","","","","","","","2 bar (29 psi)","100 °C (212 °F)","","","","","","","","","","","Estrella","","Glasslined","","","","","","","","Horizontal","","","","2,200 mm (87.6 in)","","Saddle","","","","","","Tank","Yes"
"211688","Stainless Steel 316 Chematec  Tank - IPP# 211688","https://ims.internationalprocessplants.com/inventory/equipment/detail/211688","12","","","","","","","","","","1,000 L (264.2 gallons)","","Used","","800 mm (31.5 in)","","","","","","","","","2 bar (29 psi)","200 °C (392 °F)","","","","","","","","","","","Chematec AG","","Stainless Steel 316","","","","","","","","Horizontal","","","","2,300 mm (89.8 in)","","Saddle","","","","","","Tank","Yes"
"211689","Unused Glasslined DeDietrich  Tank - IPP# 211689","https://ims.internationalprocessplants.com/inventory/equipment/detail/211689","13","","","","","","","","","","630 L (166.4 gallons)","","Unused","","700 mm (27.6 in)","","","","","","","","","6 bar (87 psi)","200 °C (392 °F)","","","","","","","","","","","DeDietrich","","Glasslined","CSH 700 012","","","","","","","Horizontal","","","","2,000 mm (78.7 in)","","Saddle","","","","","","Tank","Yes"
"211690","Unused Glasslined Technoglass  Tank - IPP# 211690","https://ims.internationalprocessplants.com/inventory/equipment/detail/211690","12","","","","","","","","","","1,000 L (264.2 gallons)","","Unused","","1,000 mm (39.4 in)","","","","","","","","","2 bar (29 psi)","200 °C (392 °F)","","","","","","","","","","","Technoglass","","Glasslined","","","","","","","","Horizontal","","","","1,200 mm (47.2 in)","","Saddle","","","","","","Tank","Yes"
"211691","Stainless Steel Tank - IPP# 211691","https://ims.internationalprocessplants.com/inventory/equipment/detail/211691","20","","","","","","","","","","492 L (130 gallons)","","Used","","750 mm (29.5 in)","Yes","","","","","","","","6 bar (87 psi)","200 °C (392 °F)","","","Stainless Steel 304","","10 bar (145 psi)","200 °C (392 °F)","Standard","","","","","","Stainless Steel Other","","50","3","1 kW (1.34 HP)","1,420","","","Horizontal","","","","1,100 mm (43.3 in)","","Saddle","","","","","","Tank","Yes"
"211692","Stainless Steel 316  Tank - IPP# 211692","https://ims.internationalprocessplants.com/inventory/equipment/detail/211692","14","","","","","","","","","","1,600 L (422.7 gallons)","","Used","","1,100 mm (43.3 in)","","","","","","","","","2 bar (29 psi)","200 °C (392 °F)","","","Stainless Steel 316","","6 bar (87 psi)","200 °C (392 °F)","Half Pipe/Limpet","","","","","","Stainless Steel 316","","","","","","","","Horizontal","","","","1,500 mm (58.5 in)","","Other","","","","","","Tank",""
"211693","Unused Glasslined Estrella AG  Tank - IPP# 211693","https://ims.internationalprocessplants.com/inventory/equipment/detail/211693","12","","","","","","","","","","630 L (166.4 gallons)","","Unused","","700 mm (27.6 in)","","","","","","","","","3 bar (43.5 psi)","200 °C (392 °F)","","","","","","","","","","","Estrella","","Glasslined","","","","","","","","Horizontal","","","","1,950 mm (77 in)","","Saddle","","","","","","Tank","Yes"
"211694","Unused Stainless Steel 304  Tank - IPP# 211694","https://ims.internationalprocessplants.com/inventory/equipment/detail/211694","12","","","","","","","","","","1,250 L (327.6 gallons)","","Unused","350 mm (13.8 in)","1,200 mm (47.2 in)","","","","","","","","","2 bar (29 psi)","50 °C (122 °F)","","","","","","","","","","","","","Stainless Steel 304","","","","","","","","Vertical","","","","760 mm (29.9 in)","","Lugs","","","","","","Tank","Yes"
"211695","Unused Stainless Steel 304 Edak  Tank - IPP# 211695","https://ims.internationalprocessplants.com/inventory/equipment/detail/211695","12","","","","","","","","","","1,600 L (422.7 gallons)","","Unused","","1,100 mm (43.3 in)","","","","","","","","","3.2 bar (46.4 psi)","200 °C (392 °F)","","","","","","","","","","","Edak","","Stainless Steel 304","","","","","","","","Horizontal","","Yes","","1,500 mm (58.5 in)","","Legs","","","","","","Tank",""
"211696","Unused Glasslined Estrella AG  Tank - IPP# 211696","https://ims.internationalprocessplants.com/inventory/equipment/detail/211696","12","","","","","","","","","","630 L (166.4 gallons)","","Unused","","700 mm (27.6 in)","","","","","","","","","6 bar (87 psi)","200 °C (392 °F)","","","","","","","","","","","Estrella","","Glasslined","","","","","","","","Horizontal","","","","1,950 mm (77 in)","","Saddle","","","","","","Tank","Yes"
"211712","Stainless Steel 316 WAFAG  Tank - IPP# 211712","https://ims.internationalprocessplants.com/inventory/equipment/detail/211712","16","","","","","","","","","","1,000 L (264.2 gallons)","","Used","","800 mm (31.5 in)","","","","","","","","","6 bar (87 psi)","200 °C (392 °F)","","","Stainless Steel 317","","6 bar (87 psi)","200 °C (392 °F)","Half Pipe/Limpet","","","","WAFAG","","Stainless Steel 316","","","","","","","","Horizontal","","","","1,900 mm (74.9 in)","","Other","","","","","","Tank","Yes"
"211721","Stainless Steel 316 Tank Manufactured by Metallwerk A.G. Buchs S.G. - IPP# 211721","https://ims.internationalprocessplants.com/inventory/equipment/detail/211721","16","","","","","","","","","","2,500 L (660 gallons)","","Used","","1,100 mm (43.3 in)","","","","","","","","","2 bar (29 psi)","200 °C (392 °F)","","","Stainless Steel 316","","6 bar (87 psi)","200 °C (392 °F)","Half Pipe/Limpet","","","","Metallwerk A.G. Buchs S.G.","","Stainless Steel 316","","","","","","","","Horizontal","","","","2,500 mm (97.9 in)","","Saddle","","","","","","Tank","Yes"
"211722","Stainless Steel 316 Inox Maurer  Tank - IPP# 211722","https://ims.internationalprocessplants.com/inventory/equipment/detail/211722","16","","","","","","","","","","2,500 L (660 gallons)","","Used","","1,100 mm (43.3 in)","","","","","","","","","2 bar (29 psi)","200 °C (392 °F)","","","Stainless Steel Other","","6 bar (87 psi)","200 °C (392 °F)","Half Pipe/Limpet","","","","Inox Maurer","","Stainless Steel 316","","","","","","","","Horizontal","","","","2,500 mm (97.9 in)","","Saddle","","","","","","Tank","Yes"
"211723","Stainless Steel 316  Metallwerk A.G. Buchs S.G.  Tank - IPP# 211723","https://ims.internationalprocessplants.com/inventory/equipment/detail/211723","16","","","","","","","","","","2,500 L (660 gallons)","","Used","","1,100 mm (43.3 in)","","","","","","","","","2 bar (29 psi)","200 °C (392 °F)","","","Stainless Steel Other","","6 bar (87 psi)","200 °C (392 °F)","Half Pipe/Limpet","","","","Metallwerk A.G. Buchs S.G.","","Stainless Steel 316","","","","","","","","Horizontal","","","","2,500 mm (97.9 in)","","Saddle","","","","","","Tank","Yes"
"211724","Stainless Steel 316 Inox Maurer  Tank - IPP# 211724","https://ims.internationalprocessplants.com/inventory/equipment/detail/211724","16","","","","","","","","","","2,500 L (660 gallons)","","Used","","1,100 mm (43.3 in)","","","","","","","","","2 bar (29 psi)","200 °C (392 °F)","","","Carbon Steel","","6 bar (87 psi)","200 °C (392 °F)","Half Pipe/Limpet","","","","Inox Maurer AG","","Stainless Steel 316","","","","","","","","Horizontal","","","","2,500 mm (97.9 in)","","Saddle","","","","","","Tank","Yes"
"211748","Stainless Steel 316 Metallwerk A.G. Buchs S.G.  Tank - IPP# 211748","https://ims.internationalprocessplants.com/inventory/equipment/detail/211748","16","","","","","","","","","","4,000 L (1,050 gallons)","","Used","","1,100 mm (43.3 in)","","","","","","","","","2 bar (29 psi)","200 °C (392 °F)","","","Stainless Steel 316","","6 bar (87 psi)","200 °C (392 °F)","Half Pipe/Limpet","","","","Metallwerk A.G. Buchs S.G.","","Stainless Steel 316L","","","","","","","","Horizontal","","","","2,550 mm (99.8 in)","","Other","","","","","","Tank","Yes"
"211752","Stainless Steel 316 WAFAG  Tank - IPP# 211752","https://ims.internationalprocessplants.com/inventory/equipment/detail/211752","16","","","","","","","","","","1,000 L (264.2 gallons)","","Used","","800 mm (31.5 in)","","","","","","","","","6 bar (87 psi)","200 °C (392 °F)","","","Stainless Steel 316","","6 bar (87 psi)","200 °C (392 °F)","Half Pipe/Limpet","","","","WAFAG","","Stainless Steel 316","","","","","","","","Horizontal","","","","1,900 mm (74.9 in)","","Other","","","","","","Tank","Yes"
"211760","Stainless Steel 316 Carl Canzler Tank - IPP# 211760","https://ims.internationalprocessplants.com/inventory/equipment/detail/211760","13","","","","","","","","","","675 L (178.3 gallons)","","Used","","","","","","","","","","","2 bar (29 psi)","200 °C (392 °F)","","","","","6 bar (87 psi)","200 °C (392 °F)","Half Pipe/Limpet","","","","Carl Canzler","","Stainless Steel 316","","","","","","","","Horizontal","","","","","","Other","","","","","","Tank","Yes"
"211761","Stainless Steel 316 Carl Canzler Tank - IPP# 211761","https://ims.internationalprocessplants.com/inventory/equipment/detail/211761","20","","","","","","","","","","675 L (178.3 gallons)","","Used","","1,100 mm (43.3 in)","Yes","","","","","","","","2 bar (29 psi)","200 °C (392 °F)","","","Carbon Steel","","6 bar (87 psi)","200 °C (392 °F)","Half Pipe/Limpet","","","","Carl Canzler","","Stainless Steel 316","","3","","0.75 kW (1.01 HP)","1,420","","","Horizontal","","","","2,450 mm (97.2 in)","","Other","","","","","","Tank","Yes"
"211762","Stainless Steel 316 WAFAG  Tank - IPP# 211762","https://ims.internationalprocessplants.com/inventory/equipment/detail/211762","16","","","","","","","","","","1,600 L (422.7 gallons)","","Used","","1,100 mm (43.3 in)","","","","","","","","","2 bar (29 psi)","200 °C (392 °F)","","","","","6 bar (87 psi)","200 °C (392 °F)","Half Pipe/Limpet","","","","WAFAG","Yes","Stainless Steel 316","","","","","","","","Horizontal","","","","1,950 mm (76.8 in)","","Other","","","","","","Tank","Yes"
"211763","Stainless Steel 316 INOX AG OLTEN  Tank - IPP# 211763","https://ims.internationalprocessplants.com/inventory/equipment/detail/211763","17","","","","","","","","","","2,500 L (660 gallons)","","Used","","1,100 mm (43.3 in)","","","","","","","","","2 bar (29 psi)","200 °C (392 °F)","","","Carbon Steel","","6 bar (87 psi)","200 °C (392 °F)","Half Pipe/Limpet","","","","Inox Maurer AG","Yes","Stainless Steel 316","","","","","","","","Horizontal","","","","2,950 mm (116.1 in)","","Other","","","","","","Tank","Yes"
"211764","Stainless Steel 316 INOX AG OLTEN  Tank - IPP# 211764","https://ims.internationalprocessplants.com/inventory/equipment/detail/211764","17","","","","","","","","","","2,500 L (660 gallons)","","Used","","1,100 mm (43.3 in)","","","","","","","","","2 bar (29 psi)","200 °C (392 °F)","","","Carbon Steel","","6 bar (87 psi)","200 °C (392 °F)","Half Pipe/Limpet","","","","Inox Maurer AG","Yes","Stainless Steel 316","","","","","","","","Horizontal","","","","2,950 mm (116.1 in)","","Other","","","","","","Tank","Yes"
"211774","Stainless Steel 316  Tank - IPP# 211774","https://ims.internationalprocessplants.com/inventory/equipment/detail/211774","7","","","","","","","","","","63 L (16.6 gallons)","","Used","","","","","","","","","","","2 bar (29 psi)","200 °C (392 °F)","","","","","","","","","","","","","Stainless Steel 316L","","","","","","","","","","","","","","","","","","","","Tank","Yes"
"211775","Glasslined Estrella  Tank - IPP# 211775","https://ims.internationalprocessplants.com/inventory/equipment/detail/211775","8","","","","","","","","","","81 L (21.4 gallons)","","Used","","","","","","","","","","","3 bar (43.5 psi)","200 °C (392 °F)","","","","","","","","","","","Estrella","","Glasslined","","","","","","","","Vertical","","","","","","","","","","","","Tank",""
"211776","Stainless Steel 316 Inox Maurer  Tank - IPP# 211776","https://ims.internationalprocessplants.com/inventory/equipment/detail/211776","14","","","","","","","","","","630 L (166.4 gallons)","","Used","","700 mm (27.6 in)","","","","","","","","","5 bar (72.5 psi)","200 °C (392 °F)","","","","","","","","","","","Inox Maurer AG","","Stainless Steel 316L","","50","3","1.1 kW (1.48 HP)","1,415","","","Horizontal","","","","1,600 mm (62.4 in)","","","","","","","","Tank",""
"211777","Stainless Steel 316  Tank - IPP# 211777","https://ims.internationalprocessplants.com/inventory/equipment/detail/211777","14","","","","","","","","","","400 L (105.7 gallons)","","Used","","600 mm (23.6 in)","","","","","","","","","2 bar (29 psi)","200 °C (392 °F)","","","","","","","","","","","","","Stainless Steel 316L","","50","","0.75 kW (1.01 HP)","1,410","","","Horizontal","","","","1,200 mm (47.2 in)","","Caster","","","","","","Tank","Yes"
"211900","Stainless Steel 316  Tank - IPP# 211900","https://ims.internationalprocessplants.com/inventory/equipment/detail/211900","10","","","","","","","","","","10,000 L (2,650 gallons)","","Used","","2,200 mm (86.6 in)","","","","","","","","","","","","","","","","","","","","","","Yes","Stainless Steel 316","","","","0.75 kW (1.01 HP)","","","","Vertical","","","","2,600 mm (102.4 in)","","Legs","","","","","","Tank",""
"211901","Stainless Steel 316  Tank - IPP# 211901","https://ims.internationalprocessplants.com/inventory/equipment/detail/211901","11","","","","","","","","","","10,000 L (2,650 gallons)","","Used","","2,200 mm (86.6 in)","Yes","","","","","","","","","","","","","","","","","","","","","Yes","Stainless Steel 316","","","","0.75 kW (1.01 HP)","","","","Vertical","","","","2,600 mm (102.4 in)","","Legs","","","","","","Tank",""
"211902","Stainless Steel 321  Tank - IPP# 211902","https://ims.internationalprocessplants.com/inventory/equipment/detail/211902","14","","","","","","","","","","6,500 L (1,700 gallons)","","Used","","1,800 mm (70.9 in)","Yes","","","","","","","","","","","","","","","","","","","","","Yes","Stainless Steel 321","","50","3","0.75 kW (1.01 HP)","1,400","","","Vertical","","","","2,500 mm (98.4 in)","","Legs","","","","","","Tank",""
"211903","Stainless Steel 321  Tank - IPP# 211903","https://ims.internationalprocessplants.com/inventory/equipment/detail/211903","14","","","","","","","","","","6,500 L (1,700 gallons)","","Used","","1,800 mm (70.9 in)","Yes","","","","","","","","","","","","","","","","","","","","","Yes","Stainless Steel 321","","50","3","0.75 kW (1.01 HP)","1,400","","","Vertical","","","","2,500 mm (98.4 in)","","Legs","","","","","","Tank",""
"211904","Stainless Steel 321  Tank - IPP# 211904","https://ims.internationalprocessplants.com/inventory/equipment/detail/211904","13","","","","","","","","","","4,500 L (1,200 gallons)","","Used","","1,900 mm (74.8 in)","Yes","","","","","","","","","","","","","","","","","","","","","Yes","Stainless Steel 321","","3","","0.55 kW (0.74 HP)","1,400","","","Vertical","","","","1,500 mm (59.1 in)","","Legs","","","","","","Tank",""
"211905","Stainless Steel 316 Clad  Tank - IPP# 211905","https://ims.internationalprocessplants.com/inventory/equipment/detail/211905","14","","","","","","","","","","4,000 L (1,050 gallons)","Yes","Used","","1,500 mm (59.1 in)","Yes","","","","","","","","","","","","","","","","","","","","","Yes","Stainless Steel 316","","3","","0.25 kW (0.34 HP)","1,690","","","Vertical","","","","2,400 mm (94.5 in)","","Legs","","","","","","Tank",""
"211906","Stainless Steel 316  Tank - IPP# 211906","https://ims.internationalprocessplants.com/inventory/equipment/detail/211906","13","","","","","","","","","","4,000 L (1,050 gallons)","","Used","","1,500 mm (59.1 in)","Yes","","","","","","","","","","","","","","","","","","","","","Yes","Stainless Steel 316","","3","","0.25 kW (0.34 HP)","1,690","","","Vertical","","","","2,400 mm (94.5 in)","","Legs","","","","","","Tank",""
"211935","Stainless Steel Other FM-0/95 Tank - IPP# 211935","https://ims.internationalprocessplants.com/inventory/equipment/detail/211935","9","","","","","","","","","","632 L (167 gallons)","","Used","","1,150 mm (44.5 in)","","","","","","","","","","","","","","","","","","","","","","","Stainless Steel Other","FM-0/95","","","","","","","Vertical","","","","650 mm (25.6 in)","","Frame Mounted with Feet","","","","","","Tank",""
"211936","Stainless Steel Other  Tank - IPP# 211936","https://ims.internationalprocessplants.com/inventory/equipment/detail/211936","8","","","","","","","","","","1,150 L (299.8 gallons)","","Used","","1,200 mm (47.2 in)","","","","","","","","","","","","","","","","","","","","","","","Stainless Steel Other","","","","","","","","Vertical","","","","1,050 mm (41.7 in)","","Frame Mounted with Feet","","","","","","Tank",""
"211939","Stainless Steel Other  Tank - IPP# 211939","https://ims.internationalprocessplants.com/inventory/equipment/detail/211939","8","","","","","","","","","","600 L (158.5 gallons)","","Used","","730 mm (28.7 in)","","","","","","","","","","","","","","","","","","","","","","","Stainless Steel Other","","","","","","","","Vertical","","","","1,500 mm (59.1 in)","","Legs","","","","","","Tank",""
"211940","Stainless Steel Other  Tank - IPP# 211940","https://ims.internationalprocessplants.com/inventory/equipment/detail/211940","8","","","","","","","","","","1,100 L (293 gallons)","","Used","","1,100 mm (43.3 in)","","","","","","","","","","","","","","","","","","","","","","","Stainless Steel Other","","","","","","","","Vertical","","","","1,200 mm (47.2 in)","","Legs","","","","","","Tank",""
"211941","Stainless Steel Other  Tank - IPP# 211941","https://ims.internationalprocessplants.com/inventory/equipment/detail/211941","12","","","","","","","","","","276 L (72.9 gallons)","","Used","","600 mm (23.6 in)","Yes","","","","","","","","","","","","","","","","","","","","","","Stainless Steel Other","","60","","0.3 kW (0.4 HP)","1,643","","","Vertical","","","","1,000 mm (39.4 in)","","Legs","","","","","","Tank",""
"211954","Stainless Steel 316 Holvrieka  Tank - IPP# 211954","https://ims.internationalprocessplants.com/inventory/equipment/detail/211954","10","","","","","","","","","","20,000 L (5,300 gallons)","","Used","","2,600 mm (102.4 in)","","","","","","","","","1.01 bar (14.7 psi)","","","","","","","","","","","","Holvrieka","","Stainless Steel 316","","","","","","","","Vertical","","","","4,000 mm (157.5 in)","","Legs","","","","","","Tank",""
"211955","Stainless Steel 316 Holvrieka  Tank - IPP# 211955","https://ims.internationalprocessplants.com/inventory/equipment/detail/211955","10","","","","","","","","","","20,000 L (5,300 gallons)","","Used","","2,600 mm (102.4 in)","","","","","","","","","1.01 bar (14.7 psi)","","","","","","","","","","","","Holvrieka","","Stainless Steel 316","","","","","","","","Vertical","","","","4,000 mm (157.5 in)","","Legs","","","","","","Tank",""
"211956","Stainless Steel 316 Holvrieka  Tank - IPP# 211956","https://ims.internationalprocessplants.com/inventory/equipment/detail/211956","10","","","","","","","","","","20,000 L (5,300 gallons)","","Used","","2,600 mm (102.4 in)","","","","","","","","","1.01 bar (14.7 psi)","","","","","","","","","","","","Holvrieka","","Stainless Steel 316","","","","","","","","Vertical","","","","4,000 mm (157.5 in)","","Legs","","","","","","Tank",""
"211957","Stainless Steel 316 Holvrieka  Tank - IPP# 211957","https://ims.internationalprocessplants.com/inventory/equipment/detail/211957","10","","","","","","","","","","20,000 L (5,300 gallons)","","Used","","2,600 mm (102.4 in)","","","","","","","","","1.01 bar (14.7 psi)","","","","","","","","","","","","Holvrieka","","Stainless Steel 316","","","","","","","","Vertical","","","","4,000 mm (157.5 in)","","Legs","","","","","","Tank",""
"211958","Stainless Steel 316  Tank - IPP# 211958","https://ims.internationalprocessplants.com/inventory/equipment/detail/211958","11","","","","","","","","","","10,000 L (2,650 gallons)","","Used","","2,200 mm (86.6 in)","Yes","","","","","","","","","","","","","","","","","","","","","Yes","Stainless Steel 316","","","","1.1 kW (1.48 HP)","","","","Vertical","","","","2,700 mm (106.3 in)","","Legs","","","","","","Tank",""
"211959","Stainless Steel 321  Tank - IPP# 211959","https://ims.internationalprocessplants.com/inventory/equipment/detail/211959","9","","","","","","","","","","8,000 L (2,100 gallons)","","Used","","2,200 mm (86.6 in)","","","","","","","","","1.01 bar (14.7 psi)","","","","","","","","","","","","","","Stainless Steel 321","","","","","","","","Vertical","","","","2,200 mm (86.6 in)","","Legs","","","","","","Tank",""
"211960","Stainless Steel 316  Tank - IPP# 211960","https://ims.internationalprocessplants.com/inventory/equipment/detail/211960","9","","","","","","","","","","8,000 L (2,100 gallons)","","Used","","2,200 mm (86.6 in)","","","","","","","","","1.01 bar (14.7 psi)","","","","","","","","","","","","","","Stainless Steel 316","","","","","","","","Vertical","","","","2,200 mm (86.6 in)","","Legs","","","","","","Tank",""
"211961","Stainless Steel 321 Clad Kells Stainless LTD. Tank - IPP# 211961","https://ims.internationalprocessplants.com/inventory/equipment/detail/211961","13","","","","","","","","","","15,000 L (3,950 gallons)","Yes","Used","","2,800 mm (110.2 in)","","","","","","","","","1.02 bar (14.8 psi)","","","","","","6 bar (87 psi)","","","","","","Kells stainless LTD.","Yes","Stainless Steel 321","","","","","","","","Vertical","","","","2,800 mm (110.2 in)","","Legs","","","","","","Tank",""
"211962","Stainless Steel 321 Clad Kells stainless ltd  Tank - IPP# 211962","https://ims.internationalprocessplants.com/inventory/equipment/detail/211962","13","","","","","","","","","","15,000 L (3,950 gallons)","Yes","Used","","2,800 mm (110.2 in)","","","","","","","","","1.02 bar (14.8 psi)","","","","","","6 bar (87 psi)","","","","","","Kells stainless LTD.","Yes","Stainless Steel 321","","","","","","","","Vertical","","","","2,800 mm (110.2 in)","","Legs","","","","","","Tank",""
"211963","Stainless Steel 321 Clad Kells stainless ltd  Tank - IPP# 211963","https://ims.internationalprocessplants.com/inventory/equipment/detail/211963","13","","","","","","","","","","15,000 L (3,950 gallons)","Yes","Used","","2,800 mm (110.2 in)","","","","","","","","","1.02 bar (14.8 psi)","","","","","","6 bar (87 psi)","","","","","","Kells stainless LTD.","Yes","Stainless Steel 321","","","","","","","","Vertical","","","","2,800 mm (110.2 in)","","Legs","","","","","","Tank",""
"212164","Carbon Steel Hoval Ltd. BS5469 Tank - IPP# 212164","https://ims.internationalprocessplants.com/inventory/equipment/detail/212164","12","","","","","","","","","","2,400 L (631 gallons)","","Used","","1,200 mm (47 in)","","","","","","","","","11.4 bar (165.3 psi)","50 °C (122 °F)","","","","","","","","","","","Hoval Ltd.","","Carbon Steel","BS5469","","","","","","","Vertical","","","","2,150 mm (84 in)","","Legs","","","","","","Tank",""
"212172","Carbon Steel Fred Watkins  Tank - IPP# 212172","https://ims.internationalprocessplants.com/inventory/equipment/detail/212172","10","","","","","","","","","","87.1 L (23 gallons)","","Used","","610 mm (24 in)","","","","","","","","","3.4 bar (50 psi)","","","","","","","","","","","","Fred Watkins","","Carbon Steel","","","","","","","","Vertical","","","","559 mm (22 in)","","Legs","","","","","","Tank",""
"212445","Glasslined DeDietrich  Tank - IPP# 212445","https://ims.internationalprocessplants.com/inventory/equipment/detail/212445","12","","","","","","","","","","20,200 L (5,350 gallons)","","Used","","2,400 mm (94.5 in)","","","","","","","","","3 bar (43.5 psi)","200 °C (392 °F)","","","","","","","","","","","DeDietrich","Yes","Glasslined","","","","","","","","Vertical","","","","4,900 mm (192.9 in)","","Skirt","","","","","","Tank",""
"212446","Glasslined DeDietrich  Tank - IPP# 212446","https://ims.internationalprocessplants.com/inventory/equipment/detail/212446","13","","","","","","","","","","3,350 L (880 gallons)","","Used","","1,600 mm (63 in)","","","","","","","","","6 bar (87 psi)","200 °C (392 °F)","","","","","","","","","","","DeDietrich","Yes","Glasslined","","","","","","","","Vertical","","","","1,350 mm (53.1 in)","","Lugs","","","","","","Tank","Yes"
"212455","Glasslined DeDietrich  Tank - IPP# 212455","https://ims.internationalprocessplants.com/inventory/equipment/detail/212455","13","","","","","","","","","","32,650 L (8,650 gallons)","","Used","","2,800 mm (110.2 in)","","","","","","","","","3 bar (43.5 psi)","110 °C (230 °F)","","","","","","","","","","","DeDietrich","Yes","Glasslined","","","","","","","","Horizontal","","","","5,800 mm (228.3 in)","","Saddle","","","","","","Tank","Yes"
"212457","Stainless Steel 316 DeDietrich Tank - IPP# 212457","https://ims.internationalprocessplants.com/inventory/equipment/detail/212457","13","","","","","","","","","","27,500 L (7,250 gallons)","","Used","","2,800 mm (110.2 in)","","","","","","","","","0.2 bar (2.9 psi)","40 °C (104 °F)","","","","","","","","","","","DeDietrich","Yes","Stainless Steel Austenitic","","","","","","","","Horizontal","","","","3,500 mm (138.5 in)","","Saddle","","","","","","Tank","Yes"
"212458","Glasslined DeDietrich  Tank - IPP# 212458","https://ims.internationalprocessplants.com/inventory/equipment/detail/212458","12","","","","","","","","","","32,600 L (8,600 gallons)","","Used","","2,800 mm (110.2 in)","","","","","","","","","3 bar (43.5 psi)","110 °C (230 °F)","","","","","","","","","","","DeDietrich","Yes","Glasslined","","","","","","","","Horizontal","","","","5,000 mm (196.9 in)","","Saddle","","","","","","Tank",""
"212467","Glasslined DeDietrich CSV 16000 Tank - IPP# 212467","https://ims.internationalprocessplants.com/inventory/equipment/detail/212467","14","","","","","","","","","","16,350 L (4,300 gallons)","","Used","","2,200 mm (86.6 in)","","","","","","","","","3 bar (43.5 psi)","50 °C (122 °F)","","","","","","","","","","","DeDietrich","Yes","Glasslined","CSV 16000","","","","","","","Vertical","","","","4,700 mm (185 in)","","Feet","","","","","","Tank","Yes"
"212473","Glasslined DeDietrich  Tank - IPP# 212473","https://ims.internationalprocessplants.com/inventory/equipment/detail/212473","12","","","","","","","","","","32,650 L (8,650 gallons)","","Used","","2,800 mm (110.2 in)","","","","","","","","","3 bar (43.5 psi)","50 °C (122 °F)","","","","","","","","","","","DeDietrich","","Glasslined","","","","","","","","Vertical","","","","5,800 mm (228.3 in)","","Legs","","","","","","Tank","Yes"
"212486","Glasslined DeDietrich CSH-10000 Tank - IPP# 212486","https://ims.internationalprocessplants.com/inventory/equipment/detail/212486","13","","","","","","","","","","10,200 L (2,700 gallons)","","Re-glassed","","2,000 mm (78.7 in)","","","","","","","","","3 bar (43.5 psi)","200 °C (392 °F)","","","","","","","","","","","DeDietrich","","Glasslined","CSH-10000","","","","","","","Horizontal","","","","3,600 mm (141.7 in)","","Lugs","","","","","","Tank","Yes"
"212517","Stainless Steel 304 Tank - IPP# 212517","https://ims.internationalprocessplants.com/inventory/equipment/detail/212517","22","","Single baffle","Wide I Baffle","","","","","","","2,250 L (600 gallons)","","Used","","1,250 mm (50 in)","","","","","","","","","1.01 bar (14.7 psi)","121.1 °C (250 °F)","","","Stainless Steel 304","","6.9 bar (100 psi)","121.1 °C (250 °F)","External Pipe Coil","","","","Walker Stainless","Yes","Stainless Steel 304","PZ","","","1.49 kW (2 HP)","40","","","Vertical","","Yes","","1,350 mm (54 in)","","Legs","","","","","","Tank",""
"212751","Stainless Steel 316 Hebold  Tank - IPP# 212751","https://ims.internationalprocessplants.com/inventory/equipment/detail/212751","16","","","","","","","","","","2,750 L (729 gallons)","","Used","","1,400 mm (55.1 in)","Yes","","","","","","","","1.01 bar (14.7 psi)","100 °C (212 °F)","","","","","","","","","","","Hebold","","Stainless Steel 316","","50","3","7.5 kW (10.1 HP)","1,420","","","Vertical","","","","1,400 mm (55.1 in)","","Lugs","","","","","","Tank",""
"212753","Stainless Steel 316 Hebold  Tank - IPP# 212753","https://ims.internationalprocessplants.com/inventory/equipment/detail/212753","11","","","","","","","","","","2,750 L (729 gallons)","","Used","","1,400 mm (55.1 in)","","","","","","","","","","100 °C (212 °F)","","","","","","","","","","","Hebold","Yes","Stainless Steel 316","","","","","","","","Vertical","","","","1,350 mm (52.8 in)","","Legs","","","","","","Tank",""
"212787","Stainless Steel 316 Paul Schwingel GmbH Tank - IPP# 212787","https://ims.internationalprocessplants.com/inventory/equipment/detail/212787","13","","","","","","","","","","2,000 L (528 gallons)","","Used","1,000 mm (39.4 in)","1,600 mm (63 in)","Yes","","","","","","","","7 bar (101.5 psi)","150 °C (302 °F)","","","","","","","","","","","Paul Schwingel GmbH","","Stainless Steel 316","","","","","","","","Vertical","","","","500 mm (19.7 in)","","Lugs","","","","","","Tank",""
"212788","Stainless Steel 316 Paul Schwingel GmbH Tank - IPP# 212788","https://ims.internationalprocessplants.com/inventory/equipment/detail/212788","13","","","","","","","","","","2,000 L (528 gallons)","","Used","1,000 mm (39.4 in)","1,600 mm (63 in)","Yes","","","","","","","","7 bar (101.5 psi)","150 °C (302 °F)","","","","","","","","","","","Paul Schwingel GmbH","","Stainless Steel 316","","","","","","","","Vertical","","","","500 mm (19.7 in)","","Lugs","","","","","","Tank",""
"212796","Glass QVF Tank - IPP# 212796","https://ims.internationalprocessplants.com/inventory/equipment/detail/212796","8","","","","","","","","","","200 L (52.8 gallons)","","Used","","500 mm (19.7 in)","","","","","","","","","","","","","","","","","","","","","QVF","","Glass","","","","","","","","Vertical","","","","2,000 mm (78.7 in)","","","","","","","","Tank",""
"212801","Carbon Steel Struthers Wells Inc. Tank - IPP# 212801","https://ims.internationalprocessplants.com/inventory/equipment/detail/212801","11","","","","","","","","","","72,450 L (19,150 gallons)","","Used","","2,150 mm (84 in)","","","","","","","","","179.3 bar (2,600 psi)","246.1 °C (475 °F)","","","","","","","","","","","Struthers Wells Inc.","","Carbon Steel","","","","","","","","Horizontal","","","","22,850 mm (900 in)","","Lugs","","","","","","Tank",""
"212804","Carbon Steel Tank - IPP# 212804","https://ims.internationalprocessplants.com/inventory/equipment/detail/212804","12","","","","","","","","","","34,050 L (9,000 gallons)","","Used","","3,950 mm (156 in)","","","","","","","","","27.9 bar (405 psi)","468.3 °C (875 °F)","","","","","","","","","","","Delta Southwestern","Yes","Carbon Steel","","","","","","","","Vertical","","","","1,500 mm (60 in)","","Lugs","","","","","","Tank",""
"212805","Carbon Steel Tank - IPP# 212805","https://ims.internationalprocessplants.com/inventory/equipment/detail/212805","11","","","","","","","","","","21,600 L (5,700 gallons)","","Used","","3,200 mm (126 in)","","","","","","","","","29.6 bar (430 psi)","426.7 °C (800 °F)","","","","","","","","","","","National Tank","","Carbon Steel","","","","","","","","Vertical","","","","2,150 mm (84 in)","","Legs","","","","","","Tank",""
"212845","Sanitary Stainless Steel 304 Tank - IPP# 212845","https://ims.internationalprocessplants.com/inventory/equipment/detail/212845","12","","","","","","","","Yes","","3,800 L (1,000 gallons)","","Used","","1,750 mm (68 in)","","","","","","","","","","","","","","","","","","","","","APV Crepaco","Yes","Stainless Steel 304","","","","","","","","Vertical","","Yes","","1,450 mm (58 in)","","Legs","","","","","","Tank",""
"212875","Stainless Steel 304 Tank - IPP# 212875","https://ims.internationalprocessplants.com/inventory/equipment/detail/212875","12","","","","","","","","","","4,150 L (1,100 gallons)","","Used","","1,500 mm (60 in)","Yes","","","","","","","","","","","","","","","","","","","","","","Stainless Steel 304","","60","","1.12 kW (1.5 HP)","1,425","","","Vertical","","","","2,300 mm (90 in)","","Legs","","","","","","Tank",""
"212902","Stainless Steel 316 Tank - IPP# 212902","https://ims.internationalprocessplants.com/inventory/equipment/detail/212902","12","","","","","","","","","","283.9 L (75 gallons)","","Used","","482.6 mm (19 in)","","","","","","","","","10.3 bar (150 psi)","204.4 °C (400 °F)","","","","","","","","","","","Industrial Process Equipment Corp.","","Stainless Steel 316L","Knock Out","","","","","","","Vertical","","","","1,500 mm (60 in)","","Base Mounted","","","","","","Tank",""
"213108","Glasslined Tank - IPP# 213108","https://ims.internationalprocessplants.com/inventory/equipment/detail/213108","10","","","","","","","","","","9,450 L (2,500 gallons)","","Used","","2,150 mm (85 in)","","","","","","","","","","","","","","","","","","","","","Pfaudler","Yes","Glasslined","","","","","","","","Horizontal","","","","2,150 mm (84 in)","","Legs","","","","","","Tank",""
"213113","Glasslined Tank - IPP# 213113","https://ims.internationalprocessplants.com/inventory/equipment/detail/213113","8","","","","","","","","","","4,900 L (1,300 gallons)","","Used","","1,850 mm (72 in)","","","","","","","","","","","","","","","","","","","","","","","Glasslined","","","","","","","","Horizontal","","","","1,750 mm (68 in)","","Legs","","","","","","Tank",""
"213119","Glasslined Tank - IPP# 213119","https://ims.internationalprocessplants.com/inventory/equipment/detail/213119","18","","","","","","","","","","757 L (200 gallons)","","Used","","1,050 mm (42 in)","","","","","","","","","10.3 bar (150 psi)","232.2 °C (450 °F)","","","Carbon Steel","","6.2 bar (90 psi)","232.2 °C (450 °F)","Standard","","","","Ceramic Coatings","Yes","Glasslined","Reciever","","","","","","","Vertical","","","","660 mm (26 in)","","Lugs","","","","","","Tank","Yes"
"213122","Glasslined Tank - IPP# 213122","https://ims.internationalprocessplants.com/inventory/equipment/detail/213122","13","","","","","","","","","","5,700 L (1,500 gallons)","","Used","","1,800 mm (70 in)","","","","","","","","","6.9 bar (100 psi)","200 °C (392 °F)","","","","","","","","","","","DeDietrich","","Glasslined","HT 1500","","","","","","","Horizontal","","","","2,000 mm (78 in)","","Saddle","","","","","","Tank","Yes"
"213154","Stainless Steel 304 Tank - IPP# 213154","https://ims.internationalprocessplants.com/inventory/equipment/detail/213154","11","","","","","","","","","","28,400 L (7,500 gallons)","","Used","304.8 mm (12 in)","2,450 mm (96 in)","","","","","","","","","","","","","","","","","","","","","Perry Products Co.","Yes","Stainless Steel 304L","","","","","","","","Horizontal","","","","6,100 mm (240 in)","","Saddle","","","","","","Tank",""
"213175","Stainless Steel 316 Tank - IPP# 213175","https://ims.internationalprocessplants.com/inventory/equipment/detail/213175","11","","","","","","","","","","1,150 L (300 gallons)","","Used","","914 mm (36 in)","","","","","","","","","5.2 bar (75 psi)","176.7 °C (350 °F)","","","","","","","","","","","Deco","","Stainless Steel 316","","","","","","","","Vertical","","","","1,700 mm (66 in)","","","","","","","","Tank","Yes"
"213180","Glasslined Tank - IPP# 213180","https://ims.internationalprocessplants.com/inventory/equipment/detail/213180","10","","","","","","","","","","378.5 L (100 gallons)","","Used","","","","","","","","","","","5.2 bar (75 psi)","343.3 °C (650 °F)","","","","","","","","","","","Pfaudler","Yes","Glasslined","","","","","","","","Horizontal","","","","","","Legs","","","","","","Tank",""
"213198","Glasslined Tank - IPP# 213198","https://ims.internationalprocessplants.com/inventory/equipment/detail/213198","11","","","","","","","","","","113.6 L (30 gallons)","","Used","","355.6 mm (14 in)","","","","","","","","","2.1 bar (30 psi)","232.2 °C (450 °F)","","","","","","","","","","","Pfaudler","","Glasslined","","","","","","","","","","","","457.2 mm (18 in)","","Legs","","","","","","Tank","Yes"
"213214","Glasslined Tank - IPP# 213214","https://ims.internationalprocessplants.com/inventory/equipment/detail/213214","11","","","","","","","","","","1,900 L (500 gallons)","","Used","","1,200 mm (48 in)","","","","","","","","","3.8 bar (55 psi)","","","","","","","","","","","","DeDietrich","","Glasslined","","","","","","","","Vertical","","","","1,400 mm (56 in)","","Legs","","","","","","Tank","Yes"
"213222","Stainless Steel 316 Tank - IPP# 213222","https://ims.internationalprocessplants.com/inventory/equipment/detail/213222","13","","","","","","","","","","11,350 L (3,000 gallons)","","Used","","2,750 mm (108 in)","Yes","","","","","","","","6.9 bar (100 psi)","93.3 °C (200 °F)","","","","","","","","","","","","","Stainless Steel 316","","","","2.2 kW (3 HP)","","","","Vertical","","","","1,700 mm (66 in)","","Legs","","","","","","Tank","Yes"
"213227","Stainless Steel 316 Tank - IPP# 213227","https://ims.internationalprocessplants.com/inventory/equipment/detail/213227","12","","","","","","","","","","11,350 L (3,000 gallons)","","Used","","2,750 mm (108 in)","","","","","","","","","6.9 bar (100 psi)","93.3 °C (200 °F)","","","","","","","","","","","GH Hicks","","Stainless Steel 316","","","","","","","","Vertical","","","","1,700 mm (66 in)","","Legs","","","","","","Tank","Yes"
"213277","Stainless Steel Other Tank - IPP# 213277","https://ims.internationalprocessplants.com/inventory/equipment/detail/213277","9","","","","","","","","","","75.7 L (20 gallons)","","Used","","508 mm (20 in)","","","","","","","","","","","","","","","","","","","","","Pfaudler","","Stainless Steel Other","","","","","","","","Vertical","","","","610 mm (24 in)","","Legs","","","","","","Tank",""
"213295","Tank - IPP# 213295","https://ims.internationalprocessplants.com/inventory/equipment/detail/213295","12","","","","","","","","","","1,900 L (500 gallons)","","Used","","1,200 mm (48 in)","","","","","","","","","1.72 bar (25 psi)","343.3 °C (650 °F)","","","","","","","","","","","Pfaudler","Yes","Glasslined","","","","","","","","Vertical","","","","1,500 mm (60 in)","","Legs","","","","","","Tank",""
"213303","Glasslined Tank - IPP# 213303","https://ims.internationalprocessplants.com/inventory/equipment/detail/213303","12","","","","","","","","","","1,900 L (500 gallons)","","Used","","1,400 mm (56 in)","","","","","","","","","5.2 bar (75 psi)","176.7 °C (350 °F)","","","","","","","","","","","Pfaudler","Yes","Glasslined","","","","","","","","Vertical","","","","1,150 mm (46 in)","","Legs","","","","","","Tank",""
"213304","Stainless Steel 304 Tank - IPP# 213304","https://ims.internationalprocessplants.com/inventory/equipment/detail/213304","12","","","","","","","","","","3,400 L (900 gallons)","","Used","","1,700 mm (66 in)","","","","","","","","","7.6 bar (110 psi)","37.8 °C (100 °F)","","","","","","","","","","","Process Engineering","","Stainless Steel 304","","","","","","","","Vertical","","","","1,350 mm (54 in)","","Lugs","","","","","","Tank","Yes"
"213324","Tank - IPP# 213324","https://ims.internationalprocessplants.com/inventory/equipment/detail/213324","14","","","","","","","","","","1,900 L (500 gallons)","","Used","","1,200 mm (48 in)","","","","","","","","","3.8 bar (55 psi)","148.9 °C (300 °F)","","","","","","","","","","","Pfaudler","Yes","Glasslined",""CV" vertical receiver","","","","","","","Vertical","","","","1,450 mm (57 in)","","Legs","","","","","","Tank","Yes"
"213344","Stainless Steel Other Tank - IPP# 213344","https://ims.internationalprocessplants.com/inventory/equipment/detail/213344","12","","","","","","","","","","11,350 L (3,000 gallons)","","Used","","2,300 mm (90 in)","","","","","","","","","5.2 bar (75 psi)","185 °C (365 °F)","","","","","","","","","","","Perry Products Co.","Yes","Stainless Steel Other","","","","","","","","Vertical","","","","2,450 mm (96 in)","","Legs","","","","","","Tank",""
"213345","Stainless Steel 316 Tank - IPP# 213345","https://ims.internationalprocessplants.com/inventory/equipment/detail/213345","12","","","","","","","","","","15,150 L (4,000 gallons)","","Used","","2,750 mm (108 in)","","","","","","","","","5.2 bar (75 psi)","176.7 °C (350 °F)","","","","","","","","","","","Perry Products Co.","","Stainless Steel 316","","","","","","","","Vertical","","","","3,350 mm (132 in)","","Legs","","","","","","Tank","Yes"
"213351","Tank - IPP# 213351","https://ims.internationalprocessplants.com/inventory/equipment/detail/213351","9","","","","","","","","","","378.5 L (100 gallons)","","Needs Reglass","","813 mm (32 in)","","","","","","","","","","","","","","","","","","","","","Pfaudler","","Glasslined","","","","","","","","Vertical","","","","864 mm (34 in)","","Legs","","","","","","Tank",""
"213360","Stainless Steel Other Tank - IPP# 213360","https://ims.internationalprocessplants.com/inventory/equipment/detail/213360","8","","","","","","","","","","8,350 L (2,200 gallons)","","Used","","2,150 mm (84 in)","","","","","","","","","","","","","","","","","","","","","","","Stainless Steel 317","","","","","","","","Vertical","","","","2,200 mm (86 in)","","Legs","","","","","","Tank",""
"213361","Stainless Steel Other Tank - IPP# 213361","https://ims.internationalprocessplants.com/inventory/equipment/detail/213361","11","","","","","","","","","","10,600 L (2,800 gallons)","","Used","","2,300 mm (90 in)","","","","","","","","","5.2 bar (75 psi)","","","","","","","","","","","","Industrial Copper & Metal Co","","Stainless Steel 316","","","","","","","","Vertical","","","","2,450 mm (96 in)","","Legs","","","","","","Tank","Yes"
"213363","Glasslined Tank - IPP# 213363","https://ims.internationalprocessplants.com/inventory/equipment/detail/213363","8","","","","","","","","","","1,150 L (300 gallons)","","Needs Reglass","","1,000 mm (40 in)","","","","","","","","","","","","","","","","","","","","","","","Glasslined","","","","","","","","Horizontal","","","","1,450 mm (57 in)","","Legs","","","","","","Tank",""
"213366","Glasslined Tank - IPP# 213366","https://ims.internationalprocessplants.com/inventory/equipment/detail/213366","8","","","","","","","","","","1,150 L (300 gallons)","","Needs Reglass","","1,000 mm (40 in)","","","","","","","","","","","","","","","","","","","","","","","Glasslined","","","","","","","","Horizontal","","","","1,450 mm (57 in)","","Legs","","","","","","Tank",""
"213367","Glasslined Tank - IPP# 213367","https://ims.internationalprocessplants.com/inventory/equipment/detail/213367","9","","","","","","","","","","3,800 L (1,000 gallons)","","Used","","","","","","","","","","","4.5 bar (65 psi)","204.4 °C (400 °F)","","","","","","","","","","","DeDietrich","Yes","Glasslined","","","","","","","","Vertical","","","","","","","","","","","","Tank",""
"213369","Stainless Steel 316 Tank - IPP# 213369","https://ims.internationalprocessplants.com/inventory/equipment/detail/213369","12","","","","","","","","","","3,800 L (1,000 gallons)","","Used","","1,650 mm (64 in)","","","","","","","","","4.1 bar (60 psi)","93.3 °C (200 °F)","","","","","","","","","","","Dusenbury Eng Co Inc","","Stainless Steel 316","","","","","","","","Vertical","","","","1,700 mm (66 in)","","Legs","","","","","","Tank","Yes"
"213377","Glasslined Tank - IPP# 213377","https://ims.internationalprocessplants.com/inventory/equipment/detail/213377","12","","","","","","","","","","2,850 L (750 gallons)","","Used","","1,350 mm (54 in)","","","","","","","","","3.8 bar (55 psi)","148.9 °C (300 °F)","","","","","","","","","","","Pfaudler","Yes","Glasslined","","","","","","","","Horizontal","","","","1,800 mm (70 in)","","Legs","","","","","","Tank",""
"213378","Glasslined Tank - IPP# 213378","https://ims.internationalprocessplants.com/inventory/equipment/detail/213378","7","","","","","","","","","","94.6 L (25 gallons)","","Used","","508 mm (20 in)","","","","","","","","","","","","","","","","","","","","","","","Glasslined","","","","","","","","Vertical","","","","482.6 mm (19 in)","","","","","","","","Tank",""
"213390","Glasslined Tank - IPP# 213390","https://ims.internationalprocessplants.com/inventory/equipment/detail/213390","12","","","","","","","","","","1,900 L (500 gallons)","","Used","","1,200 mm (48 in)","","","","","","","","","3.4 bar (50 psi)","148.9 °C (300 °F)","","","","","","","","","","","DeDietrich","","Glasslined","","","","","","","","Vertical","","","","1,500 mm (60 in)","","Legs","","","","","","Tank","Yes"
"213393","Stainless Steel 316 Tank - IPP# 213393","https://ims.internationalprocessplants.com/inventory/equipment/detail/213393","14","","4 side wall Baffles","","","","","","","","265 L (70 gallons)","","Used","","711 mm (28 in)","Yes","","","","","","","","6.9 bar (100 psi)","60 °C (140 °F)","","","","","","","","","","","Randal","","Stainless Steel 316","","","","","","","","Vertical","","","","482.6 mm (19 in)","","Legs","","","","","","Tank","Yes"
"213473","Glasslined Tank - IPP# 213473","https://ims.internationalprocessplants.com/inventory/equipment/detail/213473","12","","","","","","","","","","1,900 L (500 gallons)","","Used","","1,200 mm (48 in)","","","","","","","","","3.8 bar (55 psi)","204.4 °C (400 °F)","","","","","","","","","","","DeDietrich","","Glasslined","","","","","","","","Vertical","","","","1,400 mm (56 in)","","Legs","","","","","","Tank","Yes"
"213627","Stainless Steel 316 Pfaudler  Tank - IPP# 213627","https://ims.internationalprocessplants.com/inventory/equipment/detail/213627","11","","","","","","","","","","189.3 L (50 gallons)","","Used","","457.2 mm (18 in)","","","","","","","","","3.1 bar (45 psi)","","","","","","6.6 bar (95 psi)","","","","","","Pfaudler","","Stainless Steel 316","","","","","","","","Vertical","","","","559 mm (22 in)","","Legs","","","","","","Tank",""
"213628","Stainless Steel 316 Pfaudler  Tank - IPP# 213628","https://ims.internationalprocessplants.com/inventory/equipment/detail/213628","13","","With four internal side wall baffles 1/4" thick x 1.75" wide.","Flat Vertical","","","","","","","113.6 L (30 gallons)","","Used","","508 mm (20 in)","","","","","","","","","1.03 bar (15 psi)","37.8 °C (100 °F)","","","","","","","","","","","Pfaudler","","Stainless Steel 316","","","","","","","","Vertical","","","","381 mm (15 in)","","Legs","","","","","","Tank",""
"213630","Carbon Steel Clad Vulcan Manufacturing Company Tank - IPP# 213630","https://ims.internationalprocessplants.com/inventory/equipment/detail/213630","16","","","","","","","","","","757 L (200 gallons)","Yes","Used","","762 mm (30 in)","","","","","","","","","68.9 bar (1,000 psi)","260 °C (500 °F)","","","Carbon Steel","","17.2 bar (250 psi)","260 °C (500 °F)","","","","","Vulcan Manufacturing Company","","Carbon Steel","","","","","","","","Vertical","","","","1,050 mm (42 in)","","Lugs","","","","","","Tank","Yes"
"213693","Unused Stainless Steel 316 Tank - IPP# 213693","https://ims.internationalprocessplants.com/inventory/equipment/detail/213693","13","","","","","","","","","","7,550 L (2,000 gallons)","","Unused","1,200 mm (48 in)","1,500 mm (60 in)","","","","","","","","","1.03 bar (15 psi)","121.1 °C (250 °F)","","","","","","","","","","","Shamrad Boiler","","Stainless Steel 316L","","","","","","","","Vertical","","","","3,950 mm (156 in)","","Lugs","","","","","","Tank","Yes"
"213701","Glasslined Tank - IPP# 213701","https://ims.internationalprocessplants.com/inventory/equipment/detail/213701","11","","","","","","","","","","26.5 L (7 gallons)","","Used","","","","","","","","","","","1.01 bar (14.7 psi)","204.4 °C (400 °F)","","","","","6.2 bar (90 psi)","204.4 °C (400 °F)","Standard","","","","DeDietrich","","Glasslined","","","","","","","","Vertical","","","","","","","","","","","","Tank",""
"213907","Stainless Steel 304 Tank - IPP# 213907","https://ims.internationalprocessplants.com/inventory/equipment/detail/213907","14","","","","","","","","","","1,900 L (500 gallons)","","Used","","1,050 mm (42 in)","","","","","","","","","2.1 bar (30 psi)","121.1 °C (250 °F)","","","","","2.1 bar (30 psi)","121.1 °C (250 °F)","Standard","","","","","","Stainless Steel 304","","","","","","","","Horizontal","","","","1,850 mm (72 in)","","Legs","","","","","","Tank","Yes"
"214012","Glasslined DeDietrich  Tank - IPP# 214012","https://ims.internationalprocessplants.com/inventory/equipment/detail/214012","12","","","","","","","","","","400 L (105.7 gallons)","","Used","","600 mm (23.6 in)","","","","","","","","","2 bar (29 psi)","200 °C (392 °F)","","","","","","","","","","","DeDietrich","","Glasslined","","","","","","","","Horizontal","","","","1,650 mm (65.2 in)","","Other","","","","","","Tank","Yes"
"214016","Stainless Steel 321 Scholl  Tank - IPP# 214016","https://ims.internationalprocessplants.com/inventory/equipment/detail/214016","8","","","","","","","","","","100 L (26.4 gallons)","","Used","","","","","","","","","","","2 bar (29 psi)","","","","","","","","","","","","Scholl","","Stainless Steel 321","","","","","","","","Horizontal","","","","","","Other","","","","","","Tank",""
"214020","Glasslined Von Roll  Tank - IPP# 214020","https://ims.internationalprocessplants.com/inventory/equipment/detail/214020","10","","","","","","","","","","250 L (66 gallons)","","Used","","550 mm (21.7 in)","","","","","","","","","2 bar (29 psi)","200 °C (392 °F)","","","","","","","","","","","Von Roll","","Glasslined","","","","","","","","Horizontal","","","","900 mm (35.4 in)","","","","","","","","Tank",""
"214033","Stainless Steel 316L Kuehni Tank - IPP# 214033","https://ims.internationalprocessplants.com/inventory/equipment/detail/214033","13","","","","","","","","","","50 L (13.2 gallons)","","Used","","250 mm (9.8 in)","","","","","","","","","3.2 bar (46.4 psi)","200 °C (392 °F)","","","","","","0 °C (32 °F)","","","","","Kuehni","","Stainless Steel 316L","","","","","","","","Horizontal","","","","900 mm (35.4 in)","","Other","","","","","","Tank","Yes"
"214082","Glass Schott  Tank - IPP# 214082","https://ims.internationalprocessplants.com/inventory/equipment/detail/214082","9","","","","","","","","","","200 L (52.8 gallons)","","Used","","400 mm (15.7 in)","","","","","","","","","","","","","","","","","","","","","Schott","","Glass","","","","","","","","Vertical","","","","1,500 mm (59.1 in)","","Other","","","","","","Tank",""
"214083","Glass QVF  Tank - IPP# 214083","https://ims.internationalprocessplants.com/inventory/equipment/detail/214083","13","","","","","","","","","","100 L (26.4 gallons)","","Used","","400 mm (15.7 in)","Yes","","","","","","","","","","","","","","","","","","","","QVF","","Glass","","3","","0.55 kW (0.74 HP)","1,385","","","Vertical","","","","1,000 mm (39.4 in)","","Other","","","","","","Tank",""
"214133","Stainless Steel 316L SMS Tank - IPP# 214133","https://ims.internationalprocessplants.com/inventory/equipment/detail/214133","16","","","","","","","","","","810 L (214 gallons)","","Used","","800 mm (31.5 in)","","","","","","","","","-1 bar (-14.5 psi)","135 °C (275 °F)","","","Carbon Steel","","5.5 bar (79.8 psi)","170 °C (338 °F)","Standard","","","","SMS","","Stainless Steel 316L","","","","","","","","Vertical","","","","2,250 mm (89.1 in)","","Lugs","","","","","","Tank","Yes"
"214148","Glasslined DeDeitrich  Tank - IPP# 214148","https://ims.internationalprocessplants.com/inventory/equipment/detail/214148","12","","","","","","","","","","3,050 L (806 gallons)","","Used","","1,400 mm (55.1 in)","","","","","","","","","6 bar (87 psi)","200 °C (392 °F)","","","","","","","","","","","DeDietrich","","Glasslined","","","","","","","","Vertical","","","","2,800 mm (110.2 in)","","Lugs","","","","","","Tank","Yes"
"214154","Glasslined DeDietrich  Tank - IPP# 214154","https://ims.internationalprocessplants.com/inventory/equipment/detail/214154","11","","","","","","","","","","4,900 L (1,300 gallons)","","Used","","1,500 mm (59.1 in)","","","","","","","","","6 bar (87 psi)","200 °C (392 °F)","","","","","","","","","","","DeDietrich","","Glasslined","","","","","","","","Vertical","","","","2,550 mm (100.8 in)","","","","","","","","Tank","Yes"
"214155","Glasslined Tycon  Tank - IPP# 214155","https://ims.internationalprocessplants.com/inventory/equipment/detail/214155","13","","","","","","","","","","1,350 L (352.7 gallons)","","Used","","1,200 mm (47.2 in)","","","","","","","","","6 bar (87 psi)","200 °C (392 °F)","","","","","","","","","","","Tycon","Yes","Glasslined","","","","","","","","Vertical","","","","924 mm (36.4 in)","","Legs","","","","","","Tank","Yes"
"214173","Stainless Steel Other HINKE  Tank - IPP# 214173","https://ims.internationalprocessplants.com/inventory/equipment/detail/214173","12","","","","","","","","","","8,700 L (2,300 gallons)","","Used","700 mm (27.6 in)","1,200 mm (47.2 in)","","","","","","","","","0.4 bar (5.8 psi)","20 °C (68 °F)","","","","","","","","","","","HINKE","","Stainless Steel Other","","","","","","","","Vertical","","","","3,300 mm (129.9 in)","","Lugs","","","","","","Tank",""
"214195","Stainless Steel Austenitic  Tank - IPP# 214195","https://ims.internationalprocessplants.com/inventory/equipment/detail/214195","10","","","","","","","","","","600 L (158.5 gallons)","","Used","","1,000 mm (39.4 in)","","","","","","","","","","0 °C (32 °F)","","","","","","0 °C (32 °F)","","","","","","","Stainless Steel Austenitic","","","","","","","","Vertical","","","","800 mm (31.5 in)","","Caster","","","","","","Tank",""
"214196","Stainless Steel Austenitic  Tank - IPP# 214196","https://ims.internationalprocessplants.com/inventory/equipment/detail/214196","8","","","","","","","","","","600 L (158.5 gallons)","","Used","","1,000 mm (39.4 in)","","","","","","","","","","","","","","","","","","","","","","","Stainless Steel Austenitic","","","","","","","","Vertical","","","","800 mm (31.5 in)","","Caster","","","","","","Tank",""
"214214","Stainless Steel 316 Tank - IPP# 214214","https://ims.internationalprocessplants.com/inventory/equipment/detail/214214","12","","","","","","","","","","4,750 L (1,250 gallons)","","Used","","1,500 mm (60 in)","","","","","","","","","3.4 bar (50 psi)","121.1 °C (250 °F)","","","","","","","","","","","All-Weld","","Stainless Steel 316L","","","","","","","","Vertical","","","","2,450 mm (96 in)","","Legs","","","","","","Tank","Yes"
"214780","Stainless Steel 904 Rieger  Tank - IPP# 214780","https://ims.internationalprocessplants.com/inventory/equipment/detail/214780","19","","baffle","","","","","","","","250 L (66 gallons)","","Used","","700 mm (27.6 in)","Yes","","","","","","","","0.49 bar (7.1 psi)","121 °C (249.8 °F)","","","","","","","","","","","Rieger","","Stainless Steel 904","","50","3","0.75 kW (1.01 HP)","1,380","","","Vertical","","Yes","","700 mm (27.6 in)","","Lugs","","","","","","Tank","Yes"
"215015","Stainless Steel 321  Tank - IPP# 215015","https://ims.internationalprocessplants.com/inventory/equipment/detail/215015","11","","","","","","","","","","39,700 L (10,500 gallons)","","Used","","3,600 mm (141.7 in)","","Yes","","","","","","","1.01 bar (14.7 psi)","","","","","","","","","","","","","Yes","Stainless Steel 321","","","","","","","","Vertical","","","","4,100 mm (161.4 in)","","Skirt","","","","","","Tank",""
"215152","Stainless Steel 316 Tank - IPP# 215152","https://ims.internationalprocessplants.com/inventory/equipment/detail/215152","10","","","","","","","","","","15,900 L (4,200 gallons)","Yes","Used","","2,400 mm (94.5 in)","","","","","","","","","","","","","","","","","","","","","","Yes","Stainless Steel 316","","","","","","","","Vertical","","","","3,600 mm (141.7 in)","","Skirt","","","","","","Tank",""
"215183","Stainless Steel 316  Tank - IPP# 215183","https://ims.internationalprocessplants.com/inventory/equipment/detail/215183","13","","Four-Sidewall mounted straight","","","","","","","","11,350 L (3,000 gallons)","","Used","","2,400 mm (94.5 in)","Yes","","","","","","","","","","","","","","","","","","","","","","Stainless Steel 316","","3","","3 kW (4 HP)","720","","","Vertical","","","","2,400 mm (94.5 in)","","Skirt","","","","","","Tank",""
"215186","Stainless Steel 304 Tank - IPP# 215186","https://ims.internationalprocessplants.com/inventory/equipment/detail/215186","11","","","","","","","","","","37,000 L (9,750 gallons)","","Used","","2,800 mm (110.2 in)","","Yes","","","","","","","1.01 bar (14.7 psi)","","","","Stainless Steel 316","","","","","","","","","Yes","Stainless Steel 304","","","","","","","","Vertical","","","","6,000 mm (236.2 in)","","","","","","","","Tank",""
"215213","Stainless Steel 316 Fabtec Ltd. Tank - IPP# 215213","https://ims.internationalprocessplants.com/inventory/equipment/detail/215213","12","","","","","","","","","","4,450 L (1,150 gallons)","","Used","","1,400 mm (55.1 in)","","","","","","","","","2 bar (29 psi)","150 °C (302 °F)","","","","","","","","","","","Fabtec Ltd","","Stainless Steel 316","","","","","","","","Vertical","","","","2,000 mm (78.7 in)","","Legs","","","","","","Tank","Yes"
"215220","Stainless Steel 316 Tank - IPP# 215220","https://ims.internationalprocessplants.com/inventory/equipment/detail/215220","10","","","","","","","","","","28,400 L (7,500 gallons)","","Used","","2,800 mm (110.2 in)","","Yes","","","","","","","","","","","","","","","","","","","","Yes","Stainless Steel 316","","","","","","","","Vertical","","","","4,600 mm (181.1 in)","","Skirt","","","","","","Tank",""
"215259","Stainless Steel 316 Tank with Agitation - IPP# 215259","https://ims.internationalprocessplants.com/inventory/equipment/detail/215259","20","","","","","","","","","","27,600 L (7,300 gallons)","","Used","","2,500 mm (98.4 in)","Yes","","","","","","","","2 bar (29 psi)","200 °C (392 °F)","","","Stainless Steel 316","","15 bar (217.6 psi)","200 °C (392 °F)","","","","","","Yes","Stainless Steel 316","","50","3","4 kW (5.4 HP)","1,435","","","Vertical","","","","6,300 mm (248 in)","","Skirt","","","","","","Tank","Yes"
"215316","Stainless Steel 316Ti Clad Kleiser und Losch GmbH Tank - IPP# 215316","https://ims.internationalprocessplants.com/inventory/equipment/detail/215316","17","","","","","","","","","","3,750 L (996 gallons)","Yes","Used","","1,200 mm (47.2 in)","Yes","","","","","","","","1 bar (14.5 psi)","95 °C (203 °F)","","","","","","","","","","","Kleiser und Losch GmbH","","Stainless Steel Austenitic","","50","3","11 kW (14.8 HP)","1,440","","","Vertical","","","","2,900 mm (113.5 in)","","Legs","","","","","","Tank",""
"215344","Stainless Steel 316 Clad Lurgi  Tank - IPP# 215344","https://ims.internationalprocessplants.com/inventory/equipment/detail/215344","14","","","","","","","","","","2,600 L (687 gallons)","","Used","","1,350 mm (54 in)","","Yes","","","","","","","0.006 bar (0.09 psi)","250 °C (482 °F)","","","Carbon Steel","","","","Standard","","","","Lurgi","","Stainless Steel 316","","","","","","","","Vertical","","","","1,500 mm (60 in)","","Lugs","","","","","","Tank",""
"215346","Stainless Steel 316   Tank - IPP# 215346","https://ims.internationalprocessplants.com/inventory/equipment/detail/215346","12","","","","","","","","","","4,200 L (1,100 gallons)","","Used","","1,500 mm (60 in)","","","","","","","","","0.006 bar (0.09 psi)","200 °C (392 °F)","","","Carbon Steel","","","","Standard","","","","","","Stainless Steel 316","","","","","","","","Vertical","","","","1,900 mm (74 in)","","Lugs","","","","","","Tank",""
"215366","Stainless Steel 316 T.Bibby ltd  Tank - IPP# 215366","https://ims.internationalprocessplants.com/inventory/equipment/detail/215366","15","","","","","","","","","","4,150 L (1,100 gallons)","","Used","","1,600 mm (63 in)","","","","","","","","","4.5 bar (65.3 psi)","150 °C (302 °F)","","","","","3.5 bar (50.8 psi)","160 °C (320 °F)","","","","","T.Bibby LTD.","Yes","Stainless Steel 316","","","","","","","","Vertical","","","","2,000 mm (78.7 in)","","Lugs","","","","","","Tank","Yes"
"216014","Stainless Steel 304 Tank - IPP# 216014","https://ims.internationalprocessplants.com/inventory/equipment/detail/216014","12","","","","","","","","","","2,450 L (650 gallons)","","Used","","1,050 mm (42 in)","","","","","","","","","0.76 bar (11 psi)","121.1 °C (250 °F)","","","","","","","","","","","R.C. Technical Welding & Fabrication","Yes","Stainless Steel 304","","","","","","","","Vertical","","","","2,750 mm (108 in)","","Legs","","","","","","Tank",""
"216019","Stainless Steel 304 Tank - IPP# 216019","https://ims.internationalprocessplants.com/inventory/equipment/detail/216019","14","","","","","","","","","","28,750 L (7,600 gallons)","","Used","","2,750 mm (108 in)","Yes","","","","","","","","3.4 bar (50 psi)","273.9 °C (525 °F)","","","","","","","","","","","Paul Mueller","Yes","Stainless Steel 304","","","","","","","","Vertical","","","","4,900 mm (192 in)","","Lugs","","","","","","Tank","Yes"
"216022","Stainless Steel 304 Tank - IPP# 216022","https://ims.internationalprocessplants.com/inventory/equipment/detail/216022","12","","","","","","","","","","757 L (200 gallons)","","Used","","914 mm (36 in)","","","","","","","","","5.9 bar (86 psi)","273.9 °C (525 °F)","","","","","","","","","","","R.C. Technical Welding & Fabrication","Yes","Stainless Steel 304","","","","","","","","Vertical","","","","1,150 mm (45 in)","","Lugs","","","","","","Tank",""
"216083","Stainless Steel 304 Tank - IPP# 216083","https://ims.internationalprocessplants.com/inventory/equipment/detail/216083","12","","","","","","","","","","984 L (260 gallons)","","Used","","762 mm (30 in)","","","","","","","","","4.9 bar (71 psi)","204.4 °C (400 °F)","","","","","","","","","","","Four Corp","Yes","Stainless Steel 304","","","","","","","","Vertical","","","","2,200 mm (87 in)","","Lugs","","","","","","Tank",""
"216084","Stainless Steel 304 Tank - IPP# 216084","https://ims.internationalprocessplants.com/inventory/equipment/detail/216084","12","","","","","","","","","","9,750 L (2,600 gallons)","","Used","","1,700 mm (66 in)","","","","","","","","","3.7 bar (53 psi)","204.4 °C (400 °F)","","","","","","","","","","","Four Corp","","Stainless Steel 304","","","","","","","","Vertical","","","","4,250 mm (168 in)","","Legs","","","","","","Tank","Yes"
"216086","Nickel Tank - IPP# 216086","https://ims.internationalprocessplants.com/inventory/equipment/detail/216086","11","","","","","","","","","","662 L (175 gallons)","","Used","","610 mm (24 in)","","","","","","","","","12.4 bar (180 psi)","204.4 °C (400 °F)","","","","","","","","","","","Benicia Fabrication & Machine Co.","","Nickel","","","","","","","","Vertical","","","","2,300 mm (90 in)","","Legs","","","","","","Tank",""
"216116","Glasslined Tank - IPP# 216116","https://ims.internationalprocessplants.com/inventory/equipment/detail/216116","13","","","","","","","","","","1,300 L (340 gallons)","","Used","","813 mm (32 in)","","","","","","","","","3.4 bar (50 psi)","232.2 °C (450 °F)","","","","","","","","","","","Pfaudler","","Glasslined","VR36-340-50","","","","","","","Vertical","","","","1,800 mm (70 in)","","Legs","","","","","","Tank","Yes"
"216124","Carbon Steel Tank - IPP# 216124","https://ims.internationalprocessplants.com/inventory/equipment/detail/216124","12","","","","","","","","","","1,900 L (500 gallons)","","Used","","914 mm (36 in)","","","","","","","","","5.2 bar (75 psi)","232.2 °C (450 °F)","","","","","","","","","","","Edlon Inc.","","Lined","","","","","","","","Vertical","","","","2,150 mm (84 in)","","Legs","","","","","","Tank","Yes"
"216173","Stainless Steel 304 Tank - IPP# 216173","https://ims.internationalprocessplants.com/inventory/equipment/detail/216173","8","","","","","","","","","","3,100 L (820 gallons)","","Used","","1,650 mm (64 in)","","","","","","","","","","","","","","","","","","","","","","","Stainless Steel 304","","","","","","","","Vertical","","","","1,400 mm (56 in)","","Legs","","","","","","Tank",""
"216178","Glasslined Tank - IPP# 216178","https://ims.internationalprocessplants.com/inventory/equipment/detail/216178","12","","","","","","","","","","568 L (150 gallons)","","Used","","559 mm (22 in)","","","","","","","","","6.9 bar (100 psi)","148.9 °C (300 °F)","","","","","","","","","","","Ceramic Coatings","","Glasslined","","","","","","","","Vertical","","","","2,150 mm (84 in)","","Legs","","","","","","Tank","Yes"
"216201","Stainless Steel 304 Tank - IPP# 216201","https://ims.internationalprocessplants.com/inventory/equipment/detail/216201","11","","","","","","","","","","3,800 L (1,000 gallons)","","Used","","1,500 mm (60 in)","","","","","","","","","","","","","","","","","","","","","Chicago Conveyor Corp.","Yes","Stainless Steel 304","","","","","","","","Vertical","","","","1,800 mm (70 in)","","Legs","","","","","","Tank","Yes"
"216352","Glasslined Tank - IPP# 216352","https://ims.internationalprocessplants.com/inventory/equipment/detail/216352","15","","","","","","","","","","18.9 L (5 gallons)","","Used","","250 mm (9.8 in)","","","","","","","","","10.3 bar (150 psi)","260 °C (500 °F)","","","","","10.3 bar (150 psi)","260 °C (500 °F)","Standard","","","","DeDietrich","","Glasslined","","","","","","","","Vertical","","","","600 mm (23.6 in)","","Other","","","","","","Tank","Yes"
"216353","Glasslined Tank - IPP# 216353","https://ims.internationalprocessplants.com/inventory/equipment/detail/216353","15","","","","","","","","","","18.9 L (5 gallons)","","Used","","250 mm (9.8 in)","","","","","","","","","10.3 bar (150 psi)","260 °C (500 °F)","","","","","10.3 bar (150 psi)","260 °C (500 °F)","Standard","","","","DeDietrich","","Glasslined","","","","","","","","Vertical","","","","600 mm (23.6 in)","","Other","","","","","","Tank","Yes"
"216354","Glasslined Tank - IPP# 216354","https://ims.internationalprocessplants.com/inventory/equipment/detail/216354","15","","","","","","","","","","37.9 L (10 gallons)","","Used","","304.8 mm (12 in)","","","","","","","","","10.3 bar (150 psi)","260 °C (500 °F)","","","","","10.3 bar (150 psi)","260 °C (500 °F)","Standard","","","","DeDietrich","","Glasslined","","","","","","","","Vertical","","","","610 mm (24 in)","","Other","","","","","","Tank","Yes"
"217502","Stainless Steel 316 A &amp; C Kosik Tank - IPP# 217502","https://ims.internationalprocessplants.com/inventory/equipment/detail/217502","12","","","","","","","","","","500 L (132.1 gallons)","","Used","","650 mm (25.6 in)","","","","","","","","","","80 °C (176 °F)","","","","","","0 °C (32 °F)","","","","","A & C Kosik","","Stainless Steel 316","","","","","","","","Vertical","","","","1,000 mm (39.4 in)","","Lugs","","","","","","Tank","Yes"
"217503","Stainless Steel 316 Tank - IPP# 217503","https://ims.internationalprocessplants.com/inventory/equipment/detail/217503","8","","","","","","","","","","500 L (132.1 gallons)","","Used","","650 mm (25.6 in)","","","","","","","","","","","","","","","","","","","","","","","Stainless Steel 316","","","","","","","","Vertical","","","","1,100 mm (43.3 in)","","Lugs","","","","","","Tank",""
"217505","Stainless Steel 316 A &amp; C Kosik  Tank - IPP# 217505","https://ims.internationalprocessplants.com/inventory/equipment/detail/217505","11","","","","","","","","","","300 L (79.3 gallons)","","Used","","480 mm (18.9 in)","","","","","","","","","","80 °C (176 °F)","","","","","","","","","","","A & C Kosik","","Stainless Steel 316","","","","","","","","Vertical","","","","930 mm (36.6 in)","","Lugs","","","","","","Tank","Yes"
"217515","Glasslined Schott  Tank - IPP# 217515","https://ims.internationalprocessplants.com/inventory/equipment/detail/217515","8","","","","","","","","","","900 L (237.8 gallons)","","Used","","950 mm (37.4 in)","","","","","","","","","","150 °C (302 °F)","","","","","","","","","","","Schott","","Glasslined","","","","","","","","","","","","1,000 mm (39.4 in)","","","","","","","","Tank",""
"217516","Glass Schott  Tank - IPP# 217516","https://ims.internationalprocessplants.com/inventory/equipment/detail/217516","9","","","","","","","","","","100 L (26.4 gallons)","","Used","","350 mm (13.8 in)","","","","","","","","","","","","","","","","","","","","","Schott","","Glass","","","","","","","","Vertical","","","","750 mm (29.5 in)","","Other","","","","","","Tank",""
"217517","Glass Schott  Tank - IPP# 217517","https://ims.internationalprocessplants.com/inventory/equipment/detail/217517","9","","","","","","","","","","100 L (26.4 gallons)","","Used","","350 mm (13.8 in)","","","","","","","","","","","","","","","","","","","","","Schott","","Glass","","","","","","","","Vertical","","","","750 mm (29.5 in)","","Other","","","","","","Tank",""
"217518","Glass Schott  Tank - IPP# 217518","https://ims.internationalprocessplants.com/inventory/equipment/detail/217518","8","","","","","","","","","","100 L (26.4 gallons)","","Used","","350 mm (13.8 in)","","","","","","","","","","","","","","","","","","","","","Schott","","Glass","","","","","","","","","","","","750 mm (29.5 in)","","Other","","","","","","Tank",""
"217519","Glass Schott  Tank - IPP# 217519","https://ims.internationalprocessplants.com/inventory/equipment/detail/217519","8","","","","","","","","","","50 L (13.2 gallons)","","Used","","420 mm (16.5 in)","","","","","","","","","","","","","","","","","","","","","Schott","","Glass","","","","","","","","Vertical","","","","","","Other","","","","","","Tank",""
"217520","Glass Schott  Tank - IPP# 217520","https://ims.internationalprocessplants.com/inventory/equipment/detail/217520","7","","","","","","","","","","110 L (29.1 gallons)","","Used","","","","","","","","","","","","","","","","","","","","","","","Schott","","Glass","","","","","","","","Vertical","","","","","","Other","","","","","","Tank",""
"217521","Glass Schott  Tank - IPP# 217521","https://ims.internationalprocessplants.com/inventory/equipment/detail/217521","7","","","","","","","","","","110 L (29.1 gallons)","","Used","","","","","","","","","","","","","","","","","","","","","","","Schott","","Glass","","","","","","","","Vertical","","","","","","Other","","","","","","Tank",""
"217565","Plastic Funken  Tank - IPP# 217565","https://ims.internationalprocessplants.com/inventory/equipment/detail/217565","9","","","","","","","","","","1,600 L (422.7 gallons)","","Used","","1,200 mm (47.2 in)","","","","","","","","","","","","","","","","","","","","","Funken","","Plastic","","","","","","","","Vertical","","","","1,500 mm (59.1 in)","","Pads","","","","","","Tank",""
"217596","Stainless Steel Austenitic Hydrogs Gmbh (Falk Gmbh)  Tank - IPP# 217596","https://ims.internationalprocessplants.com/inventory/equipment/detail/217596","10","","","","","","","","","","60 L (15.9 gallons)","","Used","","323 mm (12.7 in)","","","","","","","","","3 bar (43.5 psi)","250 °C (482 °F)","","","","","","","","","","","Hydrogs Gmbh (Falk Gmbh)","","Stainless Steel Austenitic","","","","","","","","Vertical","","","","620 mm (24.4 in)","","","","","","","","Tank",""
"217639","Stainless Steel Austenitic Romabau Weinfeldon  Tank - IPP# 217639","https://ims.internationalprocessplants.com/inventory/equipment/detail/217639","15","","","","","","","","","","150 L (39.6 gallons)","","Used","","900 mm (35.4 in)","Yes","","","","","","","","6 bar (87 psi)","150 °C (302 °F)","","","","","","","","","","","Romabau Weinfeldon","","Stainless Steel Austenitic","","3","","1.1 kW (1.48 HP)","920","","","Vertical","","","","60 mm (2.4 in)","","Legs","","","","","","Tank",""
"217641","Stainless Steel Austenitic Gerhard Klappert Apparatabau Gmbh  Tank - IPP# 217641","https://ims.internationalprocessplants.com/inventory/equipment/detail/217641","16","","","","","","","","","","405 L (107 gallons)","","Used","","600 mm (23.6 in)","","","","","","","","","20 bar (290.1 psi)","300 °C (572 °F)","","","Stainless Steel 316","","8 bar (116 psi)","200 °C (392 °F)","Standard","","","","Gerhard Klappert Apparatabau Gmbh","","Stainless Steel Austenitic","","","","","","","","Vertical","","","","1,150 mm (45.5 in)","","Lugs","","","","","","Tank","Yes"
"217813","Stainless Steel Austenitic Hydrogs Gmbh  Tank - IPP# 217813","https://ims.internationalprocessplants.com/inventory/equipment/detail/217813","10","","","","","","","","","","190 L (50.2 gallons)","","Used","","396 mm (15.6 in)","","","","","","","","","20 bar (290.1 psi)","250 °C (482 °F)","","","","","","","","","","","Hydrogs Gmbh","","Stainless Steel Austenitic","","","","","","","","Vertical","","","","1,400 mm (55.1 in)","","","","","","","","Tank",""
"217827","Stainless Steel 317 Bohnisch Gmbh CH-70-VIII Tank - IPP# 217827","https://ims.internationalprocessplants.com/inventory/equipment/detail/217827","12","","","","","","","","","","930 L (245.7 gallons)","","Used","","700 mm (27.6 in)","","","","","","","","","3 bar (43.5 psi)","300 °C (572 °F)","","","","","","","","","","","Bohnisch Gmbh","","Stainless Steel 317","CH-70-VIII","","","","","","","","","","","2,100 mm (83.5 in)","","Legs","","","","","","Tank","Yes"
"217832","Glasslined DeDietrich  Tank - IPP# 217832","https://ims.internationalprocessplants.com/inventory/equipment/detail/217832","13","","","","","","","","","","2,200 L (586 gallons)","","Used","","1,400 mm (55.1 in)","","","","","","","","","6 bar (87 psi)","200 °C (392 °F)","","","","","","","","","","","DeDietrich","Yes","Glasslined","","","","","","","","Vertical","","","","1,150 mm (46.2 in)","","Legs","","","","","","Tank","Yes"
"218167","Stainless Steel 316 D &amp; W Welding and Fabrication Tank - IPP# 218167","https://ims.internationalprocessplants.com/inventory/equipment/detail/218167","17","","","","","","","","","","1,900 L (500 gallons)","","Used","","1,400 mm (55 in)","","","","","","","","","3.4 bar (50 psi)","315.6 °C (600 °F)","","","Stainless Steel 304","","10.3 bar (150 psi)","315.6 °C (600 °F)","Dimple","","","","D & W Welding and Fabrication","Yes","Stainless Steel 316","","","","","","","","Vertical","","","","1,050 mm (42 in)","","Lugs","","","","","","Tank","Yes"
"218169","Glasslined Tank - IPP# 218169","https://ims.internationalprocessplants.com/inventory/equipment/detail/218169","8","","","","","","","","","","1,150 L (300 gallons)","","Used","","1,100 mm (44 in)","","","","","","","","","","","","","","","","","","","","","","","Glasslined","","","","","","","","Vertical","","","","1,200 mm (48 in)","","Legs","","","","","","Tank",""
"218224","Glasslined Pfaudler VR50 Tank - IPP# 218224","https://ims.internationalprocessplants.com/inventory/equipment/detail/218224","14","","","","","","","","","","189.3 L (50 gallons)","","Re-glassed","","610 mm (24 in)","","","Very Clean (VC)","Full Fire Polish (FF)","","","","","1.72 bar (25 psi)","176.7 °C (350 °F)","","","","","","","","","","","Pfaudler","","Glasslined","VR50","","","","","","","Vertical","","","","593 mm (23.3 in)","","Lugs","","","","","","Tank",""
"218245","Glasslined Pfaudler Tank - IPP# 218245","https://ims.internationalprocessplants.com/inventory/equipment/detail/218245","11","","","","","","","","","","3,800 L (1,000 gallons)","","Used","","1,650 mm (64 in)","","","","","","","","","","","","","","","","","Standard","","","","Pfaudler","Yes","Glasslined","","","","","","","","Vertical","","","","1,850 mm (72 in)","","Legs","","","","","","Tank",""
"218290","Stainless Steel 304 Tank - IPP# 218290","https://ims.internationalprocessplants.com/inventory/equipment/detail/218290","12","","","","","","","","","","3,800 L (1,000 gallons)","","Used","","1,500 mm (60 in)","","","","","","","","","3.4 bar (50 psi)","176.7 °C (350 °F)","","","","","","","","","","","Mueller Corp","Yes","Stainless Steel 304","","","","","","","","Vertical","","","","2,400 mm (95 in)","","","","","","","","Tank","Yes"
"219059","Stainless Steel 316  Tank - IPP# 219059","https://ims.internationalprocessplants.com/inventory/equipment/detail/219059","7","","","","","","","","","","360 L (95.1 gallons)","","Used","","900 mm (35.4 in)","","","","","","","","","","","","","","","","","","","","","","","Stainless Steel 316","","","","","","","","Vertical","","","","600 mm (23.6 in)","","","","","","","","Tank",""
"219071","Stainless Steel Austenitic Schmeck Gmbh  Tank - IPP# 219071","https://ims.internationalprocessplants.com/inventory/equipment/detail/219071","19","","4-internal baffle plates on sidewall","Sidewall Mounted Straight Baffle","","","","","","","1,000 L (264.2 gallons)","","Used","","1,100 mm (43.3 in)","Yes","","","","","","","","6 bar (87 psi)","250 °C (482 °F)","","","","","","","","","","","Schmeck GmbH","","Stainless Steel Austenitic","","50","3","1 kW (1.34 HP)","1,420","","","Vertical","","","","530 mm (20.9 in)","","Legs","","","","","","Tank","Yes"
"219072","Stainless Steel Austenitic Schmeck Gmbh  Tank - IPP# 219072","https://ims.internationalprocessplants.com/inventory/equipment/detail/219072","17","","4-internal baffle plates on sidewall","","","","","","","","1,000 L (264.2 gallons)","","Used","","1,100 mm (43.3 in)","Yes","","","","","","","","6 bar (87 psi)","250 °C (482 °F)","","","","","","","","","","","Schmeck GmbH","","Stainless Steel Austenitic","","3","","0.56 kW (0.75 HP)","1,420","","","Vertical","","","","530 mm (20.9 in)","","Legs","","","","","","Tank","Yes"
"219073","Stainless Steel Austenitic Schmeck Gmbh  Tank - IPP# 219073","https://ims.internationalprocessplants.com/inventory/equipment/detail/219073","18","","4-internal baffle plates on sidewall","","","","","","","","1,000 L (264.2 gallons)","","Used","","1,100 mm (43.3 in)","Yes","","","","","","","","6 bar (87 psi)","250 °C (482 °F)","","","","","","","","","","","Schmeck GmbH","","Stainless Steel Austenitic","","50","3","0.75 kW (1.01 HP)","1,420","","","Vertical","","","","530 mm (20.9 in)","","Legs","","","","","","Tank","Yes"
"219074","Stainless Steel Austenitic Pass &amp; Co GmbH  Tank - IPP# 219074","https://ims.internationalprocessplants.com/inventory/equipment/detail/219074","18","","","Sidewall Mounted Straight Baffle","","","","","","","1,000 L (264.2 gallons)","","Used","","1,200 mm (47.2 in)","Yes","","","","","","","","6 bar (87 psi)","250 °C (482 °F)","","","","","","","","","","","Pass & Co GmbH","","Stainless Steel Austenitic","","50","3","0.75 kW (1.01 HP)","1,420","","","Vertical","","","","530 mm (20.9 in)","","Legs","","","","","","Tank","Yes"
"219075","Stainless Steel Austenitic Pass &amp; Co GmbH  Tank - IPP# 219075","https://ims.internationalprocessplants.com/inventory/equipment/detail/219075","18","","4-internal baffle plates on sidewall,","","","","","","","","1,000 L (264.2 gallons)","","Used","","1,100 mm (43.3 in)","Yes","","","","","","","","6 bar (87 psi)","250 °C (482 °F)","","","","","","","","","","","Pass & Co GmbH","","Stainless Steel Austenitic","","60","3","0.75 kW (1.01 HP)","1,420","","","Vertical","","","","530 mm (20.9 in)","","Legs","","","","","","Tank","Yes"
"219086","Stainless Steel 321 Heckmann apparate gmbh  Tank - IPP# 219086","https://ims.internationalprocessplants.com/inventory/equipment/detail/219086","12","","","","","","","","","","1,150 L (309.1 gallons)","","Used","","1,000 mm (39.4 in)","","","","","","","","","3.2 bar (46.4 psi)","200 °C (392 °F)","","","","","","","","","","","Heckmann apparate GmbH","","Stainless Steel 321","","","","","","","","Vertical","","","","1,200 mm (47.2 in)","","Legs","","","","","","Tank","Yes"
"219089","Stainless Steel Austenitic Michael Glatt Gmbh  Tank - IPP# 219089","https://ims.internationalprocessplants.com/inventory/equipment/detail/219089","13","","","","","","","","","","11,000 L (2,900 gallons)","","Used","1,300 mm (51.2 in)","2,400 mm (94.5 in)","","","","","","","","","0.04 bar (0.58 psi)","20 °C (68 °F)","","","","","","","","","","","Michael Glatt GmbH","Yes","Stainless Steel Austenitic","","","","","","","","Vertical","","","","2,000 mm (78 in)","","Legs","","","","","","Tank",""
"21913","Glasslined DeDietrich  Tank - IPP# 21913","https://ims.internationalprocessplants.com/inventory/equipment/detail/21913","16","","","","","","","","","","2,850 L (750 gallons)","","Used","","1,500 mm (60 in)","","","","","","","","","6.9 bar (100 psi)","204.4 °C (400 °F)","","","Carbon Steel","","4.1 bar (60 psi)","204.4 °C (400 °F)","","","","","DeDietrich","Yes","Glasslined","","","","","","","","Vertical","","","","1,850 mm (72 in)","","Legs","","","","","","Tank","Yes"
"219223","Stainless Steel Austenitic Friedrich Gruber  Tank - IPP# 219223","https://ims.internationalprocessplants.com/inventory/equipment/detail/219223","12","","","","","","","","","","480 L (126.8 gallons)","","Used","","600 mm (23.6 in)","","","","","","","","","6 bar (87 psi)","250 °C (482 °F)","","","","","","","","","","","Friedrich Gruber","","Stainless Steel Austenitic","","","","","","","","Vertical","","","","1,450 mm (56.7 in)","","Lugs","","","","","","Tank","Yes"
"219227","Stainless Steel Other Paul Schwingel GmbH  Tank - IPP# 219227","https://ims.internationalprocessplants.com/inventory/equipment/detail/219227","16","","","","","","","","","","810 L (214 gallons)","","Used","","900 mm (35.4 in)","","","","","","","","","6.2 bar (89.9 psi)","250 °C (482 °F)","","","Stainless Steel Other","","20 bar (290.1 psi)","250 °C (482 °F)","Half Pipe/Limpet","","","","Paul Schwingel GmbH","","Stainless Steel Austenitic","","","","","","","","Vertical","","","","999 mm (39.3 in)","","Other","","","","","","Tank","Yes"
"219587","Stainless Steel 316Ti Schleifenbaum &amp; Weber KG Tank - IPP# 219587","https://ims.internationalprocessplants.com/inventory/equipment/detail/219587","17","","","","","","","","","","10,600 L (2,800 gallons)","","Used","","2,600 mm (102.4 in)","","","","","","","","","6 bar (87 psi)","250 °C (482 °F)","","","Stainless Steel 316","","20 bar (290.1 psi)","250 °C (482 °F)","Half Pipe/Limpet","","","","Schleifenbaum & Weber KG","Yes","Stainless Steel Austenitic","","","","","","","","Vertical","","","","1,400 mm (54.9 in)","","Legs","","","","","","Tank","Yes"
"219822","Carbon Steel Obringer  Tank - IPP# 219822","https://ims.internationalprocessplants.com/inventory/equipment/detail/219822","12","","","","","","","","","","450 L (118.9 gallons)","","Used","","610 mm (24 in)","","","","","","","","","53 bar (769 psi)","95 °C (203 °F)","","","","","","0 °C (32 °F)","","","","","Obringer/Sotralentz","","Carbon Steel","","","","","","","","Vertical","","","","1,600 mm (63 in)","","Legs","","","","","","Tank",""
"220147","Stainless Steel 316 Superior Welding FGLS-11 Tank - IPP# 220147","https://ims.internationalprocessplants.com/inventory/equipment/detail/220147","16","","","","","","","","","","1,800 L (477.5 gallons)","","Used","","1,200 mm (48 in)","Yes","","","","","","","","1.03 bar (15 psi)","204.4 °C (400 °F)","","","","","","","","","","","Superior Welding","Yes","Stainless Steel 316","FGLS-11","","","0.75 kW (1 HP)","155","","","Vertical","","","","1,350 mm (54 in)","","Lugs","","","","","","Tank",""
"220348","Stainless Steel 316 S.I.M.M S.r.l  Tank - IPP# 220348","https://ims.internationalprocessplants.com/inventory/equipment/detail/220348","14","","","","","","","","","","8,300 L (2,200 gallons)","","Used","","2,000 mm (78.7 in)","Yes","","","","","","","","4 bar (58 psi)","150 °C (302 °F)","","","","","","","","","","","S.I.M.M S.r.l","","Stainless Steel 316L","","","","10 kW (13.4 HP)","","","","Vertical","","","","2,150 mm (84.6 in)","","Legs","","","","","","Tank","Yes"
"220349","Stainless Steel 316 S.I.M.M S.r.l  Tank - IPP# 220349","https://ims.internationalprocessplants.com/inventory/equipment/detail/220349","14","","","","","","","","","","8,300 L (2,200 gallons)","","Used","","2,000 mm (78.7 in)","Yes","","","","","","","","4 bar (58 psi)","150 °C (302 °F)","","","","","","","","","","","S.I.M.M S.r.l","","Stainless Steel 316L","","","","10 kW (13.4 HP)","","","","Vertical","","","","2,150 mm (84.6 in)","","Legs","","","","","","Tank","Yes"
"220401","Stainless Steel Austenitic Tank - IPP# 220401","https://ims.internationalprocessplants.com/inventory/equipment/detail/220401","9","","","","","","","","","","600 L (158.5 gallons)","","Used","","1,000 mm (39.4 in)","","","","","","","","","1.01 bar (14.7 psi)","","","","","","","","","","","","","","Stainless Steel Austenitic","","","","","","","","Vertical","","","","800 mm (31.5 in)","","Caster","","","","","","Tank",""
"220463","Unused Glass QVF VSV100 Tank - IPP# 220463","https://ims.internationalprocessplants.com/inventory/equipment/detail/220463","7","","","","","","","","","","110 L (29.1 gallons)","","Unused","","","","","","","","","","","","","","","","","","","","","","","QVF","","Glass","VSV100","","","","","","","Vertical","","","","","","","","","","","","Tank",""
"220513","Glasslined DeDietrich 418565 Tank - IPP# 220513","https://ims.internationalprocessplants.com/inventory/equipment/detail/220513","12","","","","","","","","","","111.5 L (29.5 gallons)","","Used","","500 mm (19.7 in)","","","","","","","","","6 bar (87 psi)","200 °C (392 °F)","","","","","","","","","","","DeDietrich","","Glasslined","418565","","","","","","","Vertical","","","","600 mm (23.6 in)","","","","","","","","Tank","Yes"
"220559","Stainless Steel Austenitic ADF Apparatebau GmbH  Tank - IPP# 220559","https://ims.internationalprocessplants.com/inventory/equipment/detail/220559","13","","","","","","","","","","59,000 L (15,600 gallons)","","Used","","2,900 mm (114.2 in)","","","","","","","","","6 bar (87 psi)","150 °C (302 °F)","","","","","","","","","","","ADF Apparatebau GmbH","Yes","Stainless Steel Austenitic","","","","","","","","Vertical","","","","8,000 mm (315 in)","","Skirt","","","","","","Tank","Yes"
"220570","Stainless Steel Austenitic K.Ley GmbH  Tank - IPP# 220570","https://ims.internationalprocessplants.com/inventory/equipment/detail/220570","12","","","","","","","","","","1,900 L (502 gallons)","","Used","","1,000 mm (39.4 in)","","","","","","","","","8 bar (116 psi)","200 °C (392 °F)","","","","","","","","","","","K.Ley GmbH","","Stainless Steel Austenitic","","","","","","","","Vertical","","","","2,600 mm (102.4 in)","","Lugs","","","","","","Tank","Yes"
"220573","Stainless Steel Austenitic K.Ley  Tank - IPP# 220573","https://ims.internationalprocessplants.com/inventory/equipment/detail/220573","12","","","","","","","","","","3,850 L (1,000 gallons)","","Used","","1,000 mm (39.4 in)","","","","","","","","","6 bar (87 psi)","200 °C (392 °F)","","","","","","","","","","","K.Ley GmbH","","Stainless Steel Austenitic","","","","","","","","Vertical","","","","4,650 mm (183 in)","","Lugs","","","","","","Tank","Yes"
"220576","Stainless Steel Austenitic K.Ley  Tank - IPP# 220576","https://ims.internationalprocessplants.com/inventory/equipment/detail/220576","12","","","","","","","","","","3,850 L (1,000 gallons)","","Used","","1,000 mm (39.4 in)","","","","","","","","","6 bar (87 psi)","200 °C (392 °F)","","","","","","","","","","","K.Ley GmbH","","Stainless Steel Austenitic","","","","","","","","Vertical","","","","4,650 mm (183 in)","","Lugs","","","","","","Tank","Yes"
"220579","Stainless Steel Austenitic K.Ley GmbH  Tank - IPP# 220579","https://ims.internationalprocessplants.com/inventory/equipment/detail/220579","12","","","","","","","","","","5,850 L (1,550 gallons)","","Used","","1,200 mm (47.2 in)","","","","","","","","","6 bar (87 psi)","200 °C (392 °F)","","","","","","","","","","","K.Ley GmbH","","Stainless Steel Austenitic","","","","","","","","Vertical","","","","4,850 mm (191.7 in)","","Lugs","","","","","","Tank","Yes"
"220582","Stainless Steel Austenitic K.Ley  Tank - IPP# 220582","https://ims.internationalprocessplants.com/inventory/equipment/detail/220582","13","","","","","","","","","","18,550 L (4,900 gallons)","","Used","","2,000 mm (78.7 in)","","","","","","","","","6 bar (87 psi)","200 °C (392 °F)","","","","","","","","","","","K.Ley GmbH","Yes","Stainless Steel Austenitic","","","","","","","","Vertical","","","","5,300 mm (208.3 in)","","Lugs","","","","","","Tank","Yes"
"220768","Stainless Steel 321 Struthers Wells Inc. Tank - IPP# 220768","https://ims.internationalprocessplants.com/inventory/equipment/detail/220768","11","","","","","","","","","","11,350 L (3,000 gallons)","","Used","","1,850 mm (72 in)","","","","","","","","","","148.9 °C (300 °F)","","","","","","","","","","","Struthers Wells Inc.","","Stainless Steel 321","","","","","","","","Vertical","","","","3,950 mm (156 in)","","Lugs","","","","","","Tank","Yes"
"220770","Stainless Steel 321 Struthers Wells Inc. Tank - IPP# 220770","https://ims.internationalprocessplants.com/inventory/equipment/detail/220770","12","","","","","","","","","","13,250 L (3,500 gallons)","","Used","1,200 mm (48 in)","2,050 mm (80 in)","","","","","","","","","","148.9 °C (300 °F)","","","","","","","","","","","Struthers Wells Inc.","","Stainless Steel 321","","","","","","","","Vertical","","","","3,650 mm (144 in)","","Lugs","","","","","","Tank","Yes"
"220772","Stainless Steel 316 Buflovak/Blaw Knox Tank - IPP# 220772","https://ims.internationalprocessplants.com/inventory/equipment/detail/220772","14","","","","","","","","","","7,200 L (1,900 gallons)","","Used","1,350 mm (53 in)","1,500 mm (60 in)","","","","","","","","","1.72 bar (25 psi)","100 °C (212 °F)","","","","","","","","","","","Buflovak/Blaw Knox","Yes","Stainless Steel 316","","","","","","","","Vertical","","","","3,750 mm (148 in)","","Lugs","","","","","","Tank","Yes"
"220773","Stainless Steel 316 Tank - IPP# 220773","https://ims.internationalprocessplants.com/inventory/equipment/detail/220773","13","","","","","","","","","","7,200 L (1,900 gallons)","","Used","","1,750 mm (68 in)","","","","","","","","","1.72 bar (25 psi)","100 °C (212 °F)","","","","","","","","","","","Bufflovac","Yes","Stainless Steel 316","","","","","","","","Vertical","","","","3,750 mm (148 in)","","Lugs","","","","","","Tank","Yes"
"221004","Stainless Steel 304  Tank - IPP# 221004","https://ims.internationalprocessplants.com/inventory/equipment/detail/221004","9","","","","","","","","","","9,850 L (2,600 gallons)","","Used","","2,450 mm (96 in)","","","","","","","","","2.8 bar (40 psi)","44.4 °C (112 °F)","","","","","","","","","","","","","Stainless Steel 304","","","","","","","","Vertical","","","","1,900 mm (75 in)","","","","","","","","Tank",""
"221005","Stainless Steel 304 Tank - IPP# 221005","https://ims.internationalprocessplants.com/inventory/equipment/detail/221005","9","","","","","","","","","","9,850 L (2,600 gallons)","","Used","","2,450 mm (96 in)","","","","","","","","","2.8 bar (40 psi)","44.4 °C (112 °F)","","","","","","","","","","","","","Stainless Steel 304","","","","","","","","Vertical","","","","1,900 mm (75 in)","","","","","","","","Tank",""
"221019","Stainless Steel 316 C &amp; B Fabricating Tank - IPP# 221019","https://ims.internationalprocessplants.com/inventory/equipment/detail/221019","12","","","","","","","","","","13,950 L (3,700 gallons)","","Used","","2,450 mm (96 in)","","","","","","","","","1.03 bar (15 psi)","65.6 °C (150 °F)","","","","","","","","","","","C & B Fabricating","Yes","Stainless Steel 316","","","","","","","","Horizontal","","","","2,750 mm (108 in)","","Saddle","","","","","","Tank",""
"221020","Stainless Steel 316 C &amp; B Fabricating Tank - IPP# 221020","https://ims.internationalprocessplants.com/inventory/equipment/detail/221020","12","","","","","","","","","","13,950 L (3,700 gallons)","","Used","","2,450 mm (96 in)","","","","","","","","","1.03 bar (15 psi)","65.6 °C (150 °F)","","","","","","","","","","","C & B Fabricating","Yes","Stainless Steel 316","","","","","","","","Horizontal","","","","2,750 mm (108 in)","","Saddle","","","","","","Tank",""
"221025","Stainless Steel 304 Tank - IPP# 221025","https://ims.internationalprocessplants.com/inventory/equipment/detail/221025","8","","","","","","","","","","42,250 L (11,150 gallons)","","Used","","3,050 mm (120 in)","","","","","","","","","","","","","","","","","","","","","","","Stainless Steel 304","","","","","","","","Horizontal","","","","5,500 mm (216 in)","","Saddle","","","","","","Tank",""
"221026","Stainless Steel 304 Tank - IPP# 221026","https://ims.internationalprocessplants.com/inventory/equipment/detail/221026","8","","","","","","","","","","42,250 L (11,150 gallons)","","Used","","3,050 mm (120 in)","","","","","","","","","","","","","","","","","","","","","","","Stainless Steel 304","","","","","","","","Horizontal","","","","5,500 mm (216 in)","","Saddle","","","","","","Tank",""
"221027","Stainless Steel 316L Sisterville Tank Works Tank - IPP# 221027","https://ims.internationalprocessplants.com/inventory/equipment/detail/221027","13","","","","","","","","","","13,650 L (3,600 gallons)","","Used","","2,150 mm (84 in)","","","","","","","","","1.72 bar (25 psi)","131.1 °C (268 °F)","","","","","","","","","","","Sisterville Tank Works","Yes","Stainless Steel 316L","","","","","","","","Vertical","","","","3,500 mm (138 in)","","Lugs","","","","","","Tank","Yes"
"221032","Stainless Steel 316 Tank - IPP# 221032","https://ims.internationalprocessplants.com/inventory/equipment/detail/221032","9","","","","","","","","","","61,700 L (16,300 gallons)","","Used","","3,350 mm (132 in)","","","","","","","","","","","","","","","","","","","","","","Yes","Stainless Steel 316","","","","","","","","Vertical","","","","6,850 mm (270 in)","","Skirt","","","","","","Tank",""
"221195","Stainless Steel 316L Letsch Tank - IPP# 221195","https://ims.internationalprocessplants.com/inventory/equipment/detail/221195","12","","","","","","","","","","3,050 L (800 gallons)","","Used","","1,400 mm (56 in)","","","","","","","","","4 bar (58 psi)","204.4 °C (400 °F)","","","","","","","","","","","Letsch","Yes","Stainless Steel 316L","","","","","","","","Vertical","","","","1,850 mm (72 in)","","Lugs","","","","","","Tank",""
"221386","Glasslined Pfaudler GL Receiver Tank - IPP# 221386","https://ims.internationalprocessplants.com/inventory/equipment/detail/221386","15","","","","","","","","","","113.6 L (30 gallons)","","Re-glassed","","508 mm (20 in)","","","Very Clean (VC)","Full Fire Polish (FF)","","","","","10.3 bar (150 psi)","232.2 °C (450 °F)","","","","","","","","","","","Pfaudler","","Glasslined","GL receiver","","","","","","","Vertical","","","","673 mm (26.5 in)","","Lugs","","","","","","Tank","Yes"
"221594","Stainless Steel 304L FIB Apparatenbouw BV Tank - IPP# 221594","https://ims.internationalprocessplants.com/inventory/equipment/detail/221594","17","","","","","","","","","","1,350 L (354 gallons)","","Used","","834 mm (32.8 in)","","","","","","","","","7 bar (101.5 psi)","200 °C (392 °F)","","","Stainless Steel 304","","12.8 bar (185.6 psi)","200 °C (392 °F)","Standard","","","","FIB Apparatenbouw BV","Yes","Stainless Steel 304L","","","","","","","","Vertical","","","","2,400 mm (94.5 in)","","Lugs","","","","","","Tank","Yes"
"221595","Stainless Steel 304 FIB Apparatenbouw BV  Tank - IPP# 221595","https://ims.internationalprocessplants.com/inventory/equipment/detail/221595","17","","","","","","","","","","1,350 L (354 gallons)","","Used","","834 mm (32.8 in)","","","","","","","","","7 bar (101.5 psi)","200 °C (392 °F)","","","Stainless Steel 304","","12.8 bar (185.6 psi)","200 °C (392 °F)","Standard","","","","FIB Apparatenbouw BV","Yes","Stainless Steel 304","","","","","","","","Vertical","","","","2,400 mm (94.5 in)","","Legs","","","","","","Tank","Yes"
"221599","Glasslined Tycon Tank - IPP# 221599","https://ims.internationalprocessplants.com/inventory/equipment/detail/221599","13","","","","","","","","","","5,200 L (1,350 gallons)","","Used","","1,200 mm (47.2 in)","","","","","","","","","3 bar (43.5 psi)","200 °C (392 °F)","","","","","","","","","","","Tycon","Yes","Glasslined","","","","","","","","Horizontal","","","","4,550 mm (178.9 in)","","Saddle","","","","","","Tank","Yes"
"221601","Glasslined Pfaudler Tank - IPP# 221601","https://ims.internationalprocessplants.com/inventory/equipment/detail/221601","15","","","","","","","","","","5,700 L (1,500 gallons)","","Used","","1,600 mm (63 in)","","","","","","","","","1.1 bar (16 psi)","200 °C (392 °F)","","","","","6.3 bar (91.4 psi)","200 °C (392 °F)","","","","","Pfaudler","Yes","Glasslined","","","","","","","","Vertical","","","","2,500 mm (98.4 in)","","Legs","","","","","","Tank","Yes"
"221606","Glasslined DeDietrich Tank - IPP# 221606","https://ims.internationalprocessplants.com/inventory/equipment/detail/221606","18","","With beavertail baffle.","Beavertail","","","","","","","11,200 L (2,950 gallons)","","Used","","2,300 mm (90.6 in)","Yes","","","","","","","","1.1 bar (16 psi)","200 °C (392 °F)","","","","","3.5 bar (50.8 psi)","200 °C (392 °F)","","","","","DeDietrich","Yes","Glasslined","","","","","","","","Vertical","","","","1,850 mm (73 in)","","Lugs","","","","","","Tank","Yes"
"221610","Glasslined Pfaudler Tank - IPP# 221610","https://ims.internationalprocessplants.com/inventory/equipment/detail/221610","20","","With beavertail baffle.","Beavertail","","","","","","","13,450 L (3,550 gallons)","","Used","","2,400 mm (94.5 in)","Yes","","","","","","","","1.1 bar (16 psi)","200 °C (392 °F)","","","","","","","","","","","Pfaudler","Yes","Glasslined","","50","3","11 kW (14.8 HP)","1,460","","","Vertical","","","","2,300 mm (90.6 in)","","Lugs","","","","","","Tank","Yes"
"221614","Stainless Steel 304 Sombroek  Tank - IPP# 221614","https://ims.internationalprocessplants.com/inventory/equipment/detail/221614","13","","","","","","","","","","14,850 L (3,950 gallons)","","Used","","2,400 mm (94.5 in)","","","","","","","","","1.1 bar (16 psi)","110 °C (230 °F)","","","","","","","","","","","Sombroek","Yes","Stainless Steel 304","","","","","","","","Vertical","","","","2,650 mm (104.3 in)","","Legs","","","","","","Tank","Yes"
"221616","Stainless Steel 304  Tank - IPP# 221616","https://ims.internationalprocessplants.com/inventory/equipment/detail/221616","17","","","","","","","","","","5,100 L (1,350 gallons)","","Used","","1,500 mm (59.1 in)","","","","","","","","","2.7 bar (39.2 psi)","180 °C (356 °F)","","","Carbon Steel","","3.2 bar (46.4 psi)","180 °C (356 °F)","Standard","","","","Kooiman Apparatabouw BV","Yes","Stainless Steel 304L","","","","","","","","Vertical","","","","2,500 mm (98.4 in)","","Skirt","","","","","","Tank","Yes"
"221622","Glasslined Tycon  Tank - IPP# 221622","https://ims.internationalprocessplants.com/inventory/equipment/detail/221622","13","","","","","","","","","","33,600 L (8,900 gallons)","","Used","","2,800 mm (110.2 in)","","","","","","","","","3 bar (43.5 psi)","150 °C (302 °F)","","","","","","","","","","","Tycon","Yes","Glasslined","","","","","","","","Horizontal","","","","4,950 mm (194.1 in)","","Saddle","","","","","","Tank","Yes"
"221623","Glasslined Tycon  Tank - IPP# 221623","https://ims.internationalprocessplants.com/inventory/equipment/detail/221623","12","","","","","","","","","","27,450 L (7,250 gallons)","","Used","","2,800 mm (110.2 in)","","","","","","","","","3 bar (43.5 psi)","150 °C (302 °F)","","","","","","","","","","","Tycon","","Glasslined","","","","","","","","Horizontal","","","","3,850 mm (152 in)","","Saddle","","","","","","Tank","Yes"
"221639","Hastelloy - C276 Clad Aguilar y Salas SA  Tank - IPP# 221639","https://ims.internationalprocessplants.com/inventory/equipment/detail/221639","14","","","","","","","","","","2,950 L (774 gallons)","Yes","Used","","1,500 mm (59.1 in)","","","","","","","","","6 bar (87 psi)","150 °C (302 °F)","","","","","","","","","","","Aguilar Y Salas S.A.","Yes","Hastelloy - C276","","","","","","","","Vertical","","","","1,300 mm (51.2 in)","","Legs","","","","","","Tank","Yes"
"221641","Hastelloy - C276 Clad Aguilar y Salas SA  Tank - IPP# 221641","https://ims.internationalprocessplants.com/inventory/equipment/detail/221641","13","","","","","","","","","","2,950 L (774 gallons)","Yes","Used","","1,500 mm (59.1 in)","","","","","","","","","6 bar (87 psi)","150 °C (302 °F)","","","","","","","","","","","Aguilar Y Salas S.A.","","Hastelloy - C276","","","","","","","","Vertical","","","","1,300 mm (51.2 in)","","Legs","","","","","","Tank","Yes"
"221642","Stainless Steel Other SRI  Tank - IPP# 221642","https://ims.internationalprocessplants.com/inventory/equipment/detail/221642","14","","","","","","","","","","16,500 L (4,350 gallons)","","Used","","2,100 mm (82.7 in)","","Yes","","","","","","","1.1 bar (16 psi)","180 °C (356 °F)","","","","","","","","","","","SRI","Yes","Duplex","","","","","","","","Horizontal","","","","4,300 mm (169.3 in)","","Saddle","","","","","","Tank","Yes"
"221647","Duplex Kooiman Apparatabouw BV Tank - IPP# 221647","https://ims.internationalprocessplants.com/inventory/equipment/detail/221647","12","","","","","","","","","","16,450 L (4,350 gallons)","","Used","","2,100 mm (82.7 in)","","","","","","","","","1.1 bar (16 psi)","110 °C (230 °F)","","","","","","","","","","","Kooiman Apparatabouw BV","","Duplex","","","","","","","","Horizontal","","","","4,300 mm (169.3 in)","","Saddle","","","","","","Tank","Yes"
"221684","Glasslined DeDietrich  Tank - IPP# 221684","https://ims.internationalprocessplants.com/inventory/equipment/detail/221684","12","","","","","","","","","","2,200 L (581 gallons)","","Used","","1,300 mm (51.2 in)","","","","","","","","","10 bar (145 psi)","200 °C (392 °F)","","","","","","","","","","","DeDietrich","","Glasslined","","","","","","","","Vertical","","","","1,000 mm (39.4 in)","","Legs","","","","","","Tank","Yes"
"221750","Glass Schott-Duran Tank - IPP# 221750","https://ims.internationalprocessplants.com/inventory/equipment/detail/221750","8","","","","","","","","","","150 L (39.6 gallons)","","Used","","400 mm (15.7 in)","","","","","","","","","","","","","","","","","","","","","Schott-Duran","","Glass","","","","","","","","Vertical","","","","1,400 mm (55.1 in)","","","","","","","","Tank",""
"222045","Stainless Steel 304L Walker Stainless T-702 Tank - IPP# 222045","https://ims.internationalprocessplants.com/inventory/equipment/detail/222045","19","","","","","","","","","","3,050 L (800 gallons)","","Used","","1,050 mm (42 in)","Yes","","","","","","","","2.1 bar (30 psi)","132.2 °C (270 °F)","","","Stainless Steel 304L","","4.1 bar (60 psi)","154.4 °C (310 °F)","Dimple","","","","Walker Stainless","Yes","Stainless Steel 304L","T-702","","","1.79 kW (2.4 HP)","","","","Horizontal","","","","3,400 mm (134 in)","","Saddle","","","","","","Tank",""
"222046","Stainless Steel 304L Walker Stainless T-703 Tank - IPP# 222046","https://ims.internationalprocessplants.com/inventory/equipment/detail/222046","15","","","","","","","","","","4,150 L (1,100 gallons)","","Used","","1,200 mm (48 in)","","","","","","","","","2.1 bar (30 psi)","132.2 °C (270 °F)","","","","","","","","","","","Walker Stainless","Yes","Stainless Steel 304L","T-703","","","","","","","Horizontal","","Yes","","3,600 mm (141 in)","","Saddle","","","","","","Tank","Yes"
"222075","Stainless Steel 316 Tank - IPP# 222075","https://ims.internationalprocessplants.com/inventory/equipment/detail/222075","11","","","","","","","","","","920 L (243 gallons)","","Used","","711 mm (28 in)","","","","","","","","","20.7 bar (300 psi)","148.9 °C (300 °F)","","","","","","","","","","","Mason Manufacturing Co.","","Stainless Steel 316","","","","","","","","Vertical","","","","2,300 mm (91 in)","","Lugs","","","","","","Tank",""
"222341","Stainless Steel Austenitic SUS  Tank - IPP# 222341","https://ims.internationalprocessplants.com/inventory/equipment/detail/222341","12","","","","","","","","","","1,000 L (264.2 gallons)","","Used","","900 mm (35.4 in)","","","","","","","","","3.2 bar (46.4 psi)","100 °C (212 °F)","","","","","","","","","","","SUS","","Stainless Steel Austenitic","","","","","","","","Vertical","","","","1,800 mm (70.6 in)","","Lugs","","","","","","Tank","Yes"
"222345","Stainless Steel Austenitic Theodore Winkels Gmbh  Tank - IPP# 222345","https://ims.internationalprocessplants.com/inventory/equipment/detail/222345","14","","","","","","","","","","50,000 L (13,200 gallons)","","Used","","3,000 mm (118.1 in)","","Yes","","","","","","","0.05 bar (0.73 psi)","200 °C (392 °F)","","","","","6 bar (87 psi)","200 °C (392 °F)","","","","","Theodore Winkels Gmbh","","Stainless Steel Austenitic","","","","","","","","Vertical","","","","7,450 mm (293.3 in)","","","","","","","","Tank","Yes"
"222346","316 Stainless Steel Tank - IPP# 222346","https://ims.internationalprocessplants.com/inventory/equipment/detail/222346","9","","","","","","","","","","50,000 L (13,200 gallons)","","Used","","","","","","","","","","","6 bar (87 psi)","200 °C (392 °F)","","","","","","","","","","","","","Stainless Steel 316","","","","","","","","Vertical","","","","","","Base Mounted","","","","","","Tank","Yes"
"222347","316 Stainless Steel Tank - IPP# 222347","https://ims.internationalprocessplants.com/inventory/equipment/detail/222347","9","","","","","","","","","","50,000 L (13,200 gallons)","","Used","","","","","","","","","","","6 bar (87 psi)","200 °C (392 °F)","","","","","","","","","","","","","Stainless Steel 316","","","","","","","","Vertical","","","","","","Base Mounted","","","","","","Tank","Yes"
"222349","Stainless Steel Austenitic AMBS  Tank - IPP# 222349","https://ims.internationalprocessplants.com/inventory/equipment/detail/222349","17","","","","","","","","","","80,000 L (21,150 gallons)","","Used","","3,000 mm (118.1 in)","Yes","","","","","","","","0.1 bar (1.45 psi)","200 °C (392 °F)","","","","","","","","","","","AMBS","Yes","Stainless Steel 316L","","50","","15 kW (20.1 HP)","1,440","","","Vertical","","","","11,400 mm (448.8 in)","","Base Mounted","","","","","","Tank","Yes"
"222350","Stainless Steel Austenitic AMBS Tank - IPP# 222350","https://ims.internationalprocessplants.com/inventory/equipment/detail/222350","18","","","","","","","","","","93,500 L (24,700 gallons)","","Used","","3,000 mm (118.1 in)","Yes","","","","","","","","0.1 bar (1.45 psi)","200 °C (392 °F)","","","","","","","","","","","AMBS","Yes","Stainless Steel Austenitic","","50","3","15 kW (20.1 HP)","1,440","","","Vertical","","","","11,400 mm (448.8 in)","","Base Mounted","","","","","","Tank","Yes"
"222351","Stainless Steel Austenitic AMBS Tank - IPP# 222351","https://ims.internationalprocessplants.com/inventory/equipment/detail/222351","18","","","","","","","","","","93,500 L (24,700 gallons)","","Used","","3,000 mm (118.1 in)","Yes","","","","","","","","0.1 bar (1.45 psi)","200 °C (392 °F)","","","","","","","","","","","AMBS","Yes","Stainless Steel Austenitic","","50","3","15 kW (20.1 HP)","1,440","","","Vertical","","","","11,400 mm (448.8 in)","","Base Mounted","","","","","","Tank","Yes"
"222408","Stainless Steel 316 Tank - IPP# 222408","https://ims.internationalprocessplants.com/inventory/equipment/detail/222408","8","","","","","","","","","","227.1 L (60 gallons)","","Used","","559 mm (22 in)","","","","","","","","","","","","","","","","","","","","","","","Stainless Steel 316","","","","","","","","Vertical","","","","914 mm (36 in)","","Legs","","","","","","Tank",""
"222593","Glasslined Tank - IPP# 222593","https://ims.internationalprocessplants.com/inventory/equipment/detail/222593","9","","","","","","","","","","94.6 L (25 gallons)","","Used","","","","","","","","","","","10.3 bar (150 psi)","343.3 °C (650 °F)","","","","","","","","","","","Pfaudler","","Glasslined","","","","","","","","Vertical","","","","","","Legs","","","","","","Tank",""
"222616","316 Stainless Steel ASCA  Tank - IPP# 222616","https://ims.internationalprocessplants.com/inventory/equipment/detail/222616","17","","","","","","","","","","2,500 L (660 gallons)","Yes","Used","","1,200 mm (47.2 in)","","","","","","","","","6 bar (87 psi)","200 °C (392 °F)","","","Stainless Steel 316","","6 bar (87 psi)","200 °C (392 °F)","Standard","","","","ASCA","","Stainless Steel 316","","","","","","","","Horizontal","","","","2,250 mm (88.6 in)","","Saddle","","","","","","Tank","Yes"
"222627","Storage Tank ATEC Pharmatechnik GmbH. Stainless Steel 316 - IPP# 222627","https://ims.internationalprocessplants.com/inventory/equipment/detail/222627","18","","","","","","","","","","3,400 L (898 gallons)","Yes","Used","","1,400 mm (55.1 in)","","","","","","","","","3.2 bar (46.4 psi)","150 °C (302 °F)","","","Stainless Steel 316","","3.2 bar (46.4 psi)","150 °C (302 °F)","Dimple","","","","ATEC Pharmatechnik GmbH","","Stainless Steel 316","TDMI 3000L","","","","","","","Horizontal","","","","1,800 mm (70.9 in)","","Saddle","","","","","","Tank","Yes"
"222940","Stainless Steel 316 EFTIC  Tank - IPP# 222940","https://ims.internationalprocessplants.com/inventory/equipment/detail/222940","11","","","","","","","","","","175 L (46.2 gallons)","","Used","","800 mm (31.5 in)","","","","","","","","","2 bar (29 psi)","133 °C (271.4 °F)","","","","","","","","","","","EFTIC","","Stainless Steel 316","","","","","","","","Vertical","","","","500 mm (19.7 in)","","Legs","","","","","","Tank",""
"222941","Stainless Steel 316 EFTIC  Tank - IPP# 222941","https://ims.internationalprocessplants.com/inventory/equipment/detail/222941","12","","","","","","","","","","150 L (39.6 gallons)","","Used","","800 mm (31.5 in)","","","","","","","","","2 bar (29 psi)","133 °C (271.4 °F)","","","","","","","","","","","EFTIC","","Stainless Steel 316","","","","","","","","Vertical","","Yes","","500 mm (19.7 in)","","Legs","","","","","","Tank",""
"222942","Stainless Steel 316 EFTIC  Tank - IPP# 222942","https://ims.internationalprocessplants.com/inventory/equipment/detail/222942","11","","","","","","","","","","174.1 L (46 gallons)","","Used","","711 mm (28 in)","","","","","","","","","2 bar (29 psi)","133 °C (271.4 °F)","","","","","","","","","","","EFTIC","","Stainless Steel 316","","","","","","","","Vertical","","","","368.3 mm (14.5 in)","","Legs","","","","","","Tank",""
"222947","Unused Glasslined Tank - IPP# 222947","https://ims.internationalprocessplants.com/inventory/equipment/detail/222947","16","","","","","","","","","","4,900 L (1,300 gallons)","","Unused","","1,500 mm (60 in)","","","","","","","","","6.9 bar (100 psi)","232.2 °C (450 °F)","","","Carbon Steel","","6.6 bar (95 psi)","232.2 °C (450 °F)","Standard","","","","Pfaudler","","Glasslined","","","","","","","","Vertical","","","","2,350 mm (92 in)","","Lugs","","","","","","Tank","Yes"
"223116","Stainless Steel 316 Tank - IPP# 223116","https://ims.internationalprocessplants.com/inventory/equipment/detail/223116","15","","","","","","","","","","3,050 L (800 gallons)","","Used","","1,500 mm (60 in)","Yes","Yes","","","","","","","1.01 bar (14.7 psi)","","","","","","","","","","","","","","Stainless Steel 316","","60","3","7.5 kW (10 HP)","1,735","","","Vertical","","","","1,550 mm (62 in)","","Lugs","","","","","","Tank",""
"223117","Stainless Steel 316 Tank - IPP# 223117","https://ims.internationalprocessplants.com/inventory/equipment/detail/223117","15","","","","","","","","","","3,050 L (800 gallons)","","Used","","1,500 mm (60 in)","Yes","Yes","","","","","","","1.01 bar (14.7 psi)","","","","","","","","","","","","","","Stainless Steel 316","","60","3","1.49 kW (2 HP)","1,735","","","Vertical","","","","1,550 mm (62 in)","","Lugs","","","","","","Tank",""
"223187","Stainless Steel 316 Tank - IPP# 223187","https://ims.internationalprocessplants.com/inventory/equipment/detail/223187","8","","","","","","","","","","18,950 L (5,000 gallons)","","Used","","2,300 mm (90 in)","","","","","","","","","","","","","","","","","","","","","","","Stainless Steel 316","","","","","","","","Horizontal","","","","4,450 mm (176 in)","","Legs","","","","","","Tank",""
"223203","Stainless Steel Tank - IPP# 223203","https://ims.internationalprocessplants.com/inventory/equipment/detail/223203","9","","","","","","","","","","1,900 L (500 gallons)","","Used","","1,200 mm (48 in)","","","","","","","","","","","","","","","","","","","","","","Yes","Stainless Steel Other","","","","","","","","Vertical","","","","1,500 mm (60 in)","","Frame Mounted with Feet","","","","","","Tank",""
"224084","Lined Morton Machine Tank - IPP# 224084","https://ims.internationalprocessplants.com/inventory/equipment/detail/224084","12","","","","","","","","","","200.6 L (53 gallons)","","Used","","762 mm (30 in)","","","","","","","","","2.1 bar (30 psi)","235 °C (455 °F)","","","","","","","","","","","Morton Machine","","Lined","","","","","","","","Vertical","","","","406.4 mm (16 in)","","Legs","","","","","","Tank","Yes"
"224542","Glasslined Pfaudler Chemstor Tank - IPP# 224542","https://ims.internationalprocessplants.com/inventory/equipment/detail/224542","13","","","","","","","","","","3,800 L (1,000 gallons)","","Used","","1,500 mm (60 in)","","","","","","","","","1.03 bar (15 psi)","176.7 °C (350 °F)","","","","","","","","","","","Pfaudler","","Glasslined","Chemstor","","","","","","","Vertical","","","","2,000 mm (78 in)","","Sockets for pipe legs","","","","","","Tank","Yes"
"225324","Stainless Steel 316L Pfaudler JCW Receiver Tank - IPP# 225324","https://ims.internationalprocessplants.com/inventory/equipment/detail/225324","18","","","","","","","","","","568 L (150 gallons)","","Used","","1,000 mm (40 in)","","","","","","","","","10.3 bar (150 psi)","248.9 °C (480 °F)","","","Carbon Steel","","8.3 bar (120 psi)","248.9 °C (480 °F)","Standard","","","","Pfaudler","Yes","Stainless Steel 316L","JCW Receiver","","","","","","","Vertical","","","","838 mm (33 in)","","Legs","","","","","","Tank","Yes"
"225339","Hastelloy - C276 Pfaudler JOWCT Tank - IPP# 225339","https://ims.internationalprocessplants.com/inventory/equipment/detail/225339","17","","","","","","","","","","37.9 L (10 gallons)","","Used","","355.6 mm (14 in)","","","","","","","","","10.3 bar (150 psi)","176.7 °C (350 °F)","","","Carbon Steel","","8.3 bar (120 psi)","176.7 °C (350 °F)","Standard","","","","Pfaudler","","Hastelloy - C276","JOWCT","","","","","","","Vertical","","","","355.6 mm (14 in)","","Legs","","","","","","Tank","Yes"
"225347","Glasslined Pfaudler P14-10-300-120 JOWCT Tank - IPP# 225347","https://ims.internationalprocessplants.com/inventory/equipment/detail/225347","19","","","","","","","","","","37.9 L (10 gallons)","","Re-glassed","","355.6 mm (14 in)","","","Very Clean (VC)","Full Fire Polish (FF)","","","","","20.7 bar (300 psi)","232.2 °C (450 °F)","","","Carbon Steel","","8.3 bar (120 psi)","248.9 °C (480 °F)","Standard","","","","Pfaudler","","Glasslined","P14-10-300-120 JOWCT","","","","","","","Vertical","","","","304.8 mm (12 in)","","Legs","","","","","","Tank","Yes"
"225375","Hastelloy - C276 Jacketed Pressure Tank Manufactured by Pfaudler - IPP# 225375","https://ims.internationalprocessplants.com/inventory/equipment/detail/225375","15","","","","","","","","","","75.7 L (20 gallons)","","Used","","508 mm (20 in)","","","","","","","","","10.3 bar (150 psi)","248.9 °C (480 °F)","","","Carbon Steel","","8.3 bar (120 psi)","248.9 °C (480 °F)","Standard","","","","Pfaudler","","Hastelloy - C276","","","","","","","","","","","","336.6 mm (13.3 in)","","Lugs","","","","","","Tank","Yes"
"225376","Glasslined Tank - IPP# 225376","https://ims.internationalprocessplants.com/inventory/equipment/detail/225376","19","","","","","","","","","","75.7 L (20 gallons)","","Re-glassed","","508 mm (20 in)","","","Very Clean (VC)","Full Fire Polish (FF)","","","","","10.3 bar (150 psi)","232.2 °C (450 °F)","","","Carbon Steel","","8.3 bar (120 psi)","248.9 °C (480 °F)","Standard","","","","Pfaudler","","Glasslined","P20","","","","","","","Vertical","","","","336.6 mm (13.3 in)","","Lugs","","","","","","Tank","Yes"
"225405","Nickel Alloy Messer Grisheim GmbH Tank - IPP# 225405","https://ims.internationalprocessplants.com/inventory/equipment/detail/225405","14","","","","","","","","","","59,050 L (15,600 gallons)","","Used","","2,500 mm (98.4 in)","","","","","","","","","18 bar (261.1 psi)","-196 °C (-320.8 °F)","","","","","2 bar (29 psi)","-196 °C (-320.8 °F)","","","","","Messer Grisheim GmbH","","Nickel","","","","","","","","Vertical","","","","12,700 mm (500 in)","","Legs","","","","","","Tank","Yes"
"225406","Nickel Alloy Messer Grisheim GmbH Tank - IPP# 225406","https://ims.internationalprocessplants.com/inventory/equipment/detail/225406","11","","","","","","","","","","59,050 L (15,600 gallons)","","Used","","2,500 mm (98.4 in)","","","","","","","","","18 bar (261.1 psi)","-196 °C (-320.8 °F)","","","","","","","","","","","Messer Grisheim GmbH","","Nickel","","","","","","","","Vertical","","","","12,700 mm (500 in)","","Legs","","","","","","Tank",""
"225407","Nickel Alloy Messer Grisheim GmbH Tank - IPP# 225407","https://ims.internationalprocessplants.com/inventory/equipment/detail/225407","12","","","","","","","","","","59,050 L (15,600 gallons)","","Used","","2,500 mm (98.4 in)","","","","","","","","","18 bar (261.1 psi)","-196 °C (-320.8 °F)","","","","","","","","","","","Messer Grisheim GmbH","","Nickel","","","","","","","","Vertical","","","","12,700 mm (500 in)","","Legs","","","","","","Tank","Yes"
"225669","Stainless Steel Other  Tank - IPP# 225669","https://ims.internationalprocessplants.com/inventory/equipment/detail/225669","4","","","","","","","","","","40,000 L (10,550 gallons)","","Used","","","","","","","","","","","","","","","","","","","","","","","","","Stainless Steel Other","","","","","","","","","","","","","","","","","","","","Tank",""
"225670","Stainless Steel Other  Tank - IPP# 225670","https://ims.internationalprocessplants.com/inventory/equipment/detail/225670","3","","","","","","","","","","","","Used","","","","","","","","","","","","","","","","","","","","","","","","","Stainless Steel Other","","","","","","","","","","","","","","","","","","","","Tank",""
"225671","Stainless Steel Austenitic Theodore Winkels Gmbh Tank - IPP# 225671","https://ims.internationalprocessplants.com/inventory/equipment/detail/225671","18","","","","","","","","","","70,000 L (18,500 gallons)","","Used","289 mm (11.4 in)","2,600 mm (102.4 in)","","","","","","","","","0.05 bar (0.73 psi)","200 °C (392 °F)","","","Stainless Steel 316L","","6 bar (87 psi)","200 °C (392 °F)","External Pipe Coil","","","","Theodore Winkels Gmbh","Yes","Stainless Steel Austenitic","","","","","","","","Vertical","","","","13,400 mm (528 in)","","Base Mounted","","","","","","Tank","Yes"
"225672","Stainless Steel Austenitic Theodore Winkels Gmbh Tank - IPP# 225672","https://ims.internationalprocessplants.com/inventory/equipment/detail/225672","18","","","","","","","","","","50,000 L (13,200 gallons)","","Used","630 mm (24.8 in)","3,200 mm (126 in)","","","","","","","","","0.05 bar (0.73 psi)","200 °C (392 °F)","","","Stainless Steel 316L","","6 bar (87 psi)","200 °C (392 °F)","External Pipe Coil","","","","Theodore Winkels Gmbh","Yes","Stainless Steel Austenitic","","","","","","","","Vertical","","","","6,150 mm (242.9 in)","","Base Mounted","","","","","","Tank","Yes"
"225673","Stainless Steel Austenitic Walther Schlefenbaum  Tank - IPP# 225673","https://ims.internationalprocessplants.com/inventory/equipment/detail/225673","18","","","","","","","","","","50,000 L (13,200 gallons)","","Used","460 mm (18.1 in)","3,200 mm (126 in)","","","","","","","","","0.05 bar (0.73 psi)","200 °C (392 °F)","","","Stainless Steel Austenitic","","6 bar (87 psi)","200 °C (392 °F)","External Pipe Coil","","","","Walther Schlefenbaum","Yes","Stainless Steel Austenitic","","","","","","","","Vertical","","","","6,150 mm (242.9 in)","","Base Mounted","","","","","","Tank","Yes"
"225674","Stainless Steel Austenitic Freidrich Ambs Tank - IPP# 225674","https://ims.internationalprocessplants.com/inventory/equipment/detail/225674","18","","","","","","","","","","105,450 L (27,850 gallons)","","Used","455 mm (17.9 in)","3,200 mm (126 in)","","","","","","","","","0.05 bar (0.73 psi)","200 °C (392 °F)","","","Stainless Steel Austenitic","","6 bar (87 psi)","200 °C (392 °F)","External Pipe Coil","","","","Freidrich Ambs","Yes","Stainless Steel Austenitic","","","","","","","","Vertical","","","","13,300 mm (523 in)","","Base Mounted","","","","","","Tank","Yes"
"225675","Stainless Steel Austenitic Enco Tank - IPP# 225675","https://ims.internationalprocessplants.com/inventory/equipment/detail/225675","19","","","","","","","","","","41,200 L (10,900 gallons)","","Used","526 mm (20.7 in)","3,200 mm (126 in)","Yes","","","","","","","","0.51 bar (7.4 psi)","100 °C (212 °F)","","","","","","","","","","","Enco","Yes","Stainless Steel Austenitic","","50","3","2.2 kW (3 HP)","1,500","","","Vertical","","","","5,800 mm (228.3 in)","","Base Mounted","","","","","","Tank","Yes"
"225676","Stainless Steel Austenitic Hinke Tankenbau Gmbh Tank - IPP# 225676","https://ims.internationalprocessplants.com/inventory/equipment/detail/225676","13","","","","","","","","","","5,300 L (1,400 gallons)","","Used","","1,650 mm (65 in)","","","","","","","","","0.5 bar (7.3 psi)","100 °C (212 °F)","","","","","","","","","","","Hinke Tankenbau Gmbh","Yes","Stainless Steel Austenitic","","","","","","","","Vertical","","","","2,000 mm (78.7 in)","","Legs","","","","","","Tank","Yes"
"225699","Stainless Steel 304L Whiting Metals, Inc. Tank - IPP# 225699","https://ims.internationalprocessplants.com/inventory/equipment/detail/225699","14","","Four side wall baffles, 5" wide x 48" long.","","","","","","","","9,450 L (2,500 gallons)","","Used","","2,800 mm (111 in)","Yes","","","","","","","","1.01 bar (14.7 psi)","100 °C (212 °F)","","","","","","","","","","","Whiting Metals, Inc.","","Stainless Steel 304L","","","","50 kW (67.1 HP)","","","","Vertical","","","","1,550 mm (60.5 in)","","Legs","","","","","","Tank",""
"226203","Titanium Clad Mitsui Tank - IPP# 226203","https://ims.internationalprocessplants.com/inventory/equipment/detail/226203","20","","With (4) baffles on sidewall.","Sidewall Mounted Straight Baffle","","","","","","","37,800 L (10,000 gallons)","Yes","Used","","2,750 mm (108 in)","Yes","","","","","","","","29.3 bar (425 psi)","252 °C (485.6 °F)","","","","","","","","","","","Mitsui","Yes","Titanium","","50","3","110 kW (147.5 HP)","1,485","","","Vertical","","","","5,950 mm (234 in)","","Lugs","","","","","","Tank",""
"226204","Titanium Clad Mitsui Tank - IPP# 226204","https://ims.internationalprocessplants.com/inventory/equipment/detail/226204","20","","With (4) baffles on sidewall.","Sidewall Mounted Straight Baffle","","","","","","","37,800 L (10,000 gallons)","Yes","Used","","2,750 mm (108 in)","Yes","","","","","","","","29.3 bar (425 psi)","252 °C (485.6 °F)","","","","","","","","","","","Mitsui","Yes","Titanium","","50","3","110 kW (147.5 HP)","1,485","","","Vertical","","","","5,950 mm (234 in)","","Lugs","","","","","","Tank",""
"226205","Titanium Clad Mitsui Tank - IPP# 226205","https://ims.internationalprocessplants.com/inventory/equipment/detail/226205","20","","With (4) baffles on sidewall.","Sidewall Mounted Straight Baffle","","","","","","","37,800 L (10,000 gallons)","Yes","Used","","2,750 mm (108 in)","Yes","","","","","","","","29.3 bar (425 psi)","252 °C (485.6 °F)","","","","","","","","","","","Mitsui","Yes","Titanium","","50","3","110 kW (147.5 HP)","1,485","","","Vertical","","","","5,950 mm (234 in)","","Lugs","","","","","","Tank",""
"226207","Titanium Clad Mitsui Tank - IPP# 226207","https://ims.internationalprocessplants.com/inventory/equipment/detail/226207","19","","With internal baffles on sidewall.","Sidewall Mounted Straight Baffle","","","","","","","58,600 L (15,500 gallons)","Yes","Used","","3,350 mm (132 in)","Yes","","","","","","","","13.4 bar (195 psi)","229.4 °C (444.9 °F)","","","","","","","","","","","Mitsui","","Titanium","","50","3","37.3 kW (50 HP)","1,475","","","Vertical","","","","6,100 mm (240 in)","","Lugs","","","","","","Tank",""
"226208","Titanium Clad Mitsui Tank - IPP# 226208","https://ims.internationalprocessplants.com/inventory/equipment/detail/226208","19","","With internal baffles on sidewall.","Sidewall Mounted Straight Baffle","","","","","","","58,600 L (15,500 gallons)","Yes","Used","","3,350 mm (132 in)","Yes","","","","","","","","7.2 bar (105 psi)","199 °C (390.2 °F)","","","","","","","","","","","Mitsui","","Titanium","","50","3","37.3 kW (50 HP)","1,475","","","Vertical","","","","6,100 mm (240 in)","","Lugs","","","","","","Tank",""
"226210","Titanium Clad Bramah Process Plant Ltd  Tank - IPP# 226210","https://ims.internationalprocessplants.com/inventory/equipment/detail/226210","12","","","","","","","","","","8,700 L (2,300 gallons)","Yes","Used","","1,850 mm (71.9 in)","","","","","","","","","1.72 bar (25 psi)","120 °C (248 °F)","","","","","","","","","","","Bramah Process Plant Ltd","","Titanium","","","","","","","","Vertical","","","","3,050 mm (119.9 in)","","Skirt","","","","","","Tank",""
"226211","Titanium Clad Bramah Process Plant Ltd  Tank - IPP# 226211","https://ims.internationalprocessplants.com/inventory/equipment/detail/226211","14","","With internal baffles on sidewall.","","","","","","","","8,700 L (2,300 gallons)","Yes","Used","","1,850 mm (71.9 in)","Yes","","","","","","","","1.72 bar (25 psi)","120 °C (248 °F)","","","","","","","","","","","Bramah Process Plant Ltd","","Titanium","","","","","","","","Vertical","","","","3,050 mm (119.9 in)","","Skirt","","","","","","Tank",""
"226212","Titanium Clad Mitsui  Tank - IPP# 226212","https://ims.internationalprocessplants.com/inventory/equipment/detail/226212","15","","With (4) internal baffles on sidewall.","Sidewall Mounted Straight Baffle","","","","","","","17,700 L (4,700 gallons)","Yes","Used","","2,000 mm (78 in)","","","","","","","","","86.4 bar (1,250 psi)","307.2 °C (585 °F)","","","","","","","","","","","Mitsui","Yes","Titanium","","","","","","","","Vertical","","","","5,500 mm (216 in)","","Lugs","","","","","","Tank",""
"228075","Glasslined Tank - IPP# 228075","https://ims.internationalprocessplants.com/inventory/equipment/detail/228075","12","","","","","","","","","","2,650 L (700 gallons)","","Used","","1,400 mm (56 in)","","","","","","","","","3.4 bar (50 psi)","232.2 °C (450 °F)","","","","","","","","","","","Pfaudler","Yes","Glasslined","","","","","","","","Vertical","","","","1,050 mm (42 in)","","","","","","","","Tank","Yes"
"228103","Fiberglass Tank - IPP# 228103","https://ims.internationalprocessplants.com/inventory/equipment/detail/228103","10","","","","","","","","","","6,700 L (1,750 gallons)","","Used","","1,200 mm (48 in)","","","","","","","","","","","","","","","","","","","","","Croll Reynolds","","Fiberglass","B-48","","","","","","","Vertical","","","","5,600 mm (221 in)","","Lugs","","","","","","Tank",""
"228106","Fiberglass Tank - IPP# 228106","https://ims.internationalprocessplants.com/inventory/equipment/detail/228106","8","","","","","","","","","","13,250 L (3,500 gallons)","","Used","","2,450 mm (96 in)","","","","","","","","","","","","","","","","","","","","","","","Fiberglass","","","","","","","","Vertical","","","","3,050 mm (120 in)","","Base Mounted","","","","","","Tank",""
"228147","Fiberglass Tank - IPP# 228147","https://ims.internationalprocessplants.com/inventory/equipment/detail/228147","12","","4 internal sidewall straight baffles.","Sidewall Mounted Straight Baffle","","","","","","","7,550 L (2,000 gallons)","","Used","","1,850 mm (72 in)","Yes","Yes","","","","","","","","","","","","","","","","","","","","","Fiberglass","","","","0.56 kW (0.75 HP)","","","","Vertical","","","","3,050 mm (120 in)","","","","","","","","Tank",""
"228149","Seed Tank - IPP# 228149","https://ims.internationalprocessplants.com/inventory/equipment/detail/228149","8","","","","","","","","","","","","Used","","","Yes","","","","","","","","","121.1 °C (250 °F)","","","","","","","","","","","Industrial Alloy Fabricators","","Stainless Steel 304","","","","","","","","Vertical","","","","","","Legs","","","","","","Tank",""
"228301","Stainless Steel Austenitic K Ley Gmbh  Tank - IPP# 228301","https://ims.internationalprocessplants.com/inventory/equipment/detail/228301","13","","","","","","","","","","1,500 L (396.3 gallons)","","Used","","1,200 mm (47.2 in)","","","","","","","","","6 bar (87 psi)","200 °C (392 °F)","","","","","","","","","","","K Ley Gmbh","Yes","Stainless Steel Austenitic","","","","","","","","Vertical","","","","1,550 mm (61 in)","","Legs","","","","","","Tank","Yes"
"228313","Stainless Steel Austenitic Enco  Tank - IPP# 228313","https://ims.internationalprocessplants.com/inventory/equipment/detail/228313","13","","","","","","","","","","25,000 L (6,600 gallons)","","Used","","3,000 mm (118.1 in)","","","","","","","","","6 bar (87 psi)","180 °C (356 °F)","","","","","","","","","","","Enco","Yes","Stainless Steel Austenitic","","","","","","","","Vertical","","","","2,750 mm (107.5 in)","","Lugs","","","","","","Tank","Yes"
"228316","Stainless Steel Austenitic Hinkel  Tank - IPP# 228316","https://ims.internationalprocessplants.com/inventory/equipment/detail/228316","13","","","","","","","","","","2,750 L (721 gallons)","","Used","","1,400 mm (55.1 in)","","","","","","","","","6 bar (87 psi)","150 °C (302 °F)","","","","","","","","","","","Hinkel","Yes","Stainless Steel Austenitic","","","","","","","","Vertical","","","","1,350 mm (53.5 in)","","Legs","","","","","","Tank","Yes"
"228323","Stainless Steel Austenitic W.Scheifenbaum  Tank - IPP# 228323","https://ims.internationalprocessplants.com/inventory/equipment/detail/228323","18","","","","","","","","","","5,000 L (1,300 gallons)","","Used","","1,600 mm (63 in)","","Yes","","","","","","","3.2 bar (46.4 psi)","200 °C (392 °F)","","","Stainless Steel Austentic","","6 bar (87 psi)","200 °C (392 °F)","Half Pipe/Limpet","","","","W.Scheifenbaum","Yes","Stainless Steel Austenitic","","","","","","","","Horizontal","","","","2,500 mm (98.4 in)","","Saddle","","","","","","Tank","Yes"
"228324","Stainless Steel Austenitic K.Ley Gmbh  Tank - IPP# 228324","https://ims.internationalprocessplants.com/inventory/equipment/detail/228324","13","","","","","","","","","","10,800 L (2,850 gallons)","","Used","","2,200 mm (86.6 in)","","","","","","","","","6 bar (87 psi)","200 °C (392 °F)","","","","","","","","","","","K.Ley Gmbh","Yes","Stainless Steel Austenitic","","","","","","","","Vertical","","","","2,350 mm (91.9 in)","","Legs","","","","","","Tank","Yes"
"228325","Stainless Steel 316Ti Schleifenbaum &amp; Weber KG Tank - IPP# 228325","https://ims.internationalprocessplants.com/inventory/equipment/detail/228325","13","","","","","","","","","","6,300 L (1,650 gallons)","","Used","","2,000 mm (78.7 in)","","","","","","","","","3.2 bar (46.4 psi)","200 °C (392 °F)","","","","","","","","","","","Schleifenbaum & Weber KG","Yes","Stainless Steel Austenitic","","","","","","","","Vertical","","","","2,200 mm (86.4 in)","","Legs","","","","","","Tank","Yes"
"228326","Stainless Steel Austenitic  Tank - IPP# 228326","https://ims.internationalprocessplants.com/inventory/equipment/detail/228326","7","","","","","","","","","","10,000 L (2,650 gallons)","","Used","","","","","","","","","","","3.2 bar (46.4 psi)","200 °C (392 °F)","","","","","","","","","","","","","Stainless Steel Austenitic","","","","","","","","","","","","","","","","","","","","Tank","Yes"
"228327","Stainless Steel Austenitic  Tank - IPP# 228327","https://ims.internationalprocessplants.com/inventory/equipment/detail/228327","7","","","","","","","","","","3,000 L (793 gallons)","","Used","","","","","","","","","","","6 bar (87 psi)","200 °C (392 °F)","","","","","","","","","","","","","Stainless Steel Austenitic","","","","","","","","","","","","","","","","","","","","Tank","Yes"
"228328","Stainless Steel Austenitic Tankbau Raum Gmbh  Tank - IPP# 228328","https://ims.internationalprocessplants.com/inventory/equipment/detail/228328","9","","","","","","","","","","40,000 L (10,550 gallons)","","Used","","3,200 mm (126 in)","","","","","","","","","1.01 bar (14.7 psi)","","","","","","","","","","","","Tankbau Raum Gmbh","","Stainless Steel Austenitic","","","","","","","","Vertical","","","","4,600 mm (181.1 in)","","","","","","","","Tank",""
"228347","Storage Tank Crepaco Stainless Steel 304 - IPP# 228347","https://ims.internationalprocessplants.com/inventory/equipment/detail/228347","13","","","","","","","","","","94,650 L (25,000 gallons)","","Used","","3,450 mm (136 in)","","","","","","","","","1.01 bar (14.7 psi)","","","","","","3.4 bar (50 psi)","","Standard","","","","Crepaco","Yes","Stainless Steel 304","","","","","","","","Vertical","","Yes","","","","Base Mounted","","","","","","Tank",""
"228348","Stainless Steel 304 Crepaco Tank - IPP# 228348","https://ims.internationalprocessplants.com/inventory/equipment/detail/228348","13","","","","","","","","","","94,650 L (25,000 gallons)","","Used","","3,450 mm (136 in)","","","","","","","","","4.1 bar (60 psi)","","","","","","4.1 bar (60 psi)","","Standard","","","","Crepaco","Yes","Stainless Steel 304","","","","","","","","Vertical","","Yes","","","","Base Mounted","","","","","","Tank",""
"228349","Stainless Steel 304 Crepaco Tank - IPP# 228349","https://ims.internationalprocessplants.com/inventory/equipment/detail/228349","13","","","","","","","","","","94,650 L (25,000 gallons)","","Used","","3,450 mm (136 in)","","","","","","","","","1.01 bar (14.7 psi)","","","","","","3.4 bar (50 psi)","","Standard","","","","Crepaco","Yes","Stainless Steel 304","","","","","","","","Vertical","","Yes","","","","Base Mounted","","","","","","Tank",""
"228350","Unused Glasslined Tank - IPP# 228350","https://ims.internationalprocessplants.com/inventory/equipment/detail/228350","14","","","","","","","","","","4,350 L (1,150 gallons)","","Unused","","1,200 mm (48 in)","","","","","","","","","3.4 bar (50 psi)","232.2 °C (450 °F)","","","","","","","","","","","DeDietrich","Yes","Glasslined","VT-1000","","","","","","","Vertical","","","","3,350 mm (132 in)","","Lugs","","","","","","Tank","Yes"
"228351","Glasslined DeDietrich Tank - IPP# 228351","https://ims.internationalprocessplants.com/inventory/equipment/detail/228351","11","","","","","","","","","","1,150 L (300 gallons)","","Used","","1,050 mm (42 in)","","","","","","","","","1.72 bar (25 psi)","260 °C (500 °F)","","","","","","","","","","","DeDietrich","","Glasslined","","","","","","","","Vertical","","","","","","Legs","","","","","","Tank","Yes"
"229001","Stainless Steel 316L Apparatebau Pitton Tank - IPP# 229001","https://ims.internationalprocessplants.com/inventory/equipment/detail/229001","13","","","","","","","","","","610 L (161.1 gallons)","","Used","","825 mm (32.5 in)","Yes","","","","","","","","0.5 bar (7.3 psi)","100 °C (212 °F)","","","","","","","","","","","Apparatebau Pitton","","Stainless Steel 316L","","","","","","","","Vertical","","","","960 mm (37.8 in)","","Lugs","","","","","","Tank","Yes"
"229002","Stainless Steel 316 Goavec Engineering (France)  Tank - IPP# 229002","https://ims.internationalprocessplants.com/inventory/equipment/detail/229002","11","","","","","","","","","","677 L (178.8 gallons)","","Used","","","","","","","","","","","3.8 bar (55.1 psi)","126 °C (258.8 °F)","","","","","","","","","","","Goavec Engineering (France)","","Stainless Steel 316L","","","","","","","","Vertical","","Yes","","","","Legs","","","","","","Tank","Yes"
"229008","Stainless Steel Other Cryotherm BioSafe 420SC&#xDF; Tank - IPP# 229008","https://ims.internationalprocessplants.com/inventory/equipment/detail/229008","15","","","","","","","","","","420 L (111 gallons)","","Used","","900 mm (35.4 in)","","","","","","","","","","-196 °C (-320.8 °F)","","","","","-1 bar (-14.5 psi)","20 °C (68 °F)","Standard","","","","Cryotherm","","Stainless Steel Other","BioSafe 420SC&#xDF;","","","","","","","Vertical","","","","1,350 mm (53.9 in)","","Caster","","","","","","Tank","Yes"
"229023","Carbon Steel CIB Industrie Tank - IPP# 229023","https://ims.internationalprocessplants.com/inventory/equipment/detail/229023","12","","","","","","","","","","4,000 L (1,050 gallons)","","Used","","1,000 mm (39.4 in)","","","","","","","","","45 bar (653 psi)","100 °C (212 °F)","","","","","","","","","","","CIB Industrie","Yes","Carbon Steel","","","","","","","","Horizontal","","","","5,400 mm (212.6 in)","","Saddle","","","","","","Tank",""
"229051","Glass Schott-Duran Tank - IPP# 229051","https://ims.internationalprocessplants.com/inventory/equipment/detail/229051","7","","","","","","","","","","110 L (29.1 gallons)","","Used","","600 mm (23.6 in)","","","","","","","","","","","","","","","","","","","","","Schott-Duran","","Glass","","","","","","","","Vertical","","","","","","","","","","","","Tank",""
"229052","Glass Schott-Duran Tank - IPP# 229052","https://ims.internationalprocessplants.com/inventory/equipment/detail/229052","8","","","","","","","","","","110 L (29.1 gallons)","","Used","","600 mm (23.6 in)","","","","","","","","","","","","","","","","","","","","","Schott-Duran","","Glass","","","","","","","","Vertical","","","","","","Frame Mounted with Feet","","","","","","Tank",""
"229054","Glass Schott-Duran Tank - IPP# 229054","https://ims.internationalprocessplants.com/inventory/equipment/detail/229054","7","","","","","","","","","","110 L (29.1 gallons)","","Used","","600 mm (23.6 in)","","","","","","","","","","","","","","","","","","","","","Schott-Duran","","Glass","","","","","","","","Vertical","","","","","","","","","","","","Tank",""
"229055","Glass Schott-Duran Tank - IPP# 229055","https://ims.internationalprocessplants.com/inventory/equipment/detail/229055","7","","","","","","","","","","110 L (29.1 gallons)","","Used","","600 mm (23.6 in)","","","","","","","","","","","","","","","","","","","","","Schott-Duran","","Glass","","","","","","","","Vertical","","","","","","","","","","","","Tank",""
"229057","Glass QVF Tank - IPP# 229057","https://ims.internationalprocessplants.com/inventory/equipment/detail/229057","7","","","","","","","","","","115 L (30.4 gallons)","","Used","","600 mm (23.6 in)","","","","","","","","","","","","","","","","","","","","","QVF","","Glass","","","","","","","","Vertical","","","","","","","","","","","","Tank",""
"229058","Glass QVF 61193 Tank - IPP# 229058","https://ims.internationalprocessplants.com/inventory/equipment/detail/229058","8","","","","","","","","","","110 L (29.1 gallons)","","Used","","600 mm (23.6 in)","","","","","","","","","","","","","","","","","","","","","QVF","","Glass","61193","","","","","","","Vertical","","","","","","","","","","","","Tank",""
"229059","Glass Schott-Duran Tank - IPP# 229059","https://ims.internationalprocessplants.com/inventory/equipment/detail/229059","7","","","","","","","","","","100 L (26.4 gallons)","","Used","","400 mm (15.7 in)","","","","","","","","","","","","","","","","","","","","","Schott-Duran","","Glass","","","","","","","","","","","","900 mm (35.4 in)","","","","","","","","Tank",""
"229060","Glass QVF Tank - IPP# 229060","https://ims.internationalprocessplants.com/inventory/equipment/detail/229060","8","","","","","","","","","","5 L (1.32 gallons)","","Used","","200 mm (7.9 in)","","","","","","","","","","","","","","","","","","","","","QVF","","Glass","","","","","","","","Vertical","","","","200 mm (7.9 in)","","","","","","","","Tank",""
"229062","Glass QVF Tank - IPP# 229062","https://ims.internationalprocessplants.com/inventory/equipment/detail/229062","8","","","","","","","","","","50 L (13.2 gallons)","","Used","","300 mm (11.8 in)","","","","","","","","","","","","","","","","","","","","","QVF","","Glass","","","","","","","","Vertical","","","","450 mm (17.7 in)","","","","","","","","Tank",""
"229069","Glass QVF-Corning Tank - IPP# 229069","https://ims.internationalprocessplants.com/inventory/equipment/detail/229069","7","","","","","","","","","","100 L (26.4 gallons)","","Used","","450 mm (17.7 in)","","","","","","","","","","","","","","","","","","","","","QVF","","Glass","","","","","","","","Vertical","","","","","","","","","","","","Tank",""
"229072","Glass QVF-Corning Tank - IPP# 229072","https://ims.internationalprocessplants.com/inventory/equipment/detail/229072","7","","","","","","","","","","100 L (26.4 gallons)","","Used","","450 mm (17.7 in)","","","","","","","","","","","","","","","","","","","","","QVF","","Glass","","","","","","","","Vertical","","","","","","","","","","","","Tank",""
"229073","Glass QVF-Corning 633 Tank - IPP# 229073","https://ims.internationalprocessplants.com/inventory/equipment/detail/229073","8","","","","","","","","","","100 L (26.4 gallons)","","Used","","450 mm (17.7 in)","","","","","","","","","","","","","","","","","","","","","QVF","","Glass","633","","","","","","","Vertical","","","","","","","","","","","","Tank",""
"229085","Glass QVF 61193 Tank - IPP# 229085","https://ims.internationalprocessplants.com/inventory/equipment/detail/229085","9","","","","","","","","","","50 L (13.2 gallons)","","Used","","300 mm (11.8 in)","","","","","","","","","","","","","","","","","","","","","QVF","","Glass","61193","","","","","","","Vertical","","","","450 mm (17.7 in)","","","","","","","","Tank",""
"229086","Glass QVF Tank - IPP# 229086","https://ims.internationalprocessplants.com/inventory/equipment/detail/229086","8","","","","","","","","","","50 L (13.2 gallons)","","Used","","300 mm (11.8 in)","","","","","","","","","","","","","","","","","","","","","QVF","","Glass","","","","","","","","Vertical","","","","450 mm (17.7 in)","","","","","","","","Tank",""
"229088","Glass Schott-Duran Tank - IPP# 229088","https://ims.internationalprocessplants.com/inventory/equipment/detail/229088","7","","","","","","","","","","100 L (26.4 gallons)","","Used","","400 mm (15.7 in)","","","","","","","","","","","","","","","","","","","","","Schott-Duran","","Glass","","","","","","","","Vertical","","","","","","","","","","","","Tank",""
"229089","Glass QVF-Corning Tank - IPP# 229089","https://ims.internationalprocessplants.com/inventory/equipment/detail/229089","7","","","","","","","","","","100 L (26.4 gallons)","","Used","","600 mm (23.6 in)","","","","","","","","","","","","","","","","","","","","","QVF","","Glass","","","","","","","","Vertical","","","","","","","","","","","","Tank",""
"229090","Glass QVF S-48 Tank - IPP# 229090","https://ims.internationalprocessplants.com/inventory/equipment/detail/229090","8","","","","","","","","","","100 L (26.4 gallons)","","Used","","600 mm (23.6 in)","","","","","","","","","","","","","","","","","","","","","QVF","","Glass","S-48","","","","","","","Vertical","","","","","","","","","","","","Tank",""
"229091","Glass Schott-Duran Tank - IPP# 229091","https://ims.internationalprocessplants.com/inventory/equipment/detail/229091","8","","","","","","","","","","100 L (26.4 gallons)","","Used","","600 mm (23.6 in)","","","","","","","","","","","","","","","","","","","","","Schott-Duran","","Glass","","","","","","","","Vertical","","","","1,000 mm (39.4 in)","","","","","","","","Tank",""
"229092","Glass Schott-Duran Tank - IPP# 229092","https://ims.internationalprocessplants.com/inventory/equipment/detail/229092","8","","","","","","","","","","100 L (26.4 gallons)","","Used","","600 mm (23.6 in)","","","","","","","","","","","","","","","","","","","","","Schott-Duran","","Glass","","","","","","","","Vertical","","","","1,000 mm (39.4 in)","","","","","","","","Tank",""
"229094","Glass QVF-Corning S 648 Tank - IPP# 229094","https://ims.internationalprocessplants.com/inventory/equipment/detail/229094","8","","","","","","","","","","100 L (26.4 gallons)","","Used","","600 mm (23.6 in)","","","","","","","","","","","","","","","","","","","","","QVF","","Glass","S 648","","","","","","","Vertical","","","","","","","","","","","","Tank",""
"229095","Glass QVF-Corning S 648 Tank - IPP# 229095","https://ims.internationalprocessplants.com/inventory/equipment/detail/229095","8","","","","","","","","","","100 L (26.4 gallons)","","Used","","600 mm (23.6 in)","","","","","","","","","","","","","","","","","","","","","QVF","","Glass","S 648","","","","","","","Vertical","","","","","","","","","","","","Tank",""
"229097","Glass QVF-Corning S 638 Tank - IPP# 229097","https://ims.internationalprocessplants.com/inventory/equipment/detail/229097","8","","","","","","","","","","100 L (26.4 gallons)","","Used","","600 mm (23.6 in)","","","","","","","","","","","","","","","","","","","","","QVF","","Glass","S 638","","","","","","","Vertical","","","","","","","","","","","","Tank",""
"229098","Glass QVF-Corning Tank - IPP# 229098","https://ims.internationalprocessplants.com/inventory/equipment/detail/229098","7","","","","","","","","","","100 L (26.4 gallons)","","Used","","600 mm (23.6 in)","","","","","","","","","","","","","","","","","","","","","QVF","","Glass","","","","","","","","Vertical","","","","","","","","","","","","Tank",""
"229101","Glass Schott-Duran Tank - IPP# 229101","https://ims.internationalprocessplants.com/inventory/equipment/detail/229101","8","","","","","","","","","","150 L (39.6 gallons)","","Used","","400 mm (15.7 in)","","","","","","","","","","","","","","","","","","","","","Schott-Duran","","Glass","","","","","","","","Vertical","","","","1,400 mm (55.1 in)","","","","","","","","Tank",""
"229105","Storage Tank / Receiver - IPP# 229105","https://ims.internationalprocessplants.com/inventory/equipment/detail/229105","7","","","","","","","","","","2,800 L (740 gallons)","","Used","","","","","","","","","","","","","","","","","","","","","","","","Yes","Carbon Steel","","","","","","","","Vertical","","","","","","Legs","","","","","","Tank",""
"229106","Carbon Steel  Tank - IPP# 229106","https://ims.internationalprocessplants.com/inventory/equipment/detail/229106","11","","","","","","","","","","2,500 L (660 gallons)","","Used","","1,400 mm (55.1 in)","","","","","","","","","0.26 bar (3.8 psi)","60 °C (140 °F)","","","","","","","","","","","","Yes","Carbon Steel","","","","","","","","Vertical","","","","1,400 mm (54.2 in)","","Legs","","","","","","Tank",""
"229107","Carbon Steel Tank - IPP# 229107","https://ims.internationalprocessplants.com/inventory/equipment/detail/229107","7","","","","","","","","","","2,800 L (740 gallons)","","Used","","","","","","","","","","","","","","","","","","","","","","","","Yes","Carbon Steel","","","","","","","","Vertical","","","","","","Legs","","","","","","Tank",""
"229110","Stainless Steel 316 Altmayer Tank - IPP# 229110","https://ims.internationalprocessplants.com/inventory/equipment/detail/229110","13","","","","","","","","","","10,000 L (2,650 gallons)","","Used","","1,800 mm (70.9 in)","","","","","","","","","1.01 bar (14.7 psi)","80 °C (176 °F)","","","Stainless Steel 316","","","","","","","","Altmayer - Germany","Yes","Stainless Steel 316","","","","","","","","Vertical","","","","3,700 mm (145.7 in)","","Legs","","","","","","Tank",""
"229366","Stainless Steel 321 Paul Schwingel GmbH Tank - IPP# 229366","https://ims.internationalprocessplants.com/inventory/equipment/detail/229366","14","","","","","","","","","","36,600 L (9,650 gallons)","","Used","100 mm (3.9 in)","2,800 mm (110.2 in)","","Yes","","","","","","","1 bar (14.5 psi)","100 °C (212 °F)","","","","","","","","","","","Paul Schwingel GmbH","Yes","Stainless Steel 321","","","","","","","","Vertical","","","","6,000 mm (236.4 in)","","Lugs","","","","","","Tank",""
"229367","Stainless Steel Other Paul Schwingel GmbH Tank - IPP# 229367","https://ims.internationalprocessplants.com/inventory/equipment/detail/229367","8","","","","","","","","","","16,750 L (4,400 gallons)","","Used","","","","","","","","","","","1 bar (14.5 psi)","100 °C (212 °F)","","","","","","","","","","","Paul Schwingel GmbH","","Stainless Steel Other","","","","","","","","Vertical","","","","","","","","","","","","Tank",""
"229368","Stainless Steel Other Freidrich Ambs Tank - IPP# 229368","https://ims.internationalprocessplants.com/inventory/equipment/detail/229368","11","","","","","","","","","","20,000 L (5,300 gallons)","","Used","","2,600 mm (102.4 in)","","Yes","","","","","","","0.05 bar (0.73 psi)","100 °C (212 °F)","","","","","","","","","","","Freidrich Ambs","","Stainless Steel Other","","","","","","","","Vertical","","","","4,500 mm (177.6 in)","","","","","","","","Tank",""
"229369","Stainless Steel 321 Freidrich Ambs Tank - IPP# 229369","https://ims.internationalprocessplants.com/inventory/equipment/detail/229369","18","","(4) sidewall mounted baffles","Sidewall Mounted Straight Baffle","","","","","","","16,000 L (4,250 gallons)","","Used","","2,400 mm (94.5 in)","Yes","","","","","","","","0.05 bar (0.73 psi)","100 °C (212 °F)","","","","","","","","","","","Freidrich Ambs","","Stainless Steel 321","","50","3","2.7 kW (3.6 HP)","200","","","Vertical","","","","4,000 mm (157.5 in)","","Base Mounted","","","","","","Tank",""
"229409","Stainless Steel Austenitic Chema-Verfahrenstechnik GmbH Tank - IPP# 229409","https://ims.internationalprocessplants.com/inventory/equipment/detail/229409","14","","(3) internal 2400mm diameter baffle plates with central reduction nozzles.","","","","","","","","37,150 L (9,800 gallons)","","Used","","2,400 mm (94.5 in)","","","","","","","","","7 bar (101.5 psi)","270 °C (518 °F)","","","","","","","","","","","Chema-Venahrenstennik Gmbh","Yes","Stainless Steel Austenitic","","","","","","","","Vertical","","","","7,750 mm (305.3 in)","","Lugs","","","","","","Tank","Yes"
"229410","Stainless Steel Austenitic Chema-Verfahrenstechnik GmbH Tank - IPP# 229410","https://ims.internationalprocessplants.com/inventory/equipment/detail/229410","14","","(3) internal 2400mm diameter baffle plates with central reduction nozzles.","","","","","","","","37,150 L (9,800 gallons)","","Used","","2,400 mm (94.5 in)","","","","","","","","","7 bar (101.5 psi)","270 °C (518 °F)","","","","","","","","","","","Chema-Venahrenstennik Gmbh","Yes","Stainless Steel Austenitic","","","","","","","","Vertical","","","","7,750 mm (305.3 in)","","Lugs","","","","","","Tank","Yes"
"229411","Stainless Steel Austenitic Chema-Verfahrenstechnik GmbH Tank - IPP# 229411","https://ims.internationalprocessplants.com/inventory/equipment/detail/229411","14","","(3) internal 2400mm diameter baffle plates with central reduction nozzles.","","","","","","","","37,150 L (9,800 gallons)","","Used","","2,400 mm (94.5 in)","","","","","","","","","7 bar (101.5 psi)","270 °C (518 °F)","","","","","","","","","","","Chema-Venahrenstennik Gmbh","Yes","Stainless Steel Austenitic","","","","","","","","Vertical","","","","7,750 mm (305.3 in)","","Lugs","","","","","","Tank","Yes"
"229412","Stainless Steel Austenitic Chema-Verfahrenstechnik GmbH Tank - IPP# 229412","https://ims.internationalprocessplants.com/inventory/equipment/detail/229412","14","","(3) internal 2400mm diameter baffle plates with central reduction nozzles.","","","","","","","","37,150 L (9,800 gallons)","","Used","","2,400 mm (94.5 in)","","","","","","","","","7 bar (101.5 psi)","270 °C (518 °F)","","","","","","","","","","","Chema-Venahrenstennik Gmbh","Yes","Stainless Steel Austenitic","","","","","","","","Vertical","","","","7,750 mm (305.3 in)","","Lugs","","","","","","Tank","Yes"
"230171","Unused Glasslined DeDietrich Tank - IPP# 230171","https://ims.internationalprocessplants.com/inventory/equipment/detail/230171","12","","","","","","","","","","1,150 L (300 gallons)","","Unused","","1,200 mm (47 in)","","","","","","","","","3.8 bar (55 psi)","204.4 °C (400 °F)","","","","","","","","","","","DeDietrich","","Glasslined","","","","","","","","Vertical","","","","1,250 mm (49 in)","","Other","","","","","","Tank","Yes"
"230172","Unused Glasslined DeDietrich Tank - IPP# 230172","https://ims.internationalprocessplants.com/inventory/equipment/detail/230172","12","","","","","","","","","","1,150 L (300 gallons)","","Unused","","1,200 mm (47 in)","","","","","","","","","3.8 bar (55 psi)","204.4 °C (400 °F)","","","","","","","","","","","DeDietrich","","Glasslined","","","","","","","","Vertical","","","","1,250 mm (49 in)","","Other","","","","","","Tank","Yes"
"230186","Stainless Steel Austenitic Richard Stiehler KG  Tank - IPP# 230186","https://ims.internationalprocessplants.com/inventory/equipment/detail/230186","13","","","","","","","","","","20,000 L (5,300 gallons)","","Used","","","Yes","","","","","","","","1.01 bar (14.7 psi)","75 °C (167 °F)","","","","","","","","","","","Richard Stiehler KG","","Stainless Steel Austenitic","","3","","7.5 kW (10.1 HP)","1,400","","","Vertical","","","","","","Legs","","","","","","Tank",""
"230369","Stainless Steel 304 Tolan Machinery Co, Inc.  Tank - IPP# 230369","https://ims.internationalprocessplants.com/inventory/equipment/detail/230369","14","","With (4) straight sidewall baffles.","Sidewall Mounted Straight Baffle","","","","","","","5,700 L (1,500 gallons)","","Used","","1,850 mm (72 in)","Yes","","","","","","","","1.01 bar (14.7 psi)","","","","","","","","","","","","Tolan Machinery Co, Inc.","","Stainless Steel 304","","","","2.2 kW (3 HP)","","","","Vertical","","","","2,100 mm (82 in)","","Legs","","","","","","Tank",""
"230377","Stainless Steel 321 Z5075 Tank - IPP# 230377","https://ims.internationalprocessplants.com/inventory/equipment/detail/230377","11","","","","","","","","","","1,700 L (450 gallons)","","Used","","1,200 mm (48 in)","Yes","","","","","","","","","","","","","","","","","","","","","Yes","Stainless Steel 321","Z5075","","","","","","","Vertical","","","","1,500 mm (60 in)","","Legs","","","","","","Tank",""
"231103","Stainless Steel Austenitic Silica Gel  Tank - IPP# 231103","https://ims.internationalprocessplants.com/inventory/equipment/detail/231103","11","","","","","","","","","","170 L (44.9 gallons)","","Used","","500 mm (19.7 in)","","","","","","","","","0.5 bar (7.3 psi)","50 °C (122 °F)","","","","","","","","","","","Silica Gel","","Stainless Steel Austenitic","","","","","","","","Vertical","","","","600 mm (23.6 in)","","Legs","","","","","","Tank",""
"231110","Stainless Steel Austenitic Pass &amp; Co  Tank - IPP# 231110","https://ims.internationalprocessplants.com/inventory/equipment/detail/231110","11","","","","","","","","","","5,700 L (1,500 gallons)","","Used","","1,800 mm (70.9 in)","","","","","","","","","6 bar (87 psi)","200 °C (392 °F)","","","","","","","","","","","Pass & Co GmbH","","Stainless Steel Austenitic","","","","","","","","Vertical","","","","","","Legs","","","","","","Tank","Yes"
"231111","Stainless Steel Austenitic Apparatebau gmbh  Tank - IPP# 231111","https://ims.internationalprocessplants.com/inventory/equipment/detail/231111","13","","","","","","","","","","9,500 L (2,500 gallons)","","Used","","1,800 mm (70.9 in)","","","","","","","","","6 bar (87 psi)","50 °C (122 °F)","","","","","","","","","","","Apparatebau Crimmitschau GmbH/Germany","Yes","Stainless Steel Austenitic","","","","","","","","Horizontal","","","","3,300 mm (130.4 in)","","Saddle","","","","","","Tank","Yes"
"231198","Stainless Steel 316 Bolz Apparatebau  Tank - IPP# 231198","https://ims.internationalprocessplants.com/inventory/equipment/detail/231198","13","","","","","","","","","","6,300 L (1,650 gallons)","","Used","","1,800 mm (70.6 in)","","","","","","","","","6 bar (87 psi)","200 °C (392 °F)","","","","","","","","","","","Bolz Apparatebau","Yes","Stainless Steel 316L","","","","","","","","Horizontal","","","","2,500 mm (98.4 in)","","Saddle","","","","","","Tank","Yes"
"231253","Stainless Steel Austenitic Hoechst AG Tank - IPP# 231253","https://ims.internationalprocessplants.com/inventory/equipment/detail/231253","10","","","","","","","","","","350 L (92.5 gallons)","","Used","","","","","","","","","","","6 bar (87 psi)","200 °C (392 °F)","","","","","","","","","","","Hoechst AG","","Stainless Steel Austenitic","","","","","","","","Vertical","","","","","","Lugs","","","","","","Tank","Yes"
"231254","Stainless Steel Austenitic Hoescht  Tank - IPP# 231254","https://ims.internationalprocessplants.com/inventory/equipment/detail/231254","10","","","","","","","","","","350 L (92.5 gallons)","","Used","","","","","","","","","","","6 bar (87 psi)","200 °C (392 °F)","","","","","","","","","","","Hoechst AG","","Stainless Steel Austenitic","","","","","","","","Vertical","","","","","","Lugs","","","","","","Tank","Yes"
"231255","Stainless Steel 316Ti Schleifenbaum &amp; Weber KG Tank - IPP# 231255","https://ims.internationalprocessplants.com/inventory/equipment/detail/231255","11","","","","","","","","","","3,600 L (956 gallons)","","Used","","","Yes","","","","","","","","6 bar (87 psi)","200 °C (392 °F)","","","","","","","","","","","Schleifenbaum & Weber KG","","Stainless Steel Austenitic","","","","","","","","Vertical","","","","","","Legs","","","","","","Tank","Yes"
"231257","Stainless Steel 316Ti Schleifenbaum &amp; Weber KG Tank - IPP# 231257","https://ims.internationalprocessplants.com/inventory/equipment/detail/231257","11","","","","","","","","","","5,400 L (1,450 gallons)","","Used","","","Yes","","","","","","","","6 bar (87 psi)","200 °C (392 °F)","","","","","","","","","","","Schleifenbaum & Weber KG","","Stainless Steel Austenitic","","","","","","","","Vertical","","","","","","Legs","","","","","","Tank","Yes"
"232003","Stainless Steel 304 Tank - IPP# 232003","https://ims.internationalprocessplants.com/inventory/equipment/detail/232003","11","","","","","","","","","","13,650 L (3,600 gallons)","","Used","","2,450 mm (96 in)","","","","","","","","","1.01 bar (14.7 psi)","","","","","","","","","","","","Harvey Fabrication","Yes","Stainless Steel 304","","","","","","","","Vertical","","","","2,750 mm (108 in)","","Legs","","","","","","Tank",""
"232016","Stainless Steel 304 Whiting Metals, Inc. Tank - IPP# 232016","https://ims.internationalprocessplants.com/inventory/equipment/detail/232016","13","","","","","","","","","","9,450 L (2,500 gallons)","","Used","914 mm (36 in)","1,500 mm (60 in)","","","","","","","","","1.01 bar (14.7 psi)","37.8 °C (100 °F)","","","","","","","","","","","Whiting Metals, Inc.","Yes","Stainless Steel 304","","","","","","","","Vertical","","","","3,650 mm (144 in)","","Legs","","","","","","Tank",""
"232018","Stainless Steel 304 Evans &amp; Sons Tank - IPP# 232018","https://ims.internationalprocessplants.com/inventory/equipment/detail/232018","13","","","","","","","","","","4,550 L (1,200 gallons)","","Used","","1,500 mm (60 in)","","","","","","","","","6.9 bar (100 psi)","176.7 °C (350 °F)","","","","","","","","","","","Evans & Sons","Yes","Stainless Steel 304","","","","","","","","Vertical","","","","2,300 mm (90 in)","","Legs","","","","","","Tank","Yes"
"232023","Stainless Steel 304 Whiting Metals, Inc.  Tank - IPP# 232023","https://ims.internationalprocessplants.com/inventory/equipment/detail/232023","13","","","","","","","","","","7,550 L (2,000 gallons)","","Used","914 mm (36 in)","1,900 mm (74 in)","","","","","","","","","1.01 bar (14.7 psi)","37.8 °C (100 °F)","","","","","","","","","","","Whiting Metals, Inc.","Yes","Stainless Steel 304","","","","","","","","Vertical","","","","2,350 mm (93 in)","","Legs","","","","","","Tank",""
"232062","Stainless Steel 316 Evans &amp; Sons Tank - IPP# 232062","https://ims.internationalprocessplants.com/inventory/equipment/detail/232062","17","","","","","","","","","","13,650 L (3,600 gallons)","","Used","","2,450 mm (96 in)","Yes","","","","","","","","6.9 bar (100 psi)","185.6 °C (366 °F)","","","","","0.07 bar (1 psi)","-16.1 °C (3 °F)","","","","","Evans & Sons","Yes","Stainless Steel 316","","","","18.6 kW (25 HP)","1,800","","","Vertical","","","","2,750 mm (108 in)","","","","","","","","Tank","Yes"
"232067","Stainless Steel 304 Whiting Metals, Inc. Tank - IPP# 232067","https://ims.internationalprocessplants.com/inventory/equipment/detail/232067","12","","","","","","","","","","4,550 L (1,200 gallons)","","Used","","1,500 mm (60 in)","","","","","","","","","6.9 bar (100 psi)","176.7 °C (350 °F)","","","","","","","","","","","Whiting Metals, Inc.","","Stainless Steel 304","","","","","","","","Vertical","","","","2,750 mm (108 in)","","Legs","","","","","","Tank","Yes"
"232085","Glasslined Pfaudler Tank - IPP# 232085","https://ims.internationalprocessplants.com/inventory/equipment/detail/232085","13","","","","","","","","","","568 L (150 gallons)","","Needs Reglass","","762 mm (30 in)","","","","","","","","","2.1 bar (30 psi)","176.7 °C (350 °F)","","","","","","","","","","","Pfaudler","Yes","Glasslined","","","","","","","","Vertical","","","","813 mm (32 in)","","Legs","","","","","","Tank","Yes"
"232086","Carbon Steel Pfaudler Tank - IPP# 232086","https://ims.internationalprocessplants.com/inventory/equipment/detail/232086","13","","","","","","","","","","1,150 L (300 gallons)","","Used","","1,200 mm (48 in)","","","","","","","","","4.1 bar (60 psi)","232.2 °C (450 °F)","","","","","","","","","","","Pfaudler","Yes","Carbon Steel","","","","","","","","Horizontal","","","","914 mm (36 in)","","Legs","","","","","","Tank","Yes"
"232087","Stainless Steel 304 Whiting Metals, Inc.  Tank - IPP# 232087","https://ims.internationalprocessplants.com/inventory/equipment/detail/232087","13","","","","","","","","","","4,550 L (1,200 gallons)","","Used","","1,500 mm (60 in)","","","","","","","","","2.1 bar (30 psi)","176.7 °C (350 °F)","","","","","","","","","","","Whiting Metals, Inc.","Yes","Stainless Steel 304","","","","","","","","Vertical","","","","2,750 mm (108 in)","","Legs","","","","","","Tank","Yes"
"232088","Stainless Steel 304 Whiting Metals, Inc.  Tank - IPP# 232088","https://ims.internationalprocessplants.com/inventory/equipment/detail/232088","12","","","","","","","","","","4,550 L (1,200 gallons)","","Used","","1,500 mm (60 in)","","","","","","","","","6.9 bar (100 psi)","176.7 °C (350 °F)","","","","","","","","","","","Whiting Metals, Inc.","","Stainless Steel 304","","","","","","","","Vertical","","","","2,750 mm (108 in)","","Legs","","","","","","Tank","Yes"
"232092","Stainless Steel 304 Whiting Metals, Inc. Tank - IPP# 232092","https://ims.internationalprocessplants.com/inventory/equipment/detail/232092","12","","","","","","","","","","4,550 L (1,200 gallons)","","Used","","1,500 mm (60 in)","","","","","","","","","6.9 bar (100 psi)","93.3 °C (200 °F)","","","","","","","","","","","Whiting Metals, Inc.","","Stainless Steel 304","","","","","","","","Vertical","","","","2,750 mm (108 in)","","Legs","","","","","","Tank","Yes"
"232093","Stainless Steel 304 Whiting Metals, Inc. Tank - IPP# 232093","https://ims.internationalprocessplants.com/inventory/equipment/detail/232093","12","","","","","","","","","","4,550 L (1,200 gallons)","","Used","","1,500 mm (60 in)","","","","","","","","","6.2 bar (90 psi)","121.1 °C (250 °F)","","","","","","","","","","","Whiting Metals, Inc.","","Stainless Steel 304","","","","","","","","Vertical","","","","2,750 mm (108 in)","","Legs","","","","","","Tank","Yes"
"232094","Stainless Steel 304 Whiting Metals, Inc. Tank - IPP# 232094","https://ims.internationalprocessplants.com/inventory/equipment/detail/232094","12","","","","","","","","","","4,550 L (1,200 gallons)","","Used","","1,500 mm (60 in)","","","","","","","","","6.9 bar (100 psi)","121.1 °C (250 °F)","","","","","","","","","","","Whiting Metals, Inc.","","Stainless Steel 304","","","","","","","","Vertical","","","","2,750 mm (108 in)","","Legs","","","","","","Tank","Yes"
"232095","Stainless Steel 304 Evans &amp; Sons Tank - IPP# 232095","https://ims.internationalprocessplants.com/inventory/equipment/detail/232095","12","","","","","","","","","","4,550 L (1,200 gallons)","","Used","","1,500 mm (60 in)","","","","","","","","","6.9 bar (100 psi)","176.7 °C (350 °F)","","","","","","","","","","","Evans & Sons","","Stainless Steel 304","","","","","","","","Vertical","","","","2,750 mm (108 in)","","Legs","","","","","","Tank","Yes"
"232096","Stainless Steel 304 Whiting Metals, Inc. Tank - IPP# 232096","https://ims.internationalprocessplants.com/inventory/equipment/detail/232096","12","","","","","","","","","","4,550 L (1,200 gallons)","","Used","","1,500 mm (60 in)","","","","","","","","","6.9 bar (100 psi)","176.7 °C (350 °F)","","","","","","","","","","","Whiting Metals, Inc.","","Stainless Steel 304","","","","","","","","Vertical","","","","2,750 mm (108 in)","","Legs","","","","","","Tank","Yes"
"232097","Stainless Steel 316 Tank - IPP# 232097","https://ims.internationalprocessplants.com/inventory/equipment/detail/232097","13","","","","","","","","","","3,800 L (1,000 gallons)","","Used","","1,200 mm (48 in)","","","","","","","","","2.1 bar (30 psi)","204.4 °C (400 °F)","","","","","","","","","","","Whiting Metals, Inc.","Yes","Stainless Steel 316","","","","","","","","Horizontal","","","","2,450 mm (96 in)","","Legs","","","","","","Tank","Yes"
"232098","Stainless Steel 316 Whiting Metals, Inc. Tank - IPP# 232098","https://ims.internationalprocessplants.com/inventory/equipment/detail/232098","13","","","","","","","","","","3,800 L (1,000 gallons)","","Used","","1,200 mm (48 in)","","","","","","","","","2.1 bar (30 psi)","204.4 °C (400 °F)","","","","","","","","","","","Whiting Metals, Inc.","Yes","Stainless Steel 316","","","","","","","","Horizontal","","","","2,450 mm (96 in)","","Legs","","","","","","Tank","Yes"
"232099","Stainless Steel 304 Evans &amp; Sons Tank - IPP# 232099","https://ims.internationalprocessplants.com/inventory/equipment/detail/232099","13","","","","","","","","","","5,700 L (1,500 gallons)","","Used","","1,500 mm (60 in)","","","","","","","","","6.9 bar (100 psi)","176.7 °C (350 °F)","","","","","","","","","","","Evans & Sons","Yes","Stainless Steel 304","","","","","","","","Vertical","","","","2,750 mm (108 in)","","Legs","","","","","","Tank","Yes"
"232100","Stainless Steel 304 Evans &amp; Sons Tank - IPP# 232100","https://ims.internationalprocessplants.com/inventory/equipment/detail/232100","12","","","","","","","","","","5,700 L (1,500 gallons)","","Used","","1,500 mm (60 in)","","","","","","","","","6.9 bar (100 psi)","176.7 °C (350 °F)","","","","","","","","","","","Evans & Sons","","Stainless Steel 304","","","","","","","","Vertical","","","","2,750 mm (108 in)","","Legs","","","","","","Tank","Yes"
"232101","Stainless Steel 304 Evans &amp; Sons Tank - IPP# 232101","https://ims.internationalprocessplants.com/inventory/equipment/detail/232101","13","","","","","","","","","","5,700 L (1,500 gallons)","","Used","","1,500 mm (60 in)","","","","","","","","","6.9 bar (100 psi)","176.7 °C (350 °F)","","","","","","","","","","","Evans & Sons","Yes","Stainless Steel 304","","","","","","","","Vertical","","","","2,750 mm (108 in)","","Legs","","","","","","Tank","Yes"
"232109","Alloy 20 Ward Tank Co. Tank - IPP# 232109","https://ims.internationalprocessplants.com/inventory/equipment/detail/232109","13","","","","","","","","","","3,050 L (800 gallons)","","Used","","1,500 mm (60 in)","","","","","","","","","6.9 bar (100 psi)","185.6 °C (366 °F)","","","","","","","","","","","Ward Tank Co","Yes","Alloy 20","","","","","","","","Vertical","","","","1,500 mm (60 in)","","Legs","","","","","","Tank","Yes"
"232110","Stainless Steel 304 Whiting Metals, Inc. Tank - IPP# 232110","https://ims.internationalprocessplants.com/inventory/equipment/detail/232110","13","","","","","","","","","","4,550 L (1,200 gallons)","","Used","","1,500 mm (60 in)","","","","","","","","","6.9 bar (100 psi)","176.7 °C (350 °F)","","","","","","","","","","","Whiting Metals, Inc.","Yes","Stainless Steel 304","","","","","","","","Vertical","","","","2,300 mm (90 in)","","Legs","","","","","","Tank","Yes"
"232111","Stainless Steel 304 Whiting Metals, Inc. Tank - IPP# 232111","https://ims.internationalprocessplants.com/inventory/equipment/detail/232111","13","","","","","","","","","","4,550 L (1,200 gallons)","","Used","","1,500 mm (60 in)","","","","","","","","","6.9 bar (100 psi)","176.7 °C (350 °F)","","","","","","","","","","","Whiting Metals, Inc.","Yes","Stainless Steel 304","","","","","","","","Vertical","","","","2,450 mm (96 in)","","Legs","","","","","","Tank","Yes"
"232112","Stainless Steel 304 Tank - IPP# 232112","https://ims.internationalprocessplants.com/inventory/equipment/detail/232112","10","","","","","","","","","","5,700 L (1,500 gallons)","","Used","","1,850 mm (72 in)","","","","","","","","","","","","","","","","","Dimple","","","","","Yes","Stainless Steel 304","","","","","","","","Vertical","","","","1,500 mm (60 in)","","Legs","","","","","","Tank",""
"232113","Stainless Steel 304 Wolfe Mechanical Tank - IPP# 232113","https://ims.internationalprocessplants.com/inventory/equipment/detail/232113","12","","","","","","","","","","3,200 L (850 gallons)","","Used","914 mm (36 in)","1,200 mm (48 in)","","","","","","","","","1.01 bar (14.7 psi)","100 °C (212 °F)","","","","","","","","","","","Wolfe Mechanical","","Stainless Steel 304","","","","","","","","Vertical","","","","1,500 mm (60 in)","","Legs","","","","","","Tank",""
"232114","Stainless Steel 316 Associated Mechanical Erectors Co. Tank - IPP# 232114","https://ims.internationalprocessplants.com/inventory/equipment/detail/232114","8","","","","","","","","","","1,050 L (280 gallons)","","Used","","1,050 mm (42 in)","","","","","","","","","","","","","","","","","","","","","","","Stainless Steel 316","","","","","","","","Vertical","","","","1,400 mm (56 in)","","Legs","","","","","","Tank",""
"232117","Stainless Steel 304 Midland Steel Corp. Tank - IPP# 232117","https://ims.internationalprocessplants.com/inventory/equipment/detail/232117","11","","","","","","","","","","4,550 L (1,200 gallons)","","Used","","1,500 mm (60 in)","","","","","","","","","6.9 bar (100 psi)","176.7 °C (350 °F)","","","","","","","","","","","Midland Steel Corp.","","Stainless Steel 304","","","","","","","","Vertical","","","","2,500 mm (99 in)","","Legs","","","","","","Tank",""
"232136","Stainless Steel 304 Wolfe Mechanical Tank - IPP# 232136","https://ims.internationalprocessplants.com/inventory/equipment/detail/232136","16","","","","","","","","","","1,250 L (330 gallons)","","Used","","1,200 mm (48 in)","Yes","","","","","","","","1.01 bar (14.7 psi)","100 °C (212 °F)","","","","","","","","","","","Wolfe Mechanical","","Stainless Steel 304","","60","3","0.56 kW (0.75 HP)","1,725","","","Vertical","","","","1,200 mm (48 in)","","Legs","","","","","","Tank",""
"232147","Carbon Steel Tank - IPP# 232147","https://ims.internationalprocessplants.com/inventory/equipment/detail/232147","8","","","","","","","","","","15,150 L (4,000 gallons)","","Used","","2,450 mm (96 in)","","","","","","","","","","","","","","","","","","","","","","","Carbon Steel","","","","","","","","Vertical","","","","3,350 mm (132 in)","","Legs","","","","","","Tank",""
"232152","Stainless Steel 304 Tank - IPP# 232152","https://ims.internationalprocessplants.com/inventory/equipment/detail/232152","10","","","","","","","","","","15,900 L (4,200 gallons)","","Used","","1,850 mm (72 in)","","","","","","","","","1.01 bar (14.7 psi)","","","","","","","","","","","","","Yes","Stainless Steel 304","","","","","","","","Horizontal","","","","5,500 mm (216 in)","","Saddle","","","","","","Tank",""
"232161","Stainless Steel 304 Tank - IPP# 232161","https://ims.internationalprocessplants.com/inventory/equipment/detail/232161","10","","","","","","","","","","14,400 L (3,800 gallons)","","Used","","1,850 mm (72 in)","","","","","","","","","1.01 bar (14.7 psi)","","","","","","","","","","","","","Yes","Stainless Steel 304","","","","","","","","Horizontal","","","","6,100 mm (240 in)","","Saddle","","","","","","Tank",""
"232169","Stainless Steel 304 Evans &amp; Sons Tank - IPP# 232169","https://ims.internationalprocessplants.com/inventory/equipment/detail/232169","13","","","","","","","","","","5,950 L (1,600 gallons)","","Used","","1,500 mm (60 in)","","","","","","","","","6.9 bar (100 psi)","176.7 °C (350 °F)","","","","","","","","","","","Evans & Sons","Yes","Stainless Steel 304","","","","","","","","Vertical","","","","3,050 mm (120 in)","","Legs","","","","","","Tank","Yes"
"232204","Stainless Steel 304 Tank - IPP# 232204","https://ims.internationalprocessplants.com/inventory/equipment/detail/232204","10","","","","","","","","","","3,400 L (900 gallons)","","Used","914 mm (36 in)","1,200 mm (48 in)","","","","","","","","","1.01 bar (14.7 psi)","","","","","","","","","","","","","","Stainless Steel 304","","","","","","","","Vertical","","","","1,500 mm (60 in)","","Legs","","","","","","Tank",""
"232509","Plastic Tank - IPP# 232509","https://ims.internationalprocessplants.com/inventory/equipment/detail/232509","12","","","","","","","","","","90,850 L (24,000 gallons)","","Used","","3,650 mm (144 in)","","","","","","","","","1.01 bar (14.7 psi)","71.1 °C (160 °F)","","","","","10.3 bar (150 psi)","93.3 °C (200 °F)","","","","","","Yes","Plastic","","","","","","","","Vertical","","","","8,550 mm (336 in)","","","","","","","","Tank",""
"232532","Glasslined DeDietrich Tank - IPP# 232532","https://ims.internationalprocessplants.com/inventory/equipment/detail/232532","12","","","","","","","","","","1,150 L (300 gallons)","","Needs Reglass","","1,000 mm (40 in)","","","","","","","","","3.8 bar (55 psi)","204.4 °C (400 °F)","","","","","","","","","","","DeDietrich","","Glasslined","","","","","","","","Vertical","","","","1,200 mm (48 in)","","Legs","","","","","","Tank","Yes"
"232534","Glasslined Tank - IPP# 232534","https://ims.internationalprocessplants.com/inventory/equipment/detail/232534","11","","","","","","","","","","1,900 L (500 gallons)","","Used","","1,000 mm (40 in)","","","","","","","","","6.9 bar (100 psi)","204.4 °C (400 °F)","","","","","","","","","","","","","Glasslined","","","","","","","","Vertical","","","","16,450 mm (648 in)","","Legs","","","","","","Tank","Yes"
"232535","Glasslined Tank - IPP# 232535","https://ims.internationalprocessplants.com/inventory/equipment/detail/232535","4","","","","","","","","","","1,900 L (500 gallons)","","Used","","","","","","","","","","","","","","","","","","","","","","","","","Glasslined","","","","","","","","","","","","","","","","","","","","Tank",""
"232716","Stainless Steel 316L APV Hebeler Tank - IPP# 232716","https://ims.internationalprocessplants.com/inventory/equipment/detail/232716","12","","","","","","","","","","2,150 L (570 gallons)","","Used","","1,500 mm (60 in)","","","","","","","","","13.8 bar (200 psi)","204.4 °C (400 °F)","","","","","","","","","","","APV Hebeler","","Stainless Steel 316L","","","","","","","","Vertical","","","","1,150 mm (45 in)","","Legs","","","","","","Tank","Yes"
"232792","Stainless Steel 316 Ardeth Engineering EM 2060 Tank - IPP# 232792","https://ims.internationalprocessplants.com/inventory/equipment/detail/232792","14","","","","","","","","","","6,100 L (1,600 gallons)","","Used","","2,000 mm (78.7 in)","","","","","","","","","3 bar (43.5 psi)","100 °C (212 °F)","","","","","","","","","","","Ardeth Engineering","Yes","Stainless Steel 316L","","","","2.2 kW (3 HP)","","","","Vertical","","","","2,200 mm (87.2 in)","","Lugs","","","","","","Tank","Yes"
"233044","Stainless Steel 316 Tank - IPP# 233044","https://ims.internationalprocessplants.com/inventory/equipment/detail/233044","14","","","","","","","","","","681 L (180 gallons)","","Used","","813 mm (32 in)","Yes","","","","","","","","20.7 bar (300 psi)","232.2 °C (450 °F)","","","","","","","","","","","Roben Manufacturing Co","","Stainless Steel 316","","","","3.7 kW (5 HP)","","","","Vertical","","","","1,200 mm (48 in)","","Lugs","","","","","","Tank","Yes"
"233066","Stainless Steel 316L American Alloy Fab Tank - IPP# 233066","https://ims.internationalprocessplants.com/inventory/equipment/detail/233066","13","","","","","","","","","","4,550 L (1,200 gallons)","","Used","","1,850 mm (72 in)","","","","","","","","","2.1 bar (30 psi)","215.6 °C (420 °F)","","","","","","","","","","","American Alloy Fab","Yes","Stainless Steel 316L","","","","","","","","Vertical","","","","1,700 mm (66 in)","","Legs","","","","","","Tank","Yes"
"233135","Stainless Steel 316L Roben Manufacturing Co. Tank - IPP# 233135","https://ims.internationalprocessplants.com/inventory/equipment/detail/233135","12","","","","","","","","","","15,150 L (4,000 gallons)","","Used","","2,250 mm (88 in)","","","","","","","","","1.01 bar (14.7 psi)","148.9 °C (300 °F)","","","","","","","","","","","Roben Manufacturing Co","Yes","Stainless Steel 316L","","","","","","","","Vertical","","","","4,150 mm (164 in)","","Base Mounted","","","","","","Tank",""
"233137","Stainless Steel 316L Roben Manufacturing Co Tank - IPP# 233137","https://ims.internationalprocessplants.com/inventory/equipment/detail/233137","11","","","","","","","","","","15,150 L (4,000 gallons)","","Used","","2,250 mm (88 in)","","","","","","","","","1.01 bar (14.7 psi)","","","","","","","","","","","","Roben Manufacturing Co","Yes","Stainless Steel 316L","","","","","","","","Vertical","","","","4,150 mm (164 in)","","Base Mounted","","","","","","Tank",""
"233157","Glasslined DeDietrich VT-500 Glastor Tank - IPP# 233157","https://ims.internationalprocessplants.com/inventory/equipment/detail/233157","14","","","","","","","","","","1,900 L (500 gallons)","","Used","","1,200 mm (47 in)","","","","","","","","","3.8 bar (55 psi)","204.4 °C (400 °F)","","","","","","","","","","","DeDietrich","Yes","Glasslined","VT-500 Glastor","","","","","","","Vertical","","","","1,500 mm (60 in)","","Lugs","","","","","","Tank","Yes"
"233177","Stainless Steel 316 Cryochem Tank - IPP# 233177","https://ims.internationalprocessplants.com/inventory/equipment/detail/233177","12","","","","","","","","","","283.9 L (75 gallons)","","Used","","610 mm (24 in)","","","","","","","","","3.1 bar (45 psi)","176.7 °C (350 °F)","","","","","","","","","","","Cryochem","","Stainless Steel 316","","","","","","","","Vertical","","","","914 mm (36 in)","","Legs","","","","","","Tank","Yes"
"233179","Stainless Steel 316 Cryochem Tank - IPP# 233179","https://ims.internationalprocessplants.com/inventory/equipment/detail/233179","12","","","","","","","","","","283.9 L (75 gallons)","","Used","","711 mm (28 in)","","","","","","","","","3.1 bar (45 psi)","176.7 °C (350 °F)","","","","","","","","","","","Cryochem","","Stainless Steel 316","","","","","","","","Vertical","","","","610 mm (24 in)","","Legs","","","","","","Tank","Yes"
"233181","Stainless Steel 316 American Alloy Fab Tank - IPP# 233181","https://ims.internationalprocessplants.com/inventory/equipment/detail/233181","12","","","","","","","","","","283.9 L (75 gallons)","","Used","","711 mm (28 in)","","","","","","","","","3.1 bar (45 psi)","176.7 °C (350 °F)","","","","","","","","","","","American Alloy Fab","","Stainless Steel 316","","","","","","","","Vertical","","","","610 mm (24 in)","","Legs","","","","","","Tank","Yes"
"233187","Glasslined DeDietrich HT-1500 Tank - IPP# 233187","https://ims.internationalprocessplants.com/inventory/equipment/detail/233187","14","","","","","","","","","","5,700 L (1,500 gallons)","","Used","","1,800 mm (70 in)","","","","","","","","","6.9 bar (100 psi)","200 °C (392 °F)","","","","","","","","","","","DeDietrich","Yes","Glasslined","HT-1500","","","","","","","Horizontal","","","","2,000 mm (78 in)","","Legs","","","","","","Tank","Yes"
"233205","Glass DeDietrich Tank - IPP# 233205","https://ims.internationalprocessplants.com/inventory/equipment/detail/233205","9","","","","","","","","","","50 L (13.2 gallons)","","Used","","300 mm (11.8 in)","","","","","","","","","","","","","","","","","","","","","DeDietrich","","Glass","","","","","","","","Vertical","","","","711 mm (28 in)","","Other","","","","","","Tank",""
"233207","Glass DeDietrich  Tank - IPP# 233207","https://ims.internationalprocessplants.com/inventory/equipment/detail/233207","9","","","","","","","","","","50 L (13.2 gallons)","","Used","","300 mm (11.8 in)","","","","","","","","","","","","","","","","","","","","","DeDietrich","","Glass","","","","","","","","Vertical","","","","711 mm (28 in)","","Other","","","","","","Tank",""
"233210","Stainless Steel 316L Lee Industries 1500 SS Tank - IPP# 233210","https://ims.internationalprocessplants.com/inventory/equipment/detail/233210","14","","","","","","","","","","5,700 L (1,500 gallons)","","Used","","1,700 mm (66 in)","","","","","","","","","3.4 bar (50 psi)","232.2 °C (450 °F)","","","","","","","","","","","Lee Industries","Yes","Stainless Steel 316L","1500 SS","","","","","","","Horizontal","","","","2,150 mm (84 in)","","Legs","","","","","","Tank","Yes"
"233223","Stainless Steel 316 Tank - IPP# 233223","https://ims.internationalprocessplants.com/inventory/equipment/detail/233223","12","","","","","","","","","","246.1 L (65 gallons)","","Used","","610 mm (24 in)","","","","","","","","","3.1 bar (45 psi)","176.7 °C (350 °F)","","","","","","","","","","","Cryochem","","Stainless Steel 316","","","","","","","","Vertical","","","","914 mm (36 in)","","Legs","","","","","","Tank","Yes"
"233237","Glasslined Tank - IPP# 233237","https://ims.internationalprocessplants.com/inventory/equipment/detail/233237","17","","Has Fin baffle w/ tantalum RTD","Fin Baffle","","","","","","","5,700 L (1,500 gallons)","","Used","","1,850 mm (72 in)","Yes","","","","","","","","3.4 bar (50 psi)","232.2 °C (450 °F)","","","","","","","","","","","Pfaudler","Yes","Glasslined","CVC72-1500-50","","","","","","","Vertical","","","","2,000 mm (78 in)","","Legs","","","","","","Tank","Yes"
"233238","Glasslined Tank - IPP# 233238","https://ims.internationalprocessplants.com/inventory/equipment/detail/233238","14","","","","","","","","","","2,850 L (750 gallons)","","Used","","1,350 mm (54 in)","","","","","","","","","3.4 bar (50 psi)","232.2 °C (450 °F)","","","","","","","","","","","Pfaudler","Yes","Glasslined","CVC54-750-50","","","","","","","Vertical","","","","1,850 mm (72 in)","","Legs","","","","","","Tank","Yes"
"233239","Glasslined Tank - IPP# 233239","https://ims.internationalprocessplants.com/inventory/equipment/detail/233239","14","","","","","","","","","","2,850 L (750 gallons)","","Used","","1,350 mm (54 in)","","","","","","","","","3.4 bar (50 psi)","232.2 °C (450 °F)","","","","","","","","","","","Pfaudler","Yes","Glasslined","CVC54-750-50","","","","","","","Vertical","","","","1,850 mm (72 in)","","Legs","","","","","","Tank","Yes"
"233251","Glasslined Tank - IPP# 233251","https://ims.internationalprocessplants.com/inventory/equipment/detail/233251","14","","","","","","","","","","2,850 L (750 gallons)","","Used","","1,400 mm (55.1 in)","","","","","","","","","3.8 bar (55 psi)","204.4 °C (400 °F)","","","","","","","","","","","DeDietrich","Yes","Glasslined","VT-750 Glastor","","","","","","","Vertical","","","","1,800 mm (70 in)","","Lugs","","","","","","Tank","Yes"
"233252","Glasslined Tank - IPP# 233252","https://ims.internationalprocessplants.com/inventory/equipment/detail/233252","14","","","","","","","","","","2,850 L (750 gallons)","","Used","","1,400 mm (55.1 in)","","","","","","","","","3.8 bar (55 psi)","204.4 °C (400 °F)","","","","","","","","","","","DeDietrich","Yes","Glasslined","VT-750 Glastor","","","","","","","Vertical","","","","1,800 mm (70 in)","","Lugs","","","","","","Tank","Yes"
"233254","Glasslined Tank - IPP# 233254","https://ims.internationalprocessplants.com/inventory/equipment/detail/233254","14","","","","","","","","","","1,150 L (300 gallons)","","Used","","1,000 mm (39.4 in)","","","","","","","","","3.8 bar (55 psi)","204.4 °C (400 °F)","","","","","","","","","","","DeDietrich","Yes","Glasslined","VT-300 Glastor","","","","","","","Vertical","","","","1,400 mm (55.8 in)","","Lugs","","","","","","Tank","Yes"
"233340","Glass DeDietrich  Tank - IPP# 233340","https://ims.internationalprocessplants.com/inventory/equipment/detail/233340","9","","","","","","","","","","49.2 L (13 gallons)","","Used","","304.8 mm (12 in)","","","","","","","","","","","","","","","","","","","","","DeDietrich","","Glass","","","","","","","","Vertical","","","","711 mm (28 in)","","Other","","","","","","Tank",""
"233341","Glass DeDietrich  Tank - IPP# 233341","https://ims.internationalprocessplants.com/inventory/equipment/detail/233341","11","","","","","","","","","","49.2 L (13 gallons)","","Used","","304.8 mm (12 in)","Yes","","","","","","","","","","","","","","","","","","","","DeDietrich","","Glass","QVF","","","","","","","Vertical","","","","711 mm (28 in)","","Other","","","","","","Tank",""
"233345","Stainless Steel 316 Tank - IPP# 233345","https://ims.internationalprocessplants.com/inventory/equipment/detail/233345","8","","","","","","","","","","568 L (150 gallons)","","Used","","762 mm (30 in)","","","","","","","","","","","","","","","","","","","","","","","Stainless Steel 316","","","","","","","","Vertical","","","","1,150 mm (46 in)","","Legs","","","","","","Tank",""
"233346","Liquid Phase Separation Stainless Steel 316 Cryochem  Tank - IPP# 233346","https://ims.internationalprocessplants.com/inventory/equipment/detail/233346","12","","","","","","","","","","302.8 L (80 gallons)","","Used","","508 mm (20 in)","","","","","","","","","4.1 bar (60 psi)","176.7 °C (350 °F)","","","","","","","","","","","Cryochem","","Stainless Steel 316","","","","","","","","Horizontal","","","","1,350 mm (53.5 in)","","Saddle","","","","","","Tank","Yes"
"233351","Glass DeDietrich  Tank - IPP# 233351","https://ims.internationalprocessplants.com/inventory/equipment/detail/233351","10","","","","","","","","","","49.2 L (13 gallons)","","Used","","304.8 mm (12 in)","Yes","","","","","","","","","","","","","","","","","","","","DeDietrich","","Glasslined","","","","","","","","Vertical","","","","711 mm (28 in)","","Other","","","","","","Tank",""
"233352","Glass DeDietrich  Tank - IPP# 233352","https://ims.internationalprocessplants.com/inventory/equipment/detail/233352","10","","","","","","","","","","49.2 L (13 gallons)","","Used","","304.8 mm (12 in)","Yes","","","","","","","","","","","","","","","","","","","","DeDietrich","","Glass","","","","","","","","Vertical","","","","711 mm (28 in)","","Other","","","","","","Tank",""
"233356","Stainless Steel 316 Tank - IPP# 233356","https://ims.internationalprocessplants.com/inventory/equipment/detail/233356","11","","","","","","","","","","151.4 L (40 gallons)","","Used","","261.9 mm (10.3 in)","","","","","","","","","6.9 bar (100 psi)","93.3 °C (200 °F)","","","","","","","","","","","American Alloy Fab","","Stainless Steel 316","","","","","","","","Vertical","","","","2,750 mm (108 in)","","Other","","","","","","Tank",""
"233357","Stainless Steel 316 Tank - IPP# 233357","https://ims.internationalprocessplants.com/inventory/equipment/detail/233357","11","","","","","","","","","","151.4 L (40 gallons)","","Used","","261.9 mm (10.3 in)","","","","","","","","","6.9 bar (100 psi)","93.3 °C (200 °F)","","","","","","","","","","","American Alloy Fab","","Stainless Steel 316","","","","","","","","Vertical","","","","2,750 mm (108 in)","","Other","","","","","","Tank",""
"233361","Stainless Steel 304 Tank - IPP# 233361","https://ims.internationalprocessplants.com/inventory/equipment/detail/233361","12","","","","","","","","","","189.3 L (50 gallons)","","Used","","610 mm (24 in)","","","","","","","","","2.1 bar (30 psi)","232.2 °C (450 °F)","","","","","","","","","","","Baeuerle and Morris Inc.","","Stainless Steel 304","","","","","","","","Vertical","","","","610 mm (24 in)","","Legs","","","","","","Tank","Yes"
"233365","Glass DeDietrich  Tank - IPP# 233365","https://ims.internationalprocessplants.com/inventory/equipment/detail/233365","9","","","","","","","","","","49.2 L (13 gallons)","","Used","","304.8 mm (12 in)","","","","","","","","","","","","","","","","","","","","","DeDietrich","","Glass","","","","","","","","Vertical","","","","711 mm (28 in)","","Other","","","","","","Tank",""
"233385","Glass DeDietrich  Tank - IPP# 233385","https://ims.internationalprocessplants.com/inventory/equipment/detail/233385","9","","","","","","","","","","49.2 L (13 gallons)","","Used","","304.8 mm (12 in)","","","","","","","","","","","","","","","","","","","","","DeDietrich","","Glass","","","","","","","","Vertical","","","","711 mm (28 in)","","Other","","","","","","Tank",""
"233393","Glass DeDietrich  Tank - IPP# 233393","https://ims.internationalprocessplants.com/inventory/equipment/detail/233393","9","","","","","","","","","","49.2 L (13 gallons)","","Used","","304.8 mm (12 in)","","","","","","","","","","","","","","","","","","","","","DeDietrich","","Glass","","","","","","","","Vertical","","","","711 mm (28 in)","","Other","","","","","","Tank",""
"233394","Glass DeDietrich  Tank - IPP# 233394","https://ims.internationalprocessplants.com/inventory/equipment/detail/233394","9","","","","","","","","","","49.2 L (13 gallons)","","Used","","304.8 mm (12 in)","","","","","","","","","","","","","","","","","","","","","DeDietrich","","Glass","","","","","","","","Vertical","","","","711 mm (28 in)","","Other","","","","","","Tank",""
"233395","Glass DeDietrich  Tank - IPP# 233395","https://ims.internationalprocessplants.com/inventory/equipment/detail/233395","9","","","","","","","","","","49.2 L (13 gallons)","","Used","","304.8 mm (12 in)","","","","","","","","","","","","","","","","","","","","","DeDietrich","","Glass","","","","","","","","Vertical","","","","711 mm (28 in)","","Other","","","","","","Tank",""
"233405","Glass DeDietrich  Tank - IPP# 233405","https://ims.internationalprocessplants.com/inventory/equipment/detail/233405","9","","","","","","","","","","49.2 L (13 gallons)","","Used","","304.8 mm (12 in)","","","","","","","","","","","","","","","","","","","","","DeDietrich","","Glass","","","","","","","","Vertical","","","","711 mm (28 in)","","Other","","","","","","Tank",""
"233489","Stainless Steel 304 Tank - IPP# 233489","https://ims.internationalprocessplants.com/inventory/equipment/detail/233489","13","","","","","","","","","","7,550 L (2,000 gallons)","","Used","","1,500 mm (60 in)","","","","","","","","","3.4 bar (50 psi)","176.7 °C (350 °F)","","","","","","","","","","","RV Industries","Yes","Stainless Steel 304","","","","","","","","Vertical","","","","3,950 mm (156 in)","","Legs","","","","","","Tank","Yes"
"233490","Stainless Steel 304 Tank - IPP# 233490","https://ims.internationalprocessplants.com/inventory/equipment/detail/233490","13","","","","","","","","","","5,250 L (1,400 gallons)","","Used","","1,700 mm (66 in)","","","","","","","","","3.4 bar (50 psi)","176.7 °C (350 °F)","","","","","","","","","","","Cryochem","Yes","Stainless Steel 304","","","","","","","","Vertical","","","","2,200 mm (87 in)","","Legs","","","","","","Tank","Yes"
"233663","Stainless Steel 316L Modern Welding Tank - IPP# 233663","https://ims.internationalprocessplants.com/inventory/equipment/detail/233663","13","","","","","","","","","","7,550 L (2,000 gallons)","","Used","","610 mm (24 in)","","","","","","","","","4.1 bar (60 psi)","148.9 °C (300 °F)","","","","","","","","","","","Modern Welding","Yes","Stainless Steel 316L","","","","","","","","Horizontal","","","","1,200 mm (48 in)","","Saddle","","","","","","Tank","Yes"
"233664","Stainless Steel 316 Superior Welding Tank - IPP# 233664","https://ims.internationalprocessplants.com/inventory/equipment/detail/233664","12","","","","","","","","","","4,150 L (1,100 gallons)","","Used","","1,700 mm (66 in)","","","","","","","","","2.8 bar (40 psi)","260 °C (500 °F)","","","","","","","","","","","Superior Welding","","Stainless Steel 316","","","","","","","","Vertical","","","","1,050 mm (42 in)","","Legs","","","","","","Tank","Yes"
"233665","Stainless Steel 316L Walker Stainless Tank - IPP# 233665","https://ims.internationalprocessplants.com/inventory/equipment/detail/233665","16","","","","","","","","","","4,900 L (1,300 gallons)","","Used","","1,850 mm (72 in)","","","","","","","","","4.1 bar (60 psi)","232.2 °C (450 °F)","","","Stainless Steel 304","","13.8 bar (200 psi)","232.2 °C (450 °F)","Dimple","","","","Walker Stainless","","Stainless Steel 316L","","","","","","","","Horizontal","","","","3,050 mm (120 in)","","Saddle","","","","","","Tank","Yes"
"233745","Stainless Steel 304 Bloom Welding Co Tank - IPP# 233745","https://ims.internationalprocessplants.com/inventory/equipment/detail/233745","12","","","","","","","","","","461.8 L (122 gallons)","","Used","","762 mm (30 in)","","","","","","","","","1.03 bar (15 psi)","37.8 °C (100 °F)","","","","","","","","","","","Bloom Welding Co","","Stainless Steel 304","","","","","","","","Vertical","","","","1,000 mm (40 in)","","Legs","","","","","","Tank","Yes"
"233746","Stainless Steel 304 Tank - IPP# 233746","https://ims.internationalprocessplants.com/inventory/equipment/detail/233746","10","","","","","","","","","","1,900 L (500 gallons)","","Used","","1,200 mm (48 in)","","","","","","","","","1.01 bar (14.7 psi)","","","","","","","","","","","","","Yes","Stainless Steel 304","","","","","","","","Vertical","","","","1,500 mm (60 in)","","Lugs","","","","","","Tank",""
"233747","Stainless Steel 304 Tank - IPP# 233747","https://ims.internationalprocessplants.com/inventory/equipment/detail/233747","10","","","","","","","","","","1,150 L (300 gallons)","","Used","","1,000 mm (40 in)","","","","","","","","","1.01 bar (14.7 psi)","","","","","","","","","","","","","Yes","Stainless Steel 304","","","","","","","","Vertical","","","","1,200 mm (47 in)","","Lugs","","","","","","Tank",""
"233749","Stainless Steel 304 P.X. Engineering Co. Inc. Tank - IPP# 233749","https://ims.internationalprocessplants.com/inventory/equipment/detail/233749","11","","","","","","","","","","4,650 L (1,250 gallons)","","Used","","1,850 mm (72 in)","","","","","","","","","1.65 bar (24 psi)","","","","","","","","","","","","P.X. Engineering Co.Inc","Yes","Stainless Steel 304","","","","","","","","Vertical","","","","1,600 mm (63 in)","","Lugs","","","","","","Tank",""
"233762","New Glasslined 3V Tech PL Type Tank - IPP# 233762","https://ims.internationalprocessplants.com/inventory/equipment/detail/233762","18","","(2) flange mounted glasslined baffles; (1) with WIKA TR-10 temperature probe.","Beavertail","","","","","","","21,150 L (5,600 gallons)","","New","","2,600 mm (102 in)","Yes","","","","","","","","6.2 bar (90 psi)","232.2 °C (450 °F)","","","","","","","","","","","3V Tech","Yes","Glasslined","PL Type","","","37.3 kW (50 HP)","","","","Vertical","","","","3,350 mm (132 in)","","Lugs","","","","","","Tank","Yes"
"233763","New Glasslined Tank 3V Tech PL Type - IPP# 233763","https://ims.internationalprocessplants.com/inventory/equipment/detail/233763","17","","(2) flange mounted glasslined baffles; (1) with WIKA TR-10 temperature probe.","Beavertail","","","","","","","18,950 L (5,000 gallons)","","New","","2,600 mm (102 in)","Yes","","","","","","","","6.2 bar (90 psi)","232.2 °C (450 °F)","","","","","","","","","","","3V Tech","Yes","Glasslined","PL Type","","","","","","","Vertical","","","","3,350 mm (132 in)","","Lugs","","","","","","Tank","Yes"
"233774","Stainless Steel 304 Tank - IPP# 233774","https://ims.internationalprocessplants.com/inventory/equipment/detail/233774","11","","","","","","","","","","31,800 L (8,400 gallons)","","Used","","3,200 mm (126 in)","","","","","","","","","1.01 bar (14.7 psi)","","","","","","","","","","","","","Yes","Stainless Steel 304","","","","","","","","Vertical","","","","3,950 mm (156 in)","","Pads","","","","","","Tank","Yes"
"233819","Stainless Steel 304 Superior Welding Tank - IPP# 233819","https://ims.internationalprocessplants.com/inventory/equipment/detail/233819","12","","","","","","","","","","4,250 L (1,150 gallons)","","Used","","1,200 mm (48 in)","","","","","","","","","1.79 bar (26 psi)","126.7 °C (260 °F)","","","","","","","","","","","Superior Welding","","Stainless Steel 304","","","","","","","","Vertical","","","","3,650 mm (144 in)","","Skirt","","","","","","Tank","Yes"
"233854","Stainless Steel 304 McIver &amp; Smith Fabricators Inc. Tank - IPP# 233854","https://ims.internationalprocessplants.com/inventory/equipment/detail/233854","11","","","","","","","","","","2,850 L (750 gallons)","","Used","","1,200 mm (48 in)","","","","","","","","","6.9 bar (100 psi)","204.4 °C (400 °F)","","","","","","","","","","","McIver & Smith Fabricators Inc.","","Stainless Steel 304","","","","","","","","Vertical","","","","2,450 mm (96 in)","","Legs","","","","","","Tank",""
"233855","Stainless Steel 321 Paul Mueller Tank - IPP# 233855","https://ims.internationalprocessplants.com/inventory/equipment/detail/233855","12","","","","","","","","","","1,900 L (500 gallons)","","Used","","1,450 mm (58 in)","Yes","","","","","","","","1.01 bar (14.7 psi)","","","","","","","","","","","","Paul Mueller","","Stainless Steel 321","","","","","","","","Vertical","","","","1,200 mm (48 in)","","Lugs","","","","","","Tank","Yes"
"233941","Lined RL Industries Tank - IPP# 233941","https://ims.internationalprocessplants.com/inventory/equipment/detail/233941","11","","","","","","","","","","7,600 L (2,000 gallons)","","Used","","1,850 mm (72 in)","","","","","","","","","1.03 bar (15 psi)","121.1 °C (250 °F)","","","","","","","","","","","","","Lined","","","","","","","","Vertical","","","","2,350 mm (92 in)","","Skirt","","","","","","Tank","Yes"
"233944","Lined RL Industries Tank - IPP# 233944","https://ims.internationalprocessplants.com/inventory/equipment/detail/233944","11","","","","","","","","","","7,400 L (1,950 gallons)","","Used","","1,800 mm (71 in)","","","","","","","","","1.03 bar (15 psi)","121.1 °C (250 °F)","","","","","","","","","","","","","Lined","","","","","","","","Vertical","","","","2,450 mm (96 in)","","Base Mounted","","","","","","Tank","Yes"
"234137","Stainless Steel Austenitic Dienst Apparatetechnik Tank - IPP# 234137","https://ims.internationalprocessplants.com/inventory/equipment/detail/234137","12","","","","","","","","","","7,350 L (1,950 gallons)","","Used","","1,800 mm (70.9 in)","","","","","","","","","6 bar (87 psi)","200 °C (392 °F)","","","","","","","","","","","Dienst Apparatetechnik","","Stainless Steel Austenitic","","","","","","","","Vertical","","","","2,400 mm (94.8 in)","","Legs","","","","","","Tank","Yes"
"234138","Stainless Steel Austenitic Pass &amp; Co GmbH Tank - IPP# 234138","https://ims.internationalprocessplants.com/inventory/equipment/detail/234138","16","","","","","","","","","","9,800 L (2,600 gallons)","","Used","","2,200 mm (86.6 in)","","","","","","","","","6 bar (87 psi)","250 °C (482 °F)","","","Stainless Steel Austenitic","","24 bar (348.1 psi)","250 °C (482 °F)","Half Pipe/Limpet","","","","Pass & Co GmbH","","Stainless Steel Austenitic","","","","","","","","Vertical","","","","2,000 mm (78.7 in)","","Lugs","","","","","","Tank","Yes"
"234139","Stainless Steel Austenitic Kosik KG Tank - IPP# 234139","https://ims.internationalprocessplants.com/inventory/equipment/detail/234139","17","","","","","","","","","","10,000 L (2,650 gallons)","","Used","","2,200 mm (86.6 in)","","","","","","","","","6 bar (87 psi)","200 °C (392 °F)","","","Stainless Steel Other","","6 bar (87 psi)","200 °C (392 °F)","Half Pipe/Limpet","","","","Kosik KG","Yes","Stainless Steel Austenitic","","","","","","","","Horizontal","","","","2,300 mm (89.8 in)","","Saddle","","","","","","Tank","Yes"
"234159","Glasslined Pfaudler Tank - IPP# 234159","https://ims.internationalprocessplants.com/inventory/equipment/detail/234159","10","","","","","","","","","","11,200 L (2,950 gallons)","","Used","","","","","","","","","","","6 bar (87 psi)","200 °C (392 °F)","","","","","","","","","","","Pfaudler","","Glasslined","","","","","","","","Horizontal","","","","","","Saddle","","","","","","Tank","Yes"
"234176","Stainless Steel 904  Tank - IPP# 234176","https://ims.internationalprocessplants.com/inventory/equipment/detail/234176","12","","","","","","","","","","10,600 L (2,800 gallons)","","Used","","1,500 mm (59.1 in)","","","","","","","","","51 bar (740 psi)","200 °C (392 °F)","","","","","12 bar (174 psi)","200 °C (392 °F)","Standard","","","","","","Stainless Steel 904","","","","","","","","Vertical","","","","5,000 mm (196.9 in)","","","","","","","","Tank",""
"234177","Stainless Steel 904L Tank - IPP# 234177","https://ims.internationalprocessplants.com/inventory/equipment/detail/234177","12","","","","","","","","","","10,600 L (2,800 gallons)","","Used","","1,500 mm (59.1 in)","","","","","","","","","51 bar (740 psi)","200 °C (392 °F)","","","","","12 bar (174 psi)","200 °C (392 °F)","Standard","","","","","","stainless steel 904L","","","","","","","","Vertical","","","","5,000 mm (196.9 in)","","","","","","","","Tank",""
"234230","Stainless Steel Austenitic Gessner GmbH Tank - IPP# 234230","https://ims.internationalprocessplants.com/inventory/equipment/detail/234230","12","","","","","","","","","","10,850 L (2,850 gallons)","","Used","","","","","","","","","","","6 bar (87 psi)","200 °C (392 °F)","","","","","6 bar (87 psi)","200 °C (392 °F)","","","","","Gessner GmbH","","Stainless Steel Austenitic","","","","","","","","Vertical","","","","","","Lugs","","","","","","Tank","Yes"
"234265","Stainless Steel Austenitic Tank - IPP# 234265","https://ims.internationalprocessplants.com/inventory/equipment/detail/234265","5","","","","","","","","","","8,000 L (2,100 gallons)","","Used","","","","","","","","","","","","","","","","","","","","","","","","","Stainless Steel Austenitic","","","","","","","","Vertical","","","","","","","","","","","","Tank",""
"234266","Stainless Steel Austenitic SMS Tank - IPP# 234266","https://ims.internationalprocessplants.com/inventory/equipment/detail/234266","14","","","","","","","","","","10,000 L (2,650 gallons)","","Used","","2,200 mm (86.6 in)","","Yes","","","","","","","6 bar (87 psi)","200 °C (392 °F)","","","","","","","","","","","SMS","Yes","Stainless Steel Austenitic","","","","","","","","Horizontal","","","","2,500 mm (97.4 in)","","Saddle","","","","","","Tank","Yes"
"234830","Stainless Steel 304 Thermo Scientific Model SV50172.01 Single Use Mix Tank - IPP# 234830","https://ims.internationalprocessplants.com/inventory/equipment/detail/234830","16","","","","","","","","","","250 L (66 gallons)","","Used","","584 mm (23 in)","Yes","","","","","","","","","","","","","","","","","","","","Thermo Scientific","","Stainless Steel 304","SV50172.01","60","3","0.19 kW (0.25 HP)","1,720","","","Vertical","","Yes","","1,050 mm (41 in)","","Legs","","","","","","Tank",""
"234831","Stainless Steel 316 Apache Stainless Equipment Corp. Tank - IPP# 234831","https://ims.internationalprocessplants.com/inventory/equipment/detail/234831","18","","","","","","","","","","1,400 L (369.8 gallons)","","Used","","1,200 mm (48 in)","Yes","","","","","","","","1.72 bar (25 psi)","176.7 °C (350 °F)","","","","","","","","","","","Apache Stainless Equipment Corp.","Yes","Stainless Steel 316","","60","3","0.28 kW (0.38 HP)","","","","Vertical","","Yes","","1,150 mm (45 in)","","Legs","","","","","","Tank","Yes"
"234832","Stainless Steel 304 Grand Lab. Inc. Tank - IPP# 234832","https://ims.internationalprocessplants.com/inventory/equipment/detail/234832","17","","","","","","","","","","750 L (198.2 gallons)","","Used","","1,000 mm (40 in)","Yes","","","","","","","","2.1 bar (30 psi)","148.9 °C (300 °F)","","","","","","","","","","","Grand Lab. Inc.","Yes","Stainless Steel 304","","60","3","0.28 kW (0.38 HP)","170","","","Vertical","","","","914 mm (36 in)","","Caster","","","","","","Tank",""
"234833","Stainless Steel 304 Grundy (Teddington) Ltd. Tank - IPP# 234833","https://ims.internationalprocessplants.com/inventory/equipment/detail/234833","14","","","","","","","","","","683 L (180.4 gallons)","","Used","","1,000 mm (40 in)","Yes","","","","","","","","2.1 bar (30 psi)","","","","","","","","","","","","Grundy (Teddington) Ltd.","","Stainless Steel 304","","60","","0.28 kW (0.37 HP)","170","","","Vertical","","","","813 mm (32 in)","","Caster","","","","","","Tank",""
"234835","Stainless Steel 304 Grundy (Teddington) Ltd. Tank - IPP# 234835","https://ims.internationalprocessplants.com/inventory/equipment/detail/234835","14","","","","","","","","","","683 L (180.4 gallons)","","Used","","1,000 mm (40 in)","Yes","","","","","","","","2.1 bar (30 psi)","","","","","","","","","","","","Grundy (Teddington) Ltd.","","Stainless Steel 304","","60","3","0.28 kW (0.38 HP)","170","","","Vertical","","","","813 mm (32 in)","","","","","","","","Tank",""
"234836","Stainless Steel 304 Grundy (Teddington) Ltd. Tank - IPP# 234836","https://ims.internationalprocessplants.com/inventory/equipment/detail/234836","15","","","","","","","","","","683 L (180.4 gallons)","","Used","","1,000 mm (40 in)","Yes","","","","","","","","2.1 bar (30 psi)","","","","","","","","","","","","Grundy (Teddington) Ltd.","","Stainless Steel 304","","60","3","0.28 kW (0.38 HP)","170","","","Vertical","","","","813 mm (32 in)","","Caster","","","","","","Tank",""
"234837","Stainless Steel 304 Grundy (Teddington) Ltd. Tank - IPP# 234837","https://ims.internationalprocessplants.com/inventory/equipment/detail/234837","15","","","","","","","","","","683 L (180.4 gallons)","","Used","","1,000 mm (40 in)","Yes","","","","","","","","2.1 bar (30 psi)","","","","","","","","","","","","Grundy (Teddington) Ltd.","","Stainless Steel 304","","60","3","0.28 kW (0.38 HP)","170","","","Vertical","","","","813 mm (32 in)","","Caster","","","","","","Tank",""
"234838","Stainless Steel 304 Grundy (Teddington) Ltd. Tank - IPP# 234838","https://ims.internationalprocessplants.com/inventory/equipment/detail/234838","15","","","","","","","","","","683 L (180.4 gallons)","","Used","","1,000 mm (40 in)","Yes","","","","","","","","2.1 bar (30 psi)","","","","","","","","","","","","Grundy (Teddington) Ltd.","","Stainless Steel 304","","60","3","0.28 kW (0.38 HP)","170","","","Vertical","","","","813 mm (32 in)","","Caster","","","","","","Tank",""
"234839","Stainless Steel 304 Grundy (Teddington) Ltd.  Tank - IPP# 234839","https://ims.internationalprocessplants.com/inventory/equipment/detail/234839","15","","","","","","","","","","683 L (180.4 gallons)","","Used","","1,000 mm (40 in)","Yes","","","","","","","","2.1 bar (30 psi)","","","","","","","","","","","","Grundy (Teddington) Ltd.","","Stainless Steel 304","","60","3","0.28 kW (0.38 HP)","170","","","Vertical","","","","813 mm (32 in)","","Caster","","","","","","Tank",""
"234840","Stainless Steel 304 Grundy (Teddington) Ltd. Tank - IPP# 234840","https://ims.internationalprocessplants.com/inventory/equipment/detail/234840","15","","","","","","","","","","683 L (180.4 gallons)","","Used","","1,000 mm (40 in)","Yes","","","","","","","","2.1 bar (30 psi)","","","","","","","","","","","","Grundy (Teddington) Ltd.","","Stainless Steel 304","","60","3","0.28 kW (0.38 HP)","170","","","Vertical","","","","813 mm (32 in)","","Caster","","","","","","Tank",""
"234841","Stainless Steel 304 Grundy (Teddington) Ltd. Tank - IPP# 234841","https://ims.internationalprocessplants.com/inventory/equipment/detail/234841","16","","","","","","","","","","681 L (180 gallons)","","Used","","1,000 mm (40 in)","Yes","","","","","","","","2.1 bar (30 psi)","","","","","","","","","","","","Grundy (Teddington) Ltd.","Yes","Stainless Steel 304","","60","3","0.28 kW (0.38 HP)","170","","","Vertical","","","","813 mm (32 in)","","Caster","","","","","","Tank",""
"234842","Stainless Steel 304 Grundy (Teddington) Ltd. Tank - IPP# 234842","https://ims.internationalprocessplants.com/inventory/equipment/detail/234842","16","","","","","","","","","","683 L (180.4 gallons)","","Used","","1,000 mm (40 in)","Yes","","","","","","","","2.1 bar (30 psi)","","","","","","","","","","","","Grundy (Teddington) Ltd.","Yes","Stainless Steel 304","","60","3","0.28 kW (0.38 HP)","170","","","Vertical","","","","813 mm (32 in)","","Caster","","","","","","Tank",""
"234853","Stainless Steel 316L Apache Stainless Equipment Corp. Tank - IPP# 234853","https://ims.internationalprocessplants.com/inventory/equipment/detail/234853","19","","","","","","","","","","1,400 L (369 gallons)","","Used","","1,200 mm (48 in)","Yes","","","","","","","","1.72 bar (25 psi)","176.7 °C (350 °F)","","","","","","","","","","","Apache Stainless Equipment Corp.","Yes","Stainless Steel 316L","","60","3","0.28 kW (0.38 HP)","170","","","Vertical","","Yes","","1,150 mm (45 in)","","Legs","","","","","","Tank","Yes"
"234857","Stainless Steel 304 Grundy (Teddington) Ltd. Tank - IPP# 234857","https://ims.internationalprocessplants.com/inventory/equipment/detail/234857","16","","","","","","","","","","681 L (180 gallons)","","Used","","1,000 mm (40 in)","Yes","","","","","","","","2.1 bar (30 psi)","","","","","","","","","","","","Grundy (Teddington) Ltd.","Yes","Stainless Steel 304","","60","3","0.28 kW (0.38 HP)","170","","","Vertical","","","","813 mm (32 in)","","Caster","","","","","","Tank",""
"234858","Stainless Steel 304 Tank - IPP# 234858","https://ims.internationalprocessplants.com/inventory/equipment/detail/234858","13","","","","","","","","","","750 L (198.1 gallons)","","Used","","1,000 mm (40 in)","Yes","","","","","","","","","","","","","","","","","","","","","Yes","Stainless Steel 304","","60","","0.28 kW (0.38 HP)","170","","","Vertical","","","","914 mm (36 in)","","Caster","","","","","","Tank",""
"234859","Stainless Steel 304 Grundy (Teddington) Ltd. Tank - IPP# 234859","https://ims.internationalprocessplants.com/inventory/equipment/detail/234859","16","","","","","","","","","","681 L (180 gallons)","","Used","","1,000 mm (40 in)","Yes","","","","","","","","2.1 bar (30 psi)","","","","","","","","","","","","Grundy (Teddington) Ltd.","Yes","Stainless Steel 304","","60","3","0.28 kW (0.38 HP)","170","","","Vertical","","","","813 mm (32 in)","","Caster","","","","","","Tank",""
"234860","Stainless Steel 304 Grundy (Teddington) Ltd. Tank - IPP# 234860","https://ims.internationalprocessplants.com/inventory/equipment/detail/234860","16","","","","","","","","","","681 L (180 gallons)","","Used","","1,000 mm (40 in)","Yes","","","","","","","","2.1 bar (30 psi)","","","","","","","","","","","","Grundy (Teddington) Ltd.","Yes","Stainless Steel 304","","60","3","0.28 kW (0.38 HP)","170","","","Vertical","","","","813 mm (32 in)","","Caster","","","","","","Tank",""
"234861","Stainless Steel 304 Grundy (Teddington) Ltd. Tank - IPP# 234861","https://ims.internationalprocessplants.com/inventory/equipment/detail/234861","16","","","","","","","","","","681 L (180 gallons)","","Used","","1,000 mm (40 in)","Yes","","","","","","","","2.1 bar (30 psi)","","","","","","","","","","","","Grundy (Teddington) Ltd.","Yes","Stainless Steel 304","","60","3","0.28 kW (0.38 HP)","170","","","Vertical","","","","813 mm (32 in)","","Caster","","","","","","Tank",""
"234862","Stainless Steel 304 Grundy (Teddington) Ltd. Tank - IPP# 234862","https://ims.internationalprocessplants.com/inventory/equipment/detail/234862","15","","","","","","","","","","681 L (180 gallons)","","Used","","1,000 mm (40 in)","","","","","","","","","2.1 bar (30 psi)","","","","","","","","","","","","Grundy (Teddington) Ltd.","Yes","Stainless Steel 304","","60","3","0.28 kW (0.38 HP)","170","","","Vertical","","","","813 mm (32 in)","","Caster","","","","","","Tank",""
"234863","Stainless Steel 304 Grundy (Teddington) Ltd. Tank - IPP# 234863","https://ims.internationalprocessplants.com/inventory/equipment/detail/234863","16","","","","","","","","","","681 L (180 gallons)","","Used","","1,000 mm (40 in)","Yes","","","","","","","","2.1 bar (30 psi)","","","","","","","","","","","","Grundy (Teddington) Ltd.","Yes","Stainless Steel 304","","60","3","0.28 kW (0.38 HP)","170","","","Vertical","","","","813 mm (32 in)","","Caster","","","","","","Tank",""
"234864","Stainless Steel 304 Grundy (Teddington) Ltd. Tank - IPP# 234864","https://ims.internationalprocessplants.com/inventory/equipment/detail/234864","16","","","","","","","","","","681 L (180 gallons)","","Used","","1,000 mm (40 in)","Yes","","","","","","","","2.1 bar (30 psi)","","","","","","","","","","","","Grundy (Teddington) Ltd.","Yes","Stainless Steel 304","","60","3","0.28 kW (0.38 HP)","170","","","Vertical","","","","813 mm (32 in)","","Caster","","","","","","Tank",""
"234865","Stainless Steel 316 Grundy (Teddington) Ltd. Tank - IPP# 234865","https://ims.internationalprocessplants.com/inventory/equipment/detail/234865","16","","","","","","","","","","681 L (180 gallons)","","Used","","1,000 mm (40 in)","Yes","","","","","","","","2.1 bar (30 psi)","","","","","","","","","","","","Grundy (Teddington) Ltd.","Yes","Stainless Steel 316","","60","3","0.28 kW (0.38 HP)","170","","","Vertical","","","","813 mm (32 in)","","Caster","","","","","","Tank",""
"234866","Stainless Steel 304 Grundy (Teddington) Ltd. Tank - IPP# 234866","https://ims.internationalprocessplants.com/inventory/equipment/detail/234866","16","","","","","","","","","","681 L (180 gallons)","","Used","","1,000 mm (40 in)","Yes","","","","","","","","2.1 bar (30 psi)","","","","","","","","","","","","Grundy (Teddington) Ltd.","Yes","Stainless Steel 304","","60","3","0.28 kW (0.38 HP)","170","","","Vertical","","","","813 mm (32 in)","","Caster","","","","","","Tank",""
"234868","Stainless Steel 304 Grundy (Teddington) Ltd. Tank - IPP# 234868","https://ims.internationalprocessplants.com/inventory/equipment/detail/234868","16","","","","","","","","","","681 L (180 gallons)","","Used","","1,000 mm (40 in)","Yes","","","","","","","","2.1 bar (30 psi)","","","","","","","","","","","","Grundy (Teddington) Ltd.","Yes","Stainless Steel 304","","60","3","0.28 kW (0.38 HP)","170","","","Vertical","","","","813 mm (32 in)","","Caster","","","","","","Tank",""
"234869","Stainless Steel 304 Grundy (Teddington) Ltd. Tank - IPP# 234869","https://ims.internationalprocessplants.com/inventory/equipment/detail/234869","16","","","","","","","","","","681 L (180 gallons)","","Used","","1,000 mm (40 in)","Yes","","","","","","","","2.1 bar (30 psi)","","","","","","","","","","","","Grundy (Teddington) Ltd.","Yes","Stainless Steel 304","","60","3","0.28 kW (0.38 HP)","170","","","Vertical","","","","813 mm (32 in)","","Caster","","","","","","Tank",""
"234870","Stainless Steel 316L Apache Stainless Equipment Corp. Tank - IPP# 234870","https://ims.internationalprocessplants.com/inventory/equipment/detail/234870","19","","","","","","","","","","1,400 L (369 gallons)","","Used","","1,200 mm (48 in)","Yes","","","","","","","","1.72 bar (25 psi)","176.7 °C (350 °F)","","","","","","","","","","","Apache Stainless Equipment Corp.","Yes","Stainless Steel 316L","","60","3","0.28 kW (0.38 HP)","170","","","Vertical","","Yes","","1,150 mm (45 in)","","Caster","","","","","","Tank","Yes"
"234871","Stainless Steel 316 Apache Stainless Equipment Corp.  Tank - IPP# 234871","https://ims.internationalprocessplants.com/inventory/equipment/detail/234871","18","","","","","","","","","","1,400 L (369 gallons)","","Used","","1,200 mm (48 in)","Yes","","","","","","","","1.72 bar (25 psi)","176.7 °C (350 °F)","","","","","","","","","","","Apache Stainless Equipment Corp.","Yes","Stainless Steel 316L","","60","3","0.28 kW (0.38 HP)","","","","Vertical","","Yes","","1,150 mm (45 in)","","Legs","","","","","","Tank","Yes"
"234872","Stainless Steel 316L Apache Stainless Equipment Corp. Tank - IPP# 234872","https://ims.internationalprocessplants.com/inventory/equipment/detail/234872","18","","","","","","","","","","1,400 L (369 gallons)","","Used","","1,200 mm (48 in)","Yes","","","","","","","","1.72 bar (25 psi)","176.7 °C (350 °F)","","","","","","","","","","","Apache Stainless Equipment Corp.","Yes","Stainless Steel 316L","","60","3","0.28 kW (0.38 HP)","","","","Vertical","","Yes","","1,150 mm (45 in)","","Caster","","","","","","Tank","Yes"
"234876","Stainless Steel 316 Apache Stainless Equipment Corp.  Tank - IPP# 234876","https://ims.internationalprocessplants.com/inventory/equipment/detail/234876","18","","","","","","","","","","1,400 L (369 gallons)","","Used","","1,200 mm (48 in)","Yes","","","","","","","","1.72 bar (25 psi)","176.7 °C (350 °F)","","","","","","","","","","","Apache Stainless Equipment Corp.","Yes","Stainless Steel 316L","","60","3","0.28 kW (0.38 HP)","","","","Vertical","","Yes","","1,150 mm (45 in)","","Caster","","","","","","Tank","Yes"
"234880","Stainless Steel 304 Apache Stainless Equipment Corp. Tank - IPP# 234880","https://ims.internationalprocessplants.com/inventory/equipment/detail/234880","18","","","","","","","","","","1,400 L (369 gallons)","","Used","","1,200 mm (48 in)","Yes","","","","","","","","1.72 bar (25 psi)","176.7 °C (350 °F)","","","","","","","","","","","Apache Stainless Equipment Corp.","Yes","Stainless Steel 304","","60","3","0.28 kW (0.38 HP)","","","","Vertical","","Yes","","1,150 mm (45 in)","","Caster","","","","","","Tank","Yes"
"234881","Stainless Steel 304 Apache Stainless Equipment Corp. Tank - IPP# 234881","https://ims.internationalprocessplants.com/inventory/equipment/detail/234881","18","","","","","","","","","","1,400 L (369 gallons)","","Used","","1,200 mm (48 in)","Yes","","","","","","","","1.72 bar (25 psi)","176.7 °C (350 °F)","","","","","","","","","","","Apache Stainless Equipment Corp.","Yes","Stainless Steel 304","","60","3","0.28 kW (0.38 HP)","","","","Vertical","","Yes","","1,150 mm (45 in)","","Caster","","","","","","Tank","Yes"
"234882","Stainless Steel 304 Apache Stainless Equipment Corp. Tank - IPP# 234882","https://ims.internationalprocessplants.com/inventory/equipment/detail/234882","19","","","","","","","","","","1,400 L (369 gallons)","","Used","","1,200 mm (48 in)","Yes","","","","","","","","1.72 bar (25 psi)","176.7 °C (350 °F)","","","","","","","","","","","Apache Stainless Equipment Corp.","Yes","Stainless Steel 304","","60","3","0.28 kW (0.38 HP)","170","","","Vertical","","Yes","","1,150 mm (45 in)","","Legs","","","","","","Tank","Yes"
"234883","Stainless Steel 316L Apache Stainless Equipment Corp. Tank - IPP# 234883","https://ims.internationalprocessplants.com/inventory/equipment/detail/234883","18","","","","","","","","","","1,400 L (369 gallons)","","Used","","1,200 mm (48 in)","Yes","","","","","","","","1.72 bar (25 psi)","176.7 °C (350 °F)","","","","","","","","","","","Apache Stainless Equipment Corp.","Yes","Stainless Steel 316L","","60","3","0.28 kW (0.38 HP)","","","","Vertical","","Yes","","1,150 mm (45 in)","","Legs","","","","","","Tank","Yes"
"234884","Stainless Steel 304 Apache Stainless Equipment Corp. Tank - IPP# 234884","https://ims.internationalprocessplants.com/inventory/equipment/detail/234884","18","","","","","","","","","","1,400 L (369 gallons)","","Used","","1,200 mm (48 in)","Yes","","","","","","","","1.72 bar (25 psi)","176.7 °C (350 °F)","","","","","","","","","","","Apache Stainless Equipment Corp.","Yes","Stainless Steel 304","","60","3","0.28 kW (0.38 HP)","","","","Vertical","","Yes","","1,150 mm (45 in)","","Caster","","","","","","Tank","Yes"
"234885","Stainless Steel 304 Grundy (Teddington) Ltd. Tank - IPP# 234885","https://ims.internationalprocessplants.com/inventory/equipment/detail/234885","16","","","","","","","","","","681 L (180 gallons)","","Used","","1,000 mm (40 in)","Yes","","","","","","","","2.1 bar (30 psi)","","","","","","","","","","","","Grundy (Teddington) Ltd.","Yes","Stainless Steel 304","","60","3","0.28 kW (0.38 HP)","170","","","Vertical","","","","813 mm (32 in)","","Caster","","","","","","Tank",""
"234894","Stainless Steel 316 Tank - IPP# 234894","https://ims.internationalprocessplants.com/inventory/equipment/detail/234894","8","","","","","","","","","","300 L (79.3 gallons)","","Used","","","","","","","","","","","2.1 bar (30 psi)","","","","","","","","","","","","","","Stainless Steel 316","","","","0.28 kW (0.38 HP)","","","","Vertical","","","","","","Caster","","","","","","Tank",""
"234896","Stainless Steel 304 Apache Stainless Equipment Corp. Tank - IPP# 234896","https://ims.internationalprocessplants.com/inventory/equipment/detail/234896","18","","","","","","","","","","1,400 L (369 gallons)","","Used","","1,200 mm (48 in)","Yes","","","","","","","","1.72 bar (25 psi)","176.7 °C (350 °F)","","","","","","","","","","","Apache Stainless Equipment Corp.","Yes","Stainless Steel 304","","60","3","0.28 kW (0.38 HP)","","","","Vertical","","Yes","","1,150 mm (45 in)","","Legs","","","","","","Tank","Yes"
"234897","Stainless Steel 304 Apache Stainless Equipment Corp. Tank - IPP# 234897","https://ims.internationalprocessplants.com/inventory/equipment/detail/234897","19","","","","","","","","","","1,400 L (369 gallons)","","Used","","1,200 mm (48 in)","Yes","","","","","","","","1.72 bar (25 psi)","176.7 °C (350 °F)","","","","","","","","","","","Apache Stainless Equipment Corp.","Yes","Stainless Steel 304","","60","3","0.28 kW (0.38 HP)","170","","","Vertical","","Yes","","1,150 mm (45 in)","","Legs","","","","","","Tank","Yes"
"234898","Stainless Steel 304 Apache Stainless Equipment Corp. Tank - IPP# 234898","https://ims.internationalprocessplants.com/inventory/equipment/detail/234898","18","","","","","","","","","","1,400 L (369 gallons)","","Used","","1,200 mm (48 in)","Yes","","","","","","","","1.72 bar (25 psi)","176.7 °C (350 °F)","","","","","","","","","","","Apache Stainless Equipment Corp.","Yes","Stainless Steel 304","","60","3","0.28 kW (0.38 HP)","","","","Vertical","","Yes","","1,150 mm (45 in)","","Caster","","","","","","Tank","Yes"
"234899","Stainless Steel 316 Apache Stainless Equipment Corp. Tank - IPP# 234899","https://ims.internationalprocessplants.com/inventory/equipment/detail/234899","17","","","","","","","","","","1,400 L (369 gallons)","","Used","","1,200 mm (48 in)","Yes","","","","","","","","1.72 bar (25 psi)","176.7 °C (350 °F)","","","","","","","","","","","Apache Stainless Equipment Corp.","Yes","Stainless Steel 316","","60","3","0.28 kW (0.38 HP)","","","","Vertical","","Yes","","1,150 mm (45 in)","","","","","","","","Tank","Yes"
"234900","Stainless Steel 304 Apache Stainless Equipment Corp. Tank - IPP# 234900","https://ims.internationalprocessplants.com/inventory/equipment/detail/234900","18","","","","","","","","","","1,400 L (369 gallons)","","Used","","1,200 mm (48 in)","Yes","","","","","","","","1.72 bar (25 psi)","176.7 °C (350 °F)","","","","","","","","","","","Apache Stainless Equipment Corp.","Yes","Stainless Steel 304","","60","3","0.28 kW (0.38 HP)","","","","Vertical","","Yes","","1,150 mm (45 in)","","Caster","","","","","","Tank","Yes"
"234901","Stainless Steel 304 Apache Stainless Equipment Corp. Tank - IPP# 234901","https://ims.internationalprocessplants.com/inventory/equipment/detail/234901","18","","","","","","","","","","1,400 L (369 gallons)","","Used","","1,200 mm (48 in)","Yes","","","","","","","","1.72 bar (25 psi)","176.7 °C (350 °F)","","","","","","","","","","","Apache Stainless Equipment Corp.","Yes","Stainless Steel 304","","60","3","0.28 kW (0.38 HP)","","","","Vertical","","Yes","","1,150 mm (45 in)","","Caster","","","","","","Tank","Yes"
"234902","Stainless Steel 304 Apache Stainless Equipment Corp. Tank - IPP# 234902","https://ims.internationalprocessplants.com/inventory/equipment/detail/234902","18","","","","","","","","","","1,400 L (369 gallons)","","Used","","1,200 mm (48 in)","Yes","","","","","","","","1.72 bar (25 psi)","176.7 °C (350 °F)","","","","","","","","","","","Apache Stainless Equipment Corp.","Yes","Stainless Steel 304","","60","3","0.28 kW (0.38 HP)","","","","Vertical","","Yes","","1,150 mm (45 in)","","Caster","","","","","","Tank","Yes"
"234903","Stainless Steel 304 Apache Stainless Equipment Corp. Tank - IPP# 234903","https://ims.internationalprocessplants.com/inventory/equipment/detail/234903","18","","","","","","","","","","1,400 L (369 gallons)","","Used","","1,200 mm (48 in)","Yes","","","","","","","","1.72 bar (25 psi)","176.7 °C (350 °F)","","","","","","","","","","","Apache Stainless Equipment Corp.","Yes","Stainless Steel 304","","60","3","0.28 kW (0.38 HP)","","","","Vertical","","Yes","","1,150 mm (45 in)","","Legs","","","","","","Tank","Yes"
"234904","Stainless Steel 304 Apache Stainless Equipment Corp. Tank - IPP# 234904","https://ims.internationalprocessplants.com/inventory/equipment/detail/234904","18","","","","","","","","","","1,400 L (369 gallons)","","Used","","1,200 mm (48 in)","Yes","","","","","","","","1.72 bar (25 psi)","176.7 °C (350 °F)","","","","","","","","","","","Apache Stainless Equipment Corp.","Yes","Stainless Steel 304","","60","3","0.28 kW (0.38 HP)","","","","Vertical","","Yes","","1,150 mm (45 in)","","Caster","","","","","","Tank","Yes"
"234905","Stainless Steel 304 Apache Stainless Equipment Corp. Tank - IPP# 234905","https://ims.internationalprocessplants.com/inventory/equipment/detail/234905","18","","","","","","","","","","1,400 L (369 gallons)","","Used","","1,200 mm (48 in)","Yes","","","","","","","","1.72 bar (25 psi)","176.7 °C (350 °F)","","","","","","","","","","","Apache Stainless Equipment Corp.","Yes","Stainless Steel 304","","60","3","0.28 kW (0.38 HP)","","","","Vertical","","Yes","","1,150 mm (45 in)","","Caster","","","","","","Tank","Yes"
"234906","Stainless Steel 304 Grundy (Teddington) Ltd. Tank - IPP# 234906","https://ims.internationalprocessplants.com/inventory/equipment/detail/234906","15","","","","","","","","","","681 L (180 gallons)","","Used","","1,000 mm (40 in)","Yes","","","","","","","","2.1 bar (30 psi)","","","","","","","","","","","","Grundy (Teddington) Ltd.","","Stainless Steel 304","","60","3","0.28 kW (0.38 HP)","170","","","Vertical","","","","813 mm (32 in)","","Caster","","","","","","Tank",""
"234907","Stainless Steel 304 Grundy (Teddington) Ltd. Tank - IPP# 234907","https://ims.internationalprocessplants.com/inventory/equipment/detail/234907","15","","","","","","","","","","681 L (180 gallons)","","Used","","1,000 mm (40 in)","","","","","","","","","2.1 bar (30 psi)","","","","","","","","","","","","Grundy (Teddington) Ltd.","Yes","Stainless Steel 304","","60","","0.28 kW (0.37 HP)","170","","","Vertical","","Yes","","813 mm (32 in)","","Caster","","","","","","Tank",""
"234908","Stainless Steel 304 Grundy (Teddington) Ltd. Tank - IPP# 234908","https://ims.internationalprocessplants.com/inventory/equipment/detail/234908","16","","","","","","","","","","681 L (180 gallons)","","Used","","1,000 mm (40 in)","Yes","","","","","","","","2.1 bar (30 psi)","","","","","","","","","","","","Grundy (Teddington) Ltd.","Yes","Stainless Steel 304","","60","3","0.28 kW (0.37 HP)","170","","","Vertical","","Yes","","813 mm (32 in)","","","","","","","","Tank",""
"234909","Stainless Steel 316 Grundy (Teddington) Ltd. Tank - IPP# 234909","https://ims.internationalprocessplants.com/inventory/equipment/detail/234909","15","","","","","","","","","","681 L (180 gallons)","","Used","","1,000 mm (40 in)","Yes","","","","","","","","2.1 bar (30 psi)","","","","","","","","","","","","Grundy (Teddington) Ltd.","","Stainless Steel 316","","60","3","0.28 kW (0.38 HP)","170","","","Vertical","","","","813 mm (32 in)","","Caster","","","","","","Tank",""
"234910","Stainless Steel 316 Grundy (Teddington) Ltd. Tank - IPP# 234910","https://ims.internationalprocessplants.com/inventory/equipment/detail/234910","14","","","","","","","","","","681 L (180 gallons)","","Used","","1,000 mm (40 in)","Yes","","","","","","","","2.1 bar (30 psi)","","","","","","","","","","","","Grundy (Teddington) Ltd.","","Stainless Steel 316","","60","3","0.28 kW (0.38 HP)","170","","","Vertical","","","","813 mm (32 in)","","","","","","","","Tank",""
"234911","Stainless Steel 316 Grundy (Teddington) Ltd. Tank - IPP# 234911","https://ims.internationalprocessplants.com/inventory/equipment/detail/234911","15","","","","","","","","","","681 L (180 gallons)","","Used","","1,000 mm (40 in)","Yes","","","","","","","","2.1 bar (30 psi)","","","","","","","","","","","","Grundy (Teddington) Ltd.","","Stainless Steel 316","","60","3","0.28 kW (0.38 HP)","170","","","Vertical","","","","813 mm (32 in)","","Caster","","","","","","Tank",""
"234912","Stainless Steel 316 Grundy (Teddington) Ltd. Tank - IPP# 234912","https://ims.internationalprocessplants.com/inventory/equipment/detail/234912","15","","","","","","","","","","681 L (180 gallons)","","Used","","1,000 mm (40 in)","Yes","","","","","","","","2.1 bar (30 psi)","","","","","","","","","","","","Grundy (Teddington) Ltd.","","Stainless Steel 316","","60","3","0.28 kW (0.38 HP)","170","","","Vertical","","","","813 mm (32 in)","","Caster","","","","","","Tank",""
"234913","Stainless Steel 316 Grundy (Teddington) Ltd. Tank - IPP# 234913","https://ims.internationalprocessplants.com/inventory/equipment/detail/234913","14","","","","","","","","","","681 L (180 gallons)","","Used","","1,000 mm (40 in)","Yes","","","","","","","","2.1 bar (30 psi)","","","","","","","","","","","","Grundy (Teddington) Ltd.","","Stainless Steel 316","","60","3","0.28 kW (0.38 HP)","170","","","Vertical","","","","813 mm (32 in)","","","","","","","","Tank",""
"234914","Stainless Steel 316 Grundy (Teddington) Ltd. Tank - IPP# 234914","https://ims.internationalprocessplants.com/inventory/equipment/detail/234914","15","","","","","","","","","","681 L (180 gallons)","","Used","","1,000 mm (40 in)","Yes","","","","","","","","2.1 bar (30 psi)","","","","","","","","","","","","Grundy (Teddington) Ltd.","","Stainless Steel 316","","60","3","0.28 kW (0.38 HP)","170","","","Vertical","","","","813 mm (32 in)","","Caster","","","","","","Tank",""
"234915","Stainless Steel 316 Grundy (Teddington) Ltd. Tank - IPP# 234915","https://ims.internationalprocessplants.com/inventory/equipment/detail/234915","14","","","","","","","","","","683 L (180.4 gallons)","","Used","","1,000 mm (40 in)","Yes","","","","","","","","2.1 bar (30 psi)","","","","","","","","","","","","Grundy (Teddington) Ltd.","","Stainless Steel 316","","60","3","0.28 kW (0.38 HP)","170","","","Vertical","","","","813 mm (32 in)","","","","","","","","Tank",""
"234916","Stainless Steel 316 Grundy (Teddington) Ltd. Tank - IPP# 234916","https://ims.internationalprocessplants.com/inventory/equipment/detail/234916","15","","","","","","","","","","683 L (180.4 gallons)","","Used","","1,000 mm (40 in)","Yes","","","","","","","","2.1 bar (30 psi)","","","","","","","","","","","","Grundy (Teddington) Ltd.","","Stainless Steel 316","","60","3","0.28 kW (0.38 HP)","170","","","Vertical","","","","813 mm (32 in)","","Caster","","","","","","Tank",""
"234917","Stainless Steel 304 Grundy (Teddington) Ltd. Tank - IPP# 234917","https://ims.internationalprocessplants.com/inventory/equipment/detail/234917","14","","","","","","","","","","683 L (180.4 gallons)","","Used","","1,000 mm (40 in)","Yes","","","","","","","","2.1 bar (30 psi)","","","","","","","","","","","","Grundy (Teddington) Ltd.","","Stainless Steel 304","","60","3","0.28 kW (0.38 HP)","170","","","Vertical","","","","813 mm (32 in)","","","","","","","","Tank",""
"234918","Stainless Steel 304 Grundy (Teddington) Ltd. Tank - IPP# 234918","https://ims.internationalprocessplants.com/inventory/equipment/detail/234918","15","","","","","","","","","","683 L (180.4 gallons)","","Used","","1,000 mm (40 in)","Yes","","","","","","","","2.1 bar (30 psi)","","","","","","","","","","","","Grundy (Teddington) Ltd.","","Stainless Steel 304","","60","3","0.28 kW (0.38 HP)","170","","","Vertical","","","","813 mm (32 in)","","Caster","","","","","","Tank",""
"234919","Stainless Steel 304 Grundy (Teddington) Ltd. Tank - IPP# 234919","https://ims.internationalprocessplants.com/inventory/equipment/detail/234919","15","","","","","","","","","","683 L (180.4 gallons)","","Used","","1,000 mm (40 in)","Yes","","","","","","","","2.1 bar (30 psi)","","","","","","","","","","","","Grundy (Teddington) Ltd.","","Stainless Steel 304","","60","3","0.28 kW (0.38 HP)","170","","","Vertical","","","","813 mm (32 in)","","Caster","","","","","","Tank",""
"234920","Stainless Steel 304 Grundy (Teddington) Ltd. Tank - IPP# 234920","https://ims.internationalprocessplants.com/inventory/equipment/detail/234920","15","","","","","","","","","","683 L (180.4 gallons)","","Used","","1,000 mm (40 in)","Yes","","","","","","","","2.1 bar (30 psi)","","","","","","","","","","","","Grundy (Teddington) Ltd.","","Stainless Steel 304","","60","3","0.28 kW (0.38 HP)","170","","","Vertical","","","","813 mm (32 in)","","Caster","","","","","","Tank",""
"234921","Stainless Steel 304 Grundy (Teddington) Ltd. Tank - IPP# 234921","https://ims.internationalprocessplants.com/inventory/equipment/detail/234921","17","","","","","","","","","","683 L (180.4 gallons)","","Used","","1,000 mm (40 in)","Yes","","","","","","","","2.1 bar (30 psi)","","","","Stainless Steel 304","","","","Standard","","","","Grundy (Teddington) Ltd.","","Stainless Steel 304","","60","3","0.28 kW (0.38 HP)","170","","","Vertical","","","","813 mm (32 in)","","Caster","","","","","","Tank",""
"234922","Stainless Steel 304 Grundy (Teddington) Ltd. Tank - IPP# 234922","https://ims.internationalprocessplants.com/inventory/equipment/detail/234922","15","","","","","","","","","","683 L (180.4 gallons)","","Used","","1,000 mm (40 in)","Yes","","","","","","","","2.1 bar (30 psi)","","","","","","","","","","","","Grundy (Teddington) Ltd.","","Stainless Steel 304","","60","3","0.28 kW (0.38 HP)","170","","","Vertical","","","","813 mm (32 in)","","Caster","","","","","","Tank",""
"234923","Stainless Steel 304 Grundy (Teddington) Ltd. Tank - IPP# 234923","https://ims.internationalprocessplants.com/inventory/equipment/detail/234923","15","","","","","","","","","","683 L (180.5 gallons)","","Used","","1,000 mm (40 in)","Yes","","","","","","","","2.1 bar (30 psi)","","","","","","","","","","","","Grundy (Teddington) Ltd.","","Stainless Steel 304","","60","3","0.28 kW (0.38 HP)","170","","","Vertical","","","","813 mm (32 in)","","Caster","","","","","","Tank",""
"234924","Stainless Steel 304 Grundy (Teddington) Ltd. Tank - IPP# 234924","https://ims.internationalprocessplants.com/inventory/equipment/detail/234924","15","","","","","","","","","","704 L (186 gallons)","","Used","","1,000 mm (40 in)","Yes","","","","","","","","2.1 bar (30 psi)","","","","","","","","","","","","Grundy (Teddington) Ltd.","","Stainless Steel 304","","60","3","0.28 kW (0.38 HP)","170","","","Vertical","","","","813 mm (32 in)","","Caster","","","","","","Tank",""
"234925","Stainless Steel 304 Grundy (Teddington) Ltd. Tank - IPP# 234925","https://ims.internationalprocessplants.com/inventory/equipment/detail/234925","16","","","","","","","","","","683 L (180.5 gallons)","","Used","","1,000 mm (40 in)","Yes","","","","","","","","2.1 bar (30 psi)","","","","","","","","","","","","Grundy (Teddington) Ltd.","Yes","Stainless Steel 304","","60","3","0.28 kW (0.38 HP)","170","","","Vertical","","","","813 mm (32 in)","","Caster","","","","","","Tank",""
"234926","Stainless Steel 304 Grundy (Teddington) Ltd. Tank - IPP# 234926","https://ims.internationalprocessplants.com/inventory/equipment/detail/234926","15","","","","","","","","","","683 L (180.5 gallons)","","Used","","1,000 mm (40 in)","Yes","","","","","","","","2.1 bar (30 psi)","","","","","","","","","","","","Grundy (Teddington) Ltd.","","Stainless Steel 304","","60","3","0.28 kW (0.38 HP)","170","","","Vertical","","","","813 mm (32 in)","","Caster","","","","","","Tank",""
"234938","Glasslined Tank - IPP# 234938","https://ims.internationalprocessplants.com/inventory/equipment/detail/234938","11","","","","","","","","","","757 L (200 gallons)","","Used","","914 mm (36 in)","","","","","","","","","5.2 bar (75 psi)","343.3 °C (650 °F)","","","","","","","","","","","Pfaudler","","Glasslined","","","","","","","","Vertical","","","","1,100 mm (43 in)","","Other","","","","","","Tank",""
"234941","Glasslined Tank - IPP# 234941","https://ims.internationalprocessplants.com/inventory/equipment/detail/234941","9","","","","","","","","","","1,150 L (300 gallons)","","Needs Reglass","","914 mm (36 in)","","","","","","","","","","","","","","","","","","","","","","Yes","Glasslined","","","","","","","","Vertical","","","","1,550 mm (62 in)","","Legs","","","","","","Tank",""
"234947","Eastern Manufacturing Inc. Tank - IPP# 234947","https://ims.internationalprocessplants.com/inventory/equipment/detail/234947","11","","","","","","","","","","378.5 L (100 gallons)","","Used","","813 mm (32 in)","","","","","","","","","6.9 bar (100 psi)","121.1 °C (250 °F)","","","","","","","","","","","Eastern Manufacturing Inc.","","","","","","","","","","Vertical","","","","686 mm (27 in)","","Ring","","","","","","Tank","Yes"
"234982","Stainless Steel 304 Roben Manufacturing Co Tank - IPP# 234982","https://ims.internationalprocessplants.com/inventory/equipment/detail/234982","12","","","","","","","","","","12,100 L (3,200 gallons)","","Used","","2,150 mm (84 in)","","","","","","","","","1.01 bar (14.7 psi)","25 °C (77 °F)","","","","","","","","","","","Roben Manufacturing Co","Yes","Stainless Steel 304","","","","","","","","Vertical","","","","3,450 mm (135 in)","","Pads","","","","","","Tank",""
"234992","Stainless Steel 321 Tank - IPP# 234992","https://ims.internationalprocessplants.com/inventory/equipment/detail/234992","9","","","","","","","","","","22,700 L (6,000 gallons)","","Used","","2,450 mm (96 in)","","","","","","","","","1.01 bar (14.7 psi)","","","","","","","","","","","","","","Stainless Steel 321","","","","","","","","Vertical","","","","4,900 mm (192 in)","","Pads","","","","","","Tank",""
"234995","Glasslined Tycon Tank - IPP# 234995","https://ims.internationalprocessplants.com/inventory/equipment/detail/234995","9","","","","","","","","","","3,800 L (1,000 gallons)","","Used","","1,400 mm (56 in)","","","","","","","","","","","","","","","","","","","","","Tycon","Yes","Glasslined","","","","","","","","Vertical","","","","2,050 mm (80 in)","","","","","","","","Tank",""
"235447","Unused Carbon Steel Praj Industries  Tank - IPP# 235447","https://ims.internationalprocessplants.com/inventory/equipment/detail/235447","12","","","","","","","","","","9,300 L (2,450 gallons)","","Unused","","1,800 mm (71 in)","","","","","","","","","0.69 bar (10 psi)","130 °C (266 °F)","","","","","","","","","","","Praj Industries","Yes","Carbon Steel","","","","","","","","Horizontal","","","","3,050 mm (120 in)","","Saddle","","","","","","Tank",""
"235454","Unused Stainless Steel 304 Praj Industries  Tank - IPP# 235454","https://ims.internationalprocessplants.com/inventory/equipment/detail/235454","12","","","","","","","","","","5,250 L (1,400 gallons)","","Unused","","1,350 mm (53 in)","","","","","","","","","1.72 bar (25 psi)","110 °C (230 °F)","","","","","","","","","","","Praj Industries","","Stainless Steel 304L","","","","","","","","Vertical","","","","3,650 mm (144 in)","","Lugs","","","","","","Tank","Yes"
"235455","Unused Stainless Steel 304 Praj Industries  Tank - IPP# 235455","https://ims.internationalprocessplants.com/inventory/equipment/detail/235455","11","","","","","","","","","","999 L (264 gallons)","","Unused","","1,100 mm (43 in)","","","","","","","","","2.2 bar (32 psi)","160 °C (320 °F)","","","","","","","","","","","Praj Industries","","Stainless Steel 304L","","","","","","","","Vertical","","","","965 mm (38 in)","","Legs","","","","","","Tank",""
"235960","Glasslined Tank - IPP# 235960","https://ims.internationalprocessplants.com/inventory/equipment/detail/235960","13","","","","","","","","","","1,900 L (500 gallons)","","Used","","1,300 mm (52 in)","","","","","","","","","3.4 bar (50 psi)","232.2 °C (450 °F)","","","","","","","","","","","Pfaudler","Yes","Glasslined","","","","","","","","Horizontal","","","","1,400 mm (55 in)","","Legs","","","","","","Tank","Yes"
"235961","Glasslined Tank - IPP# 235961","https://ims.internationalprocessplants.com/inventory/equipment/detail/235961","13","","","","","","","","","","1,900 L (500 gallons)","","Used","","1,250 mm (50 in)","","","","","","","","","3.4 bar (50 psi)","204.4 °C (400 °F)","","","","","","","","","","","DeDietrich","Yes","Glasslined","","","","","","","","Vertical","","","","1,400 mm (56 in)","","Legs","","","","","","Tank","Yes"
"236018","Glasslined DeDietrich Tank - IPP# 236018","https://ims.internationalprocessplants.com/inventory/equipment/detail/236018","11","","","","","","","","","","16,400 L (4,350 gallons)","","Used","","2,200 mm (86.6 in)","","","","","","","","","1.01 bar (14.7 psi)","","","","","","","","","","","","DeDietrich","Yes","Glasslined","","","","","","","","Vertical","","","","3,850 mm (152 in)","","Legs","","","","","","Tank",""
"236019","Glasslined Tycon  Tank - IPP# 236019","https://ims.internationalprocessplants.com/inventory/equipment/detail/236019","18","","","","","","","","","","22,500 L (5,950 gallons)","","Used","","2,800 mm (110.2 in)","Yes","","","","","","","","3 bar (43.5 psi)","150 °C (302 °F)","","","","","","","","","","","Tycon","Yes","Glasslined","","50/60","3","8.6 kW (11.5 HP)","1,750","","","Vertical","","","","3,050 mm (120.2 in)","","Legs","","","","","","Tank","Yes"
"236020","Glasslined Tycon  Tank - IPP# 236020","https://ims.internationalprocessplants.com/inventory/equipment/detail/236020","18","","","","","","","","","","22,500 L (5,950 gallons)","","Used","","2,800 mm (110.2 in)","Yes","","","","","","","","3 bar (43.5 psi)","150 °C (302 °F)","","","","","","","","","","","Tycon","Yes","Glasslined","","50/60","3","8.6 kW (11.5 HP)","1,750","","","Vertical","","","","3,050 mm (120.2 in)","","Legs","","","","","","Tank","Yes"
"236021","Glasslined DeDietrich Tank - IPP# 236021","https://ims.internationalprocessplants.com/inventory/equipment/detail/236021","17","","","","","","","","","","22,800 L (6,000 gallons)","","Used","","2,800 mm (110.2 in)","Yes","","","","","","","","3 bar (43.5 psi)","110 °C (230 °F)","","","","","","","","","","","DeDietrich","","Glasslined","","50","3","4 kW (5.4 HP)","1,420","","","Vertical","","","","3,100 mm (121.7 in)","","Legs","","","","","","Tank","Yes"
"236027","Glasslined Tank - IPP# 236027","https://ims.internationalprocessplants.com/inventory/equipment/detail/236027","19","","","","","","","","","","2,150 L (569 gallons)","","Used","","1,400 mm (55.1 in)","Yes","","","","","","","","6 bar (87 psi)","200 °C (392 °F)","","","","","","","","","","","Pfaudler","Yes","Glasslined","VD2000 VS03","50","3","4.8 kW (6.4 HP)","955","","","Vertical","","","","922 mm (36.3 in)","","Lugs","","","","","","Tank","Yes"
"236029","Glasslined DeDietrich Tank - IPP# 236029","https://ims.internationalprocessplants.com/inventory/equipment/detail/236029","9","","","","","","","","","","4,400 L (1,150 gallons)","","Used","","","","","","","","","","","3 bar (43.5 psi)","200 °C (392 °F)","","","","","","","","","","","DeDietrich","","Glasslined","","","","","","","","Vertical","","","","","","Legs","","","","","","Tank",""
"236031","Glasslined DeDietrich RFS-2000L Tank - IPP# 236031","https://ims.internationalprocessplants.com/inventory/equipment/detail/236031","14","","","","","","","","","","2,200 L (585 gallons)","","Used","","1,400 mm (55.1 in)","","","","","","","","","6 bar (87 psi)","200 °C (392 °F)","","","","","","","","","","","DeDietrich","Yes","Glasslined","RFS-2000L","","","","","","","Vertical","","","","1,100 mm (43.5 in)","","Lugs","","","","","","Tank","Yes"
"236032","Glasslined DeDietrich  Tank - IPP# 236032","https://ims.internationalprocessplants.com/inventory/equipment/detail/236032","13","","","","","","","","","","2,200 L (581 gallons)","","Used","","1,400 mm (55.1 in)","","","","","","","","","6 bar (87 psi)","200 °C (392 °F)","","","","","","","","","","","DeDietrich","Yes","Glasslined","","","","","","","","Vertical","","","","1,150 mm (46.2 in)","","Lugs","","","","","","Tank","Yes"
"236034","Stainless Steel Austenitic Edel Tank - IPP# 236034","https://ims.internationalprocessplants.com/inventory/equipment/detail/236034","11","","","","","","","","","","16,000 L (4,250 gallons)","","Used","","2,800 mm (110.2 in)","","","","","","","","","1.01 bar (14.7 psi)","20 °C (68 °F)","","","","","","","","","","","Edel","","Stainless Steel Austenitic","","","","","","","","Vertical","","","","2,000 mm (78.7 in)","","Legs","","","","","","Tank",""
"236035","Stainless Steel Austenitic Edel  Tank - IPP# 236035","https://ims.internationalprocessplants.com/inventory/equipment/detail/236035","12","","","","","","","","","","16,000 L (4,250 gallons)","","Used","","2,800 mm (110.2 in)","","","","","","","","","1.01 bar (14.7 psi)","20 °C (68 °F)","","","","","","","","","","","Edel","Yes","Stainless Steel Austenitic","","","","","","","","Vertical","","","","2,000 mm (78.7 in)","","Legs","","","","","","Tank",""
"236036","Stainless Steel Austenitic Edel  Tank - IPP# 236036","https://ims.internationalprocessplants.com/inventory/equipment/detail/236036","11","","","","","","","","","","16,000 L (4,250 gallons)","","Used","","2,800 mm (110.2 in)","","","","","","","","","1.01 bar (14.7 psi)","20 °C (68 °F)","","","","","","","","","","","Edel","","Stainless Steel Austenitic","","","","","","","","Vertical","","","","2,000 mm (78.7 in)","","Legs","","","","","","Tank",""
"236037","Stainless Steel Austenitic Edel  Tank - IPP# 236037","https://ims.internationalprocessplants.com/inventory/equipment/detail/236037","9","","","","","","","","","","16,000 L (4,250 gallons)","","Used","","2,800 mm (110.2 in)","","","","","","","","","1.01 bar (14.7 psi)","20 °C (68 °F)","","","","","","","","","","","Edel","","Stainless Steel Austenitic","","","","","","","","Vertical","","","","","","","","","","","","Tank",""
"236038","Stainless Steel Austenitic Edel  Tank - IPP# 236038","https://ims.internationalprocessplants.com/inventory/equipment/detail/236038","9","","","","","","","","","","16,000 L (4,250 gallons)","","Used","","","","","","","","","","","1.01 bar (14.7 psi)","20 °C (68 °F)","","","","","","","","","","","Edel","","Stainless Steel Austenitic","","","","","","","","Vertical","","","","","","Legs","","","","","","Tank",""
"236039","Glasslined DeDietrich  Tank - IPP# 236039","https://ims.internationalprocessplants.com/inventory/equipment/detail/236039","13","","","","","","","","","","1,300 L (343.4 gallons)","","Used","","1,200 mm (47.2 in)","","","","","","","","","6 bar (87 psi)","200 °C (392 °F)","","","","","","","","","","","DeDietrich","Yes","Glasslined","","","","","","","","Vertical","","","","600 mm (23.6 in)","","Lugs","","","","","","Tank","Yes"
"236042","Glasslined DeDietrich Tank - IPP# 236042","https://ims.internationalprocessplants.com/inventory/equipment/detail/236042","13","","","","","","","","","","1,200 L (317 gallons)","","Used","","1,200 mm (47.2 in)","","","","","","","","","6 bar (87 psi)","200 °C (392 °F)","","","","","","","","","","","DeDietrich","Yes","Glasslined","","","","","","","","Vertical","","","","803 mm (31.6 in)","","Lugs","","","","","","Tank","Yes"
"236043","Glasslined DeDietrich RFS 1200 Tank - IPP# 236043","https://ims.internationalprocessplants.com/inventory/equipment/detail/236043","14","","","","","","","","","","1,350 L (351.9 gallons)","","Used","","1,200 mm (47.2 in)","","","","","","","","","6 bar (87 psi)","200 °C (392 °F)","","","","","","","","","","","DeDietrich","Yes","Glasslined","RFS 1200","","","","","","","Vertical","","","","950 mm (37.4 in)","","Lugs","","","","","","Tank","Yes"
"236044","Stainless Steel Other VEW  Tank - IPP# 236044","https://ims.internationalprocessplants.com/inventory/equipment/detail/236044","8","","","","","","","","","","4,200 L (1,100 gallons)","","Used","","","","","","","","","","","2 bar (29 psi)","50 °C (122 °F)","","","","","","","","","","","VEW","","Stainless Steel Other","","","","","","","","Vertical","","","","","","","","","","","","Tank",""
"236045","Stainless Steel Other VEW  Tank - IPP# 236045","https://ims.internationalprocessplants.com/inventory/equipment/detail/236045","8","","","","","","","","","","4,200 L (1,100 gallons)","","Used","","","","","","","","","","","2 bar (29 psi)","50 °C (122 °F)","","","","","","","","","","","VEW","","Stainless Steel Other","","","","","","","","Vertical","","","","","","","","","","","","Tank",""
"236046","Stainless Steel VEW Tank - IPP# 236046","https://ims.internationalprocessplants.com/inventory/equipment/detail/236046","11","","","","","","","","","","4,200 L (1,100 gallons)","","Used","","1,600 mm (63 in)","","","","","","","","","2 bar (29 psi)","50 °C (122 °F)","","","","","","","","","","","VEW","Yes","Stainless Steel Other","","","","","","","","Vertical","","","","1,650 mm (64.4 in)","","","","","","","","Tank",""
"236047","Stainless Steel Austenitic Raff Grund  Tank - IPP# 236047","https://ims.internationalprocessplants.com/inventory/equipment/detail/236047","10","","","","","","","","","","3,850 L (1,000 gallons)","","Used","","","","","","","","","","","6 bar (87 psi)","120 °C (248 °F)","","","","","","","","","","","Raff Grund","","Stainless Steel Austenitic","","","","","","","","Horizontal","","","","","","Saddle","","","","","","Tank","Yes"
"236049","Glasslined Clad DeDietrich RD800 Tank - IPP# 236049","https://ims.internationalprocessplants.com/inventory/equipment/detail/236049","16","","","","","","","","","","875 L (231.2 gallons)","Yes","Used","","","","","","","","","","","6 bar (87 psi)","200 °C (392 °F)","","","Carbon Steel","","6 bar (87 psi)","200 °C (392 °F)","Standard","","","","DeDietrich","","Glasslined","RD800","","","","","","","Vertical","","","","","","Lugs","","","","","","Tank","Yes"
"236050","Stainless Steel Austenitic Stahlwerke AG  Tank - IPP# 236050","https://ims.internationalprocessplants.com/inventory/equipment/detail/236050","12","","","","","","","","","","845 L (223.2 gallons)","","Used","","","","","","","","","","","2 bar (29 psi)","200 °C (392 °F)","","","","","16 bar (232.1 psi)","200 °C (392 °F)","Standard","","","","Stahlwerke AG","","Stainless Steel Austenitic","","","","","","","","Vertical","","","","","","Lugs","","","","","","Tank",""
"236051","Stainless Steel Austenitic VEW  Tank - IPP# 236051","https://ims.internationalprocessplants.com/inventory/equipment/detail/236051","11","","","","","","","","","","845 L (223.2 gallons)","","Used","","","","","","","","","","","2 bar (29 psi)","200 °C (392 °F)","","","","","16 bar (232.1 psi)","200 °C (392 °F)","","","","","VEW","","Stainless Steel Austenitic","","","","","","","","Vertical","","","","","","Lugs","","","","","","Tank",""
"236052","Stainless Steel Austenitic VEW  Tank - IPP# 236052","https://ims.internationalprocessplants.com/inventory/equipment/detail/236052","13","","","","","","","","","","845 L (223.2 gallons)","","Used","","1,000 mm (39.4 in)","","","","","","","","","2 bar (29 psi)","200 °C (392 °F)","","","","","","","","","","","VEW","Yes","Stainless Steel Austenitic","","","","","","","","Vertical","","","","790 mm (31.1 in)","","Lugs","","","","","","Tank","Yes"
"236119","Stainless Steel Austenitic GIG  Tank - IPP# 236119","https://ims.internationalprocessplants.com/inventory/equipment/detail/236119","9","","","","","","","","","","1,200 L (317 gallons)","","Used","","","","","","","","","","","5 bar (72.5 psi)","50 °C (122 °F)","","","","","","","","","","","GIG","","Stainless Steel Austenitic","","","","","","","","Horizontal","","","","","","Saddle","","","","","","Tank",""
"236120","Stainless Steel Austenitic HINKE  Tank - IPP# 236120","https://ims.internationalprocessplants.com/inventory/equipment/detail/236120","10","","","","","","","","","","1,200 L (314.4 gallons)","","Used","","","","","","","","","","","2 bar (29 psi)","100 °C (212 °F)","","","","","","","","","","","HINKE","","Stainless Steel Austenitic","","","","","","","","Vertical","","","","","","Legs","","","","","","Tank","Yes"
"236124","Glasslined Clad R &amp; M Italia  Tank - IPP# 236124","https://ims.internationalprocessplants.com/inventory/equipment/detail/236124","13","","","","","","","","","","2,350 L (621 gallons)","Yes","Used","","1,500 mm (59.1 in)","","","","","","","","","6 bar (87 psi)","200 °C (392 °F)","","","","","","","","","","","R & M Italia","","Glasslined","","","","","","","","Vertical","","","","1,100 mm (43.9 in)","","Lugs","","","","","","Tank","Yes"
"236125","Glasslined Clad R &amp; M Italia  Tank - IPP# 236125","https://ims.internationalprocessplants.com/inventory/equipment/detail/236125","14","","","","","","","","","","2,350 L (621 gallons)","Yes","Used","","1,500 mm (59.1 in)","","","","","","","","","6 bar (87 psi)","200 °C (392 °F)","","","","","","","","","","","R & M Italia","Yes","Glasslined","","","","","","","","Vertical","","","","1,100 mm (43.9 in)","","Lugs","","","","","","Tank","Yes"
"236126","Glasslined R &amp; M Italia  Tank - IPP# 236126","https://ims.internationalprocessplants.com/inventory/equipment/detail/236126","13","","","","","","","","","","2,350 L (621 gallons)","","Used","","1,500 mm (59.1 in)","","","","","","","","","6 bar (87 psi)","200 °C (392 °F)","","","","","","","","","","","R & M Italia","Yes","Glasslined","","","","","","","","Vertical","","","","1,100 mm (43.9 in)","","Lugs","","","","","","Tank","Yes"
"236129","Glasslined Estrella Tank - IPP# 236129","https://ims.internationalprocessplants.com/inventory/equipment/detail/236129","9","","","","","","","","","","50 L (13.2 gallons)","","Used","","","","","","","","","","","3 bar (43.5 psi)","150 °C (302 °F)","","","","","","","","","","","Estrella","","Glasslined","","","","","","","","Vertical","","","","","","","","","","","","Tank","Yes"
"236172","Stainless Steel Other GIG  Tank - IPP# 236172","https://ims.internationalprocessplants.com/inventory/equipment/detail/236172","10","","","","","","","","","","1,400 L (367.2 gallons)","","Used","","","","","","","","","","","2 bar (29 psi)","50 °C (122 °F)","","","","","","","","","","","GIG","","Stainless Steel Other","","","","","","","","Vertical","","","","","","Legs","","","","","","Tank","Yes"
"236175","Glasslined DeDietrich  Tank - IPP# 236175","https://ims.internationalprocessplants.com/inventory/equipment/detail/236175","9","","","","","","","","","","2,200 L (581 gallons)","","Used","","","","","","","","","","","6 bar (87 psi)","200 °C (392 °F)","","","","","","","","","","","DeDietrich","","Glasslined","","","","","","","","Vertical","","","","","","","","","","","","Tank","Yes"
"237042","Stainless Steel 304 Mazzoni SC70M Tank - IPP# 237042","https://ims.internationalprocessplants.com/inventory/equipment/detail/237042","8","","","","","","","","","","4,700 L (1,250 gallons)","","Used","","1,700 mm (67 in)","","","","","","","","","","","","","","","","","","","","","Mazzoni","","Stainless Steel 304","SC70M","","","","","","","","","","","1,800 mm (70.7 in)","","","","","","","","Tank",""
"237048","Stainless Steel 317 Mazzoni SC70M Tank - IPP# 237048","https://ims.internationalprocessplants.com/inventory/equipment/detail/237048","8","","","","","","","","","","901 L (238 gallons)","","Used","","1,000 mm (39.5 in)","","","","","","","","","","","","","","","","","","","","","Mazzoni","","Stainless Steel 317","SC70M","","","","","","","","","","","978 mm (38.5 in)","","","","","","","","Tank",""
"237054","Stainless Steel 304 Mazzoni SC70M Tank - IPP# 237054","https://ims.internationalprocessplants.com/inventory/equipment/detail/237054","8","","","","","","","","","","4,700 L (1,250 gallons)","","Used","","1,700 mm (67 in)","","","","","","","","","","","","","","","","","","","","","Mazzoni","","Stainless Steel 304","SC70M","","","","","","","","","","","1,800 mm (70.7 in)","","","","","","","","Tank",""
"237060","Stainless Steel 317 Mazzoni SC70M Tank - IPP# 237060","https://ims.internationalprocessplants.com/inventory/equipment/detail/237060","8","","","","","","","","","","901 L (238 gallons)","","Used","","1,000 mm (39.5 in)","","","","","","","","","","","","","","","","","","","","","Mazzoni","","Stainless Steel 317","SC70M","","","","","","","","","","","978 mm (38.5 in)","","","","","","","","Tank",""
"238317","Stainless Steel 304 McIver &amp; Smith Fabricators Inc. Tank - IPP# 238317","https://ims.internationalprocessplants.com/inventory/equipment/detail/238317","13","","","","","","","","","","3,300 L (875 gallons)","","Used","","1,200 mm (48 in)","","","","","","","","","6.5 bar (94 psi)","37.8 °C (100 °F)","","","","","","","","","","","McIver & Smith Fabricators Inc.","Yes","Stainless Steel 304","","","","","","","","Vertical","","","","2,450 mm (96 in)","","Legs","","","","","","Tank","Yes"
"238359","Unused Glasslined DeDietrich VT/HT 2500 Tank - IPP# 238359","https://ims.internationalprocessplants.com/inventory/equipment/detail/238359","14","","","","","","","","","","9,450 L (2,500 gallons)","","Unused","","1,850 mm (72 in)","","","","","","","","","9.3 bar (135 psi)","204.4 °C (400 °F)","","","","","","","","","","","DeDietrich","Yes","Glasslined","VT/HT 2500","","","","","","","Horizontal","","","","3,500 mm (137 in)","","Lugs","","","","","","Tank","Yes"
"23886","Glasslined  Tank - IPP# 23886","https://ims.internationalprocessplants.com/inventory/equipment/detail/23886","14","","","","","","","","","","151.4 L (40 gallons)","","Re-glassed","","762 mm (30 in)","","","Very Clean (VC)","Full Fire Polish (FF)","","","","","","","","","Carbon Steel","","4.1 bar (60 psi)","176.7 °C (350 °F)","Standard","","","","","","Glasslined","","","","","","","","Vertical","","","","406.4 mm (16 in)","","Legs","","","","","","Tank",""
"239315","Stainless Steel 316 JOH SJO Industry Aktiebolag Tank - IPP# 239315","https://ims.internationalprocessplants.com/inventory/equipment/detail/239315","20","","","","","","","","","","1,850 L (488.7 gallons)","","Used","","1,100 mm (43.3 in)","Yes","","","","","","","","1.01 bar (14.7 psi)","100 °C (212 °F)","","","","","3 bar (43.5 psi)","100 °C (212 °F)","","","","","JOH SJO Industry Aktiebolag","Yes","Stainless Steel 316L","","50/60","3","0.9 kW (1.21 HP)","1,620","","","Vertical","","Yes","","1,850 mm (73.2 in)","","Legs","","","","","","Tank",""
"239317","Stainless Steel 316 Furhoffs Rostfria Tank - IPP# 239317","https://ims.internationalprocessplants.com/inventory/equipment/detail/239317","17","","","","","","","","Yes","","340 L (89.8 gallons)","","Used","","700 mm (27.6 in)","","","","","","","","","1.01 bar (14.7 psi)","","","","","","","","","","","","Furhoffs Rostfria","Yes","Stainless Steel 316L","","60","3","1.2 kW (1.61 HP)","3,463","","","Vertical","","Yes","","860 mm (33.9 in)","","Legs","","","","","","Tank",""
"239319","Stainless Steel 316L Tankki OY Tank - IPP# 239319","https://ims.internationalprocessplants.com/inventory/equipment/detail/239319","13","","","","","","","","","","1,500 L (396.3 gallons)","","Used","","1,150 mm (45.3 in)","","","","","","","","","3 bar (43.5 psi)","150 °C (302 °F)","","","","","","","","","","Yes","Tankki OY","","Stainless Steel 316L","","","","","","","","Vertical","","Yes","","1,450 mm (57.5 in)","","Legs","","","","","","Tank",""
"239320","Stainless Steel 316L Furhoffs Rostfria Tank - IPP# 239320","https://ims.internationalprocessplants.com/inventory/equipment/detail/239320","16","","","","","","","","Yes","","700 L (184.9 gallons)","","Used","","900 mm (35.4 in)","Yes","","","","","","","","","","","","","","","","","","","","Furhoffs Rostfria","","Stainless Steel 316L","","50/60","3","0.37 kW (0.5 HP)","1,125","","","Vertical","","Yes","","1,100 mm (43.3 in)","","Legs","","","","","","Tank",""
"239321","Stainless Steel 316L Furhoffs Rostfria Tank - IPP# 239321","https://ims.internationalprocessplants.com/inventory/equipment/detail/239321","17","","","","","","","","Yes","","1,800 L (475.5 gallons)","","Used","","1,200 mm (48 in)","Yes","","","","","","","","3 bar (43.5 psi)","230 °C (446 °F)","","","","","","","","","","","Furhoffs Rostfria","","Stainless Steel 316L","","","","0.37 kW (0.5 HP)","905","","","Vertical","","Yes","","1,300 mm (50.4 in)","","Legs","","","","","","Tank","Yes"
"239322","Stainless Steel 316L LKM-Norderstedt Tank - IPP# 239322","https://ims.internationalprocessplants.com/inventory/equipment/detail/239322","17","","","","","","","","Yes","","1,800 L (475.5 gallons)","","Used","","1,200 mm (48 in)","Yes","","","","","","","","3 bar (43.5 psi)","230 °C (446 °F)","","","","","","","","","","","LKM-Norderstedt zul","","Stainless Steel 316L","","","","0.37 kW (0.5 HP)","905","","","Vertical","","Yes","","1,300 mm (50.4 in)","","Legs","","","","","","Tank","Yes"
"239394","Stainless Steel 316L Zetterstoms-Molkom Tank - IPP# 239394","https://ims.internationalprocessplants.com/inventory/equipment/detail/239394","11","","","","","","","","","","400 L (105.7 gallons)","","Used","","650 mm (25.6 in)","","","","","","","","","1.01 bar (14.7 psi)","","","","","","","","","","","","Zetterstoms-Molkom","","Stainless Steel 316L","","","","","","","","Vertical","","Yes","","1,250 mm (49.2 in)","","Legs","","","","","","Tank",""
"240107","Stainless Steel 304 Vara International  Tank - IPP# 240107","https://ims.internationalprocessplants.com/inventory/equipment/detail/240107","10","","","","","","","","","","4,900 L (1,300 gallons)","","Used","","1,500 mm (59 in)","","","","","","","","","1.01 bar (14.7 psi)","","","","","","","","","","","","Vara International","","Stainless Steel 304","","","","","","","","Horizontal","","","","2,900 mm (115 in)","","Saddle","","","","","","Tank",""
"240121","Stainless Steel 304 Haroshet Pladot LTD  Tank - IPP# 240121","https://ims.internationalprocessplants.com/inventory/equipment/detail/240121","11","","","","","","","","","","2,250 L (600 gallons)","","Used","","1,200 mm (48 in)","","","","","","","","","1.01 bar (14.7 psi)","","","","","","","","","","","","Haroshet Pladot LTD","","Stainless Steel 304","","","","","","","","Vertical","","","","177.8 mm (7 in)","","Legs","","","","","","Tank","Yes"
"240693","Stainless Steel 316L Northland Stainless Tank - IPP# 240693","https://ims.internationalprocessplants.com/inventory/equipment/detail/240693","17","","","","","","","","","","568 L (150 gallons)","","Used","","914 mm (36 in)","","","","","","","","","3.4 bar (50 psi)","176.7 °C (350 °F)","","","Stainless Steel 304L","","10.3 bar (150 psi)","185 °C (365 °F)","Dimple","","","","Northland Stainless","Yes","Stainless Steel 316L","","","","","","","","Vertical","","","","610 mm (24 in)","","Legs","","","","","","Tank","Yes"
"240695","Glasslined Pfaudler Tank - IPP# 240695","https://ims.internationalprocessplants.com/inventory/equipment/detail/240695","8","","","","","","","","","","1,150 L (300 gallons)","","Used","","","","","","","","","","","6.9 bar (100 psi)","232.2 °C (450 °F)","","","","","","","","","","","Pfaudler","","Glasslined","","","","","","","","Vertical","","","","","","","","","","","","Tank",""
"241042","Stainless Steel 316 Tank - IPP# 241042","https://ims.internationalprocessplants.com/inventory/equipment/detail/241042","8","","","","","","","","","","757 L (200 gallons)","","Used","","","","","","","","","","","1.03 bar (15 psi)","148.9 °C (300 °F)","","","","","","","","","","","","","Stainless Steel 316","","","","","","","","Vertical","","","","","","Legs","","","","","","Tank",""
"241081","Glasslined DeDietrichTank - IPP# 241081","https://ims.internationalprocessplants.com/inventory/equipment/detail/241081","15","","","","","","","","","","7,550 L (2,000 gallons)","","Used","","2,000 mm (78 in)","","","","","","","","","2.4 bar (35 psi)","204.4 °C (400 °F)","","","","","2.4 bar (35 psi)","-15.6 °C (4 °F)","","","","","DeDietrich","Yes","Glasslined","","","","","","","","Vertical","","","","2,150 mm (84 in)","","Legs","","","","","","Tank","Yes"
"241136","Stainless Steel 316L Tolan Machinery Co, Inc. Tank - IPP# 241136","https://ims.internationalprocessplants.com/inventory/equipment/detail/241136","16","","","","","","","","","","378.5 L (100 gallons)","","Used","","762 mm (30 in)","","","","","","","","","3.4 bar (50 psi)","204.4 °C (400 °F)","","","Inconel","","12.4 bar (180 psi)","204.4 °C (400 °F)","Half Pipe/Limpet","","","","Tolan Machinery Co, Inc.","","Stainless Steel 316L","","","","","","","","Vertical","","","","787 mm (31 in)","","Legs","","","","","","Tank","Yes"
"243471","Glasslined Pfaudler Tank - IPP# 243471","https://ims.internationalprocessplants.com/inventory/equipment/detail/243471","9","","","","","","","","","","910 L (240.4 gallons)","","Used","","","","","","","","","","","5.5 bar (79.8 psi)","100 °C (212 °F)","","","","","","","","","","","Pfaudler","","Glasslined","","","","","","","","Vertical","","","","","","","","","","","","Tank","Yes"
"245515","Glasslined Pfaudler  Tank - IPP# 245515","https://ims.internationalprocessplants.com/inventory/equipment/detail/245515","14","","","","","","","","","","1,900 L (500 gallons)","","Re-glassed","","1,200 mm (48 in)","","","Very Clean (VC)","Full Fire Polish (FF)","","","","","3.4 bar (50 psi)","232.2 °C (450 °F)","","","","","","","","","","","Pfaudler","Yes","Glasslined","","","","","","","","Vertical","","","","1,450 mm (58 in)","","Legs","","","","","","Tank",""
"245543","Stainless Steel 316  Tank - IPP# 245543","https://ims.internationalprocessplants.com/inventory/equipment/detail/245543","7","","","","","","","","","","18,950 L (5,000 gallons)","","Used","","2,150 mm (84 in)","","","","","","","","","","","","","","","","","","","","","","","Stainless Steel 316","","","","","","","","Vertical","","","","5,000 mm (196 in)","","","","","","","","Tank",""
"245544","Stainless Steel 316  Tank - IPP# 245544","https://ims.internationalprocessplants.com/inventory/equipment/detail/245544","9","","","","","","","","","","18,950 L (5,000 gallons)","","Used","","2,150 mm (84 in)","","","","","","","","","","","","","","","","","","","","","","Yes","Stainless Steel 316","","","","","","","","Vertical","","","","4,550 mm (180 in)","","Frame Mounted with Feet","","","","","","Tank",""
"245564","Stainless Steel 304 Paul Mueller Tank - IPP# 245564","https://ims.internationalprocessplants.com/inventory/equipment/detail/245564","14","","","","","","","","","","189.3 L (50 gallons)","","Used","","","","","","","","","","","3.4 bar (50 psi)","176.7 °C (350 °F)","","","Stainless Steel 304","","3.4 bar (50 psi)","176.7 °C (350 °F)","Dimple","","","","Paul Mueller","","Stainless Steel 304","","","","","","","","Vertical","","","","","","Feet","","","","","","Tank","Yes"
"245650","New/Unused Stainless Steel 304 Shandong HG Machinery Co., LTD.  Fermenter - IPP# 245650","https://ims.internationalprocessplants.com/inventory/equipment/detail/245650","24","","","","Yes","Welded","","Cone","Yes","13,000 L (3,450 gal)","","","Used","","2,200 mm (86 in)","","","","","","","Normal Polish","","","","Dimple","Stainless Steel 304","","","3 bar (43.5 psi)","-15.6 °C (4 °F)","","3,500 mm (137 in)","Yes","","Shandong HG Machinery Co., LTD.","","Stainless Steel 304","","","","","","540 x 440 mm man way, 102 mm Hop Adding port, 89 mm Tri clam CIP, 51 mm tri clamp Breather, Four 38 mm tri clamps(various)","3","Vertical","3 bar (43.5 psi)","","","","","","","Legs","Welded","","Dish","Fermenter",""
"245795","Stainless Steel 304  Tank - IPP# 245795","https://ims.internationalprocessplants.com/inventory/equipment/detail/245795","9","","","","","","","","","","41,350 L (10,900 gallons)","","Used","","4,500 mm (177.2 in)","","Yes","","","","","","","","","","","","","","","","","","","","","Stainless Steel 304","","","","","","","","Vertical","","","","2,550 mm (100.4 in)","","Base Mounted","","","","","","Tank",""
"245796","Stainless Steel Other  Tank - IPP# 245796","https://ims.internationalprocessplants.com/inventory/equipment/detail/245796","8","","","","","","","","","","30,400 L (8,050 gallons)","","Used","","2,400 mm (94.5 in)","","","","","","","","","","","","","","","","","","","","","","","Stainless Steel Other","","","","","","","","Vertical","","","","6,250 mm (246.9 in)","","Base Mounted","","","","","","Tank",""
"245800","Pfaudler P Series 30 Gal Glass-Lined Vertical Tank - IPP# 245800","https://ims.internationalprocessplants.com/inventory/equipment/detail/245800","11","","","","","","","","","","113.6 L (30 gallons)","","Re-glassed","","","","","","","","","","","2.1 bar (30 psi)","343.3 °C (650 °F)","","","Carbon Steel","","","","Standard","","","","Pfaudler","","Glasslined","P series","","","","","","","Vertical","","","","","","","","","","","","Tank",""
"245841","Aluminum  Tank - IPP# 245841","https://ims.internationalprocessplants.com/inventory/equipment/detail/245841","8","","","","","","","","","","4,250 L (1,100 gallons)","","Used","","2,000 mm (78.7 in)","","","","","","","","","","","","","","","","","","","","","","","Aluminum","","","","","","","","Vertical","","","","1,100 mm (43.3 in)","","Legs","","","","","","Tank",""
"245842","Carbon Steel SiCC spa 2000/10354 Tank - IPP# 245842","https://ims.internationalprocessplants.com/inventory/equipment/detail/245842","14","Yes","","","","","","","","","2,000 L (528 gallons)","","Used","","1,000 mm (39.4 in)","","","","","","","","","42 bar (609 psi)","70 °C (158 °F)","","","","","","","","","","","SiCC spa","","Carbon Steel","2000/10354","","","","","","","Vertical","","","","2,000 mm (78.7 in)","","Legs","","","","","","Tank","Yes"
"245843","Carbon Steel  Tank - IPP# 245843","https://ims.internationalprocessplants.com/inventory/equipment/detail/245843","12","","","","","","","","","","3,500 L (925 gallons)","","Used","","1,600 mm (63 in)","","","","","","","","","4 bar (58 psi)","7 °C (44.6 °F)","","","Carbon Steel","","","","Half Pipe/Limpet","","","","","","Carbon Steel","","","","","","","","Vertical","","","","1,800 mm (70.9 in)","","Legs","","","","","","Tank",""
"245844","Carbon Steel Serbatoi Autoclavi  Tank - IPP# 245844","https://ims.internationalprocessplants.com/inventory/equipment/detail/245844","12","Yes","","","","","","","","","5,000 L (1,300 gallons)","","Used","","1,500 mm (59.1 in)","","","","","","","","","12 bar (174 psi)","7 °C (44.6 °F)","","","","","","","","","","","Serbatoi Autoclavi","","Carbon Steel","","","","","","","","Vertical","","","","2,000 mm (78.7 in)","","Legs","","","","","","Tank",""
"245845","Fiberglass  Tank - IPP# 245845","https://ims.internationalprocessplants.com/inventory/equipment/detail/245845","8","","","","","","","","","","14,200 L (3,750 gallons)","","Used","","2,000 mm (78.7 in)","","","","","","","","","","","","","","","","","","","","","","","Fiberglass","","","","","","","","Vertical","","","","3,850 mm (151.6 in)","","Legs","","","","","","Tank",""
"245846","Fiberglass Selip CT/150 Tank - IPP# 245846","https://ims.internationalprocessplants.com/inventory/equipment/detail/245846","10","","","","","","","","","","15,300 L (4,050 gallons)","","Used","","2,200 mm (86.6 in)","","","","","","","","","","","","","","","","","","","","","Selip","","Fiberglass","CT/150","","","","","","","Horizontal","","","","3,200 mm (126.8 in)","","Saddle","","","","","","Tank",""
"245847","Fiberglass Selip CT/150 Tank - IPP# 245847","https://ims.internationalprocessplants.com/inventory/equipment/detail/245847","10","","","","","","","","","","15,300 L (4,050 gallons)","","Used","","2,200 mm (86.6 in)","","","","","","","","","","","","","","","","","","","","","Selip","","Fiberglass","CT/150","","","","","","","Horizontal","","","","3,200 mm (126.8 in)","","Saddle","","","","","","Tank",""
"245848","Fiberglass Selip CT/150 Tank - IPP# 245848","https://ims.internationalprocessplants.com/inventory/equipment/detail/245848","10","","","","","","","","","","15,300 L (4,050 gallons)","","Used","","2,200 mm (86.6 in)","","","","","","","","","","","","","","","","","","","","","Selip","","Fiberglass","CT/150","","","","","","","Horizontal","","","","3,200 mm (126.8 in)","","Saddle","","","","","","Tank",""
"245849","Fiberglass Selip CT/150 Tank - IPP# 245849","https://ims.internationalprocessplants.com/inventory/equipment/detail/245849","10","","","","","","","","","","15,300 L (4,050 gallons)","","Used","","2,200 mm (86.6 in)","","","","","","","","","","","","","","","","","","","","","Selip","","Fiberglass","CT/150","","","","","","","Horizontal","","","","3,200 mm (126.8 in)","","Saddle","","","","","","Tank",""
"245850","Fiberglass CT/150 Tank - IPP# 245850","https://ims.internationalprocessplants.com/inventory/equipment/detail/245850","11","","","","","","","","","","15,300 L (4,050 gallons)","","Used","","2,200 mm (86.6 in)","","Yes","","","","","","","","","","","","","","","","","","","","Yes","Fiberglass","CT/150","","","","","","","Horizontal","","","","3,200 mm (126.8 in)","","Saddle","","","","","","Tank",""
"245851","Fiberglass Selip CT/150 Tank - IPP# 245851","https://ims.internationalprocessplants.com/inventory/equipment/detail/245851","10","","","","","","","","","","15,300 L (4,050 gallons)","","Used","","2,200 mm (86.6 in)","","","","","","","","","","","","","","","","","","","","","Selip","","Fiberglass","CT/150","","","","","","","Horizontal","","","","3,200 mm (126.8 in)","","Saddle","","","","","","Tank",""
"245852","Unused Fiberglass  Tank - IPP# 245852","https://ims.internationalprocessplants.com/inventory/equipment/detail/245852","9","","","","","","","","","","16,000 L (4,250 gallons)","","Unused","","2,300 mm (90.6 in)","","","","","","","","","","","","","","","","","","","","","","Yes","Fiberglass","","","","","","","","Horizontal","","","","4,350 mm (171.3 in)","","Saddle","","","","","","Tank",""
"245853","Unused Fiberglass  Tank - IPP# 245853","https://ims.internationalprocessplants.com/inventory/equipment/detail/245853","8","","","","","","","","","","16,000 L (4,250 gallons)","","Unused","","2,300 mm (90.6 in)","","","","","","","","","","","","","","","","","","","","","","","Fiberglass","","","","","","","","Horizontal","","","","4,350 mm (171.3 in)","","Saddle","","","","","","Tank",""
"245854","Unused Fiberglass  Tank - IPP# 245854","https://ims.internationalprocessplants.com/inventory/equipment/detail/245854","8","","","","","","","","","","18,450 L (4,900 gallons)","","Unused","","2,300 mm (90.6 in)","","","","","","","","","","","","","","","","","","","","","","","Fiberglass","","","","","","","","Horizontal","","","","3,800 mm (149 in)","","Saddle","","","","","","Tank",""
"245855","Unused Fiberglass  Tank - IPP# 245855","https://ims.internationalprocessplants.com/inventory/equipment/detail/245855","8","","","","","","","","","","20,150 L (5,300 gallons)","","Unused","","2,300 mm (90.6 in)","","","","","","","","","","","","","","","","","","","","","","","Fiberglass","","","","","","","","Horizontal","","","","4,350 mm (171.3 in)","","Saddle","","","","","","Tank",""
"245856","Unused Fiberglass Selip CTT/200 Tank - IPP# 245856","https://ims.internationalprocessplants.com/inventory/equipment/detail/245856","10","","","","","","","","","","20,500 L (5,400 gallons)","","Unused","","2,500 mm (98.4 in)","","","","","","","","","","","","","","","","","","","","","Selip","","Fiberglass","CTT/200","","","","","","","Horizontal","","","","3,250 mm (128.3 in)","","Saddle","","","","","","Tank",""
"245857","Unused Fiberglass Selip CTT/200 Tank - IPP# 245857","https://ims.internationalprocessplants.com/inventory/equipment/detail/245857","10","","","","","","","","","","20,500 L (5,400 gallons)","","Unused","","2,500 mm (98.4 in)","","","","","","","","","","","","","","","","","","","","","Selip","","Fiberglass","CTT/200","","","","","","","Horizontal","","","","3,250 mm (128.3 in)","","Saddle","","","","","","Tank",""
"245858","Unused Fiberglass Selip CTT/200 Tank - IPP# 245858","https://ims.internationalprocessplants.com/inventory/equipment/detail/245858","10","","","","","","","","","","20,500 L (5,400 gallons)","","Unused","","2,500 mm (98.4 in)","","","","","","","","","","","","","","","","","","","","","Selip","","Fiberglass","CTT/200","","","","","","","Horizontal","","","","3,250 mm (128.3 in)","","Saddle","","","","","","Tank",""
"245859","Unused Fiberglass Selip CTT/200 Tank - IPP# 245859","https://ims.internationalprocessplants.com/inventory/equipment/detail/245859","10","","","","","","","","","","20,500 L (5,400 gallons)","","Unused","","2,500 mm (98.4 in)","","","","","","","","","","","","","","","","","","","","","Selip","","Fiberglass","CTT/200","","","","","","","Horizontal","","","","3,250 mm (128.3 in)","","Saddle","","","","","","Tank",""
"245860","Unused Fiberglass Selip CTT/200 Tank - IPP# 245860","https://ims.internationalprocessplants.com/inventory/equipment/detail/245860","10","","","","","","","","","","20,500 L (5,400 gallons)","","Unused","","2,500 mm (98.4 in)","","","","","","","","","","","","","","","","","","","","","Selip","","Fiberglass","CTT/200","","","","","","","Horizontal","","","","3,250 mm (128.3 in)","","Saddle","","","","","","Tank",""
"245861","Unused Fiberglass Selip CTT/200 Tank - IPP# 245861","https://ims.internationalprocessplants.com/inventory/equipment/detail/245861","10","","","","","","","","","","20,500 L (5,400 gallons)","","Unused","","2,500 mm (98.4 in)","","","","","","","","","","","","","","","","","","","","","Selip","","Fiberglass","CTT/200","","","","","","","Horizontal","","","","3,250 mm (128.3 in)","","Saddle","","","","","","Tank",""
"245862","Fiberglass  Tank - IPP# 245862","https://ims.internationalprocessplants.com/inventory/equipment/detail/245862","8","","","","","","","","","","22,750 L (6,000 gallons)","","Used","","2,800 mm (110.2 in)","","","","","","","","","","","","","","","","","","","","","","","Fiberglass","","","","","","","","Horizontal","","","","3,600 mm (141.7 in)","","Saddle","","","","","","Tank",""
"245863","Fiberglass Selip CT/250 Tank - IPP# 245863","https://ims.internationalprocessplants.com/inventory/equipment/detail/245863","10","","","","","","","","","","25,000 L (6,600 gallons)","","Used","","2,200 mm (86.6 in)","","","","","","","","","","","","","","","","","","","","","Selip","","Fiberglass","CT/250","","","","","","","Horizontal","","","","5,800 mm (228.3 in)","","Saddle","","","","","","Tank",""
"245864","Fiberglass Selip CT/400 Tank - IPP# 245864","https://ims.internationalprocessplants.com/inventory/equipment/detail/245864","10","","","","","","","","","","40,600 L (10,750 gallons)","","Used","","2,500 mm (98.4 in)","","","","","","","","","","","","","","","","","","","","","Selip","","Fiberglass","CT/400","","","","","","","Horizontal","","","","7,350 mm (289.4 in)","","Saddle","","","","","","Tank",""
"245865","Fiberglass Selip CT/400 Tank - IPP# 245865","https://ims.internationalprocessplants.com/inventory/equipment/detail/245865","10","","","","","","","","","","40,600 L (10,750 gallons)","","Used","","2,500 mm (98.4 in)","","","","","","","","","","","","","","","","","","","","","Selip","","Fiberglass","CT/400","","","","","","","Horizontal","","","","7,350 mm (289.4 in)","","Saddle","","","","","","Tank",""
"245866","Fiberglass Selip ST/600 Tank - IPP# 245866","https://ims.internationalprocessplants.com/inventory/equipment/detail/245866","9","","","","","","","","","","62,200 L (16,450 gallons)","","Used","","3,000 mm (118.1 in)","","","","","","","","","","","","","","","","","","","","","Selip","","Fiberglass","ST/600","","","","","","","Vertical","","","","8,800 mm (346.5 in)","","","","","","","","Tank",""
"245867","Fiberglass  Tank - IPP# 245867","https://ims.internationalprocessplants.com/inventory/equipment/detail/245867","8","","","","","","","","","","100,600 L (26,550 gallons)","","Used","","4,000 mm (157.5 in)","","Yes","","","","","","","","","","","","","","","","","","","","","Fiberglass","","","","","","","","Vertical","","","","7,350 mm (289 in)","","","","","","","","Tank",""
"245868","Fiberglass  Tank - IPP# 245868","https://ims.internationalprocessplants.com/inventory/equipment/detail/245868","7","","","","","","","","","","99,850 L (26,350 gallons)","","Used","","4,000 mm (157.5 in)","","","","","","","","","","","","","","","","","","","","","","","Fiberglass","","","","","","","","Vertical","","","","7,200 mm (283.5 in)","","","","","","","","Tank",""
"245869","Fiberglass  Tank - IPP# 245869","https://ims.internationalprocessplants.com/inventory/equipment/detail/245869","7","","","","","","","","","","99,850 L (26,350 gallons)","","Used","","4,000 mm (157.5 in)","","","","","","","","","","","","","","","","","","","","","","","Fiberglass","","","","","","","","Vertical","","","","7,200 mm (283.5 in)","","","","","","","","Tank",""
"245870","Fiberglass Selip ST/1000 Tank - IPP# 245870","https://ims.internationalprocessplants.com/inventory/equipment/detail/245870","9","","","","","","","","","","99,850 L (26,350 gallons)","","Used","","4,000 mm (157.5 in)","","","","","","","","","","","","","","","","","","","","","Selip","","Fiberglass","ST/1000","","","","","","","Vertical","","","","7,200 mm (283.5 in)","","","","","","","","Tank",""
"245871","Fiberglass  Tank - IPP# 245871","https://ims.internationalprocessplants.com/inventory/equipment/detail/245871","7","","","","","","","","","","99,850 L (26,350 gallons)","","Used","","4,000 mm (157.5 in)","","","","","","","","","","","","","","","","","","","","","","","Fiberglass","","","","","","","","Vertical","","","","7,200 mm (283.5 in)","","","","","","","","Tank",""
"245872","Fiberglass  Tank - IPP# 245872","https://ims.internationalprocessplants.com/inventory/equipment/detail/245872","7","","","","","","","","","","99,850 L (26,350 gallons)","","Used","","4,000 mm (157.5 in)","","","","","","","","","","","","","","","","","","","","","","","Fiberglass","","","","","","","","Vertical","","","","7,200 mm (283.5 in)","","","","","","","","Tank",""
"245873","Fiberglass  Tank - IPP# 245873","https://ims.internationalprocessplants.com/inventory/equipment/detail/245873","7","","","","","","","","","","99,850 L (26,350 gallons)","","Used","","4,000 mm (157.5 in)","","","","","","","","","","","","","","","","","","","","","","","Fiberglass","","","","","","","","Vertical","","","","7,200 mm (283.5 in)","","","","","","","","Tank",""
"245874","Fiberglass  Tank - IPP# 245874","https://ims.internationalprocessplants.com/inventory/equipment/detail/245874","7","","","","","","","","","","99,850 L (26,350 gallons)","","Used","","4,000 mm (157.5 in)","","","","","","","","","","","","","","","","","","","","","","","Fiberglass","","","","","","","","Vertical","","","","7,200 mm (283.5 in)","","","","","","","","Tank",""
"245875","Fiberglass  Tank - IPP# 245875","https://ims.internationalprocessplants.com/inventory/equipment/detail/245875","7","","","","","","","","","","99,850 L (26,350 gallons)","","Used","","4,000 mm (157.5 in)","","","","","","","","","","","","","","","","","","","","","","","Fiberglass","","","","","","","","Vertical","","","","7,200 mm (283.5 in)","","","","","","","","Tank",""
"245876","Fiberglass  Tank - IPP# 245876","https://ims.internationalprocessplants.com/inventory/equipment/detail/245876","7","","","","","","","","","","99,850 L (26,350 gallons)","","Used","","4,000 mm (157.5 in)","","","","","","","","","","","","","","","","","","","","","","","Fiberglass","","","","","","","","Vertical","","","","7,200 mm (283.5 in)","","","","","","","","Tank",""
"245877","Fiberglass  Tank - IPP# 245877","https://ims.internationalprocessplants.com/inventory/equipment/detail/245877","7","","","","","","","","","","99,850 L (26,350 gallons)","","Used","","4,000 mm (157.5 in)","","","","","","","","","","","","","","","","","","","","","","","Fiberglass","","","","","","","","Vertical","","","","7,200 mm (283.5 in)","","","","","","","","Tank",""
"245878","Fiberglass  Tank - IPP# 245878","https://ims.internationalprocessplants.com/inventory/equipment/detail/245878","7","","","","","","","","","","99,850 L (26,350 gallons)","","Used","","4,000 mm (157.5 in)","","","","","","","","","","","","","","","","","","","","","","","Fiberglass","","","","","","","","Vertical","","","","7,200 mm (283.5 in)","","","","","","","","Tank",""
"245879","Fiberglass  Tank - IPP# 245879","https://ims.internationalprocessplants.com/inventory/equipment/detail/245879","7","","","","","","","","","","99,850 L (26,350 gallons)","","Used","","4,000 mm (157.5 in)","","","","","","","","","","","","","","","","","","","","","","","Fiberglass","","","","","","","","Vertical","","","","7,200 mm (283.5 in)","","","","","","","","Tank",""
"245880","Fiberglass  Tank - IPP# 245880","https://ims.internationalprocessplants.com/inventory/equipment/detail/245880","7","","","","","","","","","","99,850 L (26,350 gallons)","","Used","","4,000 mm (157.5 in)","","","","","","","","","","","","","","","","","","","","","","","Fiberglass","","","","","","","","Vertical","","","","7,200 mm (283.5 in)","","","","","","","","Tank",""
"245881","Fiberglass Selip ST/1000 Tank - IPP# 245881","https://ims.internationalprocessplants.com/inventory/equipment/detail/245881","9","","","","","","","","","","100,000 L (26,400 gallons)","","Used","","4,000 mm (157.5 in)","","","","","","","","","","","","","","","","","","","","","Selip","","Fiberglass","ST/1000","","","","","","","Vertical","","","","8,100 mm (318.1 in)","","","","","","","","Tank",""
"245882","Fiberglass Selip  Tank - IPP# 245882","https://ims.internationalprocessplants.com/inventory/equipment/detail/245882","12","","","","","","","","","","200,300 L (52,900 gallons)","","Used","","4,000 mm (157.5 in)","","Yes","","","","","","","0.02 bar (0.29 psi)","60 °C (140 °F)","","","","","","","","","","","Selip","","Fiberglass","","","","","","","","Vertical","","","","15,300 mm (603 in)","","","","","","","","Tank","Yes"
"245883","Fiberglass Selip S/2000 Tank - IPP# 245883","https://ims.internationalprocessplants.com/inventory/equipment/detail/245883","11","","","","","","","","","","200,000 L (52,850 gallons)","","Used","","4,200 mm (165.4 in)","","","","","","","","","2 bar (29 psi)","60 °C (140 °F)","","","","","","","","","","","Selip","","Fiberglass","S/2000","","","","","","","Vertical","","","","16,000 mm (630 in)","","","","","","","","Tank",""
"245884","Stainless Steel 304 Antico Olindo e Cesare srl AMCzme 8 Tank - IPP# 245884","https://ims.internationalprocessplants.com/inventory/equipment/detail/245884","11","","","","","","","","","","70 L (18.5 gallons)","","Used","","340 mm (13.4 in)","Yes","","","","","","","","","","","","","","","","","","","","Antico Olindo e Cesare srl","","Stainless Steel 304","AMCzme 8","","","1.5 kW (2 HP)","","","","Vertical","","","","800 mm (31.5 in)","","","","","","","","Tank",""
"245885","Stainless Steel 304  Tank - IPP# 245885","https://ims.internationalprocessplants.com/inventory/equipment/detail/245885","8","","","","","","","","","","752 L (198.7 gallons)","","Used","","1,000 mm (39.4 in)","Yes","","","","","","","","","","","","","","","","","","","","","","Stainless Steel 304","","","","","","","","Vertical","","","","955 mm (37.6 in)","","","","","","","","Tank",""
"245886","Stainless Steel 304  Tank - IPP# 245886","https://ims.internationalprocessplants.com/inventory/equipment/detail/245886","8","","","","","","","","","","752 L (198.7 gallons)","","Used","","1,000 mm (39.4 in)","Yes","","","","","","","","","","","","","","","","","","","","","","Stainless Steel 304","","","","","","","","Vertical","","","","955 mm (37.6 in)","","","","","","","","Tank",""
"245887","Stainless Steel 304  Tank - IPP# 245887","https://ims.internationalprocessplants.com/inventory/equipment/detail/245887","8","","","","","","","","","","752 L (198.7 gallons)","","Used","","1,000 mm (39.4 in)","Yes","","","","","","","","","","","","","","","","","","","","","","Stainless Steel 304","","","","","","","","Vertical","","","","955 mm (37.6 in)","","","","","","","","Tank",""
"245888","Stainless Steel 304  Tank - IPP# 245888","https://ims.internationalprocessplants.com/inventory/equipment/detail/245888","8","","","","","","","","","","752 L (198.7 gallons)","","Used","","1,000 mm (39.4 in)","Yes","","","","","","","","","","","","","","","","","","","","","","Stainless Steel 304","","","","","","","","Vertical","","","","955 mm (37.6 in)","","","","","","","","Tank",""
"245889","Stainless Steel 304  Tank - IPP# 245889","https://ims.internationalprocessplants.com/inventory/equipment/detail/245889","8","","","","","","","","","","752 L (198.7 gallons)","","Used","","1,000 mm (39.4 in)","Yes","","","","","","","","","","","","","","","","","","","","","","Stainless Steel 304","","","","","","","","Vertical","","","","955 mm (37.6 in)","","","","","","","","Tank",""
"245890","Stainless Steel 304  Tank - IPP# 245890","https://ims.internationalprocessplants.com/inventory/equipment/detail/245890","8","","","","","","","","","","752 L (198.7 gallons)","","Used","","1,000 mm (39.4 in)","Yes","","","","","","","","","","","","","","","","","","","","","","Stainless Steel 304","","","","","","","","Vertical","","","","955 mm (37.6 in)","","","","","","","","Tank",""
"245891","Stainless Steel 304  Tank - IPP# 245891","https://ims.internationalprocessplants.com/inventory/equipment/detail/245891","8","","","","","","","","","","752 L (198.7 gallons)","","Used","","1,000 mm (39.4 in)","Yes","","","","","","","","","","","","","","","","","","","","","","Stainless Steel 304","","","","","","","","Vertical","","","","955 mm (37.6 in)","","","","","","","","Tank",""
"245892","Stainless Steel 304  Tank - IPP# 245892","https://ims.internationalprocessplants.com/inventory/equipment/detail/245892","8","","","","","","","","","","752 L (198.7 gallons)","","Used","","1,000 mm (39.4 in)","Yes","","","","","","","","","","","","","","","","","","","","","","Stainless Steel 304","","","","","","","","Vertical","","","","955 mm (37.6 in)","","","","","","","","Tank",""
"245893","Stainless Steel 304  Tank - IPP# 245893","https://ims.internationalprocessplants.com/inventory/equipment/detail/245893","8","","","","","","","","","","752 L (198.7 gallons)","","Used","","1,000 mm (39.4 in)","Yes","","","","","","","","","","","","","","","","","","","","","","Stainless Steel 304","","","","","","","","Vertical","","","","955 mm (37.6 in)","","","","","","","","Tank",""
"245894","Stainless Steel 304  Tank - IPP# 245894","https://ims.internationalprocessplants.com/inventory/equipment/detail/245894","8","","","","","","","","","","752 L (198.7 gallons)","","Used","","1,000 mm (39.4 in)","Yes","","","","","","","","","","","","","","","","","","","","","","Stainless Steel 304","","","","","","","","Vertical","","","","955 mm (37.6 in)","","","","","","","","Tank",""
"245895","Stainless Steel 304  Tank - IPP# 245895","https://ims.internationalprocessplants.com/inventory/equipment/detail/245895","8","","","","","","","","","","752 L (198.7 gallons)","","Used","","1,000 mm (39.4 in)","Yes","","","","","","","","","","","","","","","","","","","","","","Stainless Steel 304","","","","","","","","Vertical","","","","955 mm (37.6 in)","","","","","","","","Tank",""
"245896","Stainless Steel 304  Tank - IPP# 245896","https://ims.internationalprocessplants.com/inventory/equipment/detail/245896","8","","","","","","","","","","752 L (198.7 gallons)","","Used","","1,000 mm (39.4 in)","Yes","","","","","","","","","","","","","","","","","","","","","","Stainless Steel 304","","","","","","","","Vertical","","","","955 mm (37.6 in)","","","","","","","","Tank",""
"245897","Stainless Steel 304  Tank - IPP# 245897","https://ims.internationalprocessplants.com/inventory/equipment/detail/245897","8","","","","","","","","","","752 L (198.7 gallons)","","Used","","1,000 mm (39.4 in)","Yes","","","","","","","","","","","","","","","","","","","","","","Stainless Steel 304","","","","","","","","Vertical","","","","955 mm (37.6 in)","","","","","","","","Tank",""
"245898","Stainless Steel 304  Tank - IPP# 245898","https://ims.internationalprocessplants.com/inventory/equipment/detail/245898","8","","","","","","","","","","752 L (198.7 gallons)","","Used","","1,000 mm (39.4 in)","Yes","","","","","","","","","","","","","","","","","","","","","","Stainless Steel 304","","","","","","","","Vertical","","","","955 mm (37.6 in)","","","","","","","","Tank",""
"245899","Stainless Steel 304  Tank - IPP# 245899","https://ims.internationalprocessplants.com/inventory/equipment/detail/245899","8","","","","","","","","","","752 L (198.7 gallons)","","Used","","1,000 mm (39.4 in)","Yes","","","","","","","","","","","","","","","","","","","","","","Stainless Steel 304","","","","","","","","Vertical","","","","955 mm (37.6 in)","","","","","","","","Tank",""
"245900","Stainless Steel 304  Tank - IPP# 245900","https://ims.internationalprocessplants.com/inventory/equipment/detail/245900","8","","","","","","","","","","752 L (198.7 gallons)","","Used","","1,000 mm (39.4 in)","Yes","","","","","","","","","","","","","","","","","","","","","","Stainless Steel 304","","","","","","","","Vertical","","","","955 mm (37.6 in)","","","","","","","","Tank",""
"245901","Stainless Steel 304  Tank - IPP# 245901","https://ims.internationalprocessplants.com/inventory/equipment/detail/245901","8","","","","","","","","","","752 L (198.7 gallons)","","Used","","1,000 mm (39.4 in)","Yes","","","","","","","","","","","","","","","","","","","","","","Stainless Steel 304","","","","","","","","Vertical","","","","955 mm (37.6 in)","","","","","","","","Tank",""
"245902","Stainless Steel 304  Tank - IPP# 245902","https://ims.internationalprocessplants.com/inventory/equipment/detail/245902","8","","","","","","","","","","752 L (198.7 gallons)","","Used","","1,000 mm (39.4 in)","Yes","","","","","","","","","","","","","","","","","","","","","","Stainless Steel 304","","","","","","","","Vertical","","","","955 mm (37.6 in)","","","","","","","","Tank",""
"245903","Stainless Steel 304  Tank - IPP# 245903","https://ims.internationalprocessplants.com/inventory/equipment/detail/245903","8","","","","","","","","","","752 L (198.7 gallons)","","Used","","1,000 mm (39.4 in)","Yes","","","","","","","","","","","","","","","","","","","","","","Stainless Steel 304","","","","","","","","Vertical","","","","955 mm (37.6 in)","","","","","","","","Tank",""
"245904","Stainless Steel 304  Tank - IPP# 245904","https://ims.internationalprocessplants.com/inventory/equipment/detail/245904","8","","","","","","","","","","752 L (198.7 gallons)","","Used","","1,000 mm (39.4 in)","Yes","","","","","","","","","","","","","","","","","","","","","","Stainless Steel 304","","","","","","","","Vertical","","","","955 mm (37.6 in)","","","","","","","","Tank",""
"245905","Stainless Steel 304  Tank - IPP# 245905","https://ims.internationalprocessplants.com/inventory/equipment/detail/245905","8","","","","","","","","","","752 L (198.7 gallons)","","Used","","1,000 mm (39.4 in)","Yes","","","","","","","","","","","","","","","","","","","","","","Stainless Steel 304","","","","","","","","Vertical","","","","955 mm (37.6 in)","","","","","","","","Tank",""
"245906","Stainless Steel 304  Tank - IPP# 245906","https://ims.internationalprocessplants.com/inventory/equipment/detail/245906","8","","","","","","","","","","752 L (198.7 gallons)","","Used","","1,000 mm (39.4 in)","Yes","","","","","","","","","","","","","","","","","","","","","","Stainless Steel 304","","","","","","","","Vertical","","","","955 mm (37.6 in)","","","","","","","","Tank",""
"245907","Stainless Steel 304  Tank - IPP# 245907","https://ims.internationalprocessplants.com/inventory/equipment/detail/245907","8","","","","","","","","","","752 L (198.7 gallons)","","Used","","1,000 mm (39.4 in)","Yes","","","","","","","","","","","","","","","","","","","","","","Stainless Steel 304","","","","","","","","Vertical","","","","955 mm (37.6 in)","","","","","","","","Tank",""
"245908","Stainless Steel 304  Tank - IPP# 245908","https://ims.internationalprocessplants.com/inventory/equipment/detail/245908","8","","","","","","","","","","752 L (198.7 gallons)","","Used","","1,000 mm (39.4 in)","Yes","","","","","","","","","","","","","","","","","","","","","","Stainless Steel 304","","","","","","","","Vertical","","","","955 mm (37.6 in)","","","","","","","","Tank",""
"245909","Stainless Steel 304  Tank - IPP# 245909","https://ims.internationalprocessplants.com/inventory/equipment/detail/245909","8","","","","","","","","","","752 L (198.7 gallons)","","Used","","1,000 mm (39.4 in)","Yes","","","","","","","","","","","","","","","","","","","","","","Stainless Steel 304","","","","","","","","Vertical","","","","955 mm (37.6 in)","","","","","","","","Tank",""
"245910","Stainless Steel 304  Tank - IPP# 245910","https://ims.internationalprocessplants.com/inventory/equipment/detail/245910","8","","","","","","","","","","752 L (198.7 gallons)","","Used","","1,000 mm (39.4 in)","Yes","","","","","","","","","","","","","","","","","","","","","","Stainless Steel 304","","","","","","","","Vertical","","","","955 mm (37.6 in)","","","","","","","","Tank",""
"245911","Stainless Steel 304  Tank - IPP# 245911","https://ims.internationalprocessplants.com/inventory/equipment/detail/245911","8","","","","","","","","","","752 L (198.7 gallons)","","Used","","1,000 mm (39.4 in)","Yes","","","","","","","","","","","","","","","","","","","","","","Stainless Steel 304","","","","","","","","Vertical","","","","955 mm (37.6 in)","","","","","","","","Tank",""
"245912","Stainless Steel 304 Broggi Impianti SNC  Tank - IPP# 245912","https://ims.internationalprocessplants.com/inventory/equipment/detail/245912","9","","","","","","","","","","752 L (198.7 gallons)","","Used","","1,000 mm (39.4 in)","","","","","","","","","","","","","","","","","","","","","Broggi Impianti SNC","Yes","Stainless Steel 304","","","","","","","","Vertical","","","","955 mm (37.6 in)","","","","","","","","Tank",""
"245913","Stainless Steel 304 Brevetti Mitalo Menoni SNC  Tank - IPP# 245913","https://ims.internationalprocessplants.com/inventory/equipment/detail/245913","11","","2-internal baffle plates on sidewall,","","","","","","","","1,150 L (303.8 gallons)","","Used","","1,200 mm (47.2 in)","Yes","","","","","","","","","","","","","","","","","","","","Brevetti Mitalo Menoni SNC","","Stainless Steel 304","","","","","","","","Vertical","","","","1,000 mm (39.4 in)","","Legs","","","","","","Tank",""
"245914","Stainless Steel 304 Brevetti Mitalo Menoni SNC  Tank - IPP# 245914","https://ims.internationalprocessplants.com/inventory/equipment/detail/245914","11","","2-internal baffle plates on sidewall,","","","","","","","","1,150 L (303.8 gallons)","","Used","","1,200 mm (47.2 in)","Yes","","","","","","","","","","","","","","","","","","","","Brevetti Mitalo Menoni SNC","","Stainless Steel 304","","","","","","","","Vertical","","","","1,000 mm (39.4 in)","","Legs","","","","","","Tank",""
"245915","Stainless Steel 304 Brevetti Mitalo Menoni SNC  Tank - IPP# 245915","https://ims.internationalprocessplants.com/inventory/equipment/detail/245915","11","","2-internal baffle plates on sidewall,","","","","","","","","1,150 L (303.8 gallons)","","Used","","1,200 mm (47.2 in)","Yes","","","","","","","","","","","","","","","","","","","","Brevetti Mitalo Menoni SNC","","Stainless Steel 304","","","","","","","","Vertical","","","","1,000 mm (39.4 in)","","Legs","","","","","","Tank",""
"245916","Stainless Steel 304 Brevetti Mitalo Menoni SNC  Tank - IPP# 245916","https://ims.internationalprocessplants.com/inventory/equipment/detail/245916","11","","2-internal baffle plates on sidewall,","","","","","","","","1,150 L (303.8 gallons)","","Used","","1,200 mm (47.2 in)","Yes","","","","","","","","","","","","","","","","","","","","Brevetti Mitalo Menoni SNC","","Stainless Steel 304","","","","","","","","Vertical","","","","1,000 mm (39.4 in)","","Legs","","","","","","Tank",""
"245917","Stainless Steel 304 Brevetti Mitalo Menoni SNC  Tank - IPP# 245917","https://ims.internationalprocessplants.com/inventory/equipment/detail/245917","11","","2-internal baffle plates on sidewall,","","","","","","","","1,150 L (303.8 gallons)","","Used","","1,200 mm (47.2 in)","Yes","","","","","","","","","","","","","","","","","","","","Brevetti Mitalo Menoni SNC","","Stainless Steel 304","","","","","","","","Vertical","","","","1,000 mm (39.4 in)","","Legs","","","","","","Tank",""
"245918","Stainless Steel 304 Brevetti Mitalo Menoni SNC  Tank - IPP# 245918","https://ims.internationalprocessplants.com/inventory/equipment/detail/245918","11","","2-internal baffle plates on sidewall,","","","","","","","","1,150 L (303.8 gallons)","","Used","","1,200 mm (47.2 in)","Yes","","","","","","","","","","","","","","","","","","","","Brevetti Mitalo Menoni SNC","","Stainless Steel 304","","","","","","","","Vertical","","","","1,000 mm (39.4 in)","","Legs","","","","","","Tank",""
"245919","Stainless Steel 304 Brevetti Mitalo Menoni SNC  Tank - IPP# 245919","https://ims.internationalprocessplants.com/inventory/equipment/detail/245919","11","","2-internal baffle plates on sidewall,","","","","","","","","1,150 L (303.8 gallons)","","Used","","1,200 mm (47.2 in)","Yes","","","","","","","","","","","","","","","","","","","","Brevetti Mitalo Menoni SNC","","Stainless Steel 304","","","","","","","","Vertical","","","","1,000 mm (39.4 in)","","Legs","","","","","","Tank",""
"245920","Stainless Steel 304 Brevetti Mitalo Menoni SNC  Tank - IPP# 245920","https://ims.internationalprocessplants.com/inventory/equipment/detail/245920","11","","2-internal baffle plates on sidewall,","","","","","","","","1,150 L (303.8 gallons)","","Used","","1,200 mm (47.2 in)","Yes","","","","","","","","","","","","","","","","","","","","Brevetti Mitalo Menoni SNC","","Stainless Steel 304","","","","","","","","Vertical","","","","1,000 mm (39.4 in)","","Legs","","","","","","Tank",""
"245921","Stainless Steel 304 Brevetti Mitalo Menoni SNC  Tank - IPP# 245921","https://ims.internationalprocessplants.com/inventory/equipment/detail/245921","11","","2-internal baffle plates on sidewall,","","","","","","","","1,150 L (303.8 gallons)","","Used","","1,200 mm (47.2 in)","Yes","","","","","","","","","","","","","","","","","","","","Brevetti Mitalo Menoni SNC","","Stainless Steel 304","","","","","","","","Vertical","","","","1,000 mm (39.4 in)","","Legs","","","","","","Tank",""
"245922","Stainless Steel 304 Brevetti Mitalo Menoni SNC  Tank - IPP# 245922","https://ims.internationalprocessplants.com/inventory/equipment/detail/245922","11","","2-internal baffle plates on sidewall,","","","","","","","","1,150 L (303.8 gallons)","","Used","","1,200 mm (47.2 in)","Yes","","","","","","","","","","","","","","","","","","","","Brevetti Mitalo Menoni SNC","","Stainless Steel 304","","","","","","","","Vertical","","","","1,000 mm (39.4 in)","","Legs","","","","","","Tank",""
"245923","Stainless Steel 304  Tank - IPP# 245923","https://ims.internationalprocessplants.com/inventory/equipment/detail/245923","9","","","","","","","","","","1,400 L (368.3 gallons)","","Used","","1,000 mm (39.4 in)","","","","","","","","","","","","","","","","","","","","","","Yes","Stainless Steel 304","","","","","","","","Vertical","","","","1,750 mm (68.9 in)","","Legs","","","","","","Tank",""
"245924","Stainless Steel 316 Antico Olindo e Cesare srl  Tank - IPP# 245924","https://ims.internationalprocessplants.com/inventory/equipment/detail/245924","15","","3-internal baffle plates on sidewall","Sidewall Mounted Straight Baffle","","","","","","","1,200 L (317 gallons)","","Used","","1,250 mm (49.2 in)","Yes","","","","","","","","","80 °C (176 °F)","","","","","","","","","","","Antico Olindo e Cesare srl","Yes","Stainless Steel 316","","","","4 kW (5.4 HP)","","","","Vertical","","","","1,500 mm (59.1 in)","","Lugs","","","","","","Tank",""
"245925","Stainless Steel 304  Tank - IPP# 245925","https://ims.internationalprocessplants.com/inventory/equipment/detail/245925","8","","","","","","","","","","1,700 L (449.1 gallons)","","Used","","880 mm (34.6 in)","","","","","","","","","","","","","","","","","","","","","","","Stainless Steel 304","","","","","","","","Vertical","","","","2,900 mm (114.2 in)","","Skirt","","","","","","Tank",""
"245926","Stainless Steel 304  Tank - IPP# 245926","https://ims.internationalprocessplants.com/inventory/equipment/detail/245926","8","","","","","","","","","","1,700 L (449.1 gallons)","","Used","","880 mm (34.6 in)","","","","","","","","","","","","","","","","","","","","","","","Stainless Steel 304","","","","","","","","Vertical","","","","2,900 mm (114.2 in)","","Skirt","","","","","","Tank",""
"245927","Stainless Steel 304  Tank - IPP# 245927","https://ims.internationalprocessplants.com/inventory/equipment/detail/245927","12","","3-internal baffle plates on sidewall,","Sidewall Mounted Straight Baffle","","","","","","","2,650 L (696 gallons)","","Used","","1,250 mm (48.8 in)","Yes","","","","","","","","","","","","","","","","","","","","","Yes","Stainless Steel 304","","","","","","","","Vertical","","","","2,050 mm (80.7 in)","","Lugs","","","","","","Tank",""
"245928","Stainless Steel 304  Tank - IPP# 245928","https://ims.internationalprocessplants.com/inventory/equipment/detail/245928","15","","3-internal baffle plates on sidewall,","Sidewall Mounted Straight Baffle","","","","","","","2,000 L (528 gallons)","","Used","","1,200 mm (47.2 in)","Yes","","","","","","","","","","","","","","","","","","","","","Yes","Stainless Steel 304","","50","","2.2 kW (3 HP)","1,440","","","Vertical","","","","1,800 mm (70.9 in)","","Lugs","","","","","","Tank",""
"245929","Stainless Steel 304  Tank - IPP# 245929","https://ims.internationalprocessplants.com/inventory/equipment/detail/245929","7","","","","","","","","","","2,450 L (644 gallons)","","Used","","1,250 mm (49.2 in)","","","","","","","","","","","","","","","","","","","","","","","Stainless Steel 304","","","","","","","","Vertical","","","","1,950 mm (77.7 in)","","","","","","","","Tank",""
"245930","Stainless Steel 304  Tank - IPP# 245930","https://ims.internationalprocessplants.com/inventory/equipment/detail/245930","7","","","","","","","","","","2,450 L (644 gallons)","","Used","","1,250 mm (49.2 in)","","","","","","","","","","","","","","","","","","","","","","","Stainless Steel 304","","","","","","","","Vertical","","","","1,950 mm (77.7 in)","","","","","","","","Tank",""
"245931","Stainless Steel 304  Tank - IPP# 245931","https://ims.internationalprocessplants.com/inventory/equipment/detail/245931","7","","","","","","","","","","2,450 L (644 gallons)","","Used","","1,250 mm (49.2 in)","","","","","","","","","","","","","","","","","","","","","","","Stainless Steel 304","","","","","","","","Vertical","","","","1,950 mm (77.7 in)","","","","","","","","Tank",""
"245932","Stainless Steel 304  Tank - IPP# 245932","https://ims.internationalprocessplants.com/inventory/equipment/detail/245932","7","","","","","","","","","","2,450 L (644 gallons)","","Used","","1,250 mm (49.2 in)","","","","","","","","","","","","","","","","","","","","","","","Stainless Steel 304","","","","","","","","Vertical","","","","1,950 mm (77.7 in)","","","","","","","","Tank",""
"245933","Stainless Steel 304  Tank - IPP# 245933","https://ims.internationalprocessplants.com/inventory/equipment/detail/245933","7","","","","","","","","","","2,450 L (644 gallons)","","Used","","1,250 mm (49.2 in)","","","","","","","","","","","","","","","","","","","","","","","Stainless Steel 304","","","","","","","","Vertical","","","","1,950 mm (77.7 in)","","","","","","","","Tank",""
"245934","Stainless Steel 304  Tank - IPP# 245934","https://ims.internationalprocessplants.com/inventory/equipment/detail/245934","7","","","","","","","","","","2,450 L (644 gallons)","","Used","","1,250 mm (49.2 in)","","","","","","","","","","","","","","","","","","","","","","","Stainless Steel 304","","","","","","","","Vertical","","","","1,950 mm (77.7 in)","","","","","","","","Tank",""
"245935","Stainless Steel 304  Tank - IPP# 245935","https://ims.internationalprocessplants.com/inventory/equipment/detail/245935","7","","","","","","","","","","2,450 L (644 gallons)","","Used","","1,250 mm (49.2 in)","","","","","","","","","","","","","","","","","","","","","","","Stainless Steel 304","","","","","","","","Vertical","","","","1,950 mm (77.7 in)","","","","","","","","Tank",""
"245936","Stainless Steel 304  Tank - IPP# 245936","https://ims.internationalprocessplants.com/inventory/equipment/detail/245936","7","","","","","","","","","","2,450 L (644 gallons)","","Used","","1,250 mm (49.2 in)","","","","","","","","","","","","","","","","","","","","","","","Stainless Steel 304","","","","","","","","Vertical","","","","1,950 mm (77.7 in)","","","","","","","","Tank",""
"245937","Stainless Steel 304  Tank - IPP# 245937","https://ims.internationalprocessplants.com/inventory/equipment/detail/245937","7","","","","","","","","","","2,450 L (644 gallons)","","Used","","1,250 mm (49.2 in)","","","","","","","","","","","","","","","","","","","","","","","Stainless Steel 304","","","","","","","","Vertical","","","","1,950 mm (77.7 in)","","","","","","","","Tank",""
"245938","Stainless Steel 304  Tank - IPP# 245938","https://ims.internationalprocessplants.com/inventory/equipment/detail/245938","7","","","","","","","","","","2,450 L (644 gallons)","","Used","","1,250 mm (49.2 in)","","","","","","","","","","","","","","","","","","","","","","","Stainless Steel 304","","","","","","","","Vertical","","","","1,950 mm (77.7 in)","","","","","","","","Tank",""
"245939","Stainless Steel 304  Tank - IPP# 245939","https://ims.internationalprocessplants.com/inventory/equipment/detail/245939","7","","","","","","","","","","2,450 L (644 gallons)","","Used","","1,250 mm (49.2 in)","","","","","","","","","","","","","","","","","","","","","","","Stainless Steel 304","","","","","","","","Vertical","","","","1,950 mm (77.7 in)","","","","","","","","Tank",""
"245940","Stainless Steel 304  Tank - IPP# 245940","https://ims.internationalprocessplants.com/inventory/equipment/detail/245940","7","","","","","","","","","","2,450 L (644 gallons)","","Used","","1,250 mm (49.2 in)","","","","","","","","","","","","","","","","","","","","","","","Stainless Steel 304","","","","","","","","Vertical","","","","1,950 mm (77.7 in)","","","","","","","","Tank",""
"245941","Stainless Steel 304  Tank - IPP# 245941","https://ims.internationalprocessplants.com/inventory/equipment/detail/245941","7","","","","","","","","","","2,450 L (644 gallons)","","Used","","1,250 mm (49.2 in)","","","","","","","","","","","","","","","","","","","","","","","Stainless Steel 304","","","","","","","","Vertical","","","","1,950 mm (77.7 in)","","","","","","","","Tank",""
"245942","Stainless Steel 304  Tank - IPP# 245942","https://ims.internationalprocessplants.com/inventory/equipment/detail/245942","7","","","","","","","","","","2,450 L (644 gallons)","","Used","","1,250 mm (49.2 in)","","","","","","","","","","","","","","","","","","","","","","","Stainless Steel 304","","","","","","","","Vertical","","","","1,950 mm (77.7 in)","","","","","","","","Tank",""
"245943","Stainless Steel 304  Tank - IPP# 245943","https://ims.internationalprocessplants.com/inventory/equipment/detail/245943","7","","","","","","","","","","2,450 L (644 gallons)","","Used","","1,250 mm (49.2 in)","","","","","","","","","","","","","","","","","","","","","","","Stainless Steel 304","","","","","","","","Vertical","","","","1,950 mm (77.7 in)","","","","","","","","Tank",""
"245963","Stainless Steel 304  Tank - IPP# 245963","https://ims.internationalprocessplants.com/inventory/equipment/detail/245963","7","","","","","","","","","","5,900 L (1,550 gallons)","","Used","","1,800 mm (70.9 in)","","","","","","","","","","","","","","","","","","","","","","","Stainless Steel 304","","","","","","","","Vertical","","","","2,300 mm (90.2 in)","","","","","","","","Tank",""
"245964","Stainless Steel 304  Tank - IPP# 245964","https://ims.internationalprocessplants.com/inventory/equipment/detail/245964","8","","","","","","","","","","3,200 L (845 gallons)","","Used","","1,400 mm (55.1 in)","","","","","","","","","","","","","","","","","","","","","","","Stainless Steel 304","","","","","","","","Vertical","","","","2,100 mm (82.7 in)","","Legs","","","","","","Tank",""
"245965","Stainless Steel 304  Tank - IPP# 245965","https://ims.internationalprocessplants.com/inventory/equipment/detail/245965","7","","","","","","","","","","3,200 L (845 gallons)","","Used","","1,450 mm (57.1 in)","","","","","","","","","","","","","","","","","","","","","","","Stainless Steel 304","","","","","","","","Vertical","","","","1,750 mm (68.5 in)","","","","","","","","Tank",""
"245966","Stainless Steel 304  Tank - IPP# 245966","https://ims.internationalprocessplants.com/inventory/equipment/detail/245966","9","","","","","","","","","","3,300 L (872 gallons)","","Used","","1,450 mm (57.1 in)","","","","","","","","","","","","","","","","","","","","","","Yes","Stainless Steel 304","","","","","","","","Vertical","","","","2,000 mm (78.7 in)","","Legs","","","","","","Tank",""
"245967","Stainless Steel 304  Tank - IPP# 245967","https://ims.internationalprocessplants.com/inventory/equipment/detail/245967","8","","","","","","","","","","3,000 L (793 gallons)","","Used","","1,200 mm (47.2 in)","","","","","","","","","","","","","","","","","","","","","","","Stainless Steel 304","","","","","","","","Vertical","","","","2,900 mm (114.2 in)","","Skirt","","","","","","Tank",""
"245968","Stainless Steel 304  Tank - IPP# 245968","https://ims.internationalprocessplants.com/inventory/equipment/detail/245968","8","","","","","","","","","","3,900 L (1,000 gallons)","","Used","","1,500 mm (59.1 in)","","","","","","","","","","","","","","","","","","","","","","","Stainless Steel 304","","","","","","","","Vertical","","","","2,200 mm (86.6 in)","","Legs","","","","","","Tank",""
"245969","Stainless Steel 304  Tank - IPP# 245969","https://ims.internationalprocessplants.com/inventory/equipment/detail/245969","10","","","","","","","","","","4,250 L (1,100 gallons)","","Used","","1,600 mm (63 in)","","","","","","","","","","","","","Carbon Steel","","","","Half Pipe/Limpet","","","","","","Stainless Steel 304","","","","","","","","Vertical","","","","1,800 mm (70.9 in)","","Legs","","","","","","Tank",""
"245970","Stainless Steel 304  Tank - IPP# 245970","https://ims.internationalprocessplants.com/inventory/equipment/detail/245970","10","","","","","","","","","","3,800 L (1,000 gallons)","","Used","","1,600 mm (63 in)","","","","","","","","","","","","","Carbon Steel","","","","Half Pipe/Limpet","","","","","","Stainless Steel 304","","","","","","","","Vertical","","","","1,800 mm (70.9 in)","","Lugs","","","","","","Tank",""
"245971","Stainless Steel 304  Tank - IPP# 245971","https://ims.internationalprocessplants.com/inventory/equipment/detail/245971","8","","","","","","","","","","3,950 L (1,050 gallons)","","Used","","1,600 mm (63 in)","","","","","","","","","","","","","","","","","","","","","","","Stainless Steel 304","","","","","","","","Vertical","","","","1,800 mm (70.9 in)","","Lugs","","","","","","Tank",""
"245972","Stainless Steel 304  Tank - IPP# 245972","https://ims.internationalprocessplants.com/inventory/equipment/detail/245972","8","","","","","","","","","","4,000 L (1,050 gallons)","","Used","","1,800 mm (70.9 in)","","","","","","","","","","","","","","","","","","","","","","","Stainless Steel 304","","","","","","","","Vertical","","","","1,500 mm (59.1 in)","","Legs","","","","","","Tank",""
"245973","Stainless Steel 304  Tank - IPP# 245973","https://ims.internationalprocessplants.com/inventory/equipment/detail/245973","8","","","","","","","","","","3,500 L (925 gallons)","","Used","","1,600 mm (62.5 in)","","","","","","","","","","","","","","","","","","","","","","","Stainless Steel 304","","","","","","","","Vertical","","","","1,950 mm (77.2 in)","","Skirt","","","","","","Tank",""
"245974","Stainless Steel 304  Tank - IPP# 245974","https://ims.internationalprocessplants.com/inventory/equipment/detail/245974","8","","","","","","","","","","3,500 L (925 gallons)","","Used","","1,600 mm (62.5 in)","","","","","","","","","","","","","","","","","","","","","","","Stainless Steel 304","","","","","","","","Vertical","","","","1,950 mm (77.2 in)","","Skirt","","","","","","Tank",""
"245975","Stainless Steel 304  Tank - IPP# 245975","https://ims.internationalprocessplants.com/inventory/equipment/detail/245975","8","","","","","","","","","","3,500 L (925 gallons)","","Used","","1,600 mm (62.5 in)","","","","","","","","","","","","","","","","","","","","","","","Stainless Steel 304","","","","","","","","Vertical","","","","1,950 mm (77.2 in)","","Skirt","","","","","","Tank",""
"245976","Stainless Steel 304  Tank - IPP# 245976","https://ims.internationalprocessplants.com/inventory/equipment/detail/245976","8","","","","","","","","","","3,500 L (925 gallons)","","Used","","1,600 mm (62.5 in)","","","","","","","","","","","","","","","","","","","","","","","Stainless Steel 304","","","","","","","","Vertical","","","","1,950 mm (77.2 in)","","Skirt","","","","","","Tank",""
"245977","Stainless Steel 304  Tank - IPP# 245977","https://ims.internationalprocessplants.com/inventory/equipment/detail/245977","8","","","","","","","","","","3,500 L (925 gallons)","","Used","","1,600 mm (62.5 in)","","","","","","","","","","","","","","","","","","","","","","","Stainless Steel 304","","","","","","","","Vertical","","","","1,950 mm (77.2 in)","","Skirt","","","","","","Tank",""
"245978","Stainless Steel 304  Tank - IPP# 245978","https://ims.internationalprocessplants.com/inventory/equipment/detail/245978","7","","","","","","","","","","4,600 L (1,200 gallons)","","Used","","1,500 mm (59.1 in)","","","","","","","","","","","","","","","","","","","","","","","Stainless Steel 304","","","","","","","","Vertical","","","","2,600 mm (102.4 in)","","","","","","","","Tank",""
"245979","Stainless Steel 304  Tank - IPP# 245979","https://ims.internationalprocessplants.com/inventory/equipment/detail/245979","7","","","","","","","","","","4,600 L (1,200 gallons)","","Used","","1,500 mm (59.1 in)","","","","","","","","","","","","","","","","","","","","","","","Stainless Steel 304","","","","","","","","Vertical","","","","2,600 mm (102.4 in)","","","","","","","","Tank",""
"245980","Stainless Steel 304  Tank - IPP# 245980","https://ims.internationalprocessplants.com/inventory/equipment/detail/245980","8","","","","","","","","","","4,150 L (1,100 gallons)","","Used","","1,600 mm (63 in)","","","","","","","","","","","","","","","","","","","","","","","Stainless Steel 304","","","","","","","","Vertical","","","","2,000 mm (78.7 in)","","Legs","","","","","","Tank",""
"245981","Stainless Steel 304 Tank - IPP# 245981","https://ims.internationalprocessplants.com/inventory/equipment/detail/245981","7","","","","","","","","","","4,200 L (1,100 gallons)","","Used","","1,500 mm (59.1 in)","","","","","","","","","","","","","","","","","","","","","","","Stainless Steel 304","","","","","","","","Vertical","","","","2,350 mm (92.1 in)","","","","","","","","Tank",""
"245982","Stainless Steel 304  Tank - IPP# 245982","https://ims.internationalprocessplants.com/inventory/equipment/detail/245982","7","","","","","","","","","","4,200 L (1,100 gallons)","","Used","","1,500 mm (59.1 in)","","","","","","","","","","","","","","","","","","","","","","","Stainless Steel 304","","","","","","","","Vertical","","","","2,350 mm (92.1 in)","","","","","","","","Tank",""
"245983","Stainless Steel 304  Tank - IPP# 245983","https://ims.internationalprocessplants.com/inventory/equipment/detail/245983","7","","","","","","","","","","4,200 L (1,100 gallons)","","Used","","1,500 mm (59.1 in)","","","","","","","","","","","","","","","","","","","","","","","Stainless Steel 304","","","","","","","","Vertical","","","","2,350 mm (92.1 in)","","","","","","","","Tank",""
"245984","Stainless Steel 304  Tank - IPP# 245984","https://ims.internationalprocessplants.com/inventory/equipment/detail/245984","7","","","","","","","","","","4,200 L (1,100 gallons)","","Used","","1,500 mm (59.1 in)","","","","","","","","","","","","","","","","","","","","","","","Stainless Steel 304","","","","","","","","Vertical","","","","2,350 mm (92.1 in)","","","","","","","","Tank",""
"245985","Stainless Steel 304  Tank - IPP# 245985","https://ims.internationalprocessplants.com/inventory/equipment/detail/245985","7","","","","","","","","","","4,700 L (1,250 gallons)","","Used","","1,600 mm (63 in)","","","","","","","","","","","","","","","","","","","","","","","Stainless Steel 304","","","","","","","","Vertical","","","","2,300 mm (90.6 in)","","","","","","","","Tank",""
"245986","Stainless Steel 304  Tank - IPP# 245986","https://ims.internationalprocessplants.com/inventory/equipment/detail/245986","7","","","","","","","","","","5,050 L (1,350 gallons)","","Used","","1,600 mm (63 in)","","","","","","","","","","","","","","","","","","","","","","","Stainless Steel 304","","","","","","","","Vertical","","","","2,500 mm (97.6 in)","","","","","","","","Tank",""
"245987","Stainless Steel 304  Tank - IPP# 245987","https://ims.internationalprocessplants.com/inventory/equipment/detail/245987","7","","","","","","","","","","4,700 L (1,250 gallons)","","Used","","1,600 mm (63 in)","","","","","","","","","","","","","","","","","","","","","","","Stainless Steel 304","","","","","","","","Vertical","","","","2,300 mm (90.6 in)","","","","","","","","Tank",""
"245988","Stainless Steel 304  Tank - IPP# 245988","https://ims.internationalprocessplants.com/inventory/equipment/detail/245988","7","","","","","","","","","","4,700 L (1,250 gallons)","","Used","","1,600 mm (63 in)","","","","","","","","","","","","","","","","","","","","","","","Stainless Steel 304","","","","","","","","Vertical","","","","2,300 mm (90.6 in)","","","","","","","","Tank",""
"245989","Stainless Steel 304  Tank - IPP# 245989","https://ims.internationalprocessplants.com/inventory/equipment/detail/245989","7","","","","","","","","","","5,050 L (1,350 gallons)","","Used","","1,600 mm (63 in)","","","","","","","","","","","","","","","","","","","","","","","Stainless Steel 304","","","","","","","","Vertical","","","","2,500 mm (97.6 in)","","","","","","","","Tank",""
"245990","Stainless Steel 304  Tank - IPP# 245990","https://ims.internationalprocessplants.com/inventory/equipment/detail/245990","7","","","","","","","","","","5,050 L (1,350 gallons)","","Used","","1,600 mm (63 in)","","","","","","","","","","","","","","","","","","","","","","","Stainless Steel 304","","","","","","","","Vertical","","","","2,500 mm (97.6 in)","","","","","","","","Tank",""
"245991","Stainless Steel 304  Tank - IPP# 245991","https://ims.internationalprocessplants.com/inventory/equipment/detail/245991","7","","","","","","","","","","5,050 L (1,350 gallons)","","Used","","1,600 mm (63 in)","","","","","","","","","","","","","","","","","","","","","","","Stainless Steel 304","","","","","","","","Vertical","","","","2,500 mm (97.6 in)","","","","","","","","Tank",""
"245992","Stainless Steel 304  Tank - IPP# 245992","https://ims.internationalprocessplants.com/inventory/equipment/detail/245992","7","","","","","","","","","","4,800 L (1,250 gallons)","","Used","","1,600 mm (63 in)","","","","","","","","","","","","","","","","","","","","","","","Stainless Steel 304","","","","","","","","Vertical","","","","2,350 mm (92.5 in)","","","","","","","","Tank",""
"245993","Stainless Steel 304  Tank - IPP# 245993","https://ims.internationalprocessplants.com/inventory/equipment/detail/245993","11","","","Sidewall Mounted Straight Baffle","","","","","","","5,000 L (1,300 gallons)","","Used","","1,800 mm (70.9 in)","Yes","","","","","","","","","","","","","","","","","","","","","","Stainless Steel 304","","","","4 kW (5.4 HP)","","","","Vertical","","","","2,500 mm (98.4 in)","","Legs","","","","","","Tank",""
"245994","Stainless Steel 304  Tank - IPP# 245994","https://ims.internationalprocessplants.com/inventory/equipment/detail/245994","9","","","","","","","","","","5,150 L (1,350 gallons)","","Used","","1,800 mm (70.9 in)","","","","","","","","","","","","","","","","","","","","","","","Stainless Steel 304","","","","4 kW (5.4 HP)","","","","Vertical","","","","2,000 mm (78.7 in)","","Legs","","","","","","Tank",""
"245995","Stainless Steel 304  Tank - IPP# 245995","https://ims.internationalprocessplants.com/inventory/equipment/detail/245995","9","","","","","","","","","","5,150 L (1,350 gallons)","","Used","","1,800 mm (70.9 in)","","","","","","","","","","","","","","","","","","","","","","","Stainless Steel 304","","","","4 kW (5.4 HP)","","","","Vertical","","","","2,000 mm (78.7 in)","","Legs","","","","","","Tank",""
"245996","Stainless Steel 304  Tank - IPP# 245996","https://ims.internationalprocessplants.com/inventory/equipment/detail/245996","8","","","","","","","","","","5,900 L (1,550 gallons)","","Used","","1,800 mm (70.9 in)","","","","","","","","","","","","","","","","","","","","","","","Stainless Steel 304","","","","4 kW (5.4 HP)","","","","Vertical","","","","2,300 mm (90.2 in)","","","","","","","","Tank",""
"245997","Stainless Steel 304  Tank - IPP# 245997","https://ims.internationalprocessplants.com/inventory/equipment/detail/245997","8","","","","","","","","","","5,900 L (1,550 gallons)","","Used","","1,800 mm (70.9 in)","","","","","","","","","","","","","","","","","","","","","","","Stainless Steel 304","","","","4 kW (5.4 HP)","","","","Vertical","","","","2,300 mm (90.2 in)","","","","","","","","Tank",""
"245998","Stainless Steel 304  Tank - IPP# 245998","https://ims.internationalprocessplants.com/inventory/equipment/detail/245998","8","","","","","","","","","","5,900 L (1,550 gallons)","","Used","","1,800 mm (70.9 in)","","","","","","","","","","","","","","","","","","","","","","","Stainless Steel 304","","","","4 kW (5.4 HP)","","","","Vertical","","","","2,300 mm (90.2 in)","","","","","","","","Tank",""
"245999","Stainless Steel 304  Tank - IPP# 245999","https://ims.internationalprocessplants.com/inventory/equipment/detail/245999","8","","","","","","","","","","5,900 L (1,550 gallons)","","Used","","1,800 mm (70.9 in)","","","","","","","","","","","","","","","","","","","","","","","Stainless Steel 304","","","","4 kW (5.4 HP)","","","","Vertical","","","","2,300 mm (90.2 in)","","","","","","","","Tank",""
"246000","Stainless Steel 304  Tank - IPP# 246000","https://ims.internationalprocessplants.com/inventory/equipment/detail/246000","8","","","","","","","","","","5,100 L (1,350 gallons)","","Used","","1,600 mm (63 in)","","","","","","","","","","","","","","","","","","","","","","","Stainless Steel 304","","","","4 kW (5.4 HP)","","","","Vertical","","","","2,550 mm (100.4 in)","","","","","","","","Tank",""
"246001","Stainless Steel 304  Tank - IPP# 246001","https://ims.internationalprocessplants.com/inventory/equipment/detail/246001","8","","","","","","","","","","5,150 L (1,350 gallons)","","Used","","1,600 mm (63 in)","","","","","","","","","","","","","","","","","","","","","","","Stainless Steel 304","","","","4 kW (5.4 HP)","","","","Vertical","","","","2,550 mm (100.4 in)","","","","","","","","Tank",""
"246002","Stainless Steel 304  Tank - IPP# 246002","https://ims.internationalprocessplants.com/inventory/equipment/detail/246002","8","","","","","","","","","","5,150 L (1,350 gallons)","","Used","","1,600 mm (63 in)","","","","","","","","","","","","","","","","","","","","","","","Stainless Steel 304","","","","4 kW (5.4 HP)","","","","Vertical","","","","2,550 mm (100.4 in)","","","","","","","","Tank",""
"246003","Stainless Steel 304  Tank - IPP# 246003","https://ims.internationalprocessplants.com/inventory/equipment/detail/246003","8","","","","","","","","","","5,150 L (1,350 gallons)","","Used","","1,600 mm (63 in)","","","","","","","","","","","","","","","","","","","","","","","Stainless Steel 304","","","","4 kW (5.4 HP)","","","","Vertical","","","","2,550 mm (100.4 in)","","","","","","","","Tank",""
"246004","Stainless Steel 304  Tank - IPP# 246004","https://ims.internationalprocessplants.com/inventory/equipment/detail/246004","8","","","","","","","","","","5,100 L (1,350 gallons)","","Used","","1,600 mm (63 in)","","","","","","","","","","","","","","","","","","","","","","","Stainless Steel 304","","","","4 kW (5.4 HP)","","","","Vertical","","","","2,550 mm (100.4 in)","","","","","","","","Tank",""
"246005","Stainless Steel 304  Tank - IPP# 246005","https://ims.internationalprocessplants.com/inventory/equipment/detail/246005","7","","","","","","","","","","5,250 L (1,400 gallons)","","Used","","1,700 mm (66.9 in)","","","","","","","","","","","","","","","","","","","","","","","Stainless Steel 304","","","","","","","","Vertical","","","","2,300 mm (90.2 in)","","","","","","","","Tank",""
"246006","Stainless Steel 304  Tank - IPP# 246006","https://ims.internationalprocessplants.com/inventory/equipment/detail/246006","7","","","","","","","","","","5,250 L (1,400 gallons)","","Used","","1,700 mm (66.9 in)","","","","","","","","","","","","","","","","","","","","","","","Stainless Steel 304","","","","","","","","Vertical","","","","2,300 mm (90.2 in)","","","","","","","","Tank",""
"246007","Stainless Steel 304  Tank - IPP# 246007","https://ims.internationalprocessplants.com/inventory/equipment/detail/246007","9","","","Sidewall Mounted Straight Baffle","","","","","","","5,100 L (1,350 gallons)","","Used","","1,800 mm (70.9 in)","Yes","","","","","","","","","","","","","","","","","","","","","","Stainless Steel 304","","","","","","","","Vertical","","","","2,000 mm (78.7 in)","","","","","","","","Tank",""
"246008","Stainless Steel 304  Tank - IPP# 246008","https://ims.internationalprocessplants.com/inventory/equipment/detail/246008","7","","","","","","","","","","5,150 L (1,350 gallons)","","Used","","1,600 mm (63 in)","","","","","","","","","","","","","","","","","","","","","","","Stainless Steel 304","","","","","","","","Vertical","","","","2,550 mm (100.4 in)","","","","","","","","Tank",""
"246009","Stainless Steel 304  Tank - IPP# 246009","https://ims.internationalprocessplants.com/inventory/equipment/detail/246009","7","","","","","","","","","","5,900 L (1,550 gallons)","","Used","","1,800 mm (70.9 in)","","","","","","","","","","","","","","","","","","","","","","","Stainless Steel 304","","","","","","","","Vertical","","","","2,300 mm (90.2 in)","","","","","","","","Tank",""
"246010","Stainless Steel 304  Tank - IPP# 246010","https://ims.internationalprocessplants.com/inventory/equipment/detail/246010","7","","","","","","","","","","5,900 L (1,550 gallons)","","Used","","1,800 mm (70.9 in)","","","","","","","","","","","","","","","","","","","","","","","Stainless Steel 304","","","","","","","","Vertical","","","","2,300 mm (90.2 in)","","","","","","","","Tank",""
"246011","Stainless Steel 304  Tank - IPP# 246011","https://ims.internationalprocessplants.com/inventory/equipment/detail/246011","10","","","Sidewall Mounted Straight Baffle","","","","","","","6,450 L (1,700 gallons)","","Used","","2,000 mm (78.7 in)","Yes","","","","","","","","","","","","","","","","","","","","","","Stainless Steel 304","","","","","","","","Vertical","","","","2,000 mm (78.7 in)","","Legs","","","","","","Tank",""
"246012","Stainless Steel 304  Tank - IPP# 246012","https://ims.internationalprocessplants.com/inventory/equipment/detail/246012","8","","","","","","","","","","6,900 L (1,800 gallons)","","Used","","2,000 mm (78.7 in)","","","","","","","","","","","","","","","","","","","","","","","Stainless Steel 304","","","","","","","","Vertical","","","","2,000 mm (78.7 in)","","Legs","","","","","","Tank",""
"246013","Stainless Steel 304  Tank - IPP# 246013","https://ims.internationalprocessplants.com/inventory/equipment/detail/246013","9","","","","","","","","","","9,950 L (2,650 gallons)","","Used","","2,300 mm (90.6 in)","","Yes","","","","","","","","","","","","","","","","","","","","","Stainless Steel 304","","","","","","","","Vertical","","","","2,300 mm (90.6 in)","","Legs","","","","","","Tank",""
"246014","Stainless Steel 304  Tank - IPP# 246014","https://ims.internationalprocessplants.com/inventory/equipment/detail/246014","8","","","","","","","","","","9,950 L (2,650 gallons)","","Used","","2,300 mm (90.6 in)","","","","","","","","","","","","","","","","","","","","","","","Stainless Steel 304","","","","","","","","Vertical","","","","2,300 mm (90.6 in)","","Legs","","","","","","Tank",""
"246015","Stainless Steel 304  Tank - IPP# 246015","https://ims.internationalprocessplants.com/inventory/equipment/detail/246015","8","","","","","","","","","","9,950 L (2,650 gallons)","","Used","","2,300 mm (90.6 in)","","","","","","","","","","","","","","","","","","","","","","","Stainless Steel 304","","","","","","","","Vertical","","","","2,300 mm (90.6 in)","","Legs","","","","","","Tank",""
"246016","Stainless Steel 304  Tank - IPP# 246016","https://ims.internationalprocessplants.com/inventory/equipment/detail/246016","8","","","","","","","","","","9,950 L (2,650 gallons)","","Used","","2,300 mm (90.6 in)","","","","","","","","","","","","","","","","","","","","","","","Stainless Steel 304","","","","","","","","Vertical","","","","2,300 mm (90.6 in)","","Legs","","","","","","Tank",""
"246017","Stainless Steel 304 Cividac S.P.A.  Tank - IPP# 246017","https://ims.internationalprocessplants.com/inventory/equipment/detail/246017","8","","","","","","","","","","9,950 L (2,650 gallons)","","Used","","2,400 mm (94.5 in)","","","","","","","","","","","","","","","","","","","","","Cividac S.P.A.","","Stainless Steel 304","","","","","","","","Vertical","","","","2,400 mm (94.5 in)","","","","","","","","Tank",""
"246018","Stainless Steel 304 Cividac S.P.A.  Tank - IPP# 246018","https://ims.internationalprocessplants.com/inventory/equipment/detail/246018","8","","","","","","","","","","9,950 L (2,650 gallons)","","Used","","2,400 mm (94.5 in)","","","","","","","","","","","","","","","","","","","","","Cividac S.P.A.","","Stainless Steel 304","","","","","","","","Vertical","","","","2,400 mm (94.5 in)","","","","","","","","Tank",""
"246019","Stainless Steel 304  Tank - IPP# 246019","https://ims.internationalprocessplants.com/inventory/equipment/detail/246019","7","","","","","","","","","","9,250 L (2,450 gallons)","","Used","","2,200 mm (86.6 in)","","","","","","","","","","","","","","","","","","","","","","","Stainless Steel 304","","","","","","","","Vertical","","","","2,400 mm (94.9 in)","","","","","","","","Tank",""
"246020","Stainless Steel 304  Tank - IPP# 246020","https://ims.internationalprocessplants.com/inventory/equipment/detail/246020","8","","","","","","","","","","11,700 L (3,100 gallons)","","Used","","2,400 mm (94.5 in)","","","","","","","","","","","","","","","","","","","","","","","Stainless Steel 304","","","","","","","","Vertical","","","","2,500 mm (98.4 in)","","Legs","","","","","","Tank",""
"246021","Stainless Steel 304  Tank - IPP# 246021","https://ims.internationalprocessplants.com/inventory/equipment/detail/246021","8","","","","","","","","","","13,250 L (3,500 gallons)","","Used","","2,600 mm (102.4 in)","Yes","","","","","","","","","","","","","","","","","","","","","","Stainless Steel 304","","","","","","","","Vertical","","","","2,400 mm (94.5 in)","","","","","","","","Tank",""
"246022","Stainless Steel 304  Tank - IPP# 246022","https://ims.internationalprocessplants.com/inventory/equipment/detail/246022","8","","","","","","","","","","13,250 L (3,500 gallons)","","Used","","2,600 mm (102.4 in)","","Yes","","","","","","","","","","","","","","","","","","","","","Stainless Steel 304","","","","","","","","Vertical","","","","2,400 mm (94.5 in)","","","","","","","","Tank",""
"246023","Stainless Steel 304  Tank - IPP# 246023","https://ims.internationalprocessplants.com/inventory/equipment/detail/246023","14","","","Sidewall Mounted Straight Baffle","","","","","","","12,000 L (3,150 gallons)","","Used","","2,200 mm (86.6 in)","Yes","","","","","","","","","","","","Stainless Steel 304","","","","Half Pipe/Limpet","","","","","","Stainless Steel 304","","","","3 kW (4 HP)","1,470","","","Vertical","","","","3,000 mm (118.1 in)","","Lugs","","","","","","Tank",""
"246024","Stainless Steel 304  Tank - IPP# 246024","https://ims.internationalprocessplants.com/inventory/equipment/detail/246024","8","","","","","","","","","","12,800 L (3,400 gallons)","","Used","","2,000 mm (78.7 in)","","","","","","","","","","","","","","","","","","","","","","","Stainless Steel 304","","","","","","","","Horizontal","","","","3,500 mm (137.8 in)","","Saddle","","","","","","Tank",""
"246025","Stainless Steel 316 Preziati &amp; Co  Tank - IPP# 246025","https://ims.internationalprocessplants.com/inventory/equipment/detail/246025","19","","","Sidewall Mounted Straight Baffle","","","","","","","15,500 L (4,100 gallons)","","Used","","2,400 mm (94.5 in)","Yes","","","","","","","","","200 °C (392 °F)","","","Stainless Steel 304","","6 bar (87 psi)","200 °C (392 °F)","Half Pipe/Limpet","","","","Preziati & Co","Yes","Stainless Steel 316","","","","22 kW (29.5 HP)","1,470","","","Vertical","","","","2,800 mm (110.6 in)","","Lugs","","","","","","Tank",""
"246026","Stainless Steel 316 Preziati &amp; Co  Tank - IPP# 246026","https://ims.internationalprocessplants.com/inventory/equipment/detail/246026","19","","","Sidewall Mounted Straight Baffle","","","","","","","15,500 L (4,100 gallons)","","Used","","2,400 mm (94.5 in)","Yes","","","","","","","","","200 °C (392 °F)","","","Stainless Steel 304","","6 bar (87 psi)","200 °C (392 °F)","Half Pipe/Limpet","","","","Preziati & Co","Yes","Stainless Steel 316","","","","22 kW (29.5 HP)","1,470","","","Vertical","","","","2,800 mm (110.6 in)","","Lugs","","","","","","Tank",""
"246027","Stainless Steel 304  Tank - IPP# 246027","https://ims.internationalprocessplants.com/inventory/equipment/detail/246027","8","","","","","","","","","","13,800 L (3,650 gallons)","","Used","","2,200 mm (86.6 in)","","","","","","","","","","","","","","","","","","","","","","","Stainless Steel 304","","","","","","","","Horizontal","","","","3,000 mm (118.1 in)","","Saddle","","","","","","Tank",""
"246028","Stainless Steel 304  Tank - IPP# 246028","https://ims.internationalprocessplants.com/inventory/equipment/detail/246028","8","","","","","","","","","","13,800 L (3,650 gallons)","","Used","","2,200 mm (86.6 in)","","","","","","","","","","","","","","","","","","","","","","","Stainless Steel 304","","","","","","","","Horizontal","","","","3,000 mm (118.1 in)","","Saddle","","","","","","Tank",""
"246029","Stainless Steel 304  Tank - IPP# 246029","https://ims.internationalprocessplants.com/inventory/equipment/detail/246029","8","","","","","","","","","","16,750 L (4,450 gallons)","","Used","","2,500 mm (98.4 in)","","","","","","","","","","","","","","","","","","","","","","","Stainless Steel 304","","","","","","","","Horizontal","","","","3,750 mm (147.7 in)","","Saddle","","","","","","Tank",""
"246030","Stainless Steel 304  Tank - IPP# 246030","https://ims.internationalprocessplants.com/inventory/equipment/detail/246030","8","","","","","","","","","","17,550 L (4,650 gallons)","","Used","","2,200 mm (86.6 in)","","","","","","","","","","","","","","","","","","","","","","","Stainless Steel 304","","","","","","","","Vertical","","","","4,000 mm (157.5 in)","","Legs","","","","","","Tank",""
"246031","Stainless Steel 304  Tank - IPP# 246031","https://ims.internationalprocessplants.com/inventory/equipment/detail/246031","8","","","","","","","","","","15,300 L (4,050 gallons)","","Used","","2,200 mm (86.6 in)","","","","","","","","","","","","","","","","","","","","","","","Stainless Steel 304","","","","","","","","Horizontal","","","","3,200 mm (126.8 in)","","Saddle","","","","","","Tank",""
"246032","Stainless Steel 304  Tank - IPP# 246032","https://ims.internationalprocessplants.com/inventory/equipment/detail/246032","8","","","","","","","","","","15,300 L (4,050 gallons)","","Used","","2,200 mm (86.6 in)","","","","","","","","","","","","","","","","","","","","","","","Stainless Steel 304","","","","","","","","Horizontal","","","","3,200 mm (126.8 in)","","Saddle","","","","","","Tank",""
"246033","Stainless Steel 304  Tank - IPP# 246033","https://ims.internationalprocessplants.com/inventory/equipment/detail/246033","8","","","","","","","","","","15,300 L (4,050 gallons)","","Used","","2,200 mm (86.6 in)","","","","","","","","","","","","","","","","","","","","","","","Stainless Steel 304","","","","","","","","Horizontal","","","","3,200 mm (126.8 in)","","Saddle","","","","","","Tank",""
"246034","Stainless Steel 304 C.G.C Impianti srl  Tank - IPP# 246034","https://ims.internationalprocessplants.com/inventory/equipment/detail/246034","12","","","","","","","","","","15,300 L (4,050 gallons)","","Used","","2,200 mm (86.6 in)","","","","","","","","","1 bar (14.5 psi)","70 °C (158 °F)","","","","","","","","","","","C.G.C Impianti srl","","Stainless Steel 304","","","","","","","","Horizontal","","","","3,200 mm (126.8 in)","","Saddle","","","","","","Tank","Yes"
"246035","Stainless Steel 304 Tank - IPP# 246035","https://ims.internationalprocessplants.com/inventory/equipment/detail/246035","9","","","","","","","","","","20,150 L (5,350 gallons)","","Used","","2,000 mm (78.7 in)","","","","","","","","","2.5 bar (36.3 psi)","","","","","","","","","","","","","","Stainless Steel 304","","","","","","","","Vertical","","","","5,850 mm (230.3 in)","","Legs","","","","","","Tank",""
"246036","Stainless Steel 304  Tank - IPP# 246036","https://ims.internationalprocessplants.com/inventory/equipment/detail/246036","9","","","","","","","","","","22,350 L (5,900 gallons)","","Used","","2,200 mm (86.6 in)","","","","","","","","","2.5 bar (36.3 psi)","","","","","","","","","","","","","","Stainless Steel 304","","","","","","","","Horizontal","","","","5,250 mm (206.7 in)","","Saddle","","","","","","Tank",""
"246037","Stainless Steel 304  Tank - IPP# 246037","https://ims.internationalprocessplants.com/inventory/equipment/detail/246037","9","","","","","","","","","","22,350 L (5,900 gallons)","","Used","","2,200 mm (86.6 in)","","","","","","","","","2.5 bar (36.3 psi)","","","","","","","","","","","","","","Stainless Steel 304","","","","","","","","Horizontal","","","","5,250 mm (206.7 in)","","Saddle","","","","","","Tank",""
"246038","Stainless Steel 316 Antico Olindo e Cesare srl  Tank - IPP# 246038","https://ims.internationalprocessplants.com/inventory/equipment/detail/246038","18","","","Sidewall Mounted Straight Baffle","","","","","","","24,800 L (6,550 gallons)","","Used","","3,200 mm (126 in)","Yes","","","","","","","","","70 °C (158 °F)","","","Stainless Steel 304","","6 bar (87 psi)","160 °C (320 °F)","Half Pipe/Limpet","","","Yes","Antico Olindo e Cesare srl","Yes","Stainless Steel 316","","","","","","","","Vertical","","","","3,250 mm (128 in)","","Lugs","","","","","","Tank",""
"246039","Stainless Steel 316 Antico Olindo e Cesare srl  Tank - IPP# 246039","https://ims.internationalprocessplants.com/inventory/equipment/detail/246039","18","","2-internal baffle plates on sidewall","Sidewall Mounted Straight Baffle","","","","","","","24,000 L (6,350 gallons)","","Used","","3,100 mm (122 in)","Yes","","","","","","","","","100 °C (212 °F)","","","Stainless Steel 316","","6 bar (87 psi)","164.1 °C (327.4 °F)","Half Pipe/Limpet","","","","Antico Olindo e Cesare srl","Yes","Stainless Steel 316","","","","","","","","Vertical","","","","2,900 mm (113.4 in)","","Lugs","","","","","","Tank",""
"246040","Stainless Steel 304  Tank - IPP# 246040","https://ims.internationalprocessplants.com/inventory/equipment/detail/246040","8","","","","","","","","","","27,650 L (7,300 gallons)","","Used","","2,300 mm (90.6 in)","","","","","","","","","","","","","","","","","","","","","","","Stainless Steel 304","","","","","","","","Horizontal","","","","6,000 mm (236.2 in)","","Saddle","","","","","","Tank",""
"246041","Stainless Steel 304  Tank - IPP# 246041","https://ims.internationalprocessplants.com/inventory/equipment/detail/246041","8","","","","","","","","","","25,450 L (6,750 gallons)","","Used","","2,100 mm (82.7 in)","","","","","","","","","","","","","","","","","","","","","","","Stainless Steel 304","","","","","","","","Horizontal","","","","6,750 mm (265.7 in)","","Saddle","","","","","","Tank",""
"246042","Stainless Steel 304  Tank - IPP# 246042","https://ims.internationalprocessplants.com/inventory/equipment/detail/246042","8","","","","","","","","","","26,350 L (6,950 gallons)","","Used","","2,600 mm (102.4 in)","","","","","","","","","","","","","","","","","","","","","","","Stainless Steel 304","","","","","","","","Horizontal","","","","4,000 mm (157.5 in)","","Saddle","","","","","","Tank",""
"246043","Stainless Steel 304  Tank - IPP# 246043","https://ims.internationalprocessplants.com/inventory/equipment/detail/246043","8","","","","","","","","","","25,200 L (6,650 gallons)","","Used","","2,200 mm (86.6 in)","","","","","","","","","","","","","","","","","","","","","","","Stainless Steel 304","","","","","","","","Horizontal","","","","6,000 mm (236.2 in)","","Saddle","","","","","","Tank",""
"246044","Stainless Steel 304  Tank - IPP# 246044","https://ims.internationalprocessplants.com/inventory/equipment/detail/246044","8","","","","","","","","","","25,200 L (6,650 gallons)","","Used","","2,200 mm (86.6 in)","","","","","","","","","","","","","","","","","","","","","","","Stainless Steel 304","","","","","","","","Horizontal","","","","6,000 mm (236.2 in)","","Saddle","","","","","","Tank",""
"246045","Stainless Steel 304  Tank - IPP# 246045","https://ims.internationalprocessplants.com/inventory/equipment/detail/246045","8","","","","","","","","","","25,200 L (6,650 gallons)","","Used","","2,200 mm (86.6 in)","","","","","","","","","","","","","","","","","","","","","","","Stainless Steel 304","","","","","","","","Horizontal","","","","6,000 mm (236.2 in)","","Saddle","","","","","","Tank",""
"246046","Stainless Steel 304  Tank - IPP# 246046","https://ims.internationalprocessplants.com/inventory/equipment/detail/246046","8","","","","","","","","","","25,200 L (6,650 gallons)","","Used","","2,200 mm (86.6 in)","","","","","","","","","","","","","","","","","","","","","","","Stainless Steel 304","","","","","","","","Horizontal","","","","6,000 mm (236.2 in)","","Saddle","","","","","","Tank",""
"246047","Stainless Steel 304  Tank - IPP# 246047","https://ims.internationalprocessplants.com/inventory/equipment/detail/246047","8","","","","","","","","","","25,200 L (6,650 gallons)","","Used","","2,200 mm (86.6 in)","","","","","","","","","","","","","","","","","","","","","","","Stainless Steel 304","","","","","","","","Horizontal","","","","6,000 mm (236.2 in)","","Saddle","","","","","","Tank",""
"246048","Stainless Steel 304  Tank - IPP# 246048","https://ims.internationalprocessplants.com/inventory/equipment/detail/246048","8","","","","","","","","","","25,200 L (6,650 gallons)","","Used","","2,200 mm (86.6 in)","","","","","","","","","","","","","","","","","","","","","","","Stainless Steel 304","","","","","","","","Horizontal","","","","6,000 mm (236.2 in)","","Saddle","","","","","","Tank",""
"246049","Stainless Steel 304  Tank - IPP# 246049","https://ims.internationalprocessplants.com/inventory/equipment/detail/246049","8","","","","","","","","","","25,200 L (6,650 gallons)","","Used","","2,200 mm (86.6 in)","","","","","","","","","","","","","","","","","","","","","","","Stainless Steel 304","","","","","","","","Horizontal","","","","6,000 mm (236.2 in)","","Saddle","","","","","","Tank",""
"246050","Stainless Steel 304  Tank - IPP# 246050","https://ims.internationalprocessplants.com/inventory/equipment/detail/246050","8","","","","","","","","","","25,200 L (6,650 gallons)","","Used","","2,200 mm (86.6 in)","","","","","","","","","","","","","","","","","","","","","","","Stainless Steel 304","","","","","","","","Horizontal","","","","6,000 mm (236.2 in)","","Saddle","","","","","","Tank",""
"246051","Stainless Steel 304  Tank - IPP# 246051","https://ims.internationalprocessplants.com/inventory/equipment/detail/246051","8","","","","","","","","","","25,200 L (6,650 gallons)","","Used","","2,200 mm (86.6 in)","","","","","","","","","","","","","","","","","","","","","","","Stainless Steel 304","","","","","","","","Horizontal","","","","6,000 mm (236.2 in)","","Saddle","","","","","","Tank",""
"246052","Stainless Steel 304  Tank - IPP# 246052","https://ims.internationalprocessplants.com/inventory/equipment/detail/246052","8","","","","","","","","","","25,200 L (6,650 gallons)","","Used","","2,200 mm (86.6 in)","","","","","","","","","","","","","","","","","","","","","","","Stainless Steel 304","","","","","","","","Horizontal","","","","6,000 mm (236.2 in)","","Saddle","","","","","","Tank",""
"246053","Stainless Steel 304  Tank - IPP# 246053","https://ims.internationalprocessplants.com/inventory/equipment/detail/246053","8","","","","","","","","","","25,200 L (6,650 gallons)","","Used","","2,200 mm (86.6 in)","","","","","","","","","","","","","","","","","","","","","","","Stainless Steel 304","","","","","","","","Horizontal","","","","6,000 mm (236.2 in)","","Saddle","","","","","","Tank",""
"246054","Stainless Steel 304  Tank - IPP# 246054","https://ims.internationalprocessplants.com/inventory/equipment/detail/246054","8","","","","","","","","","","25,200 L (6,650 gallons)","","Used","","2,200 mm (86.6 in)","","","","","","","","","","","","","","","","","","","","","","","Stainless Steel 304","","","","","","","","Horizontal","","","","6,000 mm (236.2 in)","","Saddle","","","","","","Tank",""
"246055","Stainless Steel 304  Tank - IPP# 246055","https://ims.internationalprocessplants.com/inventory/equipment/detail/246055","8","","","","","","","","","","25,200 L (6,650 gallons)","","Used","","2,200 mm (86.6 in)","","","","","","","","","","","","","","","","","","","","","","","Stainless Steel 304","","","","","","","","Horizontal","","","","6,000 mm (236.2 in)","","Saddle","","","","","","Tank",""
"246056","Stainless Steel 304  Tank - IPP# 246056","https://ims.internationalprocessplants.com/inventory/equipment/detail/246056","8","","","","","","","","","","25,200 L (6,650 gallons)","","Used","","2,200 mm (86.6 in)","","","","","","","","","","","","","","","","","","","","","","","Stainless Steel 304","","","","","","","","Horizontal","","","","6,000 mm (236.2 in)","","Saddle","","","","","","Tank",""
"246057","Stainless Steel 304  Tank - IPP# 246057","https://ims.internationalprocessplants.com/inventory/equipment/detail/246057","8","","","","","","","","","","25,200 L (6,650 gallons)","","Used","","2,200 mm (86.6 in)","","","","","","","","","","","","","","","","","","","","","","","Stainless Steel 304","","","","","","","","Horizontal","","","","6,000 mm (236.2 in)","","Saddle","","","","","","Tank",""
"246058","Stainless Steel 304  Tank - IPP# 246058","https://ims.internationalprocessplants.com/inventory/equipment/detail/246058","8","","","","","","","","","","25,200 L (6,650 gallons)","","Used","","2,200 mm (86.6 in)","","","","","","","","","","","","","","","","","","","","","","","Stainless Steel 304","","","","","","","","Horizontal","","","","6,000 mm (236.2 in)","","Saddle","","","","","","Tank",""
"246059","Stainless Steel 304  Tank - IPP# 246059","https://ims.internationalprocessplants.com/inventory/equipment/detail/246059","8","","","","","","","","","","26,050 L (6,900 gallons)","","Used","","2,100 mm (82.7 in)","","","","","","","","","","","","","","","","","","","","","","","Stainless Steel 304","","","","","","","","Horizontal","","","","6,750 mm (265.7 in)","","Saddle","","","","","","Tank",""
"246060","Stainless Steel 304  Tank - IPP# 246060","https://ims.internationalprocessplants.com/inventory/equipment/detail/246060","8","","","","","","","","","","26,050 L (6,900 gallons)","","Used","","2,100 mm (82.7 in)","","","","","","","","","","","","","","","","","","","","","","","Stainless Steel 304","","","","","","","","Horizontal","","","","6,750 mm (265.7 in)","","Saddle","","","","","","Tank",""
"246061","Stainless Steel 304  Tank - IPP# 246061","https://ims.internationalprocessplants.com/inventory/equipment/detail/246061","8","","","","","","","","","","26,050 L (6,900 gallons)","","Used","","2,100 mm (82.7 in)","","","","","","","","","","","","","","","","","","","","","","","Stainless Steel 304","","","","","","","","Horizontal","","","","6,750 mm (265.7 in)","","Saddle","","","","","","Tank",""
"246062","Stainless Steel 304  Tank - IPP# 246062","https://ims.internationalprocessplants.com/inventory/equipment/detail/246062","8","","","","","","","","","","26,050 L (6,900 gallons)","","Used","","2,100 mm (82.7 in)","","","","","","","","","","","","","","","","","","","","","","","Stainless Steel 304","","","","","","","","Horizontal","","","","6,750 mm (265.7 in)","","Saddle","","","","","","Tank",""
"246063","Stainless Steel 304  Tank - IPP# 246063","https://ims.internationalprocessplants.com/inventory/equipment/detail/246063","8","","","","","","","","","","26,050 L (6,900 gallons)","","Used","","2,100 mm (82.7 in)","","","","","","","","","","","","","","","","","","","","","","","Stainless Steel 304","","","","","","","","Vertical","","","","6,750 mm (265.7 in)","","Saddle","","","","","","Tank",""
"246064","Stainless Steel 304  Tank - IPP# 246064","https://ims.internationalprocessplants.com/inventory/equipment/detail/246064","8","","","","","","","","","","30,900 L (8,150 gallons)","","Used","","2,500 mm (98.4 in)","","","","","","","","","","","","","","","","","","","","","","","Stainless Steel 304","","","","","","","","Horizontal","","","","5,600 mm (219.7 in)","","Saddle","","","","","","Tank",""
"246065","Stainless Steel 304  Tank - IPP# 246065","https://ims.internationalprocessplants.com/inventory/equipment/detail/246065","8","","","","","","","","","","30,250 L (8,000 gallons)","","Used","","2,400 mm (94.5 in)","","","","","","","","","","","","","","","","","","","","","","","Stainless Steel 304","","","","","","","","Horizontal","","","","6,000 mm (236.2 in)","","Saddle","","","","","","Tank",""
"246066","Stainless Steel 304 CO.ME.S s.n.c  Tank - IPP# 246066","https://ims.internationalprocessplants.com/inventory/equipment/detail/246066","9","","","","","","","","","","38,100 L (10,050 gallons)","","Used","","2,100 mm (82.7 in)","","","","","","","","","","","","","","","","","","","","","CO.ME.S s.n.c","","Stainless Steel 304","","","","","","","","Horizontal","","","","7,500 mm (295.3 in)","","Saddle","","","","","","Tank",""
"246067","Stainless Steel 304 CO.ME.S s.n.c  Tank - IPP# 246067","https://ims.internationalprocessplants.com/inventory/equipment/detail/246067","9","","","","","","","","","","38,100 L (10,050 gallons)","","Used","","2,100 mm (82.7 in)","","","","","","","","","","","","","","","","","","","","","CO.ME.S s.n.c","","Stainless Steel 304","","","","","","","","Horizontal","","","","7,500 mm (295.3 in)","","Saddle","","","","","","Tank",""
"246068","Stainless Steel 304 CO.ME.S s.n.c  Tank - IPP# 246068","https://ims.internationalprocessplants.com/inventory/equipment/detail/246068","9","","","","","","","","","","38,100 L (10,050 gallons)","","Used","","2,100 mm (82.7 in)","","","","","","","","","","","","","","","","","","","","","CO.ME.S s.n.c","","Stainless Steel 304","","","","","","","","Horizontal","","","","7,500 mm (295.3 in)","","Saddle","","","","","","Tank",""
"246069","Stainless Steel 304 CO.ME.S s.n.c  Tank - IPP# 246069","https://ims.internationalprocessplants.com/inventory/equipment/detail/246069","9","","","","","","","","","","38,100 L (10,050 gallons)","","Used","","2,100 mm (82.7 in)","","","","","","","","","","","","","","","","","","","","","CO.ME.S s.n.c","","Stainless Steel 304","","","","","","","","Horizontal","","","","7,500 mm (295.3 in)","","Saddle","","","","","","Tank",""
"246070","Stainless Steel 304  Tank - IPP# 246070","https://ims.internationalprocessplants.com/inventory/equipment/detail/246070","6","","","","","","","","","","31,800 L (8,400 gallons)","","Used","","30 mm (1.18 in)","","","","","","","","","","","","","","","","","","","","","","","Stainless Steel 304","","","","","","","","Horizontal","","","","","","","","","","","","Tank",""
"246074","Stainless Steel 304 Tank - IPP# 246074","https://ims.internationalprocessplants.com/inventory/equipment/detail/246074","7","","","","","","","","","","33,450 L (8,850 gallons)","","Used","","2,500 mm (98.4 in)","","","","","","","","","","","","","","","","","","","","","","","Stainless Steel 304","","","","","","","","Vertical","","","","6,500 mm (255.9 in)","","","","","","","","Tank",""
"246075","Stainless Steel 304  Tank - IPP# 246075","https://ims.internationalprocessplants.com/inventory/equipment/detail/246075","10","","","","","","","","","","33,450 L (8,850 gallons)","","Used","","2,500 mm (98.4 in)","Yes","Yes","","","","","","","","","","","","","","","Internal Pipe Coil","","","","","","Stainless Steel 304","","","","","","","","Vertical","","","","6,500 mm (255.9 in)","","","","","","","","Tank",""
"246076","Stainless Steel 304  Tank - IPP# 246076","https://ims.internationalprocessplants.com/inventory/equipment/detail/246076","8","","","","","","","","","","36,000 L (9,500 gallons)","","Used","","3,000 mm (118.1 in)","","","","","","","","","","","","","","","","","","","","","","","Stainless Steel 304","","","","","","","","Horizontal","","","","5,500 mm (216.5 in)","","Saddle","","","","","","Tank",""
"246077","Stainless Steel 304  Tank - IPP# 246077","https://ims.internationalprocessplants.com/inventory/equipment/detail/246077","8","","","","","","","","","","36,000 L (9,500 gallons)","","Used","","3,000 mm (118.1 in)","","","","","","","","","","","","","","","","","","","","","","","Stainless Steel 304","","","","","","","","Horizontal","","","","5,500 mm (216.5 in)","","Saddle","","","","","","Tank",""
"246078","Stainless Steel 304 Tank - IPP# 246078","https://ims.internationalprocessplants.com/inventory/equipment/detail/246078","9","","","","","","","","","","41,350 L (10,900 gallons)","","Used","","4,500 mm (177.2 in)","","Yes","","","","","","","","","","","","","","","Internal Pipe Coil","","","","","","Stainless Steel 304","","","","","","","","Vertical","","","","2,550 mm (100.4 in)","","","","","","","","Tank",""
"246079","Stainless Steel 304 Tank - IPP# 246079","https://ims.internationalprocessplants.com/inventory/equipment/detail/246079","9","","","","","","","","","","41,350 L (10,900 gallons)","","Used","","4,500 mm (177.2 in)","","Yes","","","","","","","","","","","","","","","Internal Pipe Coil","","","","","","Stainless Steel 304","","","","","","","","Vertical","","","","2,550 mm (100.4 in)","","","","","","","","Tank",""
"246080","Stainless Steel 304 Tank - IPP# 246080","https://ims.internationalprocessplants.com/inventory/equipment/detail/246080","9","","","","","","","","","","41,350 L (10,900 gallons)","","Used","","4,500 mm (177.2 in)","","Yes","","","","","","","","","","","","","","","Internal Pipe Coil","","","","","","Stainless Steel 304","","","","","","","","Vertical","","","","2,550 mm (100.4 in)","","","","","","","","Tank",""
"246081","Stainless Steel 304 Tank - IPP# 246081","https://ims.internationalprocessplants.com/inventory/equipment/detail/246081","9","","","","","","","","","","41,350 L (10,900 gallons)","","Used","","4,500 mm (177.2 in)","","Yes","","","","","","","","","","","","","","","Internal Pipe Coil","","","","","","Stainless Steel 304","","","","","","","","Vertical","","","","2,550 mm (100.4 in)","","","","","","","","Tank",""
"246082","Stainless Steel 304 Tank - IPP# 246082","https://ims.internationalprocessplants.com/inventory/equipment/detail/246082","9","","","","","","","","","","41,350 L (10,900 gallons)","","Used","","4,500 mm (177.2 in)","","Yes","","","","","","","","","","","","","","","Internal Pipe Coil","","","","","","Stainless Steel 304","","","","","","","","Vertical","","","","2,550 mm (100.4 in)","","","","","","","","Tank",""
"246083","Stainless Steel 304 Tank - IPP# 246083","https://ims.internationalprocessplants.com/inventory/equipment/detail/246083","9","","","","","","","","","","41,350 L (10,900 gallons)","","Used","","4,500 mm (177.2 in)","","Yes","","","","","","","","","","","","","","","Internal Pipe Coil","","","","","","Stainless Steel 304","","","","","","","","Vertical","","","","2,550 mm (100.4 in)","","","","","","","","Tank",""
"246084","Stainless Steel 304 Tank - IPP# 246084","https://ims.internationalprocessplants.com/inventory/equipment/detail/246084","7","","","","","","","","","","54,850 L (14,500 gallons)","","Used","","3,600 mm (141.7 in)","","","","","","","","","","","","","","","","","","","","","","","Stainless Steel 304","","","","","","","","Vertical","","","","5,350 mm (210.6 in)","","","","","","","","Tank",""
"246085","Stainless Steel 304 Tank - IPP# 246085","https://ims.internationalprocessplants.com/inventory/equipment/detail/246085","7","","","","","","","","","","54,850 L (14,500 gallons)","","Used","","3,600 mm (141.7 in)","","","","","","","","","","","","","","","","","","","","","","","Stainless Steel 304","","","","","","","","Vertical","","","","5,350 mm (210.6 in)","","","","","","","","Tank",""
"246086","Stainless Steel 304  Tank - IPP# 246086","https://ims.internationalprocessplants.com/inventory/equipment/detail/246086","8","","","","","","","","","","52,300 L (13,800 gallons)","","Used","","2,500 mm (98.4 in)","","","","","","","","","","","","","","","","","","","","","","","Stainless Steel 304","","","","","","","","Horizontal","","","","9,900 mm (390.3 in)","","Saddle","","","","","","Tank",""
"246087","Stainless Steel 304  Tank - IPP# 246087","https://ims.internationalprocessplants.com/inventory/equipment/detail/246087","8","","","","","","","","","","52,300 L (13,800 gallons)","","Used","","2,500 mm (98.4 in)","","","","","","","","","","","","","","","","","","","","","","","Stainless Steel 304","","","","","","","","Horizontal","","","","9,900 mm (390.3 in)","","Saddle","","","","","","Tank",""
"246088","Stainless Steel 304L Tank - IPP# 246088","https://ims.internationalprocessplants.com/inventory/equipment/detail/246088","9","","","","","","","","","","56,350 L (14,900 gallons)","","Used","","3,000 mm (118.1 in)","","Yes","","","","","","","","","","","","","","","Internal Pipe Coil","","","","","","Stainless Steel 304L","","","","","","","","Vertical","","","","7,950 mm (312.6 in)","","","","","","","","Tank",""
"246089","Stainless Steel 304L Tank - IPP# 246089","https://ims.internationalprocessplants.com/inventory/equipment/detail/246089","9","","","","","","","","","","61,700 L (16,300 gallons)","","Used","","3,200 mm (126 in)","","Yes","","","","","","","","","","","","","","","Internal Pipe Coil","","","","","","Stainless Steel 304L","","","","","","","","Vertical","","","","7,600 mm (298.4 in)","","","","","","","","Tank",""
"246090","Stainless Steel 304L Tank - IPP# 246090","https://ims.internationalprocessplants.com/inventory/equipment/detail/246090","9","","","","","","","","","","60,000 L (15,850 gallons)","","Used","","3,200 mm (126 in)","","Yes","","","","","","","","","","","","","","","Internal Pipe Coil","","","","","","Stainless Steel 304L","","","","","","","","Vertical","","","","6,000 mm (236.2 in)","","","","","","","","Tank",""
"246091","Stainless Steel 304L  Tank - IPP# 246091","https://ims.internationalprocessplants.com/inventory/equipment/detail/246091","8","","","","","","","","","","69,250 L (18,300 gallons)","","Used","","3,000 mm (118.1 in)","","","","","","","","","","","","","","","","","","","","","","","Stainless Steel 304L","","","","","","","","Vertical","","","","9,000 mm (354.3 in)","","Legs","","","","","","Tank",""
"246092","Stainless Steel 304 Tank - IPP# 246092","https://ims.internationalprocessplants.com/inventory/equipment/detail/246092","8","","","","","","","","","","69,250 L (18,300 gallons)","","Used","","3,000 mm (118.1 in)","","","","","","","","","","","","","","","","","","","","","","","Stainless Steel 304","","","","","","","","Vertical","","","","9,000 mm (354.3 in)","","Legs","","","","","","Tank",""
"246093","Stainless Steel 304L Tank - IPP# 246093","https://ims.internationalprocessplants.com/inventory/equipment/detail/246093","9","","","","","","","","","","69,250 L (18,300 gallons)","","Used","","3,000 mm (118.1 in)","","","","","","","","","","","","","","","","","","","","","Costruzioni Indurtiali Cibidac spa","","Stainless Steel 304L","","","","","","","","Vertical","","","","9,000 mm (354.3 in)","","Legs","","","","","","Tank",""
"246094","Stainless Steel 304  Tank - IPP# 246094","https://ims.internationalprocessplants.com/inventory/equipment/detail/246094","10","","","","","","","","","","69,250 L (18,300 gallons)","","Used","","3,000 mm (118.1 in)","","Yes","","","","","","","","","","","","","","","Internal Pipe Coil","","","","","","Stainless Steel 304","","","","","","","","Vertical","","","","9,000 mm (354.3 in)","","Legs","","","","","","Tank",""
"246095","Stainless Steel 304  Tank - IPP# 246095","https://ims.internationalprocessplants.com/inventory/equipment/detail/246095","7","","","","","","","","","","76,950 L (20,350 gallons)","","Used","","3,500 mm (137.8 in)","","","","","","","","","","","","","","","","","","","","","","","Stainless Steel 304","","","","","","","","Vertical","","","","8,000 mm (315 in)","","","","","","","","Tank",""
"246096","Stainless Steel 304 Costruzioni Indurtiali Cibidac spa  Tank - IPP# 246096","https://ims.internationalprocessplants.com/inventory/equipment/detail/246096","8","","","","","","","","","","81,800 L (21,600 gallons)","","Used","","3,500 mm (137.8 in)","","","","","","","","","","","","","","","","","","","","","Costruzioni Indurtiali Cibidac spa","","Stainless Steel 304","","","","","","","","Vertical","","","","8,500 mm (334.6 in)","","","","","","","","Tank",""
"246097","Stainless Steel 304L C.G.C Impianti srl  Tank - IPP# 246097","https://ims.internationalprocessplants.com/inventory/equipment/detail/246097","14","","","","","","","","","","100,500 L (26,550 gallons)","","Used","","4,000 mm (157.5 in)","","","","","","","","","","21.1 °C (70 °F)","","","Stainless Steel 304L","","3 bar (43.5 psi)","70 °C (158 °F)","Half Pipe/Limpet","","","","C.G.C Impianti srl","","Stainless Steel 304L","","","","","","","","Vertical","","","","7,950 mm (313 in)","","","","","","","","Tank","Yes"
"246098","Stainless Steel 304L C.G.C Impianti srl  Tank - IPP# 246098","https://ims.internationalprocessplants.com/inventory/equipment/detail/246098","14","","","","","","","","","","100,500 L (26,550 gallons)","","Used","","4,000 mm (157.5 in)","","","","","","","","","","21.1 °C (70 °F)","","","Stainless Steel 304L","","3 bar (43.5 psi)","70 °C (158 °F)","Half Pipe/Limpet","","","","C.G.C Impianti srl","","Stainless Steel 304L","","","","","","","","Vertical","","","","7,950 mm (313 in)","","","","","","","","Tank","Yes"
"246099","Stainless Steel 304L Tank - IPP# 246099","https://ims.internationalprocessplants.com/inventory/equipment/detail/246099","14","","","","","","","","","","100,500 L (26,550 gallons)","","Used","","4,000 mm (157.5 in)","","","","","","","","","","21.1 °C (70 °F)","","","Stainless Steel 304L","","3 bar (43.5 psi)","70 °C (158 °F)","Half Pipe/Limpet","","","","C.G.C Impianti srl","","Stainless Steel 304L","","","","","","","","Vertical","","","","7,950 mm (313 in)","","","","","","","","Tank","Yes"
"246100","Stainless Steel 316L Tank - IPP# 246100","https://ims.internationalprocessplants.com/inventory/equipment/detail/246100","14","","","","","","","","","","100,550 L (26,550 gallons)","","Used","","4,000 mm (157.5 in)","","Yes","","","","","","","","21.1 °C (70 °F)","","","","","3 bar (43.5 psi)","70 °C (158 °F)","Internal Pipe Coil","","","","C.G.C Impianti srl","","Stainless Steel 316L","","","","","","","","Vertical","","","","8,000 mm (315 in)","","Base Mounted","","","","","","Tank",""
"246101","Stainless Steel 304L Tank - IPP# 246101","https://ims.internationalprocessplants.com/inventory/equipment/detail/246101","12","","","","","","","","","","100,550 L (26,550 gallons)","","Used","","4,000 mm (157.5 in)","","Yes","","","","","","","","21.1 °C (70 °F)","","","","","3 bar (43.5 psi)","70 °C (158 °F)","Internal Pipe Coil","","","","","","Stainless Steel 304L","","","","","","","","Vertical","","","","8,000 mm (315 in)","","","","","","","","Tank",""
"246102","Stainless Steel 304L Tank - IPP# 246102","https://ims.internationalprocessplants.com/inventory/equipment/detail/246102","9","","","","","","","","","","105,850 L (27,950 gallons)","","Used","","4,000 mm (157.5 in)","","Yes","","","","","","","","","","","","","","","Internal Pipe Coil","","","","","","Stainless Steel 304L","","","","","","","","Vertical","","","","8,350 mm (328.7 in)","","","","","","","","Tank",""
"246103","Stainless Steel 304L  Tank - IPP# 246103","https://ims.internationalprocessplants.com/inventory/equipment/detail/246103","9","","","","","","","","","","105,850 L (27,950 gallons)","","Used","","4,000 mm (157.5 in)","","Yes","","","","","","","","","","","","","","","Internal Pipe Coil","","","","","","Stainless Steel 304L","","","","","","","","Vertical","","","","8,350 mm (328.7 in)","","","","","","","","Tank",""
"246104","Stainless Steel 304L Tank - IPP# 246104","https://ims.internationalprocessplants.com/inventory/equipment/detail/246104","9","","","","","","","","","","105,850 L (27,950 gallons)","","Used","","4,000 mm (157.5 in)","","Yes","","","","","","","","","","","","","","","Internal Pipe Coil","","","","","","Stainless Steel 304L","","","","","","","","Vertical","","","","8,350 mm (328.7 in)","","","","","","","","Tank",""
"246105","Stainless Steel 304  Tank - IPP# 246105","https://ims.internationalprocessplants.com/inventory/equipment/detail/246105","9","","","","","","","","","","119,300 L (31,500 gallons)","","Used","","4,500 mm (177.2 in)","","Yes","","","","","","","","","","","","","","","Internal Pipe Coil","","","","","","Stainless Steel 304","","","","","","","","Vertical","","","","7,500 mm (295.3 in)","","","","","","","","Tank",""
"246106","Stainless Steel 304  Tank - IPP# 246106","https://ims.internationalprocessplants.com/inventory/equipment/detail/246106","10","","","Sidewall Mounted Straight Baffle","","","","","","","7,450 L (1,950 gallons)","","Used","","1,900 mm (74.8 in)","Yes","","","","","","","","","","","","","","","","","","","","","","Stainless Steel 304","","","","","","","","Vertical","","","","2,500 mm (98.4 in)","","Legs","","","","","","Tank",""
"246421","Stainless Steel Tank - IPP# 246421","https://ims.internationalprocessplants.com/inventory/equipment/detail/246421","12","","","","","","","","","","7,500 L (2,000 gallons)","","Used","","2,000 mm (78.7 in)","","","","","","","","","0.5 bar (7.3 psi)","200 °C (392 °F)","","","","","","","","","","","CIC Orio","","Stainless Steel 316L","","","","","","","","Vertical","","","","2,400 mm (94.5 in)","","Skirt","","","","","","Tank","Yes"
"246431","Glasslined Pfaudler vertical pressure tank - IPP# 246431","https://ims.internationalprocessplants.com/inventory/equipment/detail/246431","16","","","","","","","","","","27,100 L (7,150 gallons)","","Used","","","","","","","","","","","6 bar (87 psi)","200 °C (392 °F)","","","Carbon Steel","","6 bar (87 psi)","200 °C (392 °F)","Standard","","","","Pfaudler","Yes","Glasslined","CH 25000","","","","","","","Vertical","","","","","","Ring","","","","","","Tank","Yes"
"246432","Glasslined Pfaudler  Tank - IPP# 246432","https://ims.internationalprocessplants.com/inventory/equipment/detail/246432","14","","","","","","","","","","1,400 L (363.2 gallons)","","Used","","","","","","","","","","","6 bar (87 psi)","200 °C (392 °F)","","","Carbon Steel","","6 bar (87 psi)","200 °C (392 °F)","Standard","","","","Pfaudler","Yes","Glasslined","","","","","","","","Vertical","","","","","","Lugs","","","","","","Tank",""
"246440","Stainless Steel 316  Tank - IPP# 246440","https://ims.internationalprocessplants.com/inventory/equipment/detail/246440","12","","","","","","","","","","55,000 L (14,550 gallons)","","Used","","3,200 mm (126 in)","","","","","","","","","0.84 bar (12.2 psi)","45 °C (113 °F)","","","","","","","","","","","Villanova","Yes","Stainless Steel 316","","","","","","","","Vertical","","","","6,500 mm (255.9 in)","","Skirt","","","","","","Tank",""
"246441","Stainless Steel 316  Tank - IPP# 246441","https://ims.internationalprocessplants.com/inventory/equipment/detail/246441","12","","","","","","","","","","60,000 L (15,850 gallons)","","Used","","3,200 mm (126 in)","","","","","","","","","0.84 bar (12.2 psi)","50 °C (122 °F)","","","","","","","","","","","Villanova","Yes","Stainless Steel 316","","","","","","","","Vertical","","","","6,500 mm (255.9 in)","","Skirt","","","","","","Tank",""
"246442","Stainless Steel 316  Tank - IPP# 246442","https://ims.internationalprocessplants.com/inventory/equipment/detail/246442","12","","","","","","","","","","60,000 L (15,850 gallons)","","Used","","3,200 mm (126 in)","","","","","","","","","0.84 bar (12.2 psi)","45 °C (113 °F)","","","","","","","","","","","Villanova","Yes","Stainless Steel 316","","","","","","","","Vertical","","","","6,500 mm (255.9 in)","","Skirt","","","","","","Tank",""
"246443","Stainless Steel 316  Tank - IPP# 246443","https://ims.internationalprocessplants.com/inventory/equipment/detail/246443","11","","","","","","","","","","60,000 L (15,850 gallons)","","Used","","3,200 mm (126 in)","","","","","","","","","","30 °C (86 °F)","","","","","","","","","","","Ponticelli","Yes","Stainless Steel 316","","","","","","","","Vertical","","","","6,500 mm (255.9 in)","","Skirt","","","","","","Tank",""
"246444","Stainless Steel 316  Tank - IPP# 246444","https://ims.internationalprocessplants.com/inventory/equipment/detail/246444","12","","","","","","","","","","55,000 L (14,550 gallons)","","Used","","3,200 mm (126 in)","","","","","","","","","0.84 bar (12.2 psi)","30 °C (86 °F)","","","","","","","","","","","Villanova","Yes","Stainless Steel 316","","","","","","","","Vertical","","","","6,500 mm (255.9 in)","","Skirt","","","","","","Tank",""
"246445","Stainless Steel 316 Tank - IPP# 246445","https://ims.internationalprocessplants.com/inventory/equipment/detail/246445","10","","","","","","","","","","60,000 L (15,850 gallons)","","Used","","3,200 mm (126 in)","","","","","","","","","0.84 bar (12.2 psi)","","","","","","","","","","","","","Yes","Stainless Steel 316","","","","","","","","Vertical","","","","6,500 mm (255.9 in)","","Skirt","","","","","","Tank",""
"246446","Stainless Steel 316  Tank - IPP# 246446","https://ims.internationalprocessplants.com/inventory/equipment/detail/246446","12","","","","","","","","","","60,000 L (15,850 gallons)","","Used","","3,200 mm (126 in)","","","","","","","","","0.84 bar (12.2 psi)","50 °C (122 °F)","","","","","","","","","","","Ponticelli","Yes","Stainless Steel 316","","","","","","","","Vertical","","","","6,500 mm (255.9 in)","","Skirt","","","","","","Tank",""
"246447","Stainless Steel 316  Tank - IPP# 246447","https://ims.internationalprocessplants.com/inventory/equipment/detail/246447","12","","","","","","","","","","60,000 L (15,850 gallons)","","Used","","3,200 mm (126 in)","","","","","","","","","0.84 bar (12.2 psi)","45 °C (113 °F)","","","","","","","","","","","Villanova","Yes","Stainless Steel 316","","","","","","","","Vertical","","","","6,500 mm (255.9 in)","","Skirt","","","","","","Tank",""
"246448","Stainless Steel 316  Tank - IPP# 246448","https://ims.internationalprocessplants.com/inventory/equipment/detail/246448","11","","","","","","","","","","60,000 L (15,850 gallons)","","Used","","3,200 mm (126 in)","","","","","","","","","0.84 bar (12.2 psi)","20 °C (68 °F)","","","","","","","","","","","Ponticelli","","Stainless Steel 316","","","","","","","","Vertical","","","","6,500 mm (255.9 in)","","Skirt","","","","","","Tank",""
"246452","Hastelloy - Other  Tank - IPP# 246452","https://ims.internationalprocessplants.com/inventory/equipment/detail/246452","8","","","","","","","","","","56,000 L (14,800 gallons)","","Used","","2,500 mm (98.4 in)","","","","","","","","","","","","","","","","","","","","","","","Hastelloy - Other","","","","","","","","Vertical","","","","6.5 mm (0.26 in)","","Skirt","","","","","","Tank",""
"246455","Stainless Steel 316 Omni-Fabricators Tank - IPP# 246455","https://ims.internationalprocessplants.com/inventory/equipment/detail/246455","16","","","","","","","","","","473.2 L (125 gallons)","","Used","","762 mm (30 in)","","","","","","","","","10.3 bar (150 psi)","176.7 °C (350 °F)","","","Carbon Steel","","10.3 bar (150 psi)","176.7 °C (350 °F)","Standard","","","","Omni-Fabricators","","Stainless Steel 316","","","","","","","","Vertical","","","","914 mm (36 in)","","Legs","","","","","","Tank","Yes"
"246457","Glasslined Pfaudler VR30 Tank - IPP# 246457","https://ims.internationalprocessplants.com/inventory/equipment/detail/246457","16","","","","","","","","","","113.6 L (30 gallons)","","Re-glassed","","508 mm (20 in)","","","Very Clean (VC)","Full Fire Polish (FF)","","","","","2.1 bar (30 psi)","232.2 °C (450 °F)","","","","","","","Plate Coil","","","","Pfaudler","","Glasslined","VR30","","","","","","","Vertical","","","","508 mm (20 in)","","Lugs","","","","","","Tank","Yes"
"246461","Stainless Steel 304 Dillon Boiler Services Co. Inc Tank - IPP# 246461","https://ims.internationalprocessplants.com/inventory/equipment/detail/246461","12","","","","","","","","","","302.8 L (80 gallons)","","Used","","610 mm (24 in)","","","","","","","","","3.4 bar (50 psi)","162.8 °C (325 °F)","","","","","","","","","","","Dillon Boiler Services Co. Inc","","Stainless Steel 304","","","","","","","","Vertical","","","","1,000 mm (40 in)","","Legs","","","","","","Tank","Yes"
"246494","New Glasslined UGE UA-300 Batch Type Reactor Body - IPP# 246494","https://ims.internationalprocessplants.com/inventory/equipment/detail/246494","28","","","","Yes","","Glasslined","Dish","","","1,150 L (300 gallons)","","New","","1,200 mm (48 in)","","","New","New","","","Glass Lined","Yes","6.9 bar (100 psi)","232.2 °C (450 °F)","","","","Carbon Steel","6.9 bar (100 psi)","232.2 °C (450 °F)","Standard","","","","UGE","Yes","Glasslined","UA-300","","","","","24" main cover with 12" x 16" man way assembly including a 4" sight glass, protection ring and hinge assist. one 4 3/8" agitator nozzle, One 6" nozzle, three 4" nozzles, one 3" nozzle and two 2" nozzles.","","Vertical","","","1,200 mm (48 in)","","Batch Type Body Only","","","Legs","","Glasslined","Dish","Reactor",""
"246497","New Glasslined UGE UA-1000 Batch Type Reactor Body /Receiver/Jacketed Tank - IPP# 246497","https://ims.internationalprocessplants.com/inventory/equipment/detail/246497","28","","","","Yes","","Glasslined","Dish","","","3,800 L (1,000 gallons)","","New","","1,500 mm (60 in)","","","New","New","","","Glass Lined","Yes","6.9 bar (100 psi)","232.2 °C (450 °F)","","","","Carbon Steel","6.2 bar (90 psi)","232.2 °C (450 °F)","Standard","","","","UGE","Yes","Glasslined","UA-1000","","","","","30"main cover with 4 3/8" drive nozzle, two 2" nozzles, a 14" x 18" man way with a 4" sight glass assembly, protection ring and hinge assist. One 8"nozzle, and four 4" nozzles.","","Vertical","","","2,250 mm (89 in)","","Batch Type Body Only","","","Legs","","Glasslined","Dish","Reactor",""
"246498","New Glasslined UGE UA-1000  Reactor Body /Jacketed Tank/Receiver - IPP# 246498","https://ims.internationalprocessplants.com/inventory/equipment/detail/246498","28","","","","Yes","","Glasslined","Dish","","","3,800 L (1,000 gallons)","","New","","1,500 mm (60 in)","","","New","New","","","Glass Lined","Yes","6.9 bar (100 psi)","232.2 °C (450 °F)","","","","Carbon Steel","6.2 bar (90 psi)","232.2 °C (450 °F)","Standard","","","","UGE","Yes","Glasslined","UA-1000","","","","","30"main cover with 4 3/8" drive nozzle, two 2" nozzles, a 14" x 18" man way with a 4" sight glass assembly, protection ring and hinge assist. One 8"nozzle, and four 4" nozzles.","","Vertical","","","2,250 mm (89 in)","","Batch Type Body Only","","","Legs","","Glasslined","Dish","Reactor",""
"246698","Aluminum  Tank - IPP# 246698","https://ims.internationalprocessplants.com/inventory/equipment/detail/246698","10","","","","","","","","","","36,900 L (9,750 gallons)","","Used","","2,450 mm (96 in)","","","","","","","","","1.01 bar (14.7 psi)","","","","","","","","","","","","","Yes","Aluminum","","","","","","","","Horizontal","","","","7,300 mm (288 in)","","Saddle","","","","","","Tank",""
"246702","Stainless Steel 316L Letco Tank - IPP# 246702","https://ims.internationalprocessplants.com/inventory/equipment/detail/246702","11","","","","","","","","","","700 L (185 gallons)","","Used","","813 mm (32 in)","","","","","","","","","1.03 bar (15 psi)","148.9 °C (300 °F)","","","","","","","","","","","Letco","","Stainless Steel 316L","","","","","","","","Vertical","","","","1,200 mm (48 in)","","Skirt","","","","","","Tank",""
"246704","Carbon Steel Piersol-Pine Tank - IPP# 246704","https://ims.internationalprocessplants.com/inventory/equipment/detail/246704","10","","","","","","","","","","44,250 L (11,700 gallons)","","Used","","2,450 mm (96 in)","","","","","","","","","1.01 bar (14.7 psi)","","","","","","","","","","","","Piersol-Pine","","Carbon Steel","","","","","","","","Horizontal","","","","9,150 mm (360 in)","","Saddle","","","","","","Tank",""
"246705","Carbon Steel Tank - IPP# 246705","https://ims.internationalprocessplants.com/inventory/equipment/detail/246705","9","","","","","","","","","","44,250 L (11,700 gallons)","","Used","","2,450 mm (96 in)","","","","","","","","","1.01 bar (14.7 psi)","","","","","","","","","","","","","","Carbon Steel","","","","","","","","Horizontal","","","","9,150 mm (360 in)","","Saddle","","","","","","Tank",""
"246706","Carbon Steel Penn Iron Works Tank - IPP# 246706","https://ims.internationalprocessplants.com/inventory/equipment/detail/246706","11","","","","","","","","","","83,150 L (21,950 gallons)","","Used","","3,200 mm (126 in)","","","","","","","","","1.86 bar (27 psi)","93.3 °C (200 °F)","","","","","","","","","","","Penn Iron Works","","Carbon Steel","","","","","","","","Horizontal","","","","10,950 mm (432 in)","","Saddle","","","","","","Tank",""
"246708","Stainless Steel 304 Tank - IPP# 246708","https://ims.internationalprocessplants.com/inventory/equipment/detail/246708","9","","","","","","","","","","44,250 L (11,700 gallons)","","Used","","2,450 mm (96 in)","","","","","","","","","1.01 bar (14.7 psi)","","","","","","","","","","","","","","Stainless Steel 304","","","","","","","","Horizontal","","","","9,150 mm (360 in)","","Saddle","","","","","","Tank",""
"246709","Carbon Steel Tank - IPP# 246709","https://ims.internationalprocessplants.com/inventory/equipment/detail/246709","10","","","","","","","","","","44,250 L (11,700 gallons)","","Used","","2,450 mm (96 in)","","","","","","","","","1.01 bar (14.7 psi)","-10 °C (14 °F)","","","","","","","","","","","","","Carbon Steel","","","","","","","","Horizontal","","","","9,150 mm (360 in)","","Saddle","","","","","","Tank",""
"246710","Carbon Steel Tank - IPP# 246710","https://ims.internationalprocessplants.com/inventory/equipment/detail/246710","8","","","","","","","","","","44,250 L (11,700 gallons)","","Used","","2,450 mm (96 in)","","","","","","","","","","","","","","","","","","","","","","","Carbon Steel","","","","","","","","Horizontal","","","","9,150 mm (360 in)","","Saddle","","","","","","Tank",""
"246711","Stainless Steel Tank - IPP# 246711","https://ims.internationalprocessplants.com/inventory/equipment/detail/246711","9","","","","","","","","","","30,050 L (7,950 gallons)","","Used","","2,450 mm (96 in)","","","","","","","","","1.01 bar (14.7 psi)","","","","","","","","","","","","","","Stainless Steel Other","","","","","","","","Horizontal","","","","6,100 mm (240 in)","","Saddle","","","","","","Tank",""
"246712","Stainless Steel Tank - IPP# 246712","https://ims.internationalprocessplants.com/inventory/equipment/detail/246712","9","","","","","","","","","","30,050 L (7,950 gallons)","","Used","","2,450 mm (96 in)","","","","","","","","","1.01 bar (14.7 psi)","","","","","","","","","","","","","","Stainless Steel Other","","","","","","","","Horizontal","","","","6,100 mm (240 in)","","Saddle","","","","","","Tank",""
"246723","Stainless Steel 316 Tank - IPP# 246723","https://ims.internationalprocessplants.com/inventory/equipment/detail/246723","15","","","","","","","","","","12,100 L (3,200 gallons)","","Used","610 mm (24 in)","2,450 mm (96 in)","Yes","","","","","","","","1.01 bar (14.7 psi)","","","","","","","","","","","","","","Stainless Steel 316","","60","3","0.75 kW (1 HP)","1,735","","","Vertical","","","","2,450 mm (96 in)","","Lugs","","","","","","Tank",""
"246724","Stainless Steel 304  Tank - IPP# 246724","https://ims.internationalprocessplants.com/inventory/equipment/detail/246724","14","","","","","","","","","","12,100 L (3,200 gallons)","","Used","610 mm (24 in)","2,450 mm (96 in)","Yes","","","","","","","","1.01 bar (14.7 psi)","","","","","","","","","","","","","","Stainless Steel 304","","60","","0.75 kW (1 HP)","1,735","","","Vertical","","","","2,450 mm (96 in)","","Lugs","","","","","","Tank",""
"246725","Stainless Steel 316 Tank - IPP# 246725","https://ims.internationalprocessplants.com/inventory/equipment/detail/246725","12","","No sidewall baffles","","","","","","","","26,500 L (7,000 gallons)","","Used","","3,200 mm (126 in)","Yes","Yes","","","","","","","","","","","","","","","","","","","","","Stainless Steel 316","","","","2.2 kW (3 HP)","","","","Vertical","","","","3,400 mm (134 in)","","Lugs","","","","","","Tank",""
"246726","Stainless Steel 316 Tank - IPP# 246726","https://ims.internationalprocessplants.com/inventory/equipment/detail/246726","13","","No sidewall baffles","","","","","","","","26,500 L (7,000 gallons)","","Used","","3,200 mm (126 in)","Yes","Yes","","","","","","","1.01 bar (14.7 psi)","","","","","","","","","","","","","","Stainless Steel 316","","","","2.2 kW (3 HP)","","","","Vertical","","","","3,400 mm (134 in)","","Lugs","","","","","","Tank",""
"246728","Stainless Steel 316 Tank - IPP# 246728","https://ims.internationalprocessplants.com/inventory/equipment/detail/246728","10","","","","","","","","","","4,550 L (1,200 gallons)","","Used","","1,850 mm (72 in)","","Yes","","","","","","","1.01 bar (14.7 psi)","","","","","","","","","","","","","","Stainless Steel 316","","","","","","","","Vertical","","","","1,850 mm (72 in)","","Lugs","","","","","","Tank",""
"246729","Stainless Steel 316  Tank - IPP# 246729","https://ims.internationalprocessplants.com/inventory/equipment/detail/246729","8","","","","","","","","","","1,750 L (465 gallons)","","Used","","914 mm (36 in)","","","","","","","","","","","","","","","","","","","","","","","Stainless Steel 316","","","","","","","","Vertical","","","","2,600 mm (102 in)","","Legs","","","","","","Tank",""
"246730","Stainless Steel 316 Tank - IPP# 246730","https://ims.internationalprocessplants.com/inventory/equipment/detail/246730","8","","","","","","","","","","2,250 L (600 gallons)","","Used","","914 mm (36 in)","","","","","","","","","","","","","","","","","","","","","","","Stainless Steel 316","","","","","","","","Vertical","","","","3,600 mm (142 in)","","Legs","","","","","","Tank",""
"246734","Stainless Steel 316 Tank - IPP# 246734","https://ims.internationalprocessplants.com/inventory/equipment/detail/246734","15","","","","","","","","","","6,800 L (1,800 gallons)","","Used","254 mm (10 in)","2,100 mm (82 in)","Yes","Yes","","","","","","","1.01 bar (14.7 psi)","","","","","","","","","","","","","","Stainless Steel 316","","60","","2.6 kW (3.5 HP)","1,725","","","Vertical","","","","1,950 mm (76 in)","","Lugs","","","","","","Tank",""
"246756","Stainless Steel 304  Tank - IPP# 246756","https://ims.internationalprocessplants.com/inventory/equipment/detail/246756","11","","","","","","","","","","5,700 L (1,500 gallons)","","Used","","1,950 mm (76 in)","Yes","","","","","","","","1.01 bar (14.7 psi)","","","","","","","","","","","","","","Stainless Steel 304","","","","2.2 kW (3 HP)","","","","Vertical","","","","1,850 mm (72 in)","","Legs","","","","","","Tank",""
"246757","Stainless Steel 304  Tank - IPP# 246757","https://ims.internationalprocessplants.com/inventory/equipment/detail/246757","9","","","","","","","","","","5,700 L (1,500 gallons)","","Used","","1,950 mm (76 in)","","","","","","","","","0.97 bar (14 psi)","","","","","","","","","","","","","","Stainless Steel 304","","","","","","","","Vertical","","","","1,850 mm (72 in)","","Legs","","","","","","Tank",""
"246758","Stainless Steel 304  Tank - IPP# 246758","https://ims.internationalprocessplants.com/inventory/equipment/detail/246758","10","","","","","","","","","","5,700 L (1,500 gallons)","","Used","","1,950 mm (76 in)","Yes","","","","","","","","0.97 bar (14 psi)","","","","","","","","","","","","","","Stainless Steel 304","","","","2.2 kW (3 HP)","","","","Vertical","","","","1,850 mm (72 in)","","","","","","","","Tank",""
"246761","Stainless Steel 316 Piersol-Pine Tank - IPP# 246761","https://ims.internationalprocessplants.com/inventory/equipment/detail/246761","15","","","","","","","","","","18,950 L (5,000 gallons)","","Used","","2,450 mm (96 in)","Yes","","","","","","","","5.2 bar (75 psi)","104.4 °C (220 °F)","","","","","","","","","","","Piersol-Pine","","Stainless Steel 316","","60","","1.12 kW (1.5 HP)","1,175","","","Vertical","","","","3,750 mm (147 in)","","Lugs","","","","","","Tank",""
"246762","Stainless Steel 316 Piersol-Pine Tank - IPP# 246762","https://ims.internationalprocessplants.com/inventory/equipment/detail/246762","15","","","","","","","","","","18,950 L (5,000 gallons)","","Used","","2,450 mm (96 in)","Yes","","","","","","","","5.2 bar (75 psi)","93.3 °C (200 °F)","","","","","","","","","","","Piersol-Pine","","Stainless Steel 316","","60","","1.12 kW (1.5 HP)","1,175","","","Vertical","","","","3,750 mm (147 in)","","Lugs","","","","","","Tank",""
"246779","Stainless Steel 316 Tank - IPP# 246779","https://ims.internationalprocessplants.com/inventory/equipment/detail/246779","10","","","","","","","","","","6,050 L (1,600 gallons)","","Used","","2,000 mm (78 in)","","Yes","","","","","","","1.01 bar (14.7 psi)","","","","","","","","","","","","","","Stainless Steel 316","","","","","","","","Vertical","","","","1,850 mm (72 in)","","Lugs","","","","","","Tank",""
"246780","Stainless Steel 316 International Production Specialists Tank - IPP# 246780","https://ims.internationalprocessplants.com/inventory/equipment/detail/246780","10","","","","","","","","","","3,050 L (800 gallons)","","Used","","1,500 mm (60 in)","","","","","","","","","1.01 bar (14.7 psi)","","","","","","","","","","","","International Production Specialists","","Stainless Steel 316","","","","","","","","Vertical","","","","1,500 mm (60 in)","","Legs","","","","","","Tank",""
"246781","Stainless Steel 316 International Production Specialists  Tank - IPP# 246781","https://ims.internationalprocessplants.com/inventory/equipment/detail/246781","10","","","","","","","","","","4,150 L (1,100 gallons)","","Used","","1,950 mm (76 in)","","","","","","","","","1.01 bar (14.7 psi)","","","","","","","","","","","","International Production Specialists","","Stainless Steel 316","","","","","","","","Vertical","","","","1,500 mm (60 in)","","Legs","","","","","","Tank",""
"246784","Stainless Steel 316 International Process Specialists Tank - IPP# 246784","https://ims.internationalprocessplants.com/inventory/equipment/detail/246784","10","","","","","","","","","","3,800 L (1,000 gallons)","","Used","","1,850 mm (72 in)","","","","","","","","","1.01 bar (14.7 psi)","","","","","","","","","","","","International Process Specialists","","Stainless Steel 316","","","","","","","","Vertical","","","","1,350 mm (54 in)","","Legs","","","","","","Tank",""
"246795","Stainless Steel 316  Tank - IPP# 246795","https://ims.internationalprocessplants.com/inventory/equipment/detail/246795","9","","","","","","","","","","23,200 L (6,150 gallons)","","Used","","2,450 mm (96 in)","","","","","","","","","1.01 bar (14.7 psi)","","","","","","","","","","","","","","Stainless Steel 316","","","","","","","","Horizontal","","","","4,550 mm (180 in)","","Saddle","","","","","","Tank",""
"246796","Stainless Steel Other  Tank - IPP# 246796","https://ims.internationalprocessplants.com/inventory/equipment/detail/246796","9","","","","","","","","","","40,900 L (10,800 gallons)","","Used","","3,050 mm (120 in)","","","","","","","","","1.01 bar (14.7 psi)","","","","","","","","","","","","","","Stainless Steel Other","","","","","","","","Horizontal","","","","5,500 mm (216 in)","","Saddle","","","","","","Tank",""
"246797","Stainless Steel 316 Tank - IPP# 246797","https://ims.internationalprocessplants.com/inventory/equipment/detail/246797","9","","","","","","","","","","18,950 L (5,000 gallons)","","Used","","2,750 mm (108 in)","","","","","","","","","1.01 bar (14.7 psi)","","","","","","","","","","","","","","Stainless Steel 316","","","","","","","","Vertical","","","","2,900 mm (115 in)","","Legs","","","","","","Tank",""
"246798","Carbon Steel  Tank - IPP# 246798","https://ims.internationalprocessplants.com/inventory/equipment/detail/246798","9","","","","","","","","","","56,900 L (15,050 gallons)","","Used","","2,750 mm (108 in)","","","","","","","","","1.01 bar (14.7 psi)","","","","","","","","","","","","","","Carbon Steel","","","","","","","","Horizontal","","","","9,600 mm (378 in)","","Saddle","","","","","","Tank",""
"246799","Carbon Steel Tank - IPP# 246799","https://ims.internationalprocessplants.com/inventory/equipment/detail/246799","9","","","","","","","","","","56,900 L (15,050 gallons)","","Used","","2,750 mm (108 in)","","","","","","","","","1.01 bar (14.7 psi)","","","","","","","","","","","","","","Carbon Steel","","","","","","","","Horizontal","","","","9,600 mm (378 in)","","Saddle","","","","","","Tank",""
"246800","Stainless Steel Tank - IPP# 246800","https://ims.internationalprocessplants.com/inventory/equipment/detail/246800","9","","","","","","","","","","30,050 L (7,950 gallons)","","Used","","2,450 mm (96 in)","","","","","","","","","1.01 bar (14.7 psi)","","","","","","","","","","","","","","Stainless Steel Other","","","","","","","","Horizontal","","","","6,100 mm (240 in)","","Saddle","","","","","","Tank",""
"246801","Stainless Steel Tank - IPP# 246801","https://ims.internationalprocessplants.com/inventory/equipment/detail/246801","9","","","","","","","","","","30,050 L (7,950 gallons)","","Used","","2,450 mm (96 in)","","","","","","","","","1.01 bar (14.7 psi)","","","","","","","","","","","","","","Stainless Steel Other","","","","","","","","Horizontal","","","","6,100 mm (240 in)","","Saddle","","","","","","Tank",""
"246812","Carbon Steel Samuel Pressure Vessel Group A100 55 Tank - IPP# 246812","https://ims.internationalprocessplants.com/inventory/equipment/detail/246812","14","Yes","","","","","","","","","1,700 L (450 gallons)","","Used","","914 mm (36 in)","","","","","","","","","11.4 bar (165 psi)","204.4 °C (400 °F)","","","","","","","Standard","","","","Samuel Pressure Vessel Group","","Carbon Steel","A100 55","","","","","","","Vertical","","","","2,450 mm (96 in)","","Skirt","","","","","","Tank",""
"246817","Carbon Steel Tank - IPP# 246817","https://ims.internationalprocessplants.com/inventory/equipment/detail/246817","9","","","","","","","","","","9,850 L (2,600 gallons)","","Used","","1,850 mm (72 in)","","","","","","","","","","","","","Carbon Steel","","","","","","","","","","Carbon Steel","","","","","","","","Horizontal","","","","3,650 mm (144 in)","","Saddle","","","","","","Tank",""
"246820","Stainless Steel 304 Lee Industries  Tank - IPP# 246820","https://ims.internationalprocessplants.com/inventory/equipment/detail/246820","10","","","","","","","","","","41,650 L (11,000 gallons)","","Used","","2,450 mm (96 in)","","","","","","","","","1.01 bar (14.7 psi)","","","","","","","","","","","","Lee Industries","","Stainless Steel 304","","","","","","","","Horizontal","","","","9,150 mm (360 in)","","Saddle","","","","","","Tank",""
"246821","Stainless Steel 304 Lee Industries Tank - IPP# 246821","https://ims.internationalprocessplants.com/inventory/equipment/detail/246821","10","","","","","","","","","","41,650 L (11,000 gallons)","","Used","","2,450 mm (96 in)","","","","","","","","","1.01 bar (14.7 psi)","","","","","","","","","","","","Lee Industries","","Stainless Steel 304","","","","","","","","Horizontal","","","","9,150 mm (360 in)","","Saddle","","","","","","Tank",""
"246822","Stainless Steel 304 Lee Industries Tank - IPP# 246822","https://ims.internationalprocessplants.com/inventory/equipment/detail/246822","10","","","","","","","","","","41,650 L (11,000 gallons)","","Used","","2,450 mm (96 in)","","","","","","","","","1.01 bar (14.7 psi)","","","","","","","","","","","","Lee Industries","","Stainless Steel 304","","","","","","","","Horizontal","","","","9,150 mm (360 in)","","Saddle","","","","","","Tank",""
"246823","Stainless Steel 304  Tank - IPP# 246823","https://ims.internationalprocessplants.com/inventory/equipment/detail/246823","9","","","","","","","","","","72,500 L (19,150 gallons)","","Used","","3,950 mm (156 in)","","","","","","","","","1.01 bar (14.7 psi)","","","","","","","","","","","","","","Stainless Steel 304","","","","","","","","Vertical","","","","5,500 mm (216 in)","","Pads","","","","","","Tank",""
"246824","Stainless Steel 304  Tank - IPP# 246824","https://ims.internationalprocessplants.com/inventory/equipment/detail/246824","8","","","","","","","","","","72,500 L (19,150 gallons)","","Used","","3,950 mm (156 in)","","","","","","","","","1.01 bar (14.7 psi)","","","","","","","","","","","","","","Stainless Steel 304","","","","","","","","Vertical","","","","5,500 mm (216 in)","","","","","","","","Tank",""
"246826","Stainless Steel 316  Tank - IPP# 246826","https://ims.internationalprocessplants.com/inventory/equipment/detail/246826","8","","","","","","","","","","51,100 L (13,500 gallons)","","Used","","3,650 mm (144 in)","","","","","","","","","1.01 bar (14.7 psi)","","","","","","","","","","","","","","Stainless Steel 316","","","","","","","","Vertical","","","","4,900 mm (192 in)","","","","","","","","Tank",""
"246827","Stainless Steel 316 Piersol-Pine Tank - IPP# 246827","https://ims.internationalprocessplants.com/inventory/equipment/detail/246827","10","","","","","","","","","","22,700 L (6,000 gallons)","","Used","","3,150 mm (124 in)","","","","","","","","","1.01 bar (14.7 psi)","","","","","","","","","","","","Piersol-Pine","","Stainless Steel 316","","","","","","","","Vertical","","","","3,050 mm (120 in)","","Pads","","","","","","Tank",""
"246828","Stainless Steel 316 Piersol-Pine Tank - IPP# 246828","https://ims.internationalprocessplants.com/inventory/equipment/detail/246828","11","","","","","","","","","","22,700 L (6,000 gallons)","","Used","","3,150 mm (124 in)","","","","","","","","","1.01 bar (14.7 psi)","15 °C (59 °F)","","","","","","","","","","","Piersol-Pine","","Stainless Steel 316","","","","","","","","Vertical","","","","3,050 mm (120 in)","","Pads","","","","","","Tank",""
"246829","Fiberglass Tankinetics Tank - IPP# 246829","https://ims.internationalprocessplants.com/inventory/equipment/detail/246829","11","","","","","","","","","","44,500 L (11,750 gallons)","","Used","","3,300 mm (130 in)","","","","","","","","","1.01 bar (14.7 psi)","37.8 °C (100 °F)","","","","","","","","","","","Tankinetics, Inc.","","Fiberglass","","","","","","","","Vertical","","","","7,300 mm (288 in)","","Pads","","","","","","Tank",""
"246865","Stainless Steel 304 Tank - IPP# 246865","https://ims.internationalprocessplants.com/inventory/equipment/detail/246865","12","","","","","","","","","","13,250 L (3,500 gallons)","","Used","","2,450 mm (96 in)","Yes","","","","","","","","0.97 bar (14 psi)","","","","","","","","","","","","","Yes","Stainless Steel 304","","","","2.2 kW (3 HP)","","","","Vertical","","","","2,750 mm (108 in)","","Lugs","","","","","","Tank",""
"246866","Stainless Steel 304 Tank - IPP# 246866","https://ims.internationalprocessplants.com/inventory/equipment/detail/246866","13","","","","","","","","","","13,250 L (3,500 gallons)","","Used","","2,450 mm (96 in)","Yes","","","","","","","","0.97 bar (14 psi)","","","","","","","","","","","","","Yes","Stainless Steel 304","","60","","2.2 kW (3 HP)","","","","Vertical","","","","2,750 mm (108 in)","","Ring","","","","","","Tank",""
"246867","Stainless Steel 304 Tank - IPP# 246867","https://ims.internationalprocessplants.com/inventory/equipment/detail/246867","9","","","","","","","","","","4,900 L (1,300 gallons)","","Used","","1,050 mm (42 in)","","","","","","","","","0.97 bar (14 psi)","","","","","","","","","","","","","","Stainless Steel 304","","","","","","","","Vertical","","","","1,850 mm (72 in)","","Ring","","","","","","Tank",""
"246868","Stainless Steel 304 Tank - IPP# 246868","https://ims.internationalprocessplants.com/inventory/equipment/detail/246868","9","","","","","","","","","","4,900 L (1,300 gallons)","","Used","","1,050 mm (42 in)","","","","","","","","","0.97 bar (14 psi)","","","","","","","","","","","","","","Stainless Steel 304","","","","","","","","Vertical","","","","1,850 mm (72 in)","","Ring","","","","","","Tank",""
"246888","Stainless Steel 304 Tank - IPP# 246888","https://ims.internationalprocessplants.com/inventory/equipment/detail/246888","15","","","","","","","","","","5,300 L (1,400 gallons)","","Used","914 mm (36 in)","1,850 mm (72 in)","Yes","Yes","","","","","","","0.97 bar (14 psi)","","","","","","","","","","","","","Yes","Stainless Steel 304","","60","","2.2 kW (3 HP)","","","","Vertical","","","","1,850 mm (72 in)","","Lugs","","","","","","Tank",""
"246889","Stainless Steel 304 Tank - IPP# 246889","https://ims.internationalprocessplants.com/inventory/equipment/detail/246889","15","","","","","","","","","","5,300 L (1,400 gallons)","","Used","914 mm (36 in)","1,850 mm (72 in)","Yes","Yes","","","","","","","0.97 bar (14 psi)","","","","","","","","","","","","","Yes","Stainless Steel 304","","60","","2.2 kW (3 HP)","","","","Vertical","","","","1,850 mm (72 in)","","Lugs","","","","","","Tank",""
"246890","Stainless Steel 304 Tank - IPP# 246890","https://ims.internationalprocessplants.com/inventory/equipment/detail/246890","15","","","","","","","","","","6,800 L (1,800 gallons)","","Used","508 mm (20 in)","1,850 mm (72 in)","Yes","Yes","","","","","","","0.97 bar (14 psi)","","","","","","","","","","","","","Yes","Stainless Steel 304","","60","","2.2 kW (3 HP)","","","","Vertical","","","","2,450 mm (96 in)","","Lugs","","","","","","Tank",""
"246891","Stainless Steel 304 Tank - IPP# 246891","https://ims.internationalprocessplants.com/inventory/equipment/detail/246891","15","","","","","","","","","","6,800 L (1,800 gallons)","","Used","508 mm (20 in)","1,850 mm (72 in)","Yes","Yes","","","","","","","0.97 bar (14 psi)","","","","","","","","","","","","","Yes","Stainless Steel 304","","60","","2.2 kW (3 HP)","","","","Vertical","","","","1,950 mm (76 in)","","Lugs","","","","","","Tank",""
"246892","Stainless Steel 316 Tank - IPP# 246892","https://ims.internationalprocessplants.com/inventory/equipment/detail/246892","12","","(4) sidewall mounted straight baffles.","Sidewall Mounted Straight Baffle","","","","","","","42,800 L (11,300 gallons)","","Used","","3,200 mm (126 in)","Yes","","","","","","","","0.97 bar (14 psi)","","","","","","","","","","","","","","Stainless Steel 316","","","","","","","","Vertical","","","","5,050 mm (198 in)","","Legs","","","","","","Tank",""
"246896","Stainless Steel 316 Four Corp Tank - IPP# 246896","https://ims.internationalprocessplants.com/inventory/equipment/detail/246896","13","","","","","","","","","","1,900 L (500 gallons)","","Used","","1,300 mm (52 in)","","","","","","","","","3.4 bar (50 psi)","204.4 °C (400 °F)","","","","","","","","","","","Four Corp","Yes","Stainless Steel 316","","","","","","","","Vertical","","","","1,200 mm (48 in)","","Legs","","","","","","Tank","Yes"
"246898","Carbon Steel Tank - IPP# 246898","https://ims.internationalprocessplants.com/inventory/equipment/detail/246898","9","","","","","","","","","","7,550 L (2,000 gallons)","","Used","","1,900 mm (75 in)","","","","","","","","","","","","","","","","","","","","","","Yes","Carbon Steel","","","","","","","","Vertical","","","","2,650 mm (105 in)","","Legs","","","","","","Tank",""
"246904","Stainless Steel 304 Tank - IPP# 246904","https://ims.internationalprocessplants.com/inventory/equipment/detail/246904","10","","","","","","","","","","6,450 L (1,700 gallons)","","Used","152.4 mm (6 in)","1,850 mm (72 in)","","","","","","","","","0.97 bar (14 psi)","","","","","","","","","","","","","","Stainless Steel 304","","","","","","","","Vertical","","","","2,450 mm (96 in)","","Legs","","","","","","Tank",""
"246905","Stainless Steel 304 Tank - IPP# 246905","https://ims.internationalprocessplants.com/inventory/equipment/detail/246905","10","","","","","","","","","","5,300 L (1,400 gallons)","","Used","914 mm (36 in)","1,850 mm (72 in)","","","","","","","","","0.97 bar (14 psi)","","","","","","","","","","","","","","Stainless Steel 304","","","","","","","","Vertical","","","","1,850 mm (72 in)","","Legs","","","","","","Tank",""
"246906","Stainless Steel 304 Tank - IPP# 246906","https://ims.internationalprocessplants.com/inventory/equipment/detail/246906","10","","","","","","","","","","6,450 L (1,700 gallons)","","Used","304.8 mm (12 in)","2,450 mm (96 in)","","","","","","","","","0.97 bar (14 psi)","","","","","","","","","","","","","","Stainless Steel 304","","","","","","","","Vertical","","","","2,150 mm (84 in)","","Legs","","","","","","Tank",""
"246907","Stainless Steel 304 Tank - IPP# 246907","https://ims.internationalprocessplants.com/inventory/equipment/detail/246907","8","","","","","","","","","","4,750 L (1,250 gallons)","","Used","","1,850 mm (72 in)","","","","","","","","","","","","","","","","","","","","","","","Stainless Steel 304","","","","","","","","Vertical","","","","1,850 mm (72 in)","","Legs","","","","","","Tank",""
"246908","Stainless Steel 304 Tank - IPP# 246908","https://ims.internationalprocessplants.com/inventory/equipment/detail/246908","10","","","","","","","","","","3,800 L (1,000 gallons)","","Used","610 mm (24 in)","1,700 mm (66 in)","","","","","","","","","0.97 bar (14 psi)","","","","","","","","","","","","","","Stainless Steel 304","","","","","","","","Vertical","","","","1,500 mm (60 in)","","Legs","","","","","","Tank",""
"246909","Stainless Steel 304 Tank - IPP# 246909","https://ims.internationalprocessplants.com/inventory/equipment/detail/246909","12","","","","","","","","","","7,950 L (2,100 gallons)","","Used","304.8 mm (12 in)","2,150 mm (84 in)","Yes","","","","","","","","0.97 bar (14 psi)","","","","","","","","","","","","","","Stainless Steel 304","","","","1.49 kW (2 HP)","","","","Vertical","","","","2,150 mm (84 in)","","Legs","","","","","","Tank",""
"246910","Carbon Steel Tank - IPP# 246910","https://ims.internationalprocessplants.com/inventory/equipment/detail/246910","10","","","","","","","","","","43,800 L (11,550 gallons)","","Used","","2,450 mm (96 in)","","","","","","","","","0.97 bar (14 psi)","","","","","","","","","","","","","Yes","Carbon Steel","","","","","","","","Horizontal","","","","9,150 mm (360 in)","","Saddle","","","","","","Tank",""
"246911","Stainless Steel 304 Paul Mueller  Tank - IPP# 246911","https://ims.internationalprocessplants.com/inventory/equipment/detail/246911","11","","","","","","","","","","35,950 L (9,500 gallons)","","Used","","2,250 mm (88 in)","","","","","","","","","0.97 bar (14 psi)","","","","","","","","","","","","Paul Mueller","Yes","Stainless Steel 304L","","","","","","","","Horizontal","","","","8,900 mm (351 in)","","Saddle","","","","","","Tank",""
"246912","Stainless Steel 304 Tank - IPP# 246912","https://ims.internationalprocessplants.com/inventory/equipment/detail/246912","10","","","","","","","","","","23,450 L (6,200 gallons)","","Used","","3,500 mm (138 in)","","","","","","","","","0.97 bar (14 psi)","","","","","","","","","","","","","Yes","Stainless Steel 304","","","","","","","","Vertical","","","","2,450 mm (96 in)","","Pads","","","","","","Tank",""
"246913","Stainless Steel 304 Tank - IPP# 246913","https://ims.internationalprocessplants.com/inventory/equipment/detail/246913","9","","","","","","","","","","23,450 L (6,200 gallons)","","Used","","3,500 mm (138 in)","","","","","","","","","0.97 bar (14 psi)","","","","","","","","","","","","","Yes","Stainless Steel 304","","","","","","","","Vertical","","","","2,450 mm (96 in)","","","","","","","","Tank",""
"246920","Stainless Steel 304 Tank - IPP# 246920","https://ims.internationalprocessplants.com/inventory/equipment/detail/246920","10","","","","","","","","","","51,100 L (13,500 gallons)","","Used","","3,650 mm (144 in)","","","","","","","","","0.97 bar (14 psi)","","","","","","","","","","","","","Yes","Stainless Steel 304","","","","","","","","Vertical","","","","4,900 mm (192 in)","","Pads","","","","","","Tank",""
"246921","Stainless Steel 304 Tank - IPP# 246921","https://ims.internationalprocessplants.com/inventory/equipment/detail/246921","9","","","","","","","","","","51,100 L (13,500 gallons)","","Used","","3,650 mm (144 in)","","","","","","","","","","","","","","","0.97 bar (14 psi)","","","","","","","","Stainless Steel 304","","","","","","","","Vertical","","","","4,900 mm (192 in)","","Pads","","","","","","Tank",""
"246922","Stainless Steel 316 Ward Tank Co Tank - IPP# 246922","https://ims.internationalprocessplants.com/inventory/equipment/detail/246922","12","","","","","","","","","","43,550 L (11,500 gallons)","","Used","","2,450 mm (96 in)","","","","","","","","","0.97 bar (14 psi)","60 °C (140 °F)","","","","","","","","","","","Ward Tank Co","Yes","Stainless Steel 316","","","","","","","","Horizontal","","","","9,150 mm (360 in)","","Saddle","","","","","","Tank",""
"246923","Carbon Steel Lee Industries Tank - IPP# 246923","https://ims.internationalprocessplants.com/inventory/equipment/detail/246923","9","","","","","","","","","","43,550 L (11,500 gallons)","","Used","","2,450 mm (96 in)","","","","","","","","","0.97 bar (14 psi)","","","","","","","","","","","","","","Stainless Steel 316","","","","","","","","Horizontal","","","","9,150 mm (360 in)","","Saddle","","","","","","Tank",""
"246924","Stainless Steel 304L Alloy Fab Tank - IPP# 246924","https://ims.internationalprocessplants.com/inventory/equipment/detail/246924","17","","","","","","","","","","44,300 L (11,700 gallons)","","Used","","3,050 mm (120 in)","","Yes","","","","","","","0.97 bar (14 psi)","93.3 °C (200 °F)","","","","","10.3 bar (150 psi)","204.4 °C (400 °F)","Internal Pipe Coil","","","Yes","Alloy Fab","Yes","Stainless Steel 304L","","","","","","","","Vertical","","","","6,100 mm (240 in)","","Legs","","","","","","Tank",""
"246925","Stainless Steel 304 Alloy Fab Tank - IPP# 246925","https://ims.internationalprocessplants.com/inventory/equipment/detail/246925","12","","","","","","","","","","44,300 L (11,700 gallons)","","Used","","3,050 mm (120 in)","","","","","","","","","0.97 bar (14 psi)","93.3 °C (200 °F)","","","","","","","","","","","Alloy Fab","Yes","Stainless Steel 304","","","","","","","","Vertical","","","","6,100 mm (240 in)","","Pads","","","","","","Tank",""
"246950","Carbon Steel Tank - IPP# 246950","https://ims.internationalprocessplants.com/inventory/equipment/detail/246950","9","","","","","","","","","","94,650 L (25,000 gallons)","","Used","","3,200 mm (126 in)","","","","","","","","","0.97 bar (14 psi)","","","","","","","","","","","","","","Carbon Steel","","","","","","","","Horizontal","","","","11,850 mm (466 in)","","Saddle","","","","","","Tank",""
"246953","Carbon Steel Quality Steel Corporation 1000 wg Tank - IPP# 246953","https://ims.internationalprocessplants.com/inventory/equipment/detail/246953","12","","","","","","","","","","3,800 L (1,000 gallons)","","Used","","1,050 mm (41 in)","","","","","","","","","17.2 bar (250 psi)","204.4 °C (400 °F)","","","","","","","","","","","Quality Steel Corporation","","Carbon Steel","1000 wg","","","","","","","Horizontal","","","","4,900 mm (192 in)","","Saddle","","","","","","Tank",""
"247093","Single Use Mixing Tank with Dimple Jacket and Touchscreen Control - IPP# 247093","https://ims.internationalprocessplants.com/inventory/equipment/detail/247093","23","","","","","","","","","","500 L (132.1 gallons)","","Used","","749 mm (29.5 in)","Yes","","","","","","","","0.03 bar (0.5 psi)","40 °C (104 °F)","","","Stainless Steel 304","","10.3 bar (150 psi)","65.6 °C (150 °F)","Dimple","","","Yes","ThermoFisher","","Stainless Steel 304","HyPerforma SUM0500.6645","60","3","0.37 kW (0.5 HP)","356","","","Vertical","","Yes","","1,250 mm (50 in)","","Caster","","","","","","Tank",""
"247094","Single Use Mixing Tank with Dimple Jacket and Touchscreen Control - IPP# 247094","https://ims.internationalprocessplants.com/inventory/equipment/detail/247094","23","","","","","","","","","","50 L (13.2 gallons)","","Used","","349.3 mm (13.8 in)","Yes","","","","","","","","0.03 bar (0.5 psi)","40 °C (104 °F)","","","Stainless Steel 304","","10.3 bar (150 psi)","65.6 °C (150 °F)","Dimple","","","Yes","ThermoFisher","","Stainless Steel 304","HyPerforma SUM0050.6650","60","3","0.37 kW (0.5 HP)","1,700","","","Vertical","","Yes","","699 mm (27.5 in)","","Caster","","","","","","Tank",""
"247095","Single Use Mixing Tank with Dimple Jacket and Touchscreen Control - IPP# 247095","https://ims.internationalprocessplants.com/inventory/equipment/detail/247095","24","","None","","","","","","","","200 L (52.8 gallons)","","Used","","502 mm (19.8 in)","Yes","","","","","","","","0.03 bar (0.5 psi)","40 °C (104 °F)","","","Stainless Steel 304","","10.3 bar (150 psi)","65.6 °C (150 °F)","Dimple","","","Yes","ThermoFisher","","Stainless Steel 304","HyPerforma SUM0200.6645","60","3","0.37 kW (0.5 HP)","1,700","","","Vertical","","Yes","","1,100 mm (44 in)","","Legs","","","","","","Tank",""
"247230","Stainless Steel 316 Pope Scientific  Tank - IPP# 247230","https://ims.internationalprocessplants.com/inventory/equipment/detail/247230","12","","","","","","","","","","132.5 L (35 gallons)","","Used","","457.2 mm (18 in)","","","","","","","","","6.9 bar (100 psi)","37.8 °C (100 °F)","","","","","","","","","","","Pope Scientific","","Stainless Steel 316","","","","","","","","Vertical","","Yes","","752 mm (29.6 in)","","Skirt","","","","","","Tank",""
"247236","Stainless Steel 316  Tank - IPP# 247236","https://ims.internationalprocessplants.com/inventory/equipment/detail/247236","18","","","","","","","","","","189.3 L (50 gallons)","","Used","","610 mm (24 in)","Yes","","","","","","","","3.4 bar (50 psi)","148.9 °C (300 °F)","","","Stainless Steel 316L","","6.9 bar (100 psi)","176.7 °C (350 °F)","Half Pipe/Limpet","","","","Lee Industries","","Stainless Steel 316L","50U","","","","","","","Vertical","","","","584 mm (23 in)","","Caster","","","","","","Tank","Yes"
"247239","Stainless Steel 316 Sharpsville Container Corp  Tank - IPP# 247239","https://ims.internationalprocessplants.com/inventory/equipment/detail/247239","17","","","","","","","","","","606 L (160 gallons)","","Used","","610 mm (24 in)","","","","","","","","","8.6 bar (125 psi)","121.1 °C (250 °F)","","","Stainless Steel 316","","8.6 bar (125 psi)","121.1 °C (250 °F)","Dimple","","","","Sharpsville Container Corp","","Stainless Steel 316","","","","","","","","Vertical","","Yes","","2,100 mm (83 in)","","Legs","","","","","","Tank","Yes"
"247240","Stainless Steel 316 Sharpsville Container Corp  Tank - IPP# 247240","https://ims.internationalprocessplants.com/inventory/equipment/detail/247240","17","","","","","","","","","","283.9 L (75 gallons)","","Used","","508 mm (20 in)","","","","","","","","","8.6 bar (125 psi)","121.1 °C (250 °F)","","","Stainless Steel 316","","8.6 bar (125 psi)","121.1 °C (250 °F)","Dimple","","","","Sharpsville Container Corp","","Stainless Steel 316","","","","","","","","Vertical","","Yes","","1,350 mm (53 in)","","Legs","","","","","","Tank","Yes"
"247241","Stainless Steel 304  Tank - IPP# 247241","https://ims.internationalprocessplants.com/inventory/equipment/detail/247241","11","","","","","","","","","","795 L (210 gallons)","","Used","","1,000 mm (40 in)","","","","","","","","","1 bar (14.5 psi)","","","","","","","","","","","","","Yes","Stainless Steel 304","","","","","","","","Vertical","","Yes","","762 mm (30 in)","","Base Mounted","","","","","","Tank",""
"247246","Unused Stainless Steel 316L Stainless Process Systems Tank - IPP# 247246","https://ims.internationalprocessplants.com/inventory/equipment/detail/247246","15","","","","","","","","Yes","","7,000 L (1,850 gallons)","","Unused","","1,500 mm (60 in)","","","","","","","","","3.1 bar (45 psi)","150 °C (302 °F)","","","","","","","","","","","Stainless Process Systems","Yes","Stainless Steel 316L","","","","","","","","Vertical","","Yes","","3,550 mm (139 in)","","Lugs","","","","","","Tank","Yes"
"247261","Hastelloy - C22  Tank - IPP# 247261","https://ims.internationalprocessplants.com/inventory/equipment/detail/247261","12","","","","","","","","","","50 L (13.2 gallons)","","Used","","350 mm (13.8 in)","","","","","","","","","6.6 bar (95.7 psi)","200 °C (392 °F)","","","","","","","","","","","Pfaudler","","Hastelloy - C22","","","","","","","","Vertical","","","","770 mm (30.3 in)","","Lugs","","","","","","Tank","Yes"
"247262","Hastelloy - C22  Tank - IPP# 247262","https://ims.internationalprocessplants.com/inventory/equipment/detail/247262","12","","","","","","","","","","50 L (13.2 gallons)","","Used","","350 mm (13.8 in)","","","","","","","","","6.6 bar (95.7 psi)","200 °C (392 °F)","","","","","","","","","","","Pfaudler","","Hastelloy - C22","","","","","","","","Vertical","","","","770 mm (30.3 in)","","Lugs","","","","","","Tank","Yes"
"247272","Tank - IPP# 247272","https://ims.internationalprocessplants.com/inventory/equipment/detail/247272","11","","","","","","","","","","39,900 L (10,550 gallons)","","Used","","3,000 mm (118 in)","","","","","","","","","2.1 bar (30 psi)","204.4 °C (400 °F)","","","","","","","","","","","Tycon","","Glasslined","","","","","","","","Vertical","","","","4,900 mm (193 in)","","Lugs","","","","","","Tank",""
"247309","Glasslined Pfaudler CTJ Tank - IPP# 247309","https://ims.internationalprocessplants.com/inventory/equipment/detail/247309","17","","","","","","","","","","189.3 L (50 gallons)","","Used","","813 mm (32 in)","","","","","","","","","0.97 bar (14 psi)","232.2 °C (450 °F)","","","Stainless Steel 304","","6.2 bar (90 psi)","232.2 °C (450 °F)","Standard","","","","Pfaudler","","Glasslined","CTJ","","","","","","","Vertical","","Yes","","317.5 mm (12.5 in)","","Lugs","","","","","","Tank",""
"247310","Stainless Steel 316 Feldmeier Equipment  Tank - IPP# 247310","https://ims.internationalprocessplants.com/inventory/equipment/detail/247310","12","","","","","","","","","","606 L (160 gallons)","","Used","","813 mm (32 in)","","","","","","","","","1.72 bar (25 psi)","135 °C (275 °F)","","","","","","","","","","","Feldmeier Equipment","","Stainless Steel 316","","","","","","","","Vertical","","Yes","","1,100 mm (44 in)","","Legs","","","","","","Tank",""
"247311","Stainless Steel 316 SP Tank - IPP# 247311","https://ims.internationalprocessplants.com/inventory/equipment/detail/247311","15","","","","","","","","Yes","","378.5 L (100 gallons)","","Used","","813 mm (32 in)","","","","","","","","","5.2 bar (75 psi)","176.7 °C (350 °F)","","","","","","","","","","","Dover","","Stainless Steel 316","SP","","","","","","","Vertical","","Yes","","965 mm (38 in)","","Legs","","","","","","Tank","Yes"
"247316","Glasslined Pfaudler CTJ Tank - IPP# 247316","https://ims.internationalprocessplants.com/inventory/equipment/detail/247316","22","","","","","","","","","","94.6 L (25 gallons)","","Used","","508 mm (20 in)","Yes","","","","","","","","0.97 bar (14 psi)","176.7 °C (350 °F)","","","Stainless Steel 316L","","10.3 bar (150 psi)","176.7 °C (350 °F)","Standard","","","","Pfaudler","","Glasslined","CTJ","60","3","0.25 kW (0.33 HP)","1,800","","","Vertical","","Yes","","355.6 mm (14 in)","","Legs","","","","","","Tank",""
"247317","Glasslined Pfaudler tank - IPP# 247317","https://ims.internationalprocessplants.com/inventory/equipment/detail/247317","18","","","","","","","","Yes","","189.3 L (50 gallons)","","Used","","813 mm (32 in)","","","","","","","","","0.97 bar (14 psi)","232.2 °C (450 °F)","","","Stainless Steel 316L","","6.2 bar (90 psi)","232.2 °C (450 °F)","Standard","","","","Pfaudler","","Glasslined","RT-32-100-ATMOS-90","","","","","","","Vertical","","Yes","","317.5 mm (12.5 in)","","Legs","","","","","","Tank",""
"247318","Glasslined Pfaudler RT Tank - IPP# 247318","https://ims.internationalprocessplants.com/inventory/equipment/detail/247318","17","","","","","","","","","","378.5 L (100 gallons)","","Used","","813 mm (32 in)","","","","","","","","","0.97 bar (14 psi)","232.2 °C (450 °F)","","","Stainless Steel 316L","","6.2 bar (90 psi)","232.2 °C (450 °F)","Standard","","","","Pfaudler","","Glasslined","RT-32-100-ATMOS-90","","","","","","","Vertical","","Yes","","718 mm (28.3 in)","","Legs","","","","","","Tank",""
"247320","Glasslined Pfaudler CTJ Tank - IPP# 247320","https://ims.internationalprocessplants.com/inventory/equipment/detail/247320","17","","","","","","","","","","189.3 L (50 gallons)","","Used","","813 mm (32 in)","","","","","","","","","0.97 bar (14 psi)","232.2 °C (450 °F)","","","Stainless Steel 316L","","6.2 bar (90 psi)","232.2 °C (450 °F)","Standard","","","","Pfaudler","","Glasslined","RT","","","","","","","Vertical","","Yes","","304.8 mm (12 in)","","Legs","","","","","","Tank",""
"247322","Glasslined Pfaudler RT Tank - IPP# 247322","https://ims.internationalprocessplants.com/inventory/equipment/detail/247322","23","","","","","","","","Yes","","378.5 L (100 gallons)","","Used","","813 mm (32 in)","Yes","","","","","","","","0.97 bar (14 psi)","232.2 °C (450 °F)","","","Stainless Steel 316L","","6.2 bar (90 psi)","232.2 °C (450 °F)","Standard","","","","Pfaudler","","Glasslined","RT-32-100-ATMOS-90","60","3","0.75 kW (1 HP)","1,750","","","Vertical","","Yes","","718 mm (28.3 in)","","Legs","","","","","","Tank",""
"247388","Stainless Steel 316L Northland Stainless  Tank - IPP# 247388","https://ims.internationalprocessplants.com/inventory/equipment/detail/247388","19","","","","","","","","Yes","","3,050 L (800 gallons)","","Used","","1,500 mm (60 in)","","","","","","","","","3.4 bar (50 psi)","148.9 °C (300 °F)","","","Stainless Steel 316L","","10.3 bar (150 psi)","148.9 °C (300 °F)","Half Pipe/Limpet","","","","Northland Stainless","Yes","Stainless Steel 316L","","","","","","","","Vertical","","Yes","","1,500 mm (60 in)","","Feet","","","","","","Tank","Yes"
"247389","Stainless Steel 316L Northland Stainless  Tank - IPP# 247389","https://ims.internationalprocessplants.com/inventory/equipment/detail/247389","17","","","","","","","","","","3,400 L (900 gallons)","","Used","","1,500 mm (60 in)","","","","","","","","","3.4 bar (50 psi)","148.9 °C (300 °F)","","","Stainless Steel 316L","","10.3 bar (150 psi)","148.9 °C (300 °F)","Half Pipe/Limpet","","","","Northland Stainless","Yes","Stainless Steel 316L","","","","","","","","Vertical","","Yes","","1,500 mm (60 in)","","","","","","","","Tank","Yes"
"247461","Stainless Steel 316 Pope Scientific  Tank - IPP# 247461","https://ims.internationalprocessplants.com/inventory/equipment/detail/247461","4","","","","","","","","","","","","Used","","","","","","","","","","","","","","","","","","","","","","","Pope Scientific","","Stainless Steel 316","","","","","","","","","","","","","","","","","","","","Tank",""
"247787","Bio Tank - IPP# 247787","https://ims.internationalprocessplants.com/inventory/equipment/detail/247787","7","","","","","","","","","","1,200 L (317 gallons)","","","","","","","","","","","","","2 bar (29 psi)","133 °C (271.4 °F)","","","","","","","","","","","Chris Jensen","","","","","","","","","","Vertical","","","","","","","","","","","","Tank","Yes"
"247788","Bio Tank - IPP# 247788","https://ims.internationalprocessplants.com/inventory/equipment/detail/247788","7","","","","","","","","","","1,200 L (317 gallons)","","","","","","","","","","","","","6 bar (87 psi)","133 °C (271.4 °F)","","","","","","","","","","","Chris Jensen","","","","","","","","","","Vertical","","","","","","","","","","","","Tank","Yes"
"247789","Bio Tank - IPP# 247789","https://ims.internationalprocessplants.com/inventory/equipment/detail/247789","8","","","","","","","","","","600 L (158.5 gallons)","","Used","","","","","","","","","","","3 bar (43.5 psi)","130 °C (266 °F)","","","","","4 bar (58 psi)","130 °C (266 °F)","","","","","","","","","","","","","","","Vertical","","","","","","","","","","","","Tank",""
"247931","New Stainless Steel 304 Gale Process Solutions  Tank - IPP# 247931","https://ims.internationalprocessplants.com/inventory/equipment/detail/247931","13","","","","","","","","","","15,150 L (4,000 gallons)","","New","","2,450 mm (96 in)","","","","","","","","","0.07 bar (1 psi)","232.2 °C (450 °F)","","","","","","","","","","","Gale Process Solutions","","Stainless Steel 304","","","3","5.6 kW (7.5 HP)","1,800","","","Vertical","","","","","","Lugs","","","","","","Tank",""
"248079","Unused Stainless Steel 316  Tank - IPP# 248079","https://ims.internationalprocessplants.com/inventory/equipment/detail/248079","11","","","","","","","","","","48,000 L (12,700 gallons)","","Unused","","3,100 mm (122 in)","","","","","","","","","0.07 bar (1.02 psi)","50 °C (122 °F)","","","","","","","","","","","H.Pontifex & sons ltd","","Stainless Steel 316","","","","","","","","Vertical","","","","8,000 mm (315 in)","","Legs","","","","","","Tank",""
"248098","440-Gallon 316L Stainless Steel Vertical ASME Tank &#x2013; Gale Process Solutions - IPP# 248098","https://ims.internationalprocessplants.com/inventory/equipment/detail/248098","16","","","","","","","","Yes","","1,650 L (440 gallons)","","New","","1,200 mm (47.2 in)","","","","","","","","","6.9 bar (100 psi)","100 °C (212 °F)","","","Stainless Steel 304","","6.9 bar (100 psi)","100 °C (212 °F)","Half Pipe/Limpet","","","","Gale Process Solutions","","Stainless Steel 316L","","","","","","","","Vertical","","","","1,150 mm (45.7 in)","","Legs","","","","","","Tank",""
"248265","Stainless Steel 316L  Tank - IPP# 248265","https://ims.internationalprocessplants.com/inventory/equipment/detail/248265","17","","","","","","","","","","14,000 L (3,700 gallons)","","Used","","1,900 mm (74.8 in)","Yes","","","","","","","","0.45 bar (6.5 psi)","100 °C (212 °F)","","","Stainless Steel 316L","","0.4 bar (5.8 psi)","100 °C (212 °F)","Standard","","","","Las-En Montagebedrijf De Boer B.V","","Stainless Steel 316L","","","","25 kW (33.5 HP)","","","","Vertical","","","","4,500 mm (177.2 in)","","Lugs","","","","","","Tank",""
"248290","Tank - IPP# 248290","https://ims.internationalprocessplants.com/inventory/equipment/detail/248290","13","","","Sidewall Mounted Straight Baffle","","","","","","","60,550 L (16,000 gallons)","","Used","","4,250 mm (167 in)","","","","","","","","","6.9 bar (100 psi)","176.7 °C (350 °F)","","","","","","","","","","","Element 1 Corp","Yes","Stainless Steel 316","","","","","","","","Vertical","","","","4,250 mm (168 in)","","Lugs","","","","","","Tank",""
"248291","Tank - IPP# 248291","https://ims.internationalprocessplants.com/inventory/equipment/detail/248291","9","","","","","","","","","","71,900 L (19,000 gallons)","","Unused","","4,400 mm (174 in)","","","","","","","","","","","","","","","","","","","","","Trinity Industries","","Stainless Steel 316","","","","","","","","Vertical","","","","4,250 mm (168 in)","","Legs","","","","","","Tank",""
"248292","Tank - IPP# 248292","https://ims.internationalprocessplants.com/inventory/equipment/detail/248292","13","","Internal Separation Baffle","","","","","","","","7,550 L (2,000 gallons)","","Used","","1,850 mm (72 in)","","","","","","","","","4.1 bar (60 psi)","93.3 °C (200 °F)","","","","","","","","","","","Expert Ind","Yes","Stainless Steel 316","","","","","","","","Vertical","","","","3,050 mm (120 in)","","Legs","","","","","","Tank",""
"26513","Glasslined Tank - IPP# 26513","https://ims.internationalprocessplants.com/inventory/equipment/detail/26513","8","","","","","","","","","","75.7 L (20 gallons)","","Used","","457.2 mm (18 in)","","","","","","","","","","","","","","","","","","","","","","","Glasslined","","","","","","","","Vertical","","","","508 mm (20 in)","","Lugs","","","","","","Tank",""
"27152","Glasslined Pfaudler Tank - IPP# 27152","https://ims.internationalprocessplants.com/inventory/equipment/detail/27152","11","","","","","","","","","","3,800 L (1,000 gallons)","","Used","","1,700 mm (66 in)","","","","","","","","","3.4 bar (50 psi)","343.3 °C (650 °F)","","","","","","","","","","","Pfaudler","Yes","Glasslined","","","","","","","","Vertical","","","","1,400 mm (56 in)","","","","","","","","Tank",""
"29512","Stainless Steel 304L Clad Peerless 11-148 Tank - IPP# 29512","https://ims.internationalprocessplants.com/inventory/equipment/detail/29512","14","","","","","","","","","","3,050 L (800 gallons)","Yes","Used","","1,200 mm (48 in)","","","","","","","","","41.8 bar (606 psi)","135 °C (275 °F)","","","","","","","","","","","Peerless","Yes","Stainless Steel 304L","11-148","","","","","","","Vertical","","","","2,450 mm (96 in)","","Skirt","","","","","","Tank",""
"30799","Stainless Steel 304  Tank - IPP# 30799","https://ims.internationalprocessplants.com/inventory/equipment/detail/30799","10","","","","","","","","","","1,050 L (275 gallons)","","Used","","914 mm (36 in)","","","","","","","","","","","","","Carbon Steel","","","","","","","","","Yes","Stainless Steel 304","","","","","","","","Vertical","","","","1,500 mm (60 in)","","Legs","","","","","","Tank",""
"34476","Glasslined Pfaudler Tank - IPP# 34476","https://ims.internationalprocessplants.com/inventory/equipment/detail/34476","10","","","","","","","","","","189.3 L (50 gallons)","","Used","","610 mm (24 in)","","","","","","","","","10.3 bar (150 psi)","176.7 °C (350 °F)","","","","","","","","","","","Pfaudler","","Glasslined","","","","","","","","","","","","762 mm (30 in)","","Legs","","","","","","Tank",""
"37754","Unused Stainless Steel 304 Clad Tank - IPP# 37754","https://ims.internationalprocessplants.com/inventory/equipment/detail/37754","13","","","","","","","","","","37,850 L (10,000 gallons)","Yes","Unused","","3,050 mm (120 in)","","","","","","","","","48.3 bar (700 psi)","148.9 °C (300 °F)","","","","","","","","","","","Southwest Fabricating and Welding Co. Inc.","Yes","Stainless Steel 304","","","","","","","","Vertical","","","","3,350 mm (132 in)","","Skirt","","","","","","Tank",""
"38116","Carbon Steel Brighton Manufacturing  Tank - IPP# 38116","https://ims.internationalprocessplants.com/inventory/equipment/detail/38116","10","","","","","","","","","","757 L (200 gallons)","","Used","","762 mm (30 in)","","","","","","","","","6.9 bar (100 psi)","593 °C (1,100 °F)","","","","","","","","","","","Brighton Manufacturing","","Carbon Steel","","","","","","","","Horizontal","","","","4,550 mm (180 in)","","","","","","","","Tank",""
"39135","Glasslined Pfaudler  Tank - IPP# 39135","https://ims.internationalprocessplants.com/inventory/equipment/detail/39135","18","","(2) 2-finger up laminated fiber baffles mounted through top nozzle","Finger Baffle","","","","","","","9,450 L (2,500 gallons)","","Used","","2,150 mm (84 in)","Yes","","","","","","","","5.5 bar (80 psi)","177 °C (350.6 °F)","","","","","","","","","","","Pfaudler","Yes","Glasslined","","3","","3.7 kW (5 HP)","1,440","","","Vertical","","","","2,300 mm (91 in)","","Lugs","","","","","","Tank",""
"41355","Glasslined Pfaudler VR50 Tank - IPP# 41355","https://ims.internationalprocessplants.com/inventory/equipment/detail/41355","14","","","","","","","","","","189.3 L (50 gallons)","","Re-glassed","","610 mm (24 in)","","","Very Clean (VC)","Full Fire Polish (FF)","","","","","1.72 bar (25 psi)","176.7 °C (350 °F)","","","","","","","","","","","Pfaudler","","Glasslined","VR50","","","","","","","Vertical","","","","737 mm (29 in)","","Lugs","","","","","","Tank",""
"42074","Stainless Steel 304 Tolan Machinery Co, Inc. Tank - IPP# 42074","https://ims.internationalprocessplants.com/inventory/equipment/detail/42074","15","","","","","","","","","","946 L (250 gallons)","","Used","","1,050 mm (42 in)","Yes","","","","","","","","1.03 bar (15 psi)","-34.4 °C (-30 °F)","","","","","","","","","","","Tolan Machinery Co, Inc.","","Stainless Steel 304","","60","3","2.2 kW (3 HP)","","","","Vertical","","","","1,050 mm (42 in)","","Sockets for pipe legs","","","","","","Tank",""
"43307","Glasslined EHW Thale G10-1e5-D0.6 Tank - IPP# 43307","https://ims.internationalprocessplants.com/inventory/equipment/detail/43307","19","","With 3 finger baffle.","Finger Baffle","","","","","","","10,000 L (2,650 gallons)","","Used","","2,450 mm (96 in)","Yes","","","","","","","","6.1 bar (88 psi)","200 °C (392 °F)","","","","","","","","","","","EHW Thale","Yes","Glasslined","G10-1e5-D0.6","60","3","11.2 kW (15 HP)","1,450","","","Vertical","","","","1,500 mm (60 in)","","","","","","","","Tank",""
"43415","Unused Glasslined EHW Thale EHW-N-2300, A0.25-0.6 Tank - IPP# 43415","https://ims.internationalprocessplants.com/inventory/equipment/detail/43415","12","","","","","","","","","","340 L (89.8 gallons)","","Unused","","800 mm (31.5 in)","","","","","","","","","6 bar (87 psi)","200 °C (392 °F)","","","","","","","","","","","EHW Thale","","Glasslined","EHW-N-2300, A0.25-0.6","","","","","","","Vertical","","","","420 mm (16.5 in)","","Legs","","","","","","Tank",""
"43417","Unused Glasslined EHW Thale B6.3-0.6EHW-N-2500 Tank - IPP# 43417","https://ims.internationalprocessplants.com/inventory/equipment/detail/43417","11","","","","","","","","","","2,800 L (740 gallons)","","Unused","","1,400 mm (55.1 in)","","","","","","","","","6 bar (87 psi)","200 °C (392 °F)","","","","","","","","","","","EHW Thale","","Glasslined","B6.3-0.6EHW-N-2500","","","","","","","Horizontal","","","","1,250 mm (49.2 in)","","","","","","","","Tank",""
"43419","Unused Glasslined EHW Thale B2.5-0.6EHW-N-2500 Tank - IPP# 43419","https://ims.internationalprocessplants.com/inventory/equipment/detail/43419","12","","","","","","","","","","2,800 L (740 gallons)","","Unused","","1,400 mm (55.1 in)","","","","","","","","","6 bar (87 psi)","200 °C (392 °F)","","","","","","","","","","","EHW Thale","Yes","Glasslined","B2.5-0.6EHW-N-2500","","","","","","","Horizontal","","","","1,100 mm (42.3 in)","","","","","","","","Tank",""
"43421","Unused Glasslined EHW Thale B2.5-0.6EHW-N-2500 Tank - IPP# 43421","https://ims.internationalprocessplants.com/inventory/equipment/detail/43421","12","","","","","","","","","","2,800 L (740 gallons)","","Unused","","1,300 mm (52 in)","","","","","","","","","6 bar (87 psi)","200 °C (392 °F)","","","","","","","","","","","EHW Thale","Yes","Glasslined","B2.5-0.6EHW-N-2500","","","","","","","Horizontal","","","","1,050 mm (41 in)","","","","","","","","Tank",""
"44139","Stainless Steel 304L Tank - IPP# 44139","https://ims.internationalprocessplants.com/inventory/equipment/detail/44139","9","","","","","","","","","","355.8 L (94 gallons)","","Used","","610 mm (24 in)","","","","","","","","","1.38 bar (20 psi)","162.8 °C (325 °F)","","","","","","","","","","","","","Stainless Steel 304L","","","","","","","","Vertical","","","","1,200 mm (48 in)","","","","","","","","Tank",""
"44286","Stainless Steel 316 Clad  Tank - IPP# 44286","https://ims.internationalprocessplants.com/inventory/equipment/detail/44286","11","","","","","","","","","","5,000 L (1,300 gallons)","Yes","Used","","1,500 mm (59 in)","","","","","","","","","7.2 bar (105 psi)","180 °C (356 °F)","","","","","","","","","","","","","Stainless Steel 316","","","","","","","","Vertical","","","","2,450 mm (96 in)","","Feet","","","","","","Tank",""
"45290","Stainless Steel 304 Clad Standard Tool Mach Co Tank - IPP# 45290","https://ims.internationalprocessplants.com/inventory/equipment/detail/45290","13","","","","","","","","","","5,100 L (1,350 gallons)","Yes","Used","","1,500 mm (60 in)","","","","","","","","","43.5 bar (631 psi)","157.2 °C (315 °F)","","","","","","","","","","","Standard Tool Mach Co","Yes","Stainless Steel 304","","","","","","","","Vertical","","","","2,300 mm (90 in)","","Skirt","","","","","","Tank",""
"45292","Stainless Steel 304 Clad Standard Tool Mach Co  Tank - IPP# 45292","https://ims.internationalprocessplants.com/inventory/equipment/detail/45292","13","","","","","","","","","","7,000 L (1,850 gallons)","Yes","Used","","1,700 mm (66 in)","","","","","","","","","41.9 bar (607 psi)","183.3 °C (362 °F)","","","","","","","","","","","Standard Tool Mach Co","Yes","Stainless Steel 304","","","","","","","","Vertical","","","","2,600 mm (102 in)","","Skirt","","","","","","Tank",""
"46059","Stainless Steel 304 Clad Delta Southern Tank - IPP# 46059","https://ims.internationalprocessplants.com/inventory/equipment/detail/46059","12","","","","","","","","","","10,200 L (2,700 gallons)","Yes","Used","","2,050 mm (81 in)","","","","","","","","","28.3 bar (410 psi)","148.9 °C (300 °F)","","","","","","","","","","","Delta Southern","","Stainless Steel 304","","","","","","","","Vertical","","","","2,750 mm (108 in)","","Skirt","","","","","","Tank",""
"46575","Glasslined Pfaudler Tank - IPP# 46575","https://ims.internationalprocessplants.com/inventory/equipment/detail/46575","13","","","","","","","","","","5,700 L (1,500 gallons)","","Used","","2,000 mm (78 in)","","","","","","","","","6.9 bar (100 psi)","232.2 °C (450 °F)","","","","","","","","","","","Pfaudler","Yes","Glasslined","","","","","","","","Vertical","","","","2,000 mm (78 in)","","Lugs","","","","","","Tank","Yes"
"46661","Glasslined Pfaudler Tank - IPP# 46661","https://ims.internationalprocessplants.com/inventory/equipment/detail/46661","14","","","","","","","","","","189.3 L (50 gallons)","","Re-glassed","","457.2 mm (18 in)","","","Very Clean (VC)","Full Fire Polish (FF)","","","","","10.3 bar (150 psi)","343.3 °C (650 °F)","","","","","","","","","","","Pfaudler","","Glasslined","","","","","","","","Vertical","","","","1,100 mm (44 in)","","Lugs","","","","","","Tank","Yes"
"49666","Glasslined Tank - IPP# 49666","https://ims.internationalprocessplants.com/inventory/equipment/detail/49666","8","","","","","","","","","","189.3 L (50 gallons)","","Used","","610 mm (24 in)","","","","","","","","","","","","","","","","","","","","","","","Glasslined","","","","","","","","Vertical","","","","711 mm (28 in)","","Feet","","","","","","Tank",""
"49675","Glasslined Pfaudler  Tank - IPP# 49675","https://ims.internationalprocessplants.com/inventory/equipment/detail/49675","10","","","","","","","","","","189.3 L (50 gallons)","","Used","","610 mm (24 in)","","","","","","","","","1.72 bar (25 psi)","","","","","","","","","","","","Pfaudler","","Glasslined","","","","","","","","Vertical","","","","711 mm (28 in)","","Legs","","","","","","Tank",""
"49677","Glasslined Tank - IPP# 49677","https://ims.internationalprocessplants.com/inventory/equipment/detail/49677","8","","","","","","","","","","113.6 L (30 gallons)","","Used","","508 mm (20 in)","","","","","","","","","","","","","","","","","","","","","","","Glasslined","","","","","","","","Vertical","","","","610 mm (24 in)","","Legs","","","","","","Tank",""
"49682","Glasslined Tank - IPP# 49682","https://ims.internationalprocessplants.com/inventory/equipment/detail/49682","8","","","","","","","","","","189.3 L (50 gallons)","","Used","","610 mm (24 in)","","","","","","","","","","","","","","","","","","","","","","","Glasslined","","","","","","","","Vertical","","","","711 mm (28 in)","","Caster","","","","","","Tank",""
"49844","Glasslined Eisenwerke Kaiserslautern Tank - IPP# 49844","https://ims.internationalprocessplants.com/inventory/equipment/detail/49844","12","","","","","","","","","","9,000 L (2,400 gallons)","","Used","","1,500 mm (60 in)","","","","","","","","","6 bar (87 psi)","200 °C (392 °F)","","","","","","","","","","","EWK Eisenwerke Kaiserslautern","Yes","Glasslined","","","","","","","","Horizontal","","","","4,900 mm (192 in)","","Saddle","","","","","","Tank",""
"703458","Stainless Steel 316 Terlet (Holland) Tank - IPP# 703458","https://ims.internationalprocessplants.com/inventory/equipment/detail/703458","14","","(1) baffle","","","","","","","","1,100 L (290.6 gallons)","","Used","","622 mm (24.5 in)","Yes","","","","","","","","1.01 bar (14.7 psi)","","","","","","","","","","","","Terlet (Holland)","","Stainless Steel 316","","","","3 kW (4 HP)","1,400","","","Vertical","","","","1,000 mm (40 in)","","Legs","","","","","","Tank",""
"704550","Stainless Steel 316 Gardner ESPV00-700 Tank - IPP# 704550","https://ims.internationalprocessplants.com/inventory/equipment/detail/704550","12","","","","","","","","","","621 L (164.1 gallons)","","Used","","761 mm (30 in)","Yes","","","","","","","","","","","","","","","","","","","","Gardner","","Stainless Steel 316","ESPV00-700","","","","125","","","Vertical","","","","1,350 mm (53.9 in)","","Lugs","","","","","","Tank",""
"705384","Halar Lined Seriaco LTD. Tank - IPP# 705384","https://ims.internationalprocessplants.com/inventory/equipment/detail/705384","19","","With (3) internal halar lined baffles on sidewall.","","","","","","","","64 L (16.9 gallons)","","Used","","430 mm (16.9 in)","Yes","","","","","","","","3 bar (43.5 psi)","20 °C (68 °F)","","","Stainless Steel 316","","","","Standard","","","","Seriaco LTD.","","Lined","","50","3","0.56 kW (0.75 HP)","1,420","","","Vertical","","","","450 mm (17.7 in)","","Legs","","","","","","Tank",""
"705390","Glasslined Pfaudler  Tank - IPP# 705390","https://ims.internationalprocessplants.com/inventory/equipment/detail/705390","15","","","","","","","","","","200 L (52.8 gallons)","","Used","","550 mm (21.7 in)","","","","","","","","","3.5 bar (50.8 psi)","200 °C (392 °F)","","","","","6 bar (87 psi)","200 °C (392 °F)","Standard","","","","Pfaudler","","Glasslined","","","","","","","","Vertical","","","","620 mm (24.4 in)","","Lugs","","","","","","Tank","Yes"
"705392","Glasslined Pfaudler  Tank - IPP# 705392","https://ims.internationalprocessplants.com/inventory/equipment/detail/705392","12","","","","","","","","","","100 L (26.4 gallons)","","Used","","450 mm (17.7 in)","","","","","","","","","1.4 bar (20.3 psi)","200 °C (392 °F)","","","","","","","","","","","Pfaudler","","Glasslined","","","","","","","","Vertical","","","","450 mm (17.7 in)","","Legs","","","","","","Tank","Yes"
"705396","Glasslined Pfaudler  Tank - IPP# 705396","https://ims.internationalprocessplants.com/inventory/equipment/detail/705396","11","","","","","","","","","","360 L (95.1 gallons)","","Used","","780 mm (30.7 in)","","","","","","","","","0.9 bar (13.1 psi)","200 °C (392 °F)","","","","","","","","","","","Pfaudler","","Glasslined","","","","","","","","Vertical","","","","560 mm (22 in)","","Legs","","","","","","Tank",""
"705515","Stainless Steel 316 Isaac Webster and Sons Ltd  Tank - IPP# 705515","https://ims.internationalprocessplants.com/inventory/equipment/detail/705515","12","","","","","","","","","","900 L (237.8 gallons)","","Used","","914 mm (36 in)","","","","","","","","","1.01 bar (14.7 psi)","60 °C (140 °F)","","","","","","","","","","","Isaac Webster and Sons Ltd","","Stainless Steel 316","","","","","","","","Vertical","","","","1,300 mm (52 in)","","Legs","","","","","","Tank","Yes"
"705519","Stainless Steel 316 T. Giusti &amp; Son Ltd. Tank - IPP# 705519","https://ims.internationalprocessplants.com/inventory/equipment/detail/705519","15","","","","","","","","","","1,850 L (488.7 gallons)","","Used","","1,300 mm (52 in)","Yes","","","","","","","","1.01 bar (14.7 psi)","","","","","","","","","","","","T. Giusti & Son Ltd.","","Stainless Steel 316","","50","3","1.1 kW (1.48 HP)","900","","","Vertical","","","","1,350 mm (53 in)","","Legs","","","","","","Tank",""
"705543","Stainless Steel 316  Tank - IPP# 705543","https://ims.internationalprocessplants.com/inventory/equipment/detail/705543","9","","","","","","","","","","6,750 L (1,800 gallons)","","Used","","1,700 mm (66.9 in)","","","","","","","","","","","","","","","","","","","","","","Yes","Stainless Steel 316","","","","","","","","Horizontal","","","","2,900 mm (114.2 in)","","Legs","","","","","","Tank",""
"705601","Glasslined Schwelm  Tank - IPP# 705601","https://ims.internationalprocessplants.com/inventory/equipment/detail/705601","15","","","","","","","","","","3,750 L (993 gallons)","","Used","","1,600 mm (63 in)","","","","","","","","","6 bar (87 psi)","200 °C (392 °F)","","","","","6 bar (87 psi)","200 °C (392 °F)","","","","","Schwelm","Yes","Glasslined","","","","","","","","Vertical","","","","1,450 mm (57.3 in)","","Lugs","","","","","","Tank","Yes"
"705602","Glasslined Schwelm  Tank - IPP# 705602","https://ims.internationalprocessplants.com/inventory/equipment/detail/705602","15","","","","","","","","","","3,750 L (993 gallons)","","Used","","1,600 mm (63 in)","","","","","","","","","6 bar (87 psi)","200 °C (392 °F)","","","","","6 bar (87 psi)","200 °C (392 °F)","","","","","Schwelm","Yes","Glasslined","","","","","","","","Vertical","","","","1,450 mm (57.3 in)","","Lugs","","","","","","Tank","Yes"
"705820","Stainless Steel 316 Clad Silverson HX Tank - IPP# 705820","https://ims.internationalprocessplants.com/inventory/equipment/detail/705820","15","","","","","","","","","","2,900 L (766 gallons)","Yes","Used","","1,400 mm (56 in)","Yes","","","","","","","","","","","","","","","","","","","","Silverson","","Stainless Steel 316","HX","50","","5.6 kW (7.5 HP)","960","","","Vertical","","","","1,850 mm (72 in)","","Lugs","","","","","","Tank",""
"705915","Stainless Steel 304  Tank - IPP# 705915","https://ims.internationalprocessplants.com/inventory/equipment/detail/705915","8","","","","","","","","","","12,100 L (3,200 gallons)","","Used","","2,300 mm (90.6 in)","","","","","","","","","","","","","","","","","","","","","","","Stainless Steel 304","","","","","","","","Vertical","","","","3,000 mm (118.1 in)","","Base Mounted","","","","","","Tank",""
"705916","Stainless Steel 304  Tank - IPP# 705916","https://ims.internationalprocessplants.com/inventory/equipment/detail/705916","8","","","","","","","","","","12,100 L (3,200 gallons)","","Used","","2,300 mm (90.6 in)","","","","","","","","","","","","","","","","","","","","","","","Stainless Steel 304","","","","","","","","Vertical","","","","3,000 mm (118.1 in)","","Base Mounted","","","","","","Tank",""
"705917","Glasslined Pfaudler  Tank - IPP# 705917","https://ims.internationalprocessplants.com/inventory/equipment/detail/705917","12","","","","","","","","","","50,000 L (13,200 gallons)","","Used","","3,000 mm (118.1 in)","","","","","","","","","2.3 bar (33.4 psi)","200 °C (392 °F)","","","","","","","","","","","Pfaudler","Yes","Glasslined","","","","","","","","Horizontal","","","","6,500 mm (255.9 in)","","Saddle","","","","","","Tank",""
"70592","Glasslined EHW Thale Tank - IPP# 70592","https://ims.internationalprocessplants.com/inventory/equipment/detail/70592","11","","","","","","","","","","227.1 L (60 gallons)","","Used","","813 mm (32 in)","","","","","","","","","6.1 bar (88 psi)","200 °C (392 °F)","","","","","","","","","","","EHW Thale","","Glasslined","","","","","","","","Vertical","","","","711 mm (28 in)","","Legs","","","","","","Tank",""
"706420","Stainless Steel 304 Tank - IPP# 706420","https://ims.internationalprocessplants.com/inventory/equipment/detail/706420","8","","","","","","","","","","115 L (30.4 gallons)","","Used","","860 mm (33.9 in)","Yes","","","","","","","","","","","","","","","","","","","","","","Stainless Steel 304","","","","","","","","Vertical","","","","420 mm (16.5 in)","","","","","","","","Tank",""
"706431","Glasslined Eisenwerke Kaiserslautern Gmbh EWK 400 Tank - IPP# 706431","https://ims.internationalprocessplants.com/inventory/equipment/detail/706431","14","","","","","","","","","","7,200 L (1,900 gallons)","","Used","","2,000 mm (78.7 in)","","","","","","","","","6 bar (87 psi)","200 °C (392 °F)","","","","","","","","","","","EWK Eisenwerke Kaiserslautern","Yes","Glasslined","EWK 400","","","","","","","Vertical","","","","1,650 mm (64.9 in)","","Lugs","","","","","","Tank","Yes"
"706441","Stainless Steel 321 Clad  Tank - IPP# 706441","https://ims.internationalprocessplants.com/inventory/equipment/detail/706441","9","","","","","","","","","","20,000 L (5,300 gallons)","Yes","Used","","2,200 mm (86.6 in)","","","","","","","","","","","","","","","","","","","","","","","Stainless Steel 321","","","","","","","","Horizontal","","","","5,200 mm (204.7 in)","","Frame Mounted with Feet","","","","","","Tank",""
"706442","Stainless Steel 321 Clad  Tank - IPP# 706442","https://ims.internationalprocessplants.com/inventory/equipment/detail/706442","9","","","","","","","","","","20,000 L (5,300 gallons)","Yes","Used","","2,200 mm (86.6 in)","","","","","","","","","","","","","","","","","","","","","","","Stainless Steel 321","","","","","","","","Horizontal","","","","5,200 mm (204.7 in)","","Frame Mounted with Feet","","","","","","Tank",""
"706443","Stainless Steel 321 Clad  Tank - IPP# 706443","https://ims.internationalprocessplants.com/inventory/equipment/detail/706443","10","","","","","","","","","","20,000 L (5,300 gallons)","Yes","Used","","2,200 mm (86.6 in)","","","","","","","","","","","","","","","","","","","","","","Yes","Stainless Steel 321","","","","","","","","Horizontal","","","","5,200 mm (204.7 in)","","Frame Mounted with Feet","","","","","","Tank",""
"706507","Stainless Steel Other  Tank - IPP# 706507","https://ims.internationalprocessplants.com/inventory/equipment/detail/706507","9","","","","","","","","","","21,000 L (5,550 gallons)","","Used","","2,600 mm (102.4 in)","","","","","","","","","","","","","","","","","","","","","","Yes","Stainless Steel Other","","","","","","","","Vertical","","","","4,100 mm (161.4 in)","","Base Mounted","","","","","","Tank",""
"706575","Stainless Steel 316  Tank - IPP# 706575","https://ims.internationalprocessplants.com/inventory/equipment/detail/706575","11","","","","","","","","","","17,000 L (4,500 gallons)","","Used","","2,800 mm (110.2 in)","Yes","","","","","","","","","","","","","","","","","","","","","Yes","Stainless Steel 316","","","","1.5 kW (2 HP)","","","","Vertical","","","","2,800 mm (110.2 in)","","Legs","","","","","","Tank",""
"706577","Stainless Steel 316 J.M. Smith &amp; Sons ltd  Tank - IPP# 706577","https://ims.internationalprocessplants.com/inventory/equipment/detail/706577","14","","","","","","","","","","35,000 L (9,250 gallons)","","Used","","2,900 mm (114.2 in)","","Yes","","","","","","","0.02 bar (0.36 psi)","60 °C (140 °F)","","","","","5.2 bar (75 psi)","","","","","","J.M. Smith & Sons ltd","","Stainless Steel 316","","","","","","","","Vertical","","","","5,500 mm (216.5 in)","","Base Mounted","","","","","","Tank","Yes"
"706578","Stainless Steel 316 J.M. Smith &amp; Sons ltd  Tank - IPP# 706578","https://ims.internationalprocessplants.com/inventory/equipment/detail/706578","14","","","","","","","","","","35,000 L (9,250 gallons)","","Used","","2,900 mm (114.2 in)","","Yes","","","","","","","0.02 bar (0.36 psi)","60 °C (140 °F)","","","","","5.2 bar (75 psi)","","","","","","J.M. Smith & Sons ltd","","Stainless Steel 316","","","","","","","","Vertical","","","","5,500 mm (216.5 in)","","Base Mounted","","","","","","Tank","Yes"
"706579","Stainless Steel 316 J.M. Smith &amp; Sons ltd  Tank - IPP# 706579","https://ims.internationalprocessplants.com/inventory/equipment/detail/706579","14","","","","","","","","","","35,000 L (9,250 gallons)","","Used","","2,900 mm (114.2 in)","","Yes","","","","","","","0.02 bar (0.36 psi)","60 °C (140 °F)","","","","","5.2 bar (75 psi)","","","","","","J.M. Smith & Sons ltd","","Stainless Steel 316","","","","","","","","Vertical","","","","5,500 mm (216.5 in)","","Base Mounted","","","","","","Tank","Yes"
"706580","Stainless Steel 316 J.M. Smith &amp; Sons ltd  Tank - IPP# 706580","https://ims.internationalprocessplants.com/inventory/equipment/detail/706580","14","","","","","","","","","","35,000 L (9,250 gallons)","","Used","","2,900 mm (114.2 in)","","Yes","","","","","","","0.02 bar (0.36 psi)","60 °C (140 °F)","","","","","5.2 bar (75 psi)","","","","","","J.M. Smith & Sons ltd","","Stainless Steel 316","","","","","","","","Vertical","","","","5,500 mm (216.5 in)","","Base Mounted","","","","","","Tank","Yes"
"706583","Stainless Steel 316 J.M. Smith &amp; Sons ltd  Tank - IPP# 706583","https://ims.internationalprocessplants.com/inventory/equipment/detail/706583","15","","","","","","","","","","35,000 L (9,250 gallons)","","Used","","2,900 mm (114.2 in)","","Yes","","","","","","","0.02 bar (0.36 psi)","60 °C (140 °F)","","","","","5.2 bar (75 psi)","","","","","","J.M. Smith & Sons ltd","Yes","Stainless Steel 316","","","","","","","","Vertical","","","","5,500 mm (216.5 in)","","Base Mounted","","","","","","Tank","Yes"
"706584","Stainless Steel 316 J.M. Smith &amp; Sons ltd  Tank - IPP# 706584","https://ims.internationalprocessplants.com/inventory/equipment/detail/706584","14","","","","","","","","","","35,000 L (9,250 gallons)","","Used","","2,900 mm (114.2 in)","","Yes","","","","","","","0.02 bar (0.36 psi)","60 °C (140 °F)","","","","","","","","","","","J.M. Smith & Sons ltd","Yes","Stainless Steel 316","","","","","","","","Vertical","","","","5,500 mm (216.5 in)","","Base Mounted","","","","","","Tank","Yes"
"706586","Stainless Steel 316L Clad Cordell Group Ltd Tank - IPP# 706586","https://ims.internationalprocessplants.com/inventory/equipment/detail/706586","12","","","","","","","","","","300 L (79.3 gallons)","Yes","Used","","600 mm (23.6 in)","","","","","","","","","1.01 bar (14.7 psi)","100 °C (212 °F)","","","","","","","","","","","Cordell Group Ltd","","Stainless Steel 316L","","","","","","","","Vertical","","","","1,100 mm (43.3 in)","","Legs","","","","","","Tank",""
"706593","Stainless Steel 316  Tank - IPP# 706593","https://ims.internationalprocessplants.com/inventory/equipment/detail/706593","8","","","","","","","","","","6,800 L (1,800 gallons)","","Used","","1,800 mm (70.9 in)","","","","","","","","","","","","","","","","","","","","","","","Stainless Steel 316","","","","","","","","Vertical","","","","2,700 mm (106.3 in)","","Legs","","","","","","Tank",""
"706601","Stainless Steel 316 Welfco ltd  Tank - IPP# 706601","https://ims.internationalprocessplants.com/inventory/equipment/detail/706601","12","","","","","","","","","","11,000 L (2,900 gallons)","Yes","Used","","2,900 mm (114 in)","","Yes","","","","","","","1.01 bar (14.7 psi)","80 °C (176 °F)","","","","","","","","","","","Welfco ltd","","Stainless Steel 316","","","","","","","","Vertical","","","","1,750 mm (68.9 in)","","","","","","","","Tank",""
"706602","Stainless Steel 316 Clad Welco Ltd  Tank - IPP# 706602","https://ims.internationalprocessplants.com/inventory/equipment/detail/706602","14","","","","","","","","","","2,450 L (650 gallons)","Yes","Used","","1,350 mm (54 in)","","Yes","","","","","","","1.01 bar (14.7 psi)","80 °C (176 °F)","","","","","","","","","","Yes","Welco Ltd","Yes","Stainless Steel 316","","","","","","","","Vertical","","","","1,750 mm (68.9 in)","","","","","","","","Tank",""
"706604","Stainless Steel 316 Welco Ltd  Tank - IPP# 706604","https://ims.internationalprocessplants.com/inventory/equipment/detail/706604","14","","","","","","","","","","5,200 L (1,350 gallons)","","Used","","2,000 mm (78 in)","","Yes","","","","","","","1.01 bar (14.7 psi)","80 °C (176 °F)","","","","","","","","","","Yes","Welco Ltd","Yes","Stainless Steel 316","","","","","","","","Vertical","","","","1,750 mm (68.9 in)","","Pads","","","","","","Tank",""
"706605","Stainless Steel 316  Bibby&#x27;s of Halifax  Tank - IPP# 706605","https://ims.internationalprocessplants.com/inventory/equipment/detail/706605","13","","","","","","","","","","310 L (81.9 gallons)","Yes","Used","","700 mm (27.6 in)","","Yes","","","","","","","1.01 bar (14.7 psi)","40 °C (104 °F)","","","","","","","","","","","Bibbys of Halifax","","Stainless Steel 316","","","","","","","","Vertical","","","","850 mm (33.5 in)","","Legs","","","","","","Tank",""
"706609","Stainless Steel 316  Tank - IPP# 706609","https://ims.internationalprocessplants.com/inventory/equipment/detail/706609","8","","","","","","","","","","1,250 L (330.2 gallons)","","Used","","1,200 mm (47.2 in)","","","","","","","","","","","","","","","","","","","","","","","Stainless Steel 316","","","","","","","","Vertical","","","","1,200 mm (47.2 in)","","Legs","","","","","","Tank",""
"706620","Stainless Steel 316 Process Systems ltd  Tank - IPP# 706620","https://ims.internationalprocessplants.com/inventory/equipment/detail/706620","11","","","","","","","","","","570 L (150.6 gallons)","","Used","","600 mm (23.6 in)","","","","","","","","","5.2 bar (75.4 psi)","150 °C (302 °F)","","","","","","","","","","","Process Systems ltd","","Stainless Steel 316L","","","","","","","","Horizontal","","","","1,850 mm (72.2 in)","","","","","","","","Tank","Yes"
"706623","Stainless Steel 316 H.Middleton ltd  Tank - IPP# 706623","https://ims.internationalprocessplants.com/inventory/equipment/detail/706623","13","","","","","","","","","","500 L (132.1 gallons)","","Used","","762 mm (30 in)","","Yes","","","","","","","3.4 bar (50 psi)","100 °C (212 °F)","","","","","","","","","","","H.Middleton ltd","","Stainless Steel 316","","","","","","","","Horizontal","","","","1,200 mm (47.2 in)","","Legs","","","","","","Tank","Yes"
"706640","Stainless Steel 304 Horizontal Tank - IPP# 706640","https://ims.internationalprocessplants.com/inventory/equipment/detail/706640","12","","","","","","","","","","28,000 L (7,400 gallons)","","Used","","2,500 mm (98.4 in)","","Yes","","","","","","","1.01 bar (14.7 psi)","150 °C (302 °F)","","","","","","","","","","","","Yes","Stainless Steel 304L","","","","","","","","Horizontal","","","","6,000 mm (236.2 in)","","Saddle","","","","","","Tank",""
"706641","Stainless Steel 316  Tank - IPP# 706641","https://ims.internationalprocessplants.com/inventory/equipment/detail/706641","13","","(4) baffles on sidewall","","","","","","","","8,000 L (2,100 gallons)","","Used","","2,000 mm (78.7 in)","Yes","Yes","","","","","","","","","","","","","","","","","","","","Yes","Stainless Steel 316","","","","2.2 kW (3 HP)","","","","Vertical","","","","2,500 mm (98.4 in)","","Legs","","","","","","Tank",""
"706642","Stainless Steel 316 Clad  Tank - IPP# 706642","https://ims.internationalprocessplants.com/inventory/equipment/detail/706642","9","","","","","","","","","","1,650 L (438.5 gallons)","Yes","Used","","1,200 mm (47.2 in)","","","","","","","","","","","","","","","","","","","","","","","Stainless Steel 316","","","","","","","","Vertical","","","","1,500 mm (59.1 in)","","Legs","","","","","","Tank",""
"706677","Plastic  Tank - IPP# 706677","https://ims.internationalprocessplants.com/inventory/equipment/detail/706677","9","","","","","","","","","","1,200 L (317 gallons)","","Used","","1,100 mm (43.3 in)","","","","","","","","","","","","","","","","","","","","","","Yes","Plastic","","","","","","","","Vertical","","","","1,400 mm (55.1 in)","","Base Mounted","","","","","","Tank",""
"706678","Plastic  Tank - IPP# 706678","https://ims.internationalprocessplants.com/inventory/equipment/detail/706678","9","","","","","","","","","","1,200 L (317 gallons)","","Used","","1,100 mm (43.3 in)","","","","","","","","","","","","","","","","","","","","","","Yes","Plastic","","","","","","","","Vertical","","","","1,400 mm (55.1 in)","","Base Mounted","","","","","","Tank",""
"706708","Stainless Steel 316 Booker Wellman Ltd. Tank - IPP# 706708","https://ims.internationalprocessplants.com/inventory/equipment/detail/706708","13","","","","","","","","","","6,900 L (1,800 gallons)","","Used","","1,600 mm (63 in)","","","","","","","","","1 bar (14.5 psi)","100 °C (212 °F)","","","","","","","","","","","Booker Wellman ltd","Yes","Stainless Steel 316L","","","","","","","","Horizontal","","","","3,050 mm (120.5 in)","","Saddle","","","","","","Tank","Yes"
"706713","Glasslined EHW Thale TGL/EHW-N-2500 Tank - IPP# 706713","https://ims.internationalprocessplants.com/inventory/equipment/detail/706713","13","","","","","","","","","","2,800 L (740 gallons)","","Refurbished/Rebuilt","","1,400 mm (55.1 in)","","","","","","","","","0.6 bar (8.7 psi)","200 °C (392 °F)","","","","","","","","","","","EHW Thale","Yes","Glasslined","TGL/EHW-N-2500","","","","","","","Horizontal","","","","1,250 mm (49.2 in)","","Saddle","","","","","","Tank",""
"706722","Glasslined Pfaudler-Balfour Tank - IPP# 706722","https://ims.internationalprocessplants.com/inventory/equipment/detail/706722","13","","","","","","","","","","1,700 L (450.4 gallons)","","Used","","1,000 mm (39.4 in)","","","","","","","","","2.3 bar (33.4 psi)","200 °C (392 °F)","","","","","","","","","","","Pfaudler","Yes","Glasslined","","","","","","","","Vertical","","","","2,100 mm (82.7 in)","","Lugs","","","","","","Tank","Yes"
"706740","Glasslined Pfaudler-Balfour Tank - IPP# 706740","https://ims.internationalprocessplants.com/inventory/equipment/detail/706740","13","","","","","","","","","","1,700 L (450.4 gallons)","","Used","","1,000 mm (39.4 in)","","","","","","","","","2.3 bar (33.4 psi)","200 °C (392 °F)","","","","","","","","","","","Pfaudler","Yes","Glasslined","","","","","","","","Vertical","","","","2,100 mm (82.7 in)","","Lugs","","","","","","Tank","Yes"
"706746","Glasslined Pfaudler-Balfour Tank - IPP# 706746","https://ims.internationalprocessplants.com/inventory/equipment/detail/706746","13","","","","","","","","","","1,700 L (450.4 gallons)","","Used","","1,000 mm (39.4 in)","","","","","","","","","2.3 bar (33.4 psi)","200 °C (392 °F)","","","","","","","","","","","Pfaudler","Yes","Glasslined","","","","","","","","Vertical","","","","2,100 mm (82.7 in)","","Lugs","","","","","","Tank","Yes"
"706750","Stainless Steel 316L JENS OLSEN  Tank - IPP# 706750","https://ims.internationalprocessplants.com/inventory/equipment/detail/706750","12","","","","","","","","","","1,800 L (471.5 gallons)","","Used","","990 mm (39 in)","","","","","","","","","2 bar (29 psi)","134 °C (273.2 °F)","","","","","","","","","","","JENS OLSEN","","Stainless Steel 316L","","","","","","","","Vertical","","","","2,000 mm (78.7 in)","","Lugs","","","","","","Tank","Yes"
"706751","Glasslined Pfaudler-Balfour Tank - IPP# 706751","https://ims.internationalprocessplants.com/inventory/equipment/detail/706751","16","","","","","","","","","","1,700 L (450.4 gallons)","","Used","","1,000 mm (39.4 in)","","","","","","","","","8.8 bar (127.6 psi)","200 °C (392 °F)","","","Carbon Steel","","8.8 bar (127.6 psi)","200 °C (392 °F)","","","","","Pfaudler","Yes","Glasslined","","","","","","","","Vertical","","","","2,000 mm (78.7 in)","","Lugs","","","","","","Tank","Yes"
"706755","Glasslined Pfaudler  Tank - IPP# 706755","https://ims.internationalprocessplants.com/inventory/equipment/detail/706755","12","","","","","","","","","","1,350 L (359.3 gallons)","","Used","","1,200 mm (47.4 in)","","","","","","","","","2.3 bar (33.4 psi)","200 °C (392 °F)","","","","","","","","","","","Pfaudler","Yes","Glasslined","","","","","","","","Horizontal","","","","840 mm (33.1 in)","","","","","","","","Tank","Yes"
"706757","Glasslined Pfaudler-Balfour Tank - IPP# 706757","https://ims.internationalprocessplants.com/inventory/equipment/detail/706757","13","","","","","","","","","","1,350 L (359.3 gallons)","","Used","","1,200 mm (47.4 in)","","","","","","","","","2.3 bar (33.4 psi)","200 °C (392 °F)","","","","","","","","","","","Pfaudler","Yes","Glasslined","","","","","","","","Horizontal","","","","850 mm (33.5 in)","","Saddle","","","","","","Tank","Yes"
"706759","Glasslined Pfaudler Tank - IPP# 706759","https://ims.internationalprocessplants.com/inventory/equipment/detail/706759","13","","","","","","","","","","9,100 L (2,400 gallons)","","Used","","2,100 mm (82.9 in)","","","","","","","","","2.3 bar (33.4 psi)","200 °C (392 °F)","","","","","","","","","","","Pfaudler","Yes","Glasslined","","","","","","","","Vertical","","","","2,200 mm (87 in)","","Legs","","","","","","Tank","Yes"
"706762","Stainless Steel 316 JENS OLSEN  Tank - IPP# 706762","https://ims.internationalprocessplants.com/inventory/equipment/detail/706762","16","","","","","","","","","","2,600 L (689 gallons)","","Used","","1,200 mm (46.9 in)","","","","","","","","","1.8 bar (26.1 psi)","170 °C (338 °F)","","","Stainless Steel 304","","10 bar (145 psi)","170 °C (338 °F)","Half Pipe/Limpet","","","","JENS OLSEN","Yes","Stainless Steel 316","","","","","","","","Vertical","","","","2,000 mm (78.7 in)","","Legs","","","","","","Tank",""
"706769","Stainless Steel 316 JENS OLSEN  Tank - IPP# 706769","https://ims.internationalprocessplants.com/inventory/equipment/detail/706769","20","","","","","","","","","","4,050 L (1,050 gallons)","","Used","","1,400 mm (55.1 in)","Yes","","","","","","","","1.8 bar (26.1 psi)","179 °C (354.2 °F)","","","","","10 bar (145 psi)","","Half Pipe/Limpet","","","","JENS OLSEN","Yes","Stainless Steel 316","","50","3","4 kW (5.4 HP)","1,430","","","Vertical","","","","1,900 mm (74.8 in)","","Legs","","","","","","Tank","Yes"
"706845","Unused Glasslined Tycon Technoglass Srl  Tank - IPP# 706845","https://ims.internationalprocessplants.com/inventory/equipment/detail/706845","12","","","","","","","","","","1,350 L (351.3 gallons)","","Unused","","1,100 mm (43.3 in)","","","","","","","","","3 bar (43.5 psi)","200 °C (392 °F)","","","","","","","","","","","Tycon","","Glasslined","","","","","","","","Vertical","","","","850 mm (33.5 in)","","Legs","","","","","","Tank","Yes"
"706849","Stainless Steel 316 Lescaut S.A.S  Tank - IPP# 706849","https://ims.internationalprocessplants.com/inventory/equipment/detail/706849","15","","","","","","","","","","92 L (24.3 gallons)","","Used","","450 mm (17.7 in)","","","","","","","","","3 bar (43.5 psi)","140 °C (284 °F)","","","Stainless Steel 316","","16 bar (232.1 psi)","140 °C (284 °F)","","","","","Lescaut S.A.S","","Stainless Steel 316","","","","","","","","Vertical","","","","500 mm (19.7 in)","","Lugs","","","","","","Tank","Yes"
"706877","Stainless Steel 304 Constructiebedrijf Verkouille  Tank - IPP# 706877","https://ims.internationalprocessplants.com/inventory/equipment/detail/706877","18","","","","","","","","","","16,000 L (4,250 gallons)","","Used","1,050 mm (41 in)","2,400 mm (94.5 in)","","","","","","","","","0.4 bar (5.8 psi)","165 °C (329 °F)","","","","","","","","","","","Constructiebedrijf Verkouille","Yes","Stainless Steel 304L","","50/60","3","1.75 kW (2.3 HP)","1,740","","","Horizontal","","","","2,950 mm (115.6 in)","","Lugs","","","","","","Tank","Yes"
"70974","Glasslined EHW Thale Tank - IPP# 70974","https://ims.internationalprocessplants.com/inventory/equipment/detail/70974","8","","","","","","","","","","3,200 L (845 gallons)","","Used","","1,600 mm (63 in)","","","","","","","","","","","","","","","","","","","","","EHW Thale","","Glasslined","","","","","","","","Vertical","","","","1,250 mm (49.2 in)","","","","","","","","Tank",""
"73504","Glasslined EHW Thale  Tank - IPP# 73504","https://ims.internationalprocessplants.com/inventory/equipment/detail/73504","11","","","","","","","","","","3,800 L (1,000 gallons)","","Used","","1,650 mm (64 in)","","","","","","","","","6.1 bar (88 psi)","200 °C (392 °F)","","","","","","","","","","","EHW Thale","","Glasslined","","","","","","","","Vertical","","","","1,250 mm (50 in)","","Legs","","","","","","Tank",""
"73906","Stainless Steel 304L Clad Nooter Tank - IPP# 73906","https://ims.internationalprocessplants.com/inventory/equipment/detail/73906","20","","With (4) sidewall baffles","Sidewall Mounted Straight Baffle","","","","","","","45,400 L (12,000 gallons)","Yes","Used","","2,900 mm (114 in)","Yes","","","","","","","","72.4 bar (1,050 psi)","315.6 °C (600 °F)","","","","","","","","","","","Nooter","Yes","Stainless Steel 304L","","60","3","18.6 kW (25 HP)","1,750","","","Vertical","","","","6,100 mm (240 in)","","Lugs","","","","","","Tank",""
"73927","Unused Glasslined EHW Thale Tank - IPP# 73927","https://ims.internationalprocessplants.com/inventory/equipment/detail/73927","12","","","","","","","","","","757 L (200 gallons)","","Unused","","1,000 mm (40 in)","","","","","","","","","6 bar (87 psi)","","","","","","","","","","","","EHW Thale","Yes","Glasslined","","","","","","","","Vertical","","","","711 mm (28 in)","","Legs","","","","","","Tank","Yes"
"74001","Unused Glasslined EHW Thale Tank - IPP# 74001","https://ims.internationalprocessplants.com/inventory/equipment/detail/74001","13","","","","","","","","","","757 L (200 gallons)","","Unused","","1,000 mm (40 in)","","","","","","","","","6 bar (87 psi)","200 °C (392 °F)","","","","","","","","","","","EHW Thale","Yes","Glasslined","","","","","","","","Vertical","","","","711 mm (28 in)","","Legs","","","","","","Tank","Yes"
"74705","Glasslined DeDietrich Tank - IPP# 74705","https://ims.internationalprocessplants.com/inventory/equipment/detail/74705","11","","","","","","","","","","1,900 L (500 gallons)","","Used","","1,200 mm (48 in)","","","","","","","","","3.8 bar (55 psi)","232.2 °C (450 °F)","","","","","","","","","","","DeDietrich","","Glasslined","","","","","","","","Horizontal","","","","1,500 mm (60 in)","","","","","","","","Tank","Yes"
"74779","Titanium Clad Nooter Tank - IPP# 74779","https://ims.internationalprocessplants.com/inventory/equipment/detail/74779","13","","","","","","","","","","32,200 L (8,500 gallons)","Yes","Used","","2,750 mm (108 in)","","","","","","","","","29.3 bar (425 psi)","343.3 °C (650 °F)","","","","","","","","","","","Nooter","Yes","Titanium","","","","","","","","Vertical","","","","4,900 mm (192 in)","","Lugs","","","","","","Tank",""
"74918","Glasslined Pfaudler P 30 Tank - IPP# 74918","https://ims.internationalprocessplants.com/inventory/equipment/detail/74918","14","","","","","","","","","","113.6 L (30 gallons)","","Re-glassed","","508 mm (20 in)","","","Very Clean (VC)","Full Fire Polish (FF)","","","","","2.1 bar (30 psi)","232.2 °C (450 °F)","","","","","","","","","","","Pfaudler","","Glasslined","P 30","","","","","","","Vertical","","","","508 mm (20 in)","","Lugs","","","","","","Tank",""
"75411","Unused Glasslined EHW Thale Tank - IPP# 75411","https://ims.internationalprocessplants.com/inventory/equipment/detail/75411","10","","","","","","","","","","575 L (151.9 gallons)","","Unused","","762 mm (30 in)","","","","","","","","","6 bar (87 psi)","","","","","","","","","","","","EHW Thale","","Glasslined","","","","","","","","Vertical","","","","610 mm (24 in)","","Legs","","","","","","Tank",""
"75412","Unused Glasslined EHW Thale Tank - IPP# 75412","https://ims.internationalprocessplants.com/inventory/equipment/detail/75412","12","","","","","","","","","","1,100 L (289.3 gallons)","","Unused","","1,050 mm (42 in)","","","","","","","","","6 bar (87 psi)","","","","Carbon Steel","","6 bar (87 psi)","","","","","","EHW Thale","","Glasslined","","","","","","","","Vertical","","","","914 mm (36 in)","","Legs","","","","","","Tank",""
"802150","Carbon Steel Matthews Engineering Ltd 580/3 Tank - IPP# 802150","https://ims.internationalprocessplants.com/inventory/equipment/detail/802150","13","","","","","","","","","","113,000 L (29,850 gallons)","","Used","","3,000 mm (118.1 in)","","","","","","","","","2.6 bar (38.3 psi)","141 °C (285.8 °F)","","","","","","","","","","","Matthews Engineering Ltd","Yes","Carbon Steel","","","","","","","","Vertical","","","","15,000 mm (591 in)","","Skirt","","","","","","Tank","Yes"
"802151","Carbon Steel Whessoe Ltd Tank - IPP# 802151","https://ims.internationalprocessplants.com/inventory/equipment/detail/802151","11","","","","","","","","","","300,000 L (79,250 gallons)","","Used","","4,900 mm (192 in)","","","","","","","","","4.8 bar (70 psi)","35 °C (95 °F)","","","","","","","","","","","Whessoe Ltd","","Carbon Steel","","","","","","","","Vertical","","","","16,650 mm (656 in)","","Skirt","","","","","","Tank",""
"802152","Carbon Steel Whessoe Ltd Tank - IPP# 802152","https://ims.internationalprocessplants.com/inventory/equipment/detail/802152","11","","","","","","","","","","300,000 L (79,250 gallons)","","Used","","4,900 mm (192 in)","","","","","","","","","4.8 bar (70 psi)","35 °C (95 °F)","","","","","","","","","","","Whessoe Ltd","","Carbon Steel","","","","","","","","Vertical","","","","16,650 mm (656 in)","","Skirt","","","","","","Tank",""
"802153","Carbon Steel R &amp; J Dempster Ltd  Tank - IPP# 802153","https://ims.internationalprocessplants.com/inventory/equipment/detail/802153","12","","","","","","","","","","125,000 L (33,000 gallons)","","Used","","3,050 mm (120 in)","","","","","","","","","2.8 bar (40.6 psi)","35 °C (95 °F)","","","","","","","","","","","R & J Dempster Ltd","Yes","Carbon Steel","","","","","","","","Vertical","","","","15,700 mm (618 in)","","Skirt","","","","","","Tank",""
"802154","Carbon Steel Whessoe Ltd  Tank - IPP# 802154","https://ims.internationalprocessplants.com/inventory/equipment/detail/802154","13","","","","","","","","","","565,000 L (149,250 gallons)","","Used","","6,000 mm (236.2 in)","","","","","","","","","2.8 bar (41.2 psi)","100 °C (212 °F)","","","","","","","","","","","Whessoe Ltd","Yes","Carbon Steel","","","","","","","","Vertical","","","","16,000 mm (630 in)","","Skirt","","","","","","Tank","Yes"
"802195","Carbon Steel R &amp; J Dempster Ltd Tank - IPP# 802195","https://ims.internationalprocessplants.com/inventory/equipment/detail/802195","11","","","","","","","","","","125,000 L (33,000 gallons)","","Used","","3,050 mm (120 in)","","","","","","","","","38.5 bar (558 psi)","50 °C (122 °F)","","","","","","","","","","","R & J Dempster Ltd","","Carbon Steel","","","","","","","","Vertical","","","","15,700 mm (618 in)","","Skirt","","","","","","Tank",""
"802196","Carbon Steel R &amp; J Dempster Ltd Tank - IPP# 802196","https://ims.internationalprocessplants.com/inventory/equipment/detail/802196","11","","","","","","","","","","125,000 L (33,000 gallons)","","Used","","3,050 mm (120 in)","","","","","","","","","38.5 bar (558 psi)","50 °C (122 °F)","","","","","","","","","","","R & J Dempster Ltd","","Carbon Steel","","","","","","","","Vertical","","","","15,700 mm (618 in)","","Skirt","","","","","","Tank",""
"802197","Carbon Steel R &amp; J Dempster Ltd Tank - IPP# 802197","https://ims.internationalprocessplants.com/inventory/equipment/detail/802197","11","","","","","","","","","","60,000 L (15,850 gallons)","","Used","","2,450 mm (96 in)","","","","","","","","","4.4 bar (64 psi)","1.67 °C (35 °F)","","","","","","","","","","","R & J Dempster Ltd","","Carbon Steel","","","","","","","","Vertical","","","","11,750 mm (462 in)","","Skirt","","","","","","Tank",""
"802198","Carbon Steel R &amp; J Dempster Ltd Tank - IPP# 802198","https://ims.internationalprocessplants.com/inventory/equipment/detail/802198","11","","","","","","","","","","60,000 L (15,850 gallons)","","Used","","2,450 mm (96 in)","","","","","","","","","4.9 bar (71 psi)","35 °C (95 °F)","","","","","","","","","","","R & J Dempster Ltd","","Carbon Steel","","","","","","","","Vertical","","","","11,750 mm (462 in)","","Skirt","","","","","","Tank",""
"802199","Carbon Steel Matthews Eng Ltd  Tank - IPP# 802199","https://ims.internationalprocessplants.com/inventory/equipment/detail/802199","11","","","","","","","","","","113,000 L (29,850 gallons)","","Used","","3,000 mm (118.1 in)","","","","","","","","","4.9 bar (71.1 psi)","160 °C (320 °F)","","","","","","","","","","","Matthews Eng Ltd","","Carbon Steel","","","","","","","","Vertical","","","","15,000 mm (591 in)","","Skirt","","","","","","Tank",""
"802200","Carbon Steel R &amp; J Dempster Ltd Tank - IPP# 802200","https://ims.internationalprocessplants.com/inventory/equipment/detail/802200","12","","","","","","","","","","60,000 L (15,850 gallons)","","Used","","2,450 mm (96 in)","","","","","","","","","4 bar (58 psi)","36 °C (96.8 °F)","","","","","","","","","","","R & J Dempster Ltd","","Carbon Steel","","","","","","","","Vertical","","","","11,750 mm (462 in)","","Skirt","","","","","","Tank","Yes"
"802201","Carbon Steel R &amp; J Dempster Ltd Tank - IPP# 802201","https://ims.internationalprocessplants.com/inventory/equipment/detail/802201","11","","","","","","","","","","60,000 L (15,850 gallons)","","Used","","2,450 mm (96 in)","","","","","","","","","4 bar (58 psi)","36 °C (96.8 °F)","","","","","","","","","","","R & J Dempster Ltd","","Carbon Steel","","","","","","","","Vertical","","","","11,750 mm (462 in)","","Skirt","","","","","","Tank",""
"81444","Glasslined Pfaudler Tank - IPP# 81444","https://ims.internationalprocessplants.com/inventory/equipment/detail/81444","11","","","","","","","","","","378.5 L (100 gallons)","","Used","","762 mm (30 in)","","","","","","","","","1.72 bar (25 psi)","343.3 °C (650 °F)","","","","","","","","","","","Pfaudler","","Glasslined","","","","","","","","Vertical","","","","813 mm (32 in)","","Caster","","","","","","Tank",""
"81509","Glasslined Pfaudler Tank - IPP# 81509","https://ims.internationalprocessplants.com/inventory/equipment/detail/81509","10","","","","","","","","","","249.8 L (66 gallons)","","Used","","508 mm (20 in)","","","","","","","","","2 bar (29 psi)","","","","","","","","","","","","Pfaudler","","Glasslined","","","","","","","","Horizontal","","","","1,550 mm (62 in)","","","","","","","","Tank","Yes"
"81510","Glasslined Pfaudler  Tank - IPP# 81510","https://ims.internationalprocessplants.com/inventory/equipment/detail/81510","12","","","","","","","","","","249.8 L (66 gallons)","","Used","","500 mm (19.7 in)","","","","","","","","","2 bar (29 psi)","200 °C (392 °F)","","","","","","","","","","","Pfaudler","","Glasslined","","","","","","","","Horizontal","","","","1,700 mm (66.9 in)","","Other","","","","","","Tank","Yes"
"81559","Stainless Steel 316  Tank - IPP# 81559","https://ims.internationalprocessplants.com/inventory/equipment/detail/81559","10","","","","","","","","","","984 L (260 gallons)","","Used","","","","","","","","","","","","","","","","","","","","","","","","","Stainless Steel 316","","50","3","3 kW (4 HP)","1,430","","","Vertical","","","","","","Legs","","","","","","Tank",""
"81667","Glasslined Schwelmer Eisenwerke Tank - IPP# 81667","https://ims.internationalprocessplants.com/inventory/equipment/detail/81667","11","","","","","","","","","","7,450 L (1,950 gallons)","","Used","","1,650 mm (64 in)","","","","","","","","","0.5 bar (7.3 psi)","200 °C (392 °F)","","","","","","","","","","","Schwelmer Eisenwerke","","Glasslined","","","","","","","","Vertical","","","","2,550 mm (100 in)","","Feet","","","","","","Tank",""
"81676","Glasslined DeDietrich Tank - IPP# 81676","https://ims.internationalprocessplants.com/inventory/equipment/detail/81676","11","","","","","","","","","","2,700 L (713 gallons)","","Used","","1,300 mm (51.2 in)","","","","","","","","","3 bar (43.5 psi)","200 °C (392 °F)","","","","","","","","","","","DeDietrich","","Glasslined","","","","","","","","Vertical","","","","1,400 mm (55.1 in)","","Legs","","","","","","Tank",""
"81718","Stainless Steel 316 Richard  Tank - IPP# 81718","https://ims.internationalprocessplants.com/inventory/equipment/detail/81718","8","","","","","","","","","","6,050 L (1,600 gallons)","","Used","","2,050 mm (80 in)","","","","","","","","","","","","","","","","","","","","","Richard","","Stainless Steel 316","","","","","","","","Horizontal","","","","2,050 mm (80 in)","","","","","","","","Tank",""
"81855","Glass QVF Tank - IPP# 81855","https://ims.internationalprocessplants.com/inventory/equipment/detail/81855","8","","","","","","","","","","246.1 L (65 gallons)","","Used","","450 mm (17.7 in)","","","","","","","","","","","","","","","","","","","","","QVF","","Glass","","","","","","","","Vertical","","","","1,200 mm (47.2 in)","","","","","","","","Tank",""
"82199","Unused Glasslined Pfaudler Tank - IPP# 82199","https://ims.internationalprocessplants.com/inventory/equipment/detail/82199","10","","","","","","","","","","757 L (200 gallons)","","Unused","","762 mm (30 in)","","","","","","","","","1 bar (14.5 psi)","","","","","","","","","","","","Pfaudler","","Glasslined","","","","","","","","Vertical","","","","1,700 mm (66 in)","","Sockets for pipe legs","","","","","","Tank",""
"83405","Glasslined Schwelmer Eisenwerke Tank - IPP# 83405","https://ims.internationalprocessplants.com/inventory/equipment/detail/83405","15","","","","","","","","","","1,000 L (265 gallons)","","Used","","991 mm (39 in)","","","","","","","","","4.6 bar (66 psi)","200 °C (392 °F)","","","Carbon Steel","","5.2 bar (76 psi)","200 °C (392 °F)","Standard","","","","Schwelmer Eisenwerke","","Glasslined","","","","","","","","Vertical","","","","1,400 mm (55 in)","","Lugs","","","","","","Tank",""
"83408","Glasslined Schwelmer Eisenwerke Tank - IPP# 83408","https://ims.internationalprocessplants.com/inventory/equipment/detail/83408","16","","","","","","","","","","1,000 L (269.5 gallons)","","Used","","1,000 mm (39.4 in)","","","","","","","","","4.5 bar (65.3 psi)","200 °C (392 °F)","","","Carbon Steel","","5.2 bar (75.4 psi)","200 °C (392 °F)","Standard","","","","Schwelmer Eisenwerke","","Glasslined","","","","","","","","Vertical","","","","1,400 mm (55.1 in)","","Lugs","","","","","","Tank","Yes"
"83413","Glasslined Schwelm Tank - IPP# 83413","https://ims.internationalprocessplants.com/inventory/equipment/detail/83413","14","","","","","","","","","","2,500 L (660 gallons)","","Used","","1,300 mm (51 in)","","","","","","","","","6 bar (87 psi)","200 °C (392 °F)","","","","","6 bar (87 psi)","200 °C (392 °F)","Standard","","","","Schwelm","","Glasslined","","","","","","","","Vertical","","","","1,200 mm (47 in)","","Legs","","","","","","Tank",""
"83427","Glasslined Pfaudler Tank - IPP# 83427","https://ims.internationalprocessplants.com/inventory/equipment/detail/83427","13","","","","","","","","","","283.9 L (75 gallons)","","Used","","991 mm (39 in)","","","","","","","","","6.1 bar (88 psi)","200 °C (392 °F)","","","","","6.1 bar (88 psi)","200 °C (392 °F)","","","","","Pfaudler","","Glasslined","","","","","","","","Vertical","","","","787 mm (31 in)","","Legs","","","","","","Tank",""
"85469","Glasslined Pfaudler Tank - IPP# 85469","https://ims.internationalprocessplants.com/inventory/equipment/detail/85469","13","","","","","","","","","","378.5 L (100 gallons)","","Used","","813 mm (32 in)","","","","","","","","","1.01 bar (14.7 psi)","343.3 °C (650 °F)","","","","","6.6 bar (95 psi)","176.7 °C (350 °F)","","","","","Pfaudler","","Glasslined","","","","","","","","Vertical","","","","965 mm (38 in)","","Legs","","","","","","Tank",""
"85499","Glasslined Pfaudler  Tank - IPP# 85499","https://ims.internationalprocessplants.com/inventory/equipment/detail/85499","14","","","","","","","","","","113.6 L (30 gallons)","","Used","","508 mm (20 in)","","","","","","","","","2.1 bar (30 psi)","343.3 °C (650 °F)","","","","","7.9 bar (115 psi)","176.7 °C (350 °F)","Standard","","","","Pfaudler","","Glasslined","","","","","","","","Vertical","","","","660 mm (26 in)","","Legs","","","","","","Tank",""
"85578","Glasslined Schwelmer Eisenwerke Tank - IPP# 85578","https://ims.internationalprocessplants.com/inventory/equipment/detail/85578","16","","","","","","","","","","350 L (92.5 gallons)","","Used","","800 mm (31.5 in)","","","","","","","","","6 bar (87 psi)","220 °C (428 °F)","","","Carbon Steel","","6 bar (87 psi)","220 °C (428 °F)","Standard","","","","Schwelmer Eisenwerke","","Glasslined","","","","","","","","Vertical","","","","610 mm (24 in)","","Lugs","","","","","","Tank","Yes"
"85942","Glasslined Pfaudler Tank - IPP# 85942","https://ims.internationalprocessplants.com/inventory/equipment/detail/85942","11","","","","","","","","","","2,850 L (750 gallons)","","Used","","1,400 mm (56 in)","","","","","","","","","3.4 bar (50 psi)","343.3 °C (650 °F)","","","","","","","","","","","Pfaudler","","Glasslined","","","","","","","","Vertical","","","","1,750 mm (68 in)","","Sockets for pipe legs","","","","","","Tank",""
"86856","Glasslined  Crystalizer/Evaporator Evaporator - IPP# 86856","https://ims.internationalprocessplants.com/inventory/equipment/detail/86856","13","","","","","Welded","","Dish","","","","","Re-glassed","","914 mm (36 in)","","","","","Yes","711 mm (28 in)","","","","","","","","","","","","","","","Pfaudler","","Glasslined","","","","","","","","Vertical","","","","","Crystalizer/Evaporator","","(4) legs","Legs","","","","Evaporator",""
"87734","Glasslined DeDietrich Tank - IPP# 87734","https://ims.internationalprocessplants.com/inventory/equipment/detail/87734","14","","","","","","","","","","75.7 L (20 gallons)","","Re-glassed","","508 mm (20 in)","","","Very Clean (VC)","Full Fire Polish (FF)","","","","","2.1 bar (30 psi)","148.9 °C (300 °F)","","","","","","","","","","","DeDietrich","","Glasslined","","","","","","","","Vertical","","","","508 mm (20 in)","","Sockets for pipe legs","","","","","","Tank","Yes"
"87736","Glasslined Pfaudler P 30 Tank - IPP# 87736","https://ims.internationalprocessplants.com/inventory/equipment/detail/87736","14","","","","","","","","","","113.6 L (30 gallons)","","Re-glassed","","508 mm (20 in)","","","Very Clean (VC)","Full Fire Polish (FF)","","","","","2.1 bar (30 psi)","343.3 °C (650 °F)","","","","","","","","","","","Pfaudler","","Glasslined","P 30","","","","","","","Vertical","","","","610 mm (24 in)","","Lugs","","","","","","Tank",""
"87764","Glasslined Pfaudler Tank - IPP# 87764","https://ims.internationalprocessplants.com/inventory/equipment/detail/87764","14","","","","","","","","","","1,150 L (300 gallons)","","Re-glassed","","1,050 mm (42 in)","","","Very Clean (VC)","Full Fire Polish (FF)","","","","","1.72 bar (25 psi)","176.7 °C (350 °F)","","","","","","","","","","","Pfaudler","","Glasslined","","","","","","","","Vertical","","","","1,150 mm (46 in)","","Sockets for pipe legs","","","","","","Tank","Yes"
"89370","Glasslined EWK Tank - IPP# 89370","https://ims.internationalprocessplants.com/inventory/equipment/detail/89370","11","","","","","","","","","","757 L (200 gallons)","","Used","","1,000 mm (40 in)","","","","","","","","","3 bar (44 psi)","200 °C (392 °F)","","","","","","","","","","","EWK Eisenwerke Kaiserslautern","","Glasslined","","","","","","","","Vertical","","","","711 mm (28 in)","","","","","","","","Tank","Yes"
"89538","Glasslined Pfaudler  Tank - IPP# 89538","https://ims.internationalprocessplants.com/inventory/equipment/detail/89538","15","","","","","","","","","","189.3 L (50 gallons)","","Re-glassed","","610 mm (24 in)","","","Very Clean (VC)","Full Fire Polish (FF)","","","","","1.72 bar (25 psi)","176.7 °C (350 °F)","","","","","","","","","","","Pfaudler","","Glasslined","VR-50","","","","","","","Vertical","","","","737 mm (29 in)","","Legs","","","","","","Tank","Yes"
"89725","Glasslined Estrella Tank - IPP# 89725","https://ims.internationalprocessplants.com/inventory/equipment/detail/89725","12","","","","","","","","","","335 L (88.5 gallons)","","Used","","610 mm (24 in)","","","","","","","","","2.9 bar (42.6 psi)","","","","","","6.9 bar (99.5 psi)","200 °C (392 °F)","","","","","Estrella","","Glasslined","","","","","","","","Vertical","","","","965 mm (38 in)","","Lugs","","","","","","Tank",""
"89729","Glasslined Pfaudler Tank - IPP# 89729","https://ims.internationalprocessplants.com/inventory/equipment/detail/89729","13","","","","","","","","","","151.4 L (40 gallons)","","Used","","610 mm (24 in)","","","","","","","","","1.72 bar (25 psi)","260 °C (500 °F)","","","","","5.2 bar (75 psi)","260 °C (500 °F)","","","","","Pfaudler","","Glasslined","","","","","","","","Vertical","","","","610 mm (24 in)","","Caster","","","","","","Tank",""
"89731","Glasslined Pfaudler  Tank - IPP# 89731","https://ims.internationalprocessplants.com/inventory/equipment/detail/89731","9","","","","","","","","","","473.2 L (125 gallons)","","Used","","610 mm (24 in)","","","","","","","","","","","","","Carbon Steel","","","","","","","","Pfaudler","","Glasslined","","","","","","","","Vertical","","","","1,300 mm (52 in)","","","","","","","","Tank",""
"89762","Stainless Steel 316 Tank - IPP# 89762","https://ims.internationalprocessplants.com/inventory/equipment/detail/89762","11","","","","","","","","","","2,500 L (660 gallons)","","Used","","1,550 mm (61.4 in)","","","","","","","","","1.9 bar (27.6 psi)","","","","","","16 bar (232.1 psi)","","Half Pipe/Limpet","","","","","","Stainless Steel 316","","","","","","","","Vertical","","","","1,300 mm (51.6 in)","","Legs","","","","","","Tank",""
"89790","Glasslined Pfaudler Tank - IPP# 89790","https://ims.internationalprocessplants.com/inventory/equipment/detail/89790","15","","","","","","","","","","68.1 L (18 gallons)","","Used","","406.4 mm (16 in)","","","","","","","","","1.9 bar (27.6 psi)","","","","Carbon Steel","","5 bar (72.5 psi)","","Standard","","","","Pfaudler","Yes","Glasslined","","","","","","","","Vertical","","","","406.4 mm (16 in)","","Legs","","","","","","Tank","Yes"
"89791","Glasslined Pfaudler Tank - IPP# 89791","https://ims.internationalprocessplants.com/inventory/equipment/detail/89791","14","","","","","","","","","","68.1 L (18 gallons)","","Used","","406.4 mm (16 in)","","","","","","","","","1.9 bar (27.6 psi)","","","","Carbon Steel","","5 bar (72.5 psi)","","","","","","Pfaudler","Yes","Glasslined","","","","","","","","Vertical","","","","406.4 mm (16 in)","","Legs","","","","","","Tank","Yes"
"89792","Glasslined Tank - IPP# 89792","https://ims.internationalprocessplants.com/inventory/equipment/detail/89792","12","","","","","","","","","","249.8 L (66 gallons)","","Used","","635 mm (25 in)","","","","","","","","","1.9 bar (27.6 psi)","","","","","","5 bar (72.5 psi)","","","","","","","Yes","Glasslined","","","","","","","","Vertical","","","","559 mm (22 in)","","Legs","","","","","","Tank","Yes"
"89793","Glasslined Pfaudler  Tank - IPP# 89793","https://ims.internationalprocessplants.com/inventory/equipment/detail/89793","14","","","","","","","","","","68.1 L (18 gallons)","","Used","","406.4 mm (16 in)","","","","","","","","","1.9 bar (27.6 psi)","","","","Carbon Steel","","5 bar (72.5 psi)","","","","","","Pfaudler","Yes","Glasslined","","","","","","","","Vertical","","","","406.4 mm (16 in)","","Legs","","","","","","Tank","Yes"
"90407","Glasslined Pfaudler E Series Tank - IPP# 90407","https://ims.internationalprocessplants.com/inventory/equipment/detail/90407","11","","","","","","","","","","113.6 L (30 gallons)","","Used","","508 mm (20 in)","","","","","","","","","2.1 bar (30 psi)","343.3 °C (650 °F)","","","","","","","","","","","Pfaudler","","Glasslined","E Series","","","","","","","Vertical","","","","610 mm (24 in)","","","","","","","","Tank",""
"90606","Glasslined Pfaudler VD300 Tank - IPP# 90606","https://ims.internationalprocessplants.com/inventory/equipment/detail/90606","16","","","","","","","","","","302.8 L (80 gallons)","","Used","","800 mm (31.5 in)","","","","","","","","","5.9 bar (85 psi)","200 °C (392 °F)","","","","","5.9 bar (85 psi)","200 °C (392 °F)","Standard","","","","Pfaudler","","Glasslined","VD300","","","","","","","Vertical","","","","850 mm (33.5 in)","","Legs","","","","","","Tank","Yes"
"90646","Stainless Steel 316L Ludwig Edel Tank - IPP# 90646","https://ims.internationalprocessplants.com/inventory/equipment/detail/90646","13","","","","","","","","","","3,050 L (800 gallons)","","Used","","1,600 mm (63 in)","","","","","","","","","3 bar (43.5 psi)","210 °C (410 °F)","","","","","","","","","","","Ludwig Edel","Yes","Stainless Steel 316L","","","","","","","","Vertical","","","","1,550 mm (60.6 in)","","Lugs","","","","","","Tank","Yes"
"90693","Glasslined DeDietrich RS500 Tank - IPP# 90693","https://ims.internationalprocessplants.com/inventory/equipment/detail/90693","17","","","","","","","","","","517 L (136.6 gallons)","","Used","","787 mm (31 in)","","","","","","","","","6 bar (87 psi)","200 °C (392 °F)","","","","","","","","","","","DeDietrich","Yes","Glasslined","RS500","60","3","1.3 kW (1.74 HP)","","","","Vertical","","","","940 mm (37 in)","","Legs","","","","","","Tank","Yes"
"90729","Glasslined Pfaudler VD500 Tank - IPP# 90729","https://ims.internationalprocessplants.com/inventory/equipment/detail/90729","16","","","","","","","","","","550 L (145.3 gallons)","","Used","","800 mm (31.5 in)","","","","","","","","","6 bar (87 psi)","200 °C (392 °F)","","","","","6 bar (87 psi)","200 °C (392 °F)","Standard","","","","Pfaudler","","Glasslined","VD500","","","","","","","Vertical","","","","1,100 mm (43.3 in)","","Lugs","","","","","","Tank","Yes"
"90737","Glasslined Pfaudler VD Tank - IPP# 90737","https://ims.internationalprocessplants.com/inventory/equipment/detail/90737","16","","","","","","","","","","1,150 L (300 gallons)","","Used","","1,200 mm (47.2 in)","","","","","","","","","6 bar (87 psi)","200 °C (392 °F)","","","","","6 bar (87 psi)","200 °C (392 °F)","","","","","Pfaudler","Yes","Glasslined","VD","","","","","","","Vertical","","","","900 mm (35.4 in)","","Legs","","","","","","Tank","Yes"
"90800","Glasslined Pfaudler Tank - IPP# 90800","https://ims.internationalprocessplants.com/inventory/equipment/detail/90800","14","","","","","","","","","","1,150 L (300 gallons)","","Used","","1,050 mm (42 in)","","","","","","","","","5.9 bar (85 psi)","204.4 °C (400 °F)","","","","","5.9 bar (85 psi)","204.4 °C (400 °F)","","","","","Pfaudler","Yes","Glasslined","","","","","","","","Vertical","","","","1,400 mm (55 in)","","Ring","","","","","","Tank",""
"92514","Glasslined Tank - IPP# 92514","https://ims.internationalprocessplants.com/inventory/equipment/detail/92514","12","","","","","","","","","","1,900 L (500 gallons)","","Used","","1,200 mm (48 in)","","","","","","","","","3.8 bar (55 psi)","148.9 °C (300 °F)","","","","","","","","","","","Pfaudler","Yes","Glasslined","","","","","","","","Vertical","","","","1,500 mm (60 in)","","Legs","","","","","","Tank",""
"93200","Glasslined DeDietrich Tank - IPP# 93200","https://ims.internationalprocessplants.com/inventory/equipment/detail/93200","15","","","","","","","","","","2,200 L (581 gallons)","","Used","","1,400 mm (55.1 in)","","","","","","","","","6 bar (87 psi)","200 °C (392 °F)","","","","","6 bar (87 psi)","200 °C (392 °F)","","","","","DeDietrich","Yes","Glasslined","","","","","","","","Vertical","","","","1,000 mm (39.4 in)","","Sockets for pipe legs","","","","","","Tank","Yes"
"93203","Glasslined Schwelmer Eisenwerke Tank - IPP# 93203","https://ims.internationalprocessplants.com/inventory/equipment/detail/93203","16","","","","","","","","","","7,000 L (1,850 gallons)","","Used","","1,800 mm (70.9 in)","","","","","","","","","6 bar (87 psi)","200 °C (392 °F)","","","","","","","","","","","Schwelmer Eisenwerke","Yes","Glasslined","","50","3","7.5 kW (10.1 HP)","1,450","","","Vertical","","","","2,350 mm (93.3 in)","","Legs","","","","","","Tank",""
"93257","Glasslined Pfaudler  Tank - IPP# 93257","https://ims.internationalprocessplants.com/inventory/equipment/detail/93257","18","","With 2-finger upward baffle","Finger Baffle","","","","","","","3,200 L (845 gallons)","","Used","991 mm (39 in)","1,500 mm (60 in)","Yes","","","","","","","","2 bar (29 psi)","200 °C (392 °F)","","","","","","","","","","","Pfaudler","Yes","Glasslined","","","","6.3 kW (8.5 HP)","1,450","","","Vertical","","","","914 mm (36 in)","","Ring","","","","","","Tank",""
"93259","Glasslined Pfaudler Tank - IPP# 93259","https://ims.internationalprocessplants.com/inventory/equipment/detail/93259","15","","","","","","","","","","2,150 L (573 gallons)","","Used","","1,250 mm (50 in)","","","","","","","","","2 bar (29 psi)","200 °C (392 °F)","","","","","6 bar (87 psi)","200 °C (392 °F)","","","","","Pfaudler","Yes","Glasslined","","","","","","","","Vertical","","","","1,050 mm (42 in)","","Ring","","","","","","Tank","Yes"
"94132","Glasslined DeDietrich  Tank - IPP# 94132","https://ims.internationalprocessplants.com/inventory/equipment/detail/94132","12","","","","","","","","","","189.3 L (50 gallons)","","Used","","610 mm (24 in)","","","","","","","","","6.9 bar (100 psi)","260 °C (500 °F)","","","","","","","","","","","DeDietrich","","Glasslined","","","","","","","","Vertical","","","","660 mm (26 in)","","Legs","","","","","","Tank","Yes"
"94133","Glasslined DeDietrich Tank - IPP# 94133","https://ims.internationalprocessplants.com/inventory/equipment/detail/94133","11","","","","","","","","","","189.3 L (50 gallons)","","Used","","610 mm (24 in)","","","","","","","","","6.9 bar (100 psi)","260 °C (500 °F)","","","","","","","","","","","DeDietrich","","Glasslined","","","","","","","","Vertical","","","","660 mm (26 in)","","Legs","","","","","","Tank",""
"94135","Glasslined DeDietrich  Tank - IPP# 94135","https://ims.internationalprocessplants.com/inventory/equipment/detail/94135","12","","","","","","","","","","189.3 L (50 gallons)","","Used","","610 mm (24 in)","","","","","","","","","6.9 bar (100 psi)","260 °C (500 °F)","","","","","","","","","","","DeDietrich","","Glasslined","","","","","","","","Vertical","","","","660 mm (26 in)","","Legs","","","","","","Tank","Yes"
"94136","Glasslined DeDietrich Tank - IPP# 94136","https://ims.internationalprocessplants.com/inventory/equipment/detail/94136","11","","","","","","","","","","189.3 L (50 gallons)","","Used","","610 mm (24 in)","","","","","","","","","6.9 bar (100 psi)","260 °C (500 °F)","","","","","","","","","","","DeDietrich","","Glasslined","","","","","","","","Vertical","","","","660 mm (26 in)","","","","","","","","Tank","Yes"
"94137","Glasslined DeDietrich Tank - IPP# 94137","https://ims.internationalprocessplants.com/inventory/equipment/detail/94137","12","","","","","","","","","","189.3 L (50 gallons)","","Used","","610 mm (24 in)","","","","","","","","","6.9 bar (100 psi)","260 °C (500 °F)","","","","","","","","","","","DeDietrich","","Glasslined","","","","","","","","Vertical","","","","660 mm (26 in)","","Legs","","","","","","Tank","Yes"
"94142","Glasslined Pfaudler  Tank - IPP# 94142","https://ims.internationalprocessplants.com/inventory/equipment/detail/94142","11","","","","","","","","","","378.5 L (100 gallons)","","Used","","762 mm (30 in)","","","","","","","","","1.01 bar (14.7 psi)","232.2 °C (450 °F)","","","","","","","","","","","Pfaudler","","Glasslined","","","","","","","","Vertical","","","","762 mm (30 in)","","Legs","","","","","","Tank",""
"94379","Glasslined DeDietrich Tank - IPP# 94379","https://ims.internationalprocessplants.com/inventory/equipment/detail/94379","20","","","","","","","","","","3,800 L (1,000 gallons)","","Used","","1,500 mm (60 in)","Yes","","","","","","","","6 bar (87 psi)","200 °C (392 °F)","","","","","6 bar (87 psi)","200 °C (392 °F)","","","","","DeDietrich","Yes","Glasslined","","50","3","1.3 kW (1.74 HP)","710","","","Vertical","","","","1,300 mm (51 in)","","Legs","","","","","","Tank","Yes"
"94380","Glasslined DeDietrich Tank - IPP# 94380","https://ims.internationalprocessplants.com/inventory/equipment/detail/94380","17","","","","","","","","","","1,900 L (500 gallons)","","Used","","1,300 mm (52 in)","","","","","","","","","6 bar (87 psi)","200 °C (392 °F)","","","Carbon Steel","","6 bar (87 psi)","200 °C (392 °F)","Standard","","","","DeDietrich","Yes","Glasslined","","","","","","","","Vertical","","","","1,050 mm (42 in)","","Legs","","","","","","Tank","Yes"
"94381","Glasslined DeDietrich Tank - IPP# 94381","https://ims.internationalprocessplants.com/inventory/equipment/detail/94381","14","","","","","","","","","","3,600 L (950 gallons)","","Used","","1,500 mm (60 in)","","","","","","","","","1.01 bar (14.7 psi)","200 °C (392 °F)","","","","","6 bar (87 psi)","200 °C (392 °F)","","","","","DeDietrich","Yes","Glasslined","","","","","","","","Vertical","","","","1,200 mm (48 in)","","Legs","","","","","","Tank",""
"94383","Glasslined DeDietrich Tank - IPP# 94383","https://ims.internationalprocessplants.com/inventory/equipment/detail/94383","19","","","","","","","","","","2,500 L (660 gallons)","","Used","","1,300 mm (52 in)","Yes","","","","","","","","6 bar (87 psi)","200 °C (392 °F)","","","","","6 bar (87 psi)","200 °C (392 °F)","","","","","DeDietrich","Yes","Glasslined","","3","","0.75 kW (1.01 HP)","1,430","","","Vertical","","","","1,100 mm (43.9 in)","","Legs","","","","","","Tank","Yes"
"94384","Glasslined DeDietrich Tank - IPP# 94384","https://ims.internationalprocessplants.com/inventory/equipment/detail/94384","20","","","","","","","","","","2,500 L (660 gallons)","","Used","","1,300 mm (51.2 in)","Yes","","","","","","","","6 bar (87 psi)","200 °C (392 °F)","","","","","6 bar (87 psi)","200 °C (392 °F)","","","","","DeDietrich","Yes","Glasslined","","50","3","0.75 kW (1.01 HP)","1,420","","","Vertical","","","","1,000 mm (39.4 in)","","Sockets for pipe legs","","","","","","Tank","Yes"
"94386","Glasslined Tycon STO4-2000L Tank - IPP# 94386","https://ims.internationalprocessplants.com/inventory/equipment/detail/94386","21","","","","","","","","","","2,000 L (528 gallons)","","Used","","1,300 mm (52 in)","Yes","","","","","","","","1.01 bar (14.7 psi)","150 °C (302 °F)","","","","","6 bar (87 psi)","150 °C (302 °F)","Standard","","","","Tycon","Yes","Glasslined","STO4-2000L","50","","1.5 kW (2 HP)","1,420","","","Vertical","","","","1,050 mm (42 in)","","Lugs","","","","","","Tank","Yes"
"94387","Glasslined DeDietrich Tank - IPP# 94387","https://ims.internationalprocessplants.com/inventory/equipment/detail/94387","20","","","","","","","","","","2,550 L (671 gallons)","","Used","","1,300 mm (52 in)","Yes","","","","","","","","6 bar (87 psi)","200 °C (392 °F)","","","","","6 bar (87 psi)","200 °C (392 °F)","Standard","","","","DeDietrich","Yes","Glasslined","","50","","1.5 kW (2 HP)","1,420","","","Vertical","","","","1,050 mm (42 in)","","Legs","","","","","","Tank","Yes"
"94388","Glasslined Pfaudler N2GF7/1.5 Tank - IPP# 94388","https://ims.internationalprocessplants.com/inventory/equipment/detail/94388","18","","","","","","","","","","2,000 L (526 gallons)","","Used","","1,400 mm (56 in)","Yes","","","","","","","","","","","","","","6 bar (87 psi)","200 °C (392 °F)","","","","","Pfaudler","Yes","Glasslined","N2GF7/1.5","50","","2.2 kW (3 HP)","1,420","","","Vertical","","","","1,000 mm (40 in)","","Lugs","","","","","","Tank","Yes"
"94431","Glasslined Pfaudler Tank - IPP# 94431","https://ims.internationalprocessplants.com/inventory/equipment/detail/94431","10","","","","","","","","","","378.5 L (100 gallons)","","Used","","800 mm (31.5 in)","","","","","","","","","2 bar (29 psi)","","","","","","","","","","","","Pfaudler","","Glasslined","","","","","","","","Vertical","","","","600 mm (23.6 in)","","","","","","","","Tank","Yes"
"94456","Glasslined Schwelmer Tank - IPP# 94456","https://ims.internationalprocessplants.com/inventory/equipment/detail/94456","16","","","","","","","","","","11,400 L (3,000 gallons)","","Used","","2,100 mm (81.9 in)","","","","","","","","","3 bar (43.5 psi)","0 °C (32 °F)","","","","","6 bar (87 psi)","200 °C (392 °F)","Internal Pipe Coil","","","","Schwelmer","Yes","Glasslined","","","","","","","","Horizontal","","","","3,100 mm (122.4 in)","","Saddle","","","","","","Tank","Yes"
"94457","Glasslined Schwelmer Tank - IPP# 94457","https://ims.internationalprocessplants.com/inventory/equipment/detail/94457","14","","","","","","","","","","9,850 L (2,600 gallons)","","Used","","2,100 mm (81.9 in)","","Yes","","","","","","","3 bar (43.5 psi)","","","","","","9 bar (130.5 psi)","200 °C (392 °F)","","","","","Schwelmer","","Glasslined","","","","","","","","Horizontal","","","","3,100 mm (122.4 in)","","Saddle","","","","","","Tank","Yes"
"94467","Glasslined DeDietrich EB1500 Tank - IPP# 94467","https://ims.internationalprocessplants.com/inventory/equipment/detail/94467","10","","","","","","","","","","1,500 L (400 gallons)","","Used","","1,200 mm (47.2 in)","","","","","","","","","","","","","","","","","","","","","DeDietrich","","Glasslined","EB1500","","","","","","","Vertical","","","","1,300 mm (51.2 in)","","Lugs","","","","","","Tank",""
"94469","Glasslined DeDietrich  Tank - IPP# 94469","https://ims.internationalprocessplants.com/inventory/equipment/detail/94469","10","","","","","","","","","","1,500 L (400 gallons)","","Used","","1,150 mm (45 in)","","","","","","","","","","","","","","","6 bar (87 psi)","","","","","","DeDietrich","","Glasslined","","","","","","","","Vertical","","","","1,150 mm (45 in)","","Legs","","","","","","Tank",""
"94470","Glasslined DeDietrich EB1500 Tank - IPP# 94470","https://ims.internationalprocessplants.com/inventory/equipment/detail/94470","11","","","","","","","","","","1,500 L (400 gallons)","","Used","","1,200 mm (47.2 in)","","","","","","","","","","","","","","","6 bar (87 psi)","","","","","","DeDietrich","","Glasslined","EB1500","","","","","","","Vertical","","","","1,300 mm (51.2 in)","","Legs","","","","","","Tank",""
"94633","Glasslined DeDietrich  Tank - IPP# 94633","https://ims.internationalprocessplants.com/inventory/equipment/detail/94633","14","","","","","","","","","","363.4 L (96 gallons)","","Used","","813 mm (32 in)","","","","","","","","","1.01 bar (14.7 psi)","200 °C (392 °F)","","","","","2 bar (29 psi)","200 °C (392 °F)","Standard","","","","DeDietrich","","Glasslined","","","","","","","","Vertical","","","","610 mm (24 in)","","Legs","","","","","","Tank",""
"95434","Titanium Pfaudler  Tank - IPP# 95434","https://ims.internationalprocessplants.com/inventory/equipment/detail/95434","15","","(1) baffle on sidewall.","","","","","","","","1,150 L (300 gallons)","","Used","","1,050 mm (42 in)","Yes","","","","","","","","1.01 bar (14.7 psi)","176.7 °C (350 °F)","","","","","5.2 bar (75 psi)","176.7 °C (350 °F)","","","","","Pfaudler","","Titanium","","","","","","","","Vertical","","","","1,350 mm (54 in)","","Lugs","","","","","","Tank",""
"96708","Unused Fiberglass Tank - IPP# 96708","https://ims.internationalprocessplants.com/inventory/equipment/detail/96708","13","","","","","","","","","","946 L (250 gallons)","","Unused","","1,050 mm (42 in)","Yes","","","","","","","","","","","","","","","","","","","","","","Fiberglass","","60","3","0.37 kW (0.5 HP)","1,725","","","Vertical","","","","1,200 mm (48 in)","","Skid","","","","","","Tank",""
"97003","Glasslined Pfaudler Tank - IPP# 97003","https://ims.internationalprocessplants.com/inventory/equipment/detail/97003","10","","","","","","","","","","75.7 L (20 gallons)","","Used","","457.2 mm (18 in)","","","","","","","","","2.1 bar (30 psi)","343.3 °C (650 °F)","","","","","","","","","","","Pfaudler","","Glasslined","","","","","","","","Vertical","","","","508 mm (20 in)","","","","","","","","Tank",""
"97006","Glasslined Pfaudler VR Tank - IPP# 97006","https://ims.internationalprocessplants.com/inventory/equipment/detail/97006","15","","","","","","","","","","75.7 L (20 gallons)","","Re-glassed","","508 mm (20 in)","","","Very Clean (VC)","Full Fire Polish (FF)","","","","","2.1 bar (30 psi)","232.2 °C (450 °F)","","","","","","","","","","","Pfaudler","","Glasslined","VR","","","","","","","Vertical","","","","330.2 mm (13 in)","","Lugs","","","","","","Tank","Yes"
"97007","Glasslined Pfaudler P Series Tank - IPP# 97007","https://ims.internationalprocessplants.com/inventory/equipment/detail/97007","15","","","","","","","","","","75.7 L (20 gallons)","","Re-glassed","","508 mm (20 in)","","","Very Clean (VC)","Full Fire Polish (FF)","","","","","2.1 bar (30 psi)","232.2 °C (450 °F)","","","","","","","","","","","Pfaudler","","Glasslined","P Series","","","","","","","Vertical","","","","457.2 mm (18 in)","","Sockets for pipe legs","","","","","","Tank","Yes"
"98764","Glasslined Pfaudler Tank - IPP# 98764","https://ims.internationalprocessplants.com/inventory/equipment/detail/98764","12","","","","","","","","","","1,900 L (500 gallons)","","Needs Reglass","","1,200 mm (48 in)","","","","","","","","","3.4 bar (50 psi)","82.2 °C (180 °F)","","","","","","","","","","","Pfaudler","Yes","Glasslined","","","","","","","","Vertical","","","","1,500 mm (60 in)","","Sockets for pipe legs","","","","","","Tank",""
"98828","Glasslined Pfaudler Tank - IPP# 98828","https://ims.internationalprocessplants.com/inventory/equipment/detail/98828","13","","","","","","","","","","113.6 L (30 gallons)","","Re-glassed","","508 mm (20 in)","","","Very Clean (VC)","Full Fire Polish (FF)","","","","","2.1 bar (30 psi)","176.7 °C (350 °F)","","","","","","","","","","","Pfaudler","","Glasslined","","","","","","","","Vertical","","","","686 mm (27 in)","","Sockets for pipe legs","","","","","","Tank",""
"98897","Stainless Steel 316 Pfaudler  Tank - IPP# 98897","https://ims.internationalprocessplants.com/inventory/equipment/detail/98897","9","","","","","","","","","","378.5 L (100 gallons)","","Used","","762 mm (30 in)","Yes","","","","","","","","","","","","","","","","","","","","Pfaudler","","Stainless Steel 316","","","","","","","","Vertical","","","","1,000 mm (40 in)","","","","","","","","Tank",""
"99481","Glasslined DeDietrich Tank - IPP# 99481","https://ims.internationalprocessplants.com/inventory/equipment/detail/99481","12","","","","","","","","","","94.6 L (25 gallons)","","Used","","508 mm (20 in)","","","","","","","","","6.9 bar (100 psi)","260 °C (500 °F)","","","","","","","","","","","DeDietrich","","Glasslined","","","","","","","","Vertical","","","","610 mm (24 in)","","Legs","","","","","","Tank","Yes"
