url,status,notes
"https://ims.internationalprocessplants.com/inventory/equipment/detail/100410","LIVE",""
"https://ims.internationalprocessplants.com/inventory/equipment/detail/100411","LIVE",""
"https://ims.internationalprocessplants.com/inventory/equipment/detail/100529","LIVE",""
"https://ims.internationalprocessplants.com/inventory/equipment/detail/100552","LIVE",""
"https://ims.internationalprocessplants.com/inventory/equipment/detail/100553","LIVE",""
"https://ims.internationalprocessplants.com/inventory/equipment/detail/100554","LIVE",""
"https://ims.internationalprocessplants.com/inventory/equipment/detail/100762","LIVE",""
"https://ims.internationalprocessplants.com/inventory/equipment/detail/100763","LIVE",""
"https://ims.internationalprocessplants.com/inventory/equipment/detail/101144","LIVE",""
"https://ims.internationalprocessplants.com/inventory/equipment/detail/101690","LIVE",""
"https://ims.internationalprocessplants.com/inventory/equipment/detail/101961","LIVE",""
"https://ims.internationalprocessplants.com/inventory/equipment/detail/102067","LIVE",""
"https://ims.internationalprocessplants.com/inventory/equipment/detail/102363","LIVE",""
"https://ims.internationalprocessplants.com/inventory/equipment/detail/10271","LIVE",""
"https://ims.internationalprocessplants.com/inventory/equipment/detail/104027","LIVE",""
"https://ims.internationalprocessplants.com/inventory/equipment/detail/104029","LIVE",""
"https://ims.internationalprocessplants.com/inventory/equipment/detail/104576","LIVE",""
"https://ims.internationalprocessplants.com/inventory/equipment/detail/10539","LIVE",""
"https://ims.internationalprocessplants.com/inventory/equipment/detail/107324","LIVE",""
"https://ims.internationalprocessplants.com/inventory/equipment/detail/107342","LIVE",""
"https://ims.internationalprocessplants.com/inventory/equipment/detail/107779","LIVE",""
"https://ims.internationalprocessplants.com/inventory/equipment/detail/107845","LIVE",""
"https://ims.internationalprocessplants.com/inventory/equipment/detail/111808","LIVE",""
"https://ims.internationalprocessplants.com/inventory/equipment/detail/112005","LIVE",""
"https://ims.internationalprocessplants.com/inventory/equipment/detail/112063","LIVE",""
"https://ims.internationalprocessplants.com/inventory/equipment/detail/112129","LIVE",""
"https://ims.internationalprocessplants.com/inventory/equipment/detail/112143","LIVE",""
"https://ims.internationalprocessplants.com/inventory/equipment/detail/112197","LIVE",""
"https://ims.internationalprocessplants.com/inventory/equipment/detail/112205","LIVE",""
"https://ims.internationalprocessplants.com/inventory/equipment/detail/112238","LIVE",""
"https://ims.internationalprocessplants.com/inventory/equipment/detail/117062","LIVE",""
"https://ims.internationalprocessplants.com/inventory/equipment/detail/13893","LIVE",""
"https://ims.internationalprocessplants.com/inventory/equipment/detail/14677","LIVE",""
"https://ims.internationalprocessplants.com/inventory/equipment/detail/201486","LIVE",""
"https://ims.internationalprocessplants.com/inventory/equipment/detail/201655","LIVE",""
"https://ims.internationalprocessplants.com/inventory/equipment/detail/202091","LIVE",""
"https://ims.internationalprocessplants.com/inventory/equipment/detail/202233","LIVE",""
"https://ims.internationalprocessplants.com/inventory/equipment/detail/202370","LIVE",""
"https://ims.internationalprocessplants.com/inventory/equipment/detail/202535","LIVE",""
"https://ims.internationalprocessplants.com/inventory/equipment/detail/202559","LIVE",""
"https://ims.internationalprocessplants.com/inventory/equipment/detail/202751","LIVE",""
"https://ims.internationalprocessplants.com/inventory/equipment/detail/202777","LIVE",""
"https://ims.internationalprocessplants.com/inventory/equipment/detail/202803","LIVE",""
"https://ims.internationalprocessplants.com/inventory/equipment/detail/202929","LIVE",""
"https://ims.internationalprocessplants.com/inventory/equipment/detail/202933","LIVE",""
"https://ims.internationalprocessplants.com/inventory/equipment/detail/202934","LIVE",""
"https://ims.internationalprocessplants.com/inventory/equipment/detail/203001","LIVE",""
"https://ims.internationalprocessplants.com/inventory/equipment/detail/203013","LIVE",""
"https://ims.internationalprocessplants.com/inventory/equipment/detail/203018","LIVE",""
"https://ims.internationalprocessplants.com/inventory/equipment/detail/203031","LIVE",""
"https://ims.internationalprocessplants.com/inventory/equipment/detail/203051","LIVE",""
"https://ims.internationalprocessplants.com/inventory/equipment/detail/203155","LIVE",""
"https://ims.internationalprocessplants.com/inventory/equipment/detail/203420","LIVE",""
"https://ims.internationalprocessplants.com/inventory/equipment/detail/203544","LIVE",""
"https://ims.internationalprocessplants.com/inventory/equipment/detail/203554","LIVE",""
"https://ims.internationalprocessplants.com/inventory/equipment/detail/203746","LIVE",""
"https://ims.internationalprocessplants.com/inventory/equipment/detail/203961","LIVE",""
"https://ims.internationalprocessplants.com/inventory/equipment/detail/203962","LIVE",""
"https://ims.internationalprocessplants.com/inventory/equipment/detail/203965","LIVE",""
"https://ims.internationalprocessplants.com/inventory/equipment/detail/203966","LIVE",""
"https://ims.internationalprocessplants.com/inventory/equipment/detail/203971","LIVE",""
"https://ims.internationalprocessplants.com/inventory/equipment/detail/203972","LIVE",""
"https://ims.internationalprocessplants.com/inventory/equipment/detail/204045","LIVE",""
"https://ims.internationalprocessplants.com/inventory/equipment/detail/204132","LIVE",""
"https://ims.internationalprocessplants.com/inventory/equipment/detail/204134","LIVE",""
"https://ims.internationalprocessplants.com/inventory/equipment/detail/204150","LIVE",""
"https://ims.internationalprocessplants.com/inventory/equipment/detail/204403","LIVE",""
"https://ims.internationalprocessplants.com/inventory/equipment/detail/204409","LIVE",""
"https://ims.internationalprocessplants.com/inventory/equipment/detail/204511","LIVE",""
"https://ims.internationalprocessplants.com/inventory/equipment/detail/205582","LIVE",""
"https://ims.internationalprocessplants.com/inventory/equipment/detail/205594","LIVE",""
"https://ims.internationalprocessplants.com/inventory/equipment/detail/205699","LIVE",""
"https://ims.internationalprocessplants.com/inventory/equipment/detail/205850","LIVE",""
"https://ims.internationalprocessplants.com/inventory/equipment/detail/205862","LIVE",""
"https://ims.internationalprocessplants.com/inventory/equipment/detail/205981","LIVE",""
"https://ims.internationalprocessplants.com/inventory/equipment/detail/205982","LIVE",""
"https://ims.internationalprocessplants.com/inventory/equipment/detail/206204","LIVE",""
"https://ims.internationalprocessplants.com/inventory/equipment/detail/206206","LIVE",""
"https://ims.internationalprocessplants.com/inventory/equipment/detail/206637","LIVE",""
"https://ims.internationalprocessplants.com/inventory/equipment/detail/206640","LIVE",""
"https://ims.internationalprocessplants.com/inventory/equipment/detail/206789","LIVE",""
"https://ims.internationalprocessplants.com/inventory/equipment/detail/206958","LIVE",""
"https://ims.internationalprocessplants.com/inventory/equipment/detail/207123","LIVE",""
"https://ims.internationalprocessplants.com/inventory/equipment/detail/207127","LIVE",""
"https://ims.internationalprocessplants.com/inventory/equipment/detail/207259","LIVE",""
"https://ims.internationalprocessplants.com/inventory/equipment/detail/207416","LIVE",""
"https://ims.internationalprocessplants.com/inventory/equipment/detail/207477","LIVE",""
"https://ims.internationalprocessplants.com/inventory/equipment/detail/207577","LIVE",""
"https://ims.internationalprocessplants.com/inventory/equipment/detail/207654","LIVE",""
"https://ims.internationalprocessplants.com/inventory/equipment/detail/207665","LIVE",""
"https://ims.internationalprocessplants.com/inventory/equipment/detail/207667","LIVE",""
"https://ims.internationalprocessplants.com/inventory/equipment/detail/207815","LIVE",""
"https://ims.internationalprocessplants.com/inventory/equipment/detail/207816","LIVE",""
"https://ims.internationalprocessplants.com/inventory/equipment/detail/207956","LIVE",""
"https://ims.internationalprocessplants.com/inventory/equipment/detail/207958","LIVE",""
"https://ims.internationalprocessplants.com/inventory/equipment/detail/208235","LIVE",""
"https://ims.internationalprocessplants.com/inventory/equipment/detail/208236","LIVE",""
"https://ims.internationalprocessplants.com/inventory/equipment/detail/208249","LIVE",""
"https://ims.internationalprocessplants.com/inventory/equipment/detail/208289","LIVE",""
"https://ims.internationalprocessplants.com/inventory/equipment/detail/208292","LIVE",""
"https://ims.internationalprocessplants.com/inventory/equipment/detail/208318","LIVE",""
"https://ims.internationalprocessplants.com/inventory/equipment/detail/208334","LIVE",""
"https://ims.internationalprocessplants.com/inventory/equipment/detail/208335","LIVE",""
"https://ims.internationalprocessplants.com/inventory/equipment/detail/208340","LIVE",""
"https://ims.internationalprocessplants.com/inventory/equipment/detail/208352","LIVE",""
"https://ims.internationalprocessplants.com/inventory/equipment/detail/208396","LIVE",""
"https://ims.internationalprocessplants.com/inventory/equipment/detail/208399","LIVE",""
"https://ims.internationalprocessplants.com/inventory/equipment/detail/208402","LIVE",""
"https://ims.internationalprocessplants.com/inventory/equipment/detail/208439","LIVE",""
"https://ims.internationalprocessplants.com/inventory/equipment/detail/208440","LIVE",""
"https://ims.internationalprocessplants.com/inventory/equipment/detail/208461","LIVE",""
"https://ims.internationalprocessplants.com/inventory/equipment/detail/208487","LIVE",""
"https://ims.internationalprocessplants.com/inventory/equipment/detail/208488","LIVE",""
"https://ims.internationalprocessplants.com/inventory/equipment/detail/208489","LIVE",""
"https://ims.internationalprocessplants.com/inventory/equipment/detail/208490","LIVE",""
"https://ims.internationalprocessplants.com/inventory/equipment/detail/208538","LIVE",""
"https://ims.internationalprocessplants.com/inventory/equipment/detail/20888","LIVE",""
"https://ims.internationalprocessplants.com/inventory/equipment/detail/209174","LIVE",""
"https://ims.internationalprocessplants.com/inventory/equipment/detail/209319","LIVE",""
"https://ims.internationalprocessplants.com/inventory/equipment/detail/209464","LIVE",""
"https://ims.internationalprocessplants.com/inventory/equipment/detail/209705","LIVE",""
"https://ims.internationalprocessplants.com/inventory/equipment/detail/209708","LIVE",""
"https://ims.internationalprocessplants.com/inventory/equipment/detail/209872","LIVE",""
"https://ims.internationalprocessplants.com/inventory/equipment/detail/209876","LIVE",""
"https://ims.internationalprocessplants.com/inventory/equipment/detail/209882","LIVE",""
"https://ims.internationalprocessplants.com/inventory/equipment/detail/209884","LIVE",""
"https://ims.internationalprocessplants.com/inventory/equipment/detail/209885","LIVE",""
"https://ims.internationalprocessplants.com/inventory/equipment/detail/209917","LIVE",""
"https://ims.internationalprocessplants.com/inventory/equipment/detail/209918","LIVE",""
"https://ims.internationalprocessplants.com/inventory/equipment/detail/209919","LIVE",""
"https://ims.internationalprocessplants.com/inventory/equipment/detail/209920","LIVE",""
"https://ims.internationalprocessplants.com/inventory/equipment/detail/209922","LIVE",""
"https://ims.internationalprocessplants.com/inventory/equipment/detail/209928","LIVE",""
"https://ims.internationalprocessplants.com/inventory/equipment/detail/209931","LIVE",""
"https://ims.internationalprocessplants.com/inventory/equipment/detail/209938","LIVE",""
"https://ims.internationalprocessplants.com/inventory/equipment/detail/209939","LIVE",""
"https://ims.internationalprocessplants.com/inventory/equipment/detail/209941","LIVE",""
"https://ims.internationalprocessplants.com/inventory/equipment/detail/210268","LIVE",""
"https://ims.internationalprocessplants.com/inventory/equipment/detail/210270","LIVE",""
"https://ims.internationalprocessplants.com/inventory/equipment/detail/210271","LIVE",""
"https://ims.internationalprocessplants.com/inventory/equipment/detail/210283","LIVE",""
"https://ims.internationalprocessplants.com/inventory/equipment/detail/210774","LIVE",""
"https://ims.internationalprocessplants.com/inventory/equipment/detail/210797","LIVE",""
"https://ims.internationalprocessplants.com/inventory/equipment/detail/210803","LIVE",""
"https://ims.internationalprocessplants.com/inventory/equipment/detail/210809","LIVE",""
"https://ims.internationalprocessplants.com/inventory/equipment/detail/210847","LIVE",""
"https://ims.internationalprocessplants.com/inventory/equipment/detail/210852","LIVE",""
"https://ims.internationalprocessplants.com/inventory/equipment/detail/210853","LIVE",""
"https://ims.internationalprocessplants.com/inventory/equipment/detail/210864","LIVE",""
"https://ims.internationalprocessplants.com/inventory/equipment/detail/211061","LIVE",""
"https://ims.internationalprocessplants.com/inventory/equipment/detail/211089","LIVE",""
"https://ims.internationalprocessplants.com/inventory/equipment/detail/211208","LIVE",""
"https://ims.internationalprocessplants.com/inventory/equipment/detail/211243","LIVE",""
"https://ims.internationalprocessplants.com/inventory/equipment/detail/211500","LIVE",""
"https://ims.internationalprocessplants.com/inventory/equipment/detail/211502","LIVE",""
"https://ims.internationalprocessplants.com/inventory/equipment/detail/211504","LIVE",""
"https://ims.internationalprocessplants.com/inventory/equipment/detail/211506","LIVE",""
"https://ims.internationalprocessplants.com/inventory/equipment/detail/211538","LIVE",""
"https://ims.internationalprocessplants.com/inventory/equipment/detail/211539","LIVE",""
"https://ims.internationalprocessplants.com/inventory/equipment/detail/211540","LIVE",""
"https://ims.internationalprocessplants.com/inventory/equipment/detail/211541","LIVE",""
"https://ims.internationalprocessplants.com/inventory/equipment/detail/211542","LIVE",""
"https://ims.internationalprocessplants.com/inventory/equipment/detail/211543","LIVE",""
"https://ims.internationalprocessplants.com/inventory/equipment/detail/211544","LIVE",""
"https://ims.internationalprocessplants.com/inventory/equipment/detail/211547","LIVE",""
"https://ims.internationalprocessplants.com/inventory/equipment/detail/211548","LIVE",""
"https://ims.internationalprocessplants.com/inventory/equipment/detail/211551","LIVE",""
"https://ims.internationalprocessplants.com/inventory/equipment/detail/211556","LIVE",""
"https://ims.internationalprocessplants.com/inventory/equipment/detail/211557","LIVE",""
"https://ims.internationalprocessplants.com/inventory/equipment/detail/211558","LIVE",""
"https://ims.internationalprocessplants.com/inventory/equipment/detail/211559","LIVE",""
"https://ims.internationalprocessplants.com/inventory/equipment/detail/211560","LIVE",""
"https://ims.internationalprocessplants.com/inventory/equipment/detail/211574","LIVE",""
"https://ims.internationalprocessplants.com/inventory/equipment/detail/211580","LIVE",""
"https://ims.internationalprocessplants.com/inventory/equipment/detail/211591","LIVE",""
"https://ims.internationalprocessplants.com/inventory/equipment/detail/211592","LIVE",""
"https://ims.internationalprocessplants.com/inventory/equipment/detail/211593","LIVE",""
"https://ims.internationalprocessplants.com/inventory/equipment/detail/211594","LIVE",""
"https://ims.internationalprocessplants.com/inventory/equipment/detail/211596","LIVE",""
"https://ims.internationalprocessplants.com/inventory/equipment/detail/211598","LIVE",""
"https://ims.internationalprocessplants.com/inventory/equipment/detail/211603","LIVE",""
"https://ims.internationalprocessplants.com/inventory/equipment/detail/211604","LIVE",""
"https://ims.internationalprocessplants.com/inventory/equipment/detail/211606","LIVE",""
"https://ims.internationalprocessplants.com/inventory/equipment/detail/211614","LIVE",""
"https://ims.internationalprocessplants.com/inventory/equipment/detail/211627","LIVE",""
"https://ims.internationalprocessplants.com/inventory/equipment/detail/211647","LIVE",""
"https://ims.internationalprocessplants.com/inventory/equipment/detail/211649","LIVE",""
"https://ims.internationalprocessplants.com/inventory/equipment/detail/211653","LIVE",""
"https://ims.internationalprocessplants.com/inventory/equipment/detail/211654","LIVE",""
"https://ims.internationalprocessplants.com/inventory/equipment/detail/211655","LIVE",""
"https://ims.internationalprocessplants.com/inventory/equipment/detail/211657","LIVE",""
"https://ims.internationalprocessplants.com/inventory/equipment/detail/211660","LIVE",""
"https://ims.internationalprocessplants.com/inventory/equipment/detail/211661","LIVE",""
"https://ims.internationalprocessplants.com/inventory/equipment/detail/211662","LIVE",""
"https://ims.internationalprocessplants.com/inventory/equipment/detail/211665","LIVE",""
"https://ims.internationalprocessplants.com/inventory/equipment/detail/211666","LIVE",""
"https://ims.internationalprocessplants.com/inventory/equipment/detail/211670","LIVE",""
"https://ims.internationalprocessplants.com/inventory/equipment/detail/211672","LIVE",""
"https://ims.internationalprocessplants.com/inventory/equipment/detail/211674","LIVE",""
"https://ims.internationalprocessplants.com/inventory/equipment/detail/211675","LIVE",""
"https://ims.internationalprocessplants.com/inventory/equipment/detail/211677","LIVE",""
"https://ims.internationalprocessplants.com/inventory/equipment/detail/211682","LIVE",""
"https://ims.internationalprocessplants.com/inventory/equipment/detail/211685","LIVE",""
"https://ims.internationalprocessplants.com/inventory/equipment/detail/211687","LIVE",""
"https://ims.internationalprocessplants.com/inventory/equipment/detail/211688","LIVE",""
"https://ims.internationalprocessplants.com/inventory/equipment/detail/211689","LIVE",""
"https://ims.internationalprocessplants.com/inventory/equipment/detail/211690","LIVE",""
"https://ims.internationalprocessplants.com/inventory/equipment/detail/211691","LIVE",""
"https://ims.internationalprocessplants.com/inventory/equipment/detail/211692","LIVE",""
"https://ims.internationalprocessplants.com/inventory/equipment/detail/211693","LIVE",""
"https://ims.internationalprocessplants.com/inventory/equipment/detail/211694","LIVE",""
"https://ims.internationalprocessplants.com/inventory/equipment/detail/211695","LIVE",""
"https://ims.internationalprocessplants.com/inventory/equipment/detail/211696","LIVE",""
"https://ims.internationalprocessplants.com/inventory/equipment/detail/211712","LIVE",""
"https://ims.internationalprocessplants.com/inventory/equipment/detail/211721","LIVE",""
"https://ims.internationalprocessplants.com/inventory/equipment/detail/211722","LIVE",""
"https://ims.internationalprocessplants.com/inventory/equipment/detail/211723","LIVE",""
"https://ims.internationalprocessplants.com/inventory/equipment/detail/211724","LIVE",""
"https://ims.internationalprocessplants.com/inventory/equipment/detail/211748","LIVE",""
"https://ims.internationalprocessplants.com/inventory/equipment/detail/211752","LIVE",""
"https://ims.internationalprocessplants.com/inventory/equipment/detail/211760","LIVE",""
"https://ims.internationalprocessplants.com/inventory/equipment/detail/211761","LIVE",""
"https://ims.internationalprocessplants.com/inventory/equipment/detail/211762","LIVE",""
"https://ims.internationalprocessplants.com/inventory/equipment/detail/211763","LIVE",""
"https://ims.internationalprocessplants.com/inventory/equipment/detail/211764","LIVE",""
"https://ims.internationalprocessplants.com/inventory/equipment/detail/211774","LIVE",""
"https://ims.internationalprocessplants.com/inventory/equipment/detail/211775","LIVE",""
"https://ims.internationalprocessplants.com/inventory/equipment/detail/211776","LIVE",""
"https://ims.internationalprocessplants.com/inventory/equipment/detail/211777","LIVE",""
"https://ims.internationalprocessplants.com/inventory/equipment/detail/211900","LIVE",""
"https://ims.internationalprocessplants.com/inventory/equipment/detail/211901","LIVE",""
"https://ims.internationalprocessplants.com/inventory/equipment/detail/211902","LIVE",""
"https://ims.internationalprocessplants.com/inventory/equipment/detail/211903","LIVE",""
"https://ims.internationalprocessplants.com/inventory/equipment/detail/211904","LIVE",""
"https://ims.internationalprocessplants.com/inventory/equipment/detail/211905","LIVE",""
"https://ims.internationalprocessplants.com/inventory/equipment/detail/211906","LIVE",""
"https://ims.internationalprocessplants.com/inventory/equipment/detail/211935","LIVE",""
"https://ims.internationalprocessplants.com/inventory/equipment/detail/211936","LIVE",""
"https://ims.internationalprocessplants.com/inventory/equipment/detail/211939","LIVE",""
"https://ims.internationalprocessplants.com/inventory/equipment/detail/211940","LIVE",""
"https://ims.internationalprocessplants.com/inventory/equipment/detail/211941","LIVE",""
"https://ims.internationalprocessplants.com/inventory/equipment/detail/211954","LIVE",""
"https://ims.internationalprocessplants.com/inventory/equipment/detail/211955","LIVE",""
"https://ims.internationalprocessplants.com/inventory/equipment/detail/211956","LIVE",""
"https://ims.internationalprocessplants.com/inventory/equipment/detail/211957","LIVE",""
"https://ims.internationalprocessplants.com/inventory/equipment/detail/211958","LIVE",""
"https://ims.internationalprocessplants.com/inventory/equipment/detail/211959","LIVE",""
"https://ims.internationalprocessplants.com/inventory/equipment/detail/211960","LIVE",""
"https://ims.internationalprocessplants.com/inventory/equipment/detail/211961","LIVE",""
"https://ims.internationalprocessplants.com/inventory/equipment/detail/211962","LIVE",""
"https://ims.internationalprocessplants.com/inventory/equipment/detail/211963","LIVE",""
"https://ims.internationalprocessplants.com/inventory/equipment/detail/212164","LIVE",""
"https://ims.internationalprocessplants.com/inventory/equipment/detail/212172","LIVE",""
"https://ims.internationalprocessplants.com/inventory/equipment/detail/212445","LIVE",""
"https://ims.internationalprocessplants.com/inventory/equipment/detail/212446","LIVE",""
"https://ims.internationalprocessplants.com/inventory/equipment/detail/212455","LIVE",""
"https://ims.internationalprocessplants.com/inventory/equipment/detail/212457","LIVE",""
"https://ims.internationalprocessplants.com/inventory/equipment/detail/212458","LIVE",""
"https://ims.internationalprocessplants.com/inventory/equipment/detail/212467","LIVE",""
"https://ims.internationalprocessplants.com/inventory/equipment/detail/212473","LIVE",""
"https://ims.internationalprocessplants.com/inventory/equipment/detail/212486","LIVE",""
"https://ims.internationalprocessplants.com/inventory/equipment/detail/212517","LIVE",""
"https://ims.internationalprocessplants.com/inventory/equipment/detail/212751","LIVE",""
"https://ims.internationalprocessplants.com/inventory/equipment/detail/212753","LIVE",""
"https://ims.internationalprocessplants.com/inventory/equipment/detail/212787","LIVE",""
"https://ims.internationalprocessplants.com/inventory/equipment/detail/212788","LIVE",""
"https://ims.internationalprocessplants.com/inventory/equipment/detail/212796","LIVE",""
"https://ims.internationalprocessplants.com/inventory/equipment/detail/212801","LIVE",""
"https://ims.internationalprocessplants.com/inventory/equipment/detail/212804","LIVE",""
"https://ims.internationalprocessplants.com/inventory/equipment/detail/212805","LIVE",""
"https://ims.internationalprocessplants.com/inventory/equipment/detail/212845","LIVE",""
"https://ims.internationalprocessplants.com/inventory/equipment/detail/212875","LIVE",""
"https://ims.internationalprocessplants.com/inventory/equipment/detail/212902","LIVE",""
"https://ims.internationalprocessplants.com/inventory/equipment/detail/213108","LIVE",""
"https://ims.internationalprocessplants.com/inventory/equipment/detail/213113","LIVE",""
"https://ims.internationalprocessplants.com/inventory/equipment/detail/213119","LIVE",""
"https://ims.internationalprocessplants.com/inventory/equipment/detail/213122","LIVE",""
"https://ims.internationalprocessplants.com/inventory/equipment/detail/213154","LIVE",""
"https://ims.internationalprocessplants.com/inventory/equipment/detail/213175","LIVE",""
"https://ims.internationalprocessplants.com/inventory/equipment/detail/213180","LIVE",""
"https://ims.internationalprocessplants.com/inventory/equipment/detail/213198","LIVE",""
"https://ims.internationalprocessplants.com/inventory/equipment/detail/213214","LIVE",""
"https://ims.internationalprocessplants.com/inventory/equipment/detail/213222","LIVE",""
"https://ims.internationalprocessplants.com/inventory/equipment/detail/213227","LIVE",""
"https://ims.internationalprocessplants.com/inventory/equipment/detail/213277","LIVE",""
"https://ims.internationalprocessplants.com/inventory/equipment/detail/213295","LIVE",""
"https://ims.internationalprocessplants.com/inventory/equipment/detail/213303","LIVE",""
"https://ims.internationalprocessplants.com/inventory/equipment/detail/213304","LIVE",""
"https://ims.internationalprocessplants.com/inventory/equipment/detail/213324","LIVE",""
"https://ims.internationalprocessplants.com/inventory/equipment/detail/213344","LIVE",""
"https://ims.internationalprocessplants.com/inventory/equipment/detail/213345","LIVE",""
"https://ims.internationalprocessplants.com/inventory/equipment/detail/213351","LIVE",""
"https://ims.internationalprocessplants.com/inventory/equipment/detail/213360","LIVE",""
"https://ims.internationalprocessplants.com/inventory/equipment/detail/213361","LIVE",""
"https://ims.internationalprocessplants.com/inventory/equipment/detail/213363","LIVE",""
"https://ims.internationalprocessplants.com/inventory/equipment/detail/213366","LIVE",""
"https://ims.internationalprocessplants.com/inventory/equipment/detail/213367","LIVE",""
"https://ims.internationalprocessplants.com/inventory/equipment/detail/213369","LIVE",""
"https://ims.internationalprocessplants.com/inventory/equipment/detail/213377","LIVE",""
"https://ims.internationalprocessplants.com/inventory/equipment/detail/213378","LIVE",""
"https://ims.internationalprocessplants.com/inventory/equipment/detail/213390","LIVE",""
"https://ims.internationalprocessplants.com/inventory/equipment/detail/213393","LIVE",""
"https://ims.internationalprocessplants.com/inventory/equipment/detail/213473","LIVE",""
"https://ims.internationalprocessplants.com/inventory/equipment/detail/213627","LIVE",""
"https://ims.internationalprocessplants.com/inventory/equipment/detail/213628","LIVE",""
"https://ims.internationalprocessplants.com/inventory/equipment/detail/213630","LIVE",""
"https://ims.internationalprocessplants.com/inventory/equipment/detail/213693","LIVE",""
"https://ims.internationalprocessplants.com/inventory/equipment/detail/213701","LIVE",""
"https://ims.internationalprocessplants.com/inventory/equipment/detail/213907","LIVE",""
"https://ims.internationalprocessplants.com/inventory/equipment/detail/214012","LIVE",""
"https://ims.internationalprocessplants.com/inventory/equipment/detail/214016","LIVE",""
"https://ims.internationalprocessplants.com/inventory/equipment/detail/214020","LIVE",""
"https://ims.internationalprocessplants.com/inventory/equipment/detail/214033","LIVE",""
"https://ims.internationalprocessplants.com/inventory/equipment/detail/214082","LIVE",""
"https://ims.internationalprocessplants.com/inventory/equipment/detail/214083","LIVE",""
"https://ims.internationalprocessplants.com/inventory/equipment/detail/214133","LIVE",""
"https://ims.internationalprocessplants.com/inventory/equipment/detail/214148","LIVE",""
"https://ims.internationalprocessplants.com/inventory/equipment/detail/214154","LIVE",""
"https://ims.internationalprocessplants.com/inventory/equipment/detail/214155","LIVE",""
"https://ims.internationalprocessplants.com/inventory/equipment/detail/214173","LIVE",""
"https://ims.internationalprocessplants.com/inventory/equipment/detail/214195","LIVE",""
"https://ims.internationalprocessplants.com/inventory/equipment/detail/214196","LIVE",""
"https://ims.internationalprocessplants.com/inventory/equipment/detail/214214","LIVE",""
"https://ims.internationalprocessplants.com/inventory/equipment/detail/214780","LIVE",""
"https://ims.internationalprocessplants.com/inventory/equipment/detail/215015","LIVE",""
"https://ims.internationalprocessplants.com/inventory/equipment/detail/215152","LIVE",""
"https://ims.internationalprocessplants.com/inventory/equipment/detail/215183","LIVE",""
"https://ims.internationalprocessplants.com/inventory/equipment/detail/215186","LIVE",""
"https://ims.internationalprocessplants.com/inventory/equipment/detail/215213","LIVE",""
"https://ims.internationalprocessplants.com/inventory/equipment/detail/215220","LIVE",""
"https://ims.internationalprocessplants.com/inventory/equipment/detail/215259","LIVE",""
"https://ims.internationalprocessplants.com/inventory/equipment/detail/215316","LIVE",""
"https://ims.internationalprocessplants.com/inventory/equipment/detail/215344","LIVE",""
"https://ims.internationalprocessplants.com/inventory/equipment/detail/215346","LIVE",""
"https://ims.internationalprocessplants.com/inventory/equipment/detail/215366","LIVE",""
"https://ims.internationalprocessplants.com/inventory/equipment/detail/216014","LIVE",""
"https://ims.internationalprocessplants.com/inventory/equipment/detail/216019","LIVE",""
"https://ims.internationalprocessplants.com/inventory/equipment/detail/216022","LIVE",""
"https://ims.internationalprocessplants.com/inventory/equipment/detail/216083","LIVE",""
"https://ims.internationalprocessplants.com/inventory/equipment/detail/216084","LIVE",""
"https://ims.internationalprocessplants.com/inventory/equipment/detail/216086","LIVE",""
"https://ims.internationalprocessplants.com/inventory/equipment/detail/216116","LIVE",""
"https://ims.internationalprocessplants.com/inventory/equipment/detail/216124","LIVE",""
"https://ims.internationalprocessplants.com/inventory/equipment/detail/216173","LIVE",""
"https://ims.internationalprocessplants.com/inventory/equipment/detail/216178","LIVE",""
"https://ims.internationalprocessplants.com/inventory/equipment/detail/216201","LIVE",""
"https://ims.internationalprocessplants.com/inventory/equipment/detail/216352","LIVE",""
"https://ims.internationalprocessplants.com/inventory/equipment/detail/216353","LIVE",""
"https://ims.internationalprocessplants.com/inventory/equipment/detail/216354","LIVE",""
"https://ims.internationalprocessplants.com/inventory/equipment/detail/217502","LIVE",""
"https://ims.internationalprocessplants.com/inventory/equipment/detail/217503","LIVE",""
"https://ims.internationalprocessplants.com/inventory/equipment/detail/217505","LIVE",""
"https://ims.internationalprocessplants.com/inventory/equipment/detail/217515","LIVE",""
"https://ims.internationalprocessplants.com/inventory/equipment/detail/217516","LIVE",""
"https://ims.internationalprocessplants.com/inventory/equipment/detail/217517","LIVE",""
"https://ims.internationalprocessplants.com/inventory/equipment/detail/217518","LIVE",""
"https://ims.internationalprocessplants.com/inventory/equipment/detail/217519","LIVE",""
"https://ims.internationalprocessplants.com/inventory/equipment/detail/217520","LIVE",""
"https://ims.internationalprocessplants.com/inventory/equipment/detail/217521","LIVE",""
"https://ims.internationalprocessplants.com/inventory/equipment/detail/217565","LIVE",""
"https://ims.internationalprocessplants.com/inventory/equipment/detail/217596","LIVE",""
"https://ims.internationalprocessplants.com/inventory/equipment/detail/217639","LIVE",""
"https://ims.internationalprocessplants.com/inventory/equipment/detail/217641","LIVE",""
"https://ims.internationalprocessplants.com/inventory/equipment/detail/217813","LIVE",""
"https://ims.internationalprocessplants.com/inventory/equipment/detail/217827","LIVE",""
"https://ims.internationalprocessplants.com/inventory/equipment/detail/217832","LIVE",""
"https://ims.internationalprocessplants.com/inventory/equipment/detail/218167","LIVE",""
"https://ims.internationalprocessplants.com/inventory/equipment/detail/218169","LIVE",""
"https://ims.internationalprocessplants.com/inventory/equipment/detail/218224","LIVE",""
"https://ims.internationalprocessplants.com/inventory/equipment/detail/218245","LIVE",""
"https://ims.internationalprocessplants.com/inventory/equipment/detail/218290","LIVE",""
"https://ims.internationalprocessplants.com/inventory/equipment/detail/219059","LIVE",""
"https://ims.internationalprocessplants.com/inventory/equipment/detail/219071","LIVE",""
"https://ims.internationalprocessplants.com/inventory/equipment/detail/219072","LIVE",""
"https://ims.internationalprocessplants.com/inventory/equipment/detail/219073","LIVE",""
"https://ims.internationalprocessplants.com/inventory/equipment/detail/219074","LIVE",""
"https://ims.internationalprocessplants.com/inventory/equipment/detail/219075","LIVE",""
"https://ims.internationalprocessplants.com/inventory/equipment/detail/219086","LIVE",""
"https://ims.internationalprocessplants.com/inventory/equipment/detail/219089","LIVE",""
"https://ims.internationalprocessplants.com/inventory/equipment/detail/21913","LIVE",""
"https://ims.internationalprocessplants.com/inventory/equipment/detail/219223","LIVE",""
"https://ims.internationalprocessplants.com/inventory/equipment/detail/219227","LIVE",""
"https://ims.internationalprocessplants.com/inventory/equipment/detail/219587","LIVE",""
"https://ims.internationalprocessplants.com/inventory/equipment/detail/219822","LIVE",""
"https://ims.internationalprocessplants.com/inventory/equipment/detail/220147","LIVE",""
"https://ims.internationalprocessplants.com/inventory/equipment/detail/220348","LIVE",""
"https://ims.internationalprocessplants.com/inventory/equipment/detail/220349","LIVE",""
"https://ims.internationalprocessplants.com/inventory/equipment/detail/220401","LIVE",""
"https://ims.internationalprocessplants.com/inventory/equipment/detail/220463","LIVE",""
"https://ims.internationalprocessplants.com/inventory/equipment/detail/220513","LIVE",""
"https://ims.internationalprocessplants.com/inventory/equipment/detail/220559","LIVE",""
"https://ims.internationalprocessplants.com/inventory/equipment/detail/220570","LIVE",""
"https://ims.internationalprocessplants.com/inventory/equipment/detail/220573","LIVE",""
"https://ims.internationalprocessplants.com/inventory/equipment/detail/220576","LIVE",""
"https://ims.internationalprocessplants.com/inventory/equipment/detail/220579","LIVE",""
"https://ims.internationalprocessplants.com/inventory/equipment/detail/220582","LIVE",""
"https://ims.internationalprocessplants.com/inventory/equipment/detail/220768","LIVE",""
"https://ims.internationalprocessplants.com/inventory/equipment/detail/220770","LIVE",""
"https://ims.internationalprocessplants.com/inventory/equipment/detail/220772","LIVE",""
"https://ims.internationalprocessplants.com/inventory/equipment/detail/220773","LIVE",""
"https://ims.internationalprocessplants.com/inventory/equipment/detail/221004","LIVE",""
"https://ims.internationalprocessplants.com/inventory/equipment/detail/221005","LIVE",""
"https://ims.internationalprocessplants.com/inventory/equipment/detail/221019","LIVE",""
"https://ims.internationalprocessplants.com/inventory/equipment/detail/221020","LIVE",""
"https://ims.internationalprocessplants.com/inventory/equipment/detail/221025","LIVE",""
"https://ims.internationalprocessplants.com/inventory/equipment/detail/221026","LIVE",""
"https://ims.internationalprocessplants.com/inventory/equipment/detail/221027","LIVE",""
"https://ims.internationalprocessplants.com/inventory/equipment/detail/221032","LIVE",""
"https://ims.internationalprocessplants.com/inventory/equipment/detail/221195","LIVE",""
"https://ims.internationalprocessplants.com/inventory/equipment/detail/221386","LIVE",""
"https://ims.internationalprocessplants.com/inventory/equipment/detail/221594","LIVE",""
"https://ims.internationalprocessplants.com/inventory/equipment/detail/221595","LIVE",""
"https://ims.internationalprocessplants.com/inventory/equipment/detail/221599","LIVE",""
"https://ims.internationalprocessplants.com/inventory/equipment/detail/221601","LIVE",""
"https://ims.internationalprocessplants.com/inventory/equipment/detail/221606","LIVE",""
"https://ims.internationalprocessplants.com/inventory/equipment/detail/221610","LIVE",""
"https://ims.internationalprocessplants.com/inventory/equipment/detail/221614","LIVE",""
"https://ims.internationalprocessplants.com/inventory/equipment/detail/221616","LIVE",""
"https://ims.internationalprocessplants.com/inventory/equipment/detail/221622","LIVE",""
"https://ims.internationalprocessplants.com/inventory/equipment/detail/221623","LIVE",""
"https://ims.internationalprocessplants.com/inventory/equipment/detail/221639","LIVE",""
"https://ims.internationalprocessplants.com/inventory/equipment/detail/221641","LIVE",""
"https://ims.internationalprocessplants.com/inventory/equipment/detail/221642","LIVE",""
"https://ims.internationalprocessplants.com/inventory/equipment/detail/221647","LIVE",""
"https://ims.internationalprocessplants.com/inventory/equipment/detail/221684","LIVE",""
"https://ims.internationalprocessplants.com/inventory/equipment/detail/221750","LIVE",""
"https://ims.internationalprocessplants.com/inventory/equipment/detail/222045","LIVE",""
"https://ims.internationalprocessplants.com/inventory/equipment/detail/222046","LIVE",""
"https://ims.internationalprocessplants.com/inventory/equipment/detail/222075","LIVE",""
"https://ims.internationalprocessplants.com/inventory/equipment/detail/222341","LIVE",""
"https://ims.internationalprocessplants.com/inventory/equipment/detail/222345","LIVE",""
"https://ims.internationalprocessplants.com/inventory/equipment/detail/222346","LIVE",""
"https://ims.internationalprocessplants.com/inventory/equipment/detail/222347","LIVE",""
"https://ims.internationalprocessplants.com/inventory/equipment/detail/222349","LIVE",""
"https://ims.internationalprocessplants.com/inventory/equipment/detail/222350","LIVE",""
"https://ims.internationalprocessplants.com/inventory/equipment/detail/222351","LIVE",""
"https://ims.internationalprocessplants.com/inventory/equipment/detail/222408","LIVE",""
"https://ims.internationalprocessplants.com/inventory/equipment/detail/222593","LIVE",""
"https://ims.internationalprocessplants.com/inventory/equipment/detail/222616","LIVE",""
"https://ims.internationalprocessplants.com/inventory/equipment/detail/222627","LIVE",""
"https://ims.internationalprocessplants.com/inventory/equipment/detail/222940","LIVE",""
"https://ims.internationalprocessplants.com/inventory/equipment/detail/222941","LIVE",""
"https://ims.internationalprocessplants.com/inventory/equipment/detail/222942","LIVE",""
"https://ims.internationalprocessplants.com/inventory/equipment/detail/222947","LIVE",""
"https://ims.internationalprocessplants.com/inventory/equipment/detail/223116","LIVE",""
"https://ims.internationalprocessplants.com/inventory/equipment/detail/223117","LIVE",""
"https://ims.internationalprocessplants.com/inventory/equipment/detail/223187","LIVE",""
"https://ims.internationalprocessplants.com/inventory/equipment/detail/223203","LIVE",""
"https://ims.internationalprocessplants.com/inventory/equipment/detail/224084","LIVE",""
"https://ims.internationalprocessplants.com/inventory/equipment/detail/224542","LIVE",""
"https://ims.internationalprocessplants.com/inventory/equipment/detail/225324","LIVE",""
"https://ims.internationalprocessplants.com/inventory/equipment/detail/225339","LIVE",""
"https://ims.internationalprocessplants.com/inventory/equipment/detail/225347","LIVE",""
"https://ims.internationalprocessplants.com/inventory/equipment/detail/225375","LIVE",""
"https://ims.internationalprocessplants.com/inventory/equipment/detail/225376","LIVE",""
"https://ims.internationalprocessplants.com/inventory/equipment/detail/225405","LIVE",""
"https://ims.internationalprocessplants.com/inventory/equipment/detail/225406","LIVE",""
"https://ims.internationalprocessplants.com/inventory/equipment/detail/225407","LIVE",""
"https://ims.internationalprocessplants.com/inventory/equipment/detail/225669","LIVE",""
"https://ims.internationalprocessplants.com/inventory/equipment/detail/225670","LIVE",""
"https://ims.internationalprocessplants.com/inventory/equipment/detail/225671","LIVE",""
"https://ims.internationalprocessplants.com/inventory/equipment/detail/225672","LIVE",""
"https://ims.internationalprocessplants.com/inventory/equipment/detail/225673","LIVE",""
"https://ims.internationalprocessplants.com/inventory/equipment/detail/225674","LIVE",""
"https://ims.internationalprocessplants.com/inventory/equipment/detail/225675","LIVE",""
"https://ims.internationalprocessplants.com/inventory/equipment/detail/225676","LIVE",""
"https://ims.internationalprocessplants.com/inventory/equipment/detail/225699","LIVE",""
"https://ims.internationalprocessplants.com/inventory/equipment/detail/226203","LIVE",""
"https://ims.internationalprocessplants.com/inventory/equipment/detail/226204","LIVE",""
"https://ims.internationalprocessplants.com/inventory/equipment/detail/226205","LIVE",""
"https://ims.internationalprocessplants.com/inventory/equipment/detail/226207","LIVE",""
"https://ims.internationalprocessplants.com/inventory/equipment/detail/226208","LIVE",""
"https://ims.internationalprocessplants.com/inventory/equipment/detail/226210","LIVE",""
"https://ims.internationalprocessplants.com/inventory/equipment/detail/226211","LIVE",""
"https://ims.internationalprocessplants.com/inventory/equipment/detail/226212","LIVE",""
"https://ims.internationalprocessplants.com/inventory/equipment/detail/228075","LIVE",""
"https://ims.internationalprocessplants.com/inventory/equipment/detail/228103","LIVE",""
"https://ims.internationalprocessplants.com/inventory/equipment/detail/228106","LIVE",""
"https://ims.internationalprocessplants.com/inventory/equipment/detail/228147","LIVE",""
"https://ims.internationalprocessplants.com/inventory/equipment/detail/228149","LIVE",""
"https://ims.internationalprocessplants.com/inventory/equipment/detail/228301","LIVE",""
"https://ims.internationalprocessplants.com/inventory/equipment/detail/228313","LIVE",""
"https://ims.internationalprocessplants.com/inventory/equipment/detail/228316","LIVE",""
"https://ims.internationalprocessplants.com/inventory/equipment/detail/228323","LIVE",""
"https://ims.internationalprocessplants.com/inventory/equipment/detail/228324","LIVE",""
"https://ims.internationalprocessplants.com/inventory/equipment/detail/228325","LIVE",""
"https://ims.internationalprocessplants.com/inventory/equipment/detail/228326","LIVE",""
"https://ims.internationalprocessplants.com/inventory/equipment/detail/228327","LIVE",""
"https://ims.internationalprocessplants.com/inventory/equipment/detail/228328","LIVE",""
"https://ims.internationalprocessplants.com/inventory/equipment/detail/228347","LIVE",""
"https://ims.internationalprocessplants.com/inventory/equipment/detail/228348","LIVE",""
"https://ims.internationalprocessplants.com/inventory/equipment/detail/228349","LIVE",""
"https://ims.internationalprocessplants.com/inventory/equipment/detail/228350","LIVE",""
"https://ims.internationalprocessplants.com/inventory/equipment/detail/228351","LIVE",""
"https://ims.internationalprocessplants.com/inventory/equipment/detail/229001","LIVE",""
"https://ims.internationalprocessplants.com/inventory/equipment/detail/229002","LIVE",""
"https://ims.internationalprocessplants.com/inventory/equipment/detail/229008","LIVE",""
"https://ims.internationalprocessplants.com/inventory/equipment/detail/229023","LIVE",""
"https://ims.internationalprocessplants.com/inventory/equipment/detail/229051","LIVE",""
"https://ims.internationalprocessplants.com/inventory/equipment/detail/229052","LIVE",""
"https://ims.internationalprocessplants.com/inventory/equipment/detail/229054","LIVE",""
"https://ims.internationalprocessplants.com/inventory/equipment/detail/229055","LIVE",""
"https://ims.internationalprocessplants.com/inventory/equipment/detail/229057","LIVE",""
"https://ims.internationalprocessplants.com/inventory/equipment/detail/229058","LIVE",""
"https://ims.internationalprocessplants.com/inventory/equipment/detail/229059","LIVE",""
"https://ims.internationalprocessplants.com/inventory/equipment/detail/229060","LIVE",""
"https://ims.internationalprocessplants.com/inventory/equipment/detail/229062","LIVE",""
"https://ims.internationalprocessplants.com/inventory/equipment/detail/229069","LIVE",""
"https://ims.internationalprocessplants.com/inventory/equipment/detail/229072","LIVE",""
"https://ims.internationalprocessplants.com/inventory/equipment/detail/229073","LIVE",""
"https://ims.internationalprocessplants.com/inventory/equipment/detail/229085","LIVE",""
"https://ims.internationalprocessplants.com/inventory/equipment/detail/229086","LIVE",""
"https://ims.internationalprocessplants.com/inventory/equipment/detail/229088","LIVE",""
"https://ims.internationalprocessplants.com/inventory/equipment/detail/229089","LIVE",""
"https://ims.internationalprocessplants.com/inventory/equipment/detail/229090","LIVE",""
"https://ims.internationalprocessplants.com/inventory/equipment/detail/229091","LIVE",""
"https://ims.internationalprocessplants.com/inventory/equipment/detail/229092","LIVE",""
"https://ims.internationalprocessplants.com/inventory/equipment/detail/229094","LIVE",""
"https://ims.internationalprocessplants.com/inventory/equipment/detail/229095","LIVE",""
"https://ims.internationalprocessplants.com/inventory/equipment/detail/229097","LIVE",""
"https://ims.internationalprocessplants.com/inventory/equipment/detail/229098","LIVE",""
"https://ims.internationalprocessplants.com/inventory/equipment/detail/229101","LIVE",""
"https://ims.internationalprocessplants.com/inventory/equipment/detail/229105","LIVE",""
"https://ims.internationalprocessplants.com/inventory/equipment/detail/229106","LIVE",""
"https://ims.internationalprocessplants.com/inventory/equipment/detail/229107","LIVE",""
"https://ims.internationalprocessplants.com/inventory/equipment/detail/229110","LIVE",""
"https://ims.internationalprocessplants.com/inventory/equipment/detail/229366","LIVE",""
"https://ims.internationalprocessplants.com/inventory/equipment/detail/229367","LIVE",""
"https://ims.internationalprocessplants.com/inventory/equipment/detail/229368","LIVE",""
"https://ims.internationalprocessplants.com/inventory/equipment/detail/229369","LIVE",""
"https://ims.internationalprocessplants.com/inventory/equipment/detail/229409","LIVE",""
"https://ims.internationalprocessplants.com/inventory/equipment/detail/229410","LIVE",""
"https://ims.internationalprocessplants.com/inventory/equipment/detail/229411","LIVE",""
"https://ims.internationalprocessplants.com/inventory/equipment/detail/229412","LIVE",""
"https://ims.internationalprocessplants.com/inventory/equipment/detail/230171","LIVE",""
"https://ims.internationalprocessplants.com/inventory/equipment/detail/230172","LIVE",""
"https://ims.internationalprocessplants.com/inventory/equipment/detail/230186","LIVE",""
"https://ims.internationalprocessplants.com/inventory/equipment/detail/230369","LIVE",""
"https://ims.internationalprocessplants.com/inventory/equipment/detail/230377","LIVE",""
"https://ims.internationalprocessplants.com/inventory/equipment/detail/231103","LIVE",""
"https://ims.internationalprocessplants.com/inventory/equipment/detail/231110","LIVE",""
"https://ims.internationalprocessplants.com/inventory/equipment/detail/231111","LIVE",""
"https://ims.internationalprocessplants.com/inventory/equipment/detail/231198","LIVE",""
"https://ims.internationalprocessplants.com/inventory/equipment/detail/231253","LIVE",""
"https://ims.internationalprocessplants.com/inventory/equipment/detail/231254","LIVE",""
"https://ims.internationalprocessplants.com/inventory/equipment/detail/231255","LIVE",""
"https://ims.internationalprocessplants.com/inventory/equipment/detail/231257","LIVE",""
"https://ims.internationalprocessplants.com/inventory/equipment/detail/232003","LIVE",""
"https://ims.internationalprocessplants.com/inventory/equipment/detail/232016","LIVE",""
"https://ims.internationalprocessplants.com/inventory/equipment/detail/232018","LIVE",""
"https://ims.internationalprocessplants.com/inventory/equipment/detail/232023","LIVE",""
"https://ims.internationalprocessplants.com/inventory/equipment/detail/232062","LIVE",""
"https://ims.internationalprocessplants.com/inventory/equipment/detail/232067","LIVE",""
"https://ims.internationalprocessplants.com/inventory/equipment/detail/232085","LIVE",""
"https://ims.internationalprocessplants.com/inventory/equipment/detail/232086","LIVE",""
"https://ims.internationalprocessplants.com/inventory/equipment/detail/232087","LIVE",""
"https://ims.internationalprocessplants.com/inventory/equipment/detail/232088","LIVE",""
"https://ims.internationalprocessplants.com/inventory/equipment/detail/232092","LIVE",""
"https://ims.internationalprocessplants.com/inventory/equipment/detail/232093","LIVE",""
"https://ims.internationalprocessplants.com/inventory/equipment/detail/232094","LIVE",""
"https://ims.internationalprocessplants.com/inventory/equipment/detail/232095","LIVE",""
"https://ims.internationalprocessplants.com/inventory/equipment/detail/232096","LIVE",""
"https://ims.internationalprocessplants.com/inventory/equipment/detail/232097","LIVE",""
"https://ims.internationalprocessplants.com/inventory/equipment/detail/232098","LIVE",""
"https://ims.internationalprocessplants.com/inventory/equipment/detail/232099","LIVE",""
"https://ims.internationalprocessplants.com/inventory/equipment/detail/232100","LIVE",""
"https://ims.internationalprocessplants.com/inventory/equipment/detail/232101","LIVE",""
"https://ims.internationalprocessplants.com/inventory/equipment/detail/232109","LIVE",""
"https://ims.internationalprocessplants.com/inventory/equipment/detail/232110","LIVE",""
"https://ims.internationalprocessplants.com/inventory/equipment/detail/232111","LIVE",""
"https://ims.internationalprocessplants.com/inventory/equipment/detail/232112","LIVE",""
"https://ims.internationalprocessplants.com/inventory/equipment/detail/232113","LIVE",""
"https://ims.internationalprocessplants.com/inventory/equipment/detail/232114","LIVE",""
"https://ims.internationalprocessplants.com/inventory/equipment/detail/232117","LIVE",""
"https://ims.internationalprocessplants.com/inventory/equipment/detail/232136","LIVE",""
"https://ims.internationalprocessplants.com/inventory/equipment/detail/232147","LIVE",""
"https://ims.internationalprocessplants.com/inventory/equipment/detail/232152","LIVE",""
"https://ims.internationalprocessplants.com/inventory/equipment/detail/232161","LIVE",""
"https://ims.internationalprocessplants.com/inventory/equipment/detail/232169","LIVE",""
"https://ims.internationalprocessplants.com/inventory/equipment/detail/232204","LIVE",""
"https://ims.internationalprocessplants.com/inventory/equipment/detail/232509","LIVE",""
"https://ims.internationalprocessplants.com/inventory/equipment/detail/232532","LIVE",""
"https://ims.internationalprocessplants.com/inventory/equipment/detail/232534","LIVE",""
"https://ims.internationalprocessplants.com/inventory/equipment/detail/232535","LIVE",""
"https://ims.internationalprocessplants.com/inventory/equipment/detail/232716","LIVE",""
"https://ims.internationalprocessplants.com/inventory/equipment/detail/232792","LIVE",""
"https://ims.internationalprocessplants.com/inventory/equipment/detail/233044","LIVE",""
"https://ims.internationalprocessplants.com/inventory/equipment/detail/233066","LIVE",""
"https://ims.internationalprocessplants.com/inventory/equipment/detail/233135","LIVE",""
"https://ims.internationalprocessplants.com/inventory/equipment/detail/233137","LIVE",""
"https://ims.internationalprocessplants.com/inventory/equipment/detail/233157","LIVE",""
"https://ims.internationalprocessplants.com/inventory/equipment/detail/233177","LIVE",""
"https://ims.internationalprocessplants.com/inventory/equipment/detail/233179","LIVE",""
"https://ims.internationalprocessplants.com/inventory/equipment/detail/233181","LIVE",""
"https://ims.internationalprocessplants.com/inventory/equipment/detail/233187","LIVE",""
"https://ims.internationalprocessplants.com/inventory/equipment/detail/233205","LIVE",""
"https://ims.internationalprocessplants.com/inventory/equipment/detail/233207","LIVE",""
"https://ims.internationalprocessplants.com/inventory/equipment/detail/233210","LIVE",""
"https://ims.internationalprocessplants.com/inventory/equipment/detail/233223","LIVE",""
"https://ims.internationalprocessplants.com/inventory/equipment/detail/233237","LIVE",""
"https://ims.internationalprocessplants.com/inventory/equipment/detail/233238","LIVE",""
"https://ims.internationalprocessplants.com/inventory/equipment/detail/233239","LIVE",""
"https://ims.internationalprocessplants.com/inventory/equipment/detail/233251","LIVE",""
"https://ims.internationalprocessplants.com/inventory/equipment/detail/233252","LIVE",""
"https://ims.internationalprocessplants.com/inventory/equipment/detail/233254","LIVE",""
"https://ims.internationalprocessplants.com/inventory/equipment/detail/233340","LIVE",""
"https://ims.internationalprocessplants.com/inventory/equipment/detail/233341","LIVE",""
"https://ims.internationalprocessplants.com/inventory/equipment/detail/233345","LIVE",""
"https://ims.internationalprocessplants.com/inventory/equipment/detail/233346","LIVE",""
"https://ims.internationalprocessplants.com/inventory/equipment/detail/233351","LIVE",""
"https://ims.internationalprocessplants.com/inventory/equipment/detail/233352","LIVE",""
"https://ims.internationalprocessplants.com/inventory/equipment/detail/233356","LIVE",""
"https://ims.internationalprocessplants.com/inventory/equipment/detail/233357","LIVE",""
"https://ims.internationalprocessplants.com/inventory/equipment/detail/233361","LIVE",""
"https://ims.internationalprocessplants.com/inventory/equipment/detail/233365","LIVE",""
"https://ims.internationalprocessplants.com/inventory/equipment/detail/233385","LIVE",""
"https://ims.internationalprocessplants.com/inventory/equipment/detail/233393","LIVE",""
"https://ims.internationalprocessplants.com/inventory/equipment/detail/233394","LIVE",""
"https://ims.internationalprocessplants.com/inventory/equipment/detail/233395","LIVE",""
"https://ims.internationalprocessplants.com/inventory/equipment/detail/233405","LIVE",""
"https://ims.internationalprocessplants.com/inventory/equipment/detail/233489","LIVE",""
"https://ims.internationalprocessplants.com/inventory/equipment/detail/233490","LIVE",""
"https://ims.internationalprocessplants.com/inventory/equipment/detail/233663","LIVE",""
"https://ims.internationalprocessplants.com/inventory/equipment/detail/233664","LIVE",""
"https://ims.internationalprocessplants.com/inventory/equipment/detail/233665","LIVE",""
"https://ims.internationalprocessplants.com/inventory/equipment/detail/233745","LIVE",""
"https://ims.internationalprocessplants.com/inventory/equipment/detail/233746","LIVE",""
"https://ims.internationalprocessplants.com/inventory/equipment/detail/233747","LIVE",""
"https://ims.internationalprocessplants.com/inventory/equipment/detail/233749","LIVE",""
"https://ims.internationalprocessplants.com/inventory/equipment/detail/233762","LIVE",""
"https://ims.internationalprocessplants.com/inventory/equipment/detail/233763","LIVE",""
"https://ims.internationalprocessplants.com/inventory/equipment/detail/233774","LIVE",""
"https://ims.internationalprocessplants.com/inventory/equipment/detail/233819","LIVE",""
"https://ims.internationalprocessplants.com/inventory/equipment/detail/233854","LIVE",""
"https://ims.internationalprocessplants.com/inventory/equipment/detail/233855","LIVE",""
"https://ims.internationalprocessplants.com/inventory/equipment/detail/233941","LIVE",""
"https://ims.internationalprocessplants.com/inventory/equipment/detail/233944","LIVE",""
"https://ims.internationalprocessplants.com/inventory/equipment/detail/234137","LIVE",""
"https://ims.internationalprocessplants.com/inventory/equipment/detail/234138","LIVE",""
"https://ims.internationalprocessplants.com/inventory/equipment/detail/234139","LIVE",""
"https://ims.internationalprocessplants.com/inventory/equipment/detail/234159","LIVE",""
"https://ims.internationalprocessplants.com/inventory/equipment/detail/234176","LIVE",""
"https://ims.internationalprocessplants.com/inventory/equipment/detail/234177","LIVE",""
"https://ims.internationalprocessplants.com/inventory/equipment/detail/234230","LIVE",""
"https://ims.internationalprocessplants.com/inventory/equipment/detail/234265","LIVE",""
"https://ims.internationalprocessplants.com/inventory/equipment/detail/234266","LIVE",""
"https://ims.internationalprocessplants.com/inventory/equipment/detail/234830","LIVE",""
"https://ims.internationalprocessplants.com/inventory/equipment/detail/234831","LIVE",""
"https://ims.internationalprocessplants.com/inventory/equipment/detail/234832","LIVE",""
"https://ims.internationalprocessplants.com/inventory/equipment/detail/234833","LIVE",""
"https://ims.internationalprocessplants.com/inventory/equipment/detail/234835","LIVE",""
"https://ims.internationalprocessplants.com/inventory/equipment/detail/234836","LIVE",""
"https://ims.internationalprocessplants.com/inventory/equipment/detail/234837","LIVE",""
"https://ims.internationalprocessplants.com/inventory/equipment/detail/234838","LIVE",""
"https://ims.internationalprocessplants.com/inventory/equipment/detail/234839","LIVE",""
"https://ims.internationalprocessplants.com/inventory/equipment/detail/234840","LIVE",""
"https://ims.internationalprocessplants.com/inventory/equipment/detail/234841","LIVE",""
"https://ims.internationalprocessplants.com/inventory/equipment/detail/234842","LIVE",""
"https://ims.internationalprocessplants.com/inventory/equipment/detail/234853","LIVE",""
"https://ims.internationalprocessplants.com/inventory/equipment/detail/234857","LIVE",""
"https://ims.internationalprocessplants.com/inventory/equipment/detail/234858","LIVE",""
"https://ims.internationalprocessplants.com/inventory/equipment/detail/234859","LIVE",""
"https://ims.internationalprocessplants.com/inventory/equipment/detail/234860","LIVE",""
"https://ims.internationalprocessplants.com/inventory/equipment/detail/234861","LIVE",""
"https://ims.internationalprocessplants.com/inventory/equipment/detail/234862","LIVE",""
"https://ims.internationalprocessplants.com/inventory/equipment/detail/234863","LIVE",""
"https://ims.internationalprocessplants.com/inventory/equipment/detail/234864","LIVE",""
"https://ims.internationalprocessplants.com/inventory/equipment/detail/234865","LIVE",""
"https://ims.internationalprocessplants.com/inventory/equipment/detail/234866","LIVE",""
"https://ims.internationalprocessplants.com/inventory/equipment/detail/234868","LIVE",""
"https://ims.internationalprocessplants.com/inventory/equipment/detail/234869","LIVE",""
"https://ims.internationalprocessplants.com/inventory/equipment/detail/234870","LIVE",""
"https://ims.internationalprocessplants.com/inventory/equipment/detail/234871","LIVE",""
"https://ims.internationalprocessplants.com/inventory/equipment/detail/234872","LIVE",""
"https://ims.internationalprocessplants.com/inventory/equipment/detail/234876","LIVE",""
"https://ims.internationalprocessplants.com/inventory/equipment/detail/234880","LIVE",""
"https://ims.internationalprocessplants.com/inventory/equipment/detail/234881","LIVE",""
"https://ims.internationalprocessplants.com/inventory/equipment/detail/234882","LIVE",""
"https://ims.internationalprocessplants.com/inventory/equipment/detail/234883","LIVE",""
"https://ims.internationalprocessplants.com/inventory/equipment/detail/234884","LIVE",""
"https://ims.internationalprocessplants.com/inventory/equipment/detail/234885","LIVE",""
"https://ims.internationalprocessplants.com/inventory/equipment/detail/234894","LIVE",""
"https://ims.internationalprocessplants.com/inventory/equipment/detail/234896","LIVE",""
"https://ims.internationalprocessplants.com/inventory/equipment/detail/234897","LIVE",""
"https://ims.internationalprocessplants.com/inventory/equipment/detail/234898","LIVE",""
"https://ims.internationalprocessplants.com/inventory/equipment/detail/234899","LIVE",""
"https://ims.internationalprocessplants.com/inventory/equipment/detail/234900","LIVE",""
"https://ims.internationalprocessplants.com/inventory/equipment/detail/234901","LIVE",""
"https://ims.internationalprocessplants.com/inventory/equipment/detail/234902","LIVE",""
"https://ims.internationalprocessplants.com/inventory/equipment/detail/234903","LIVE",""
"https://ims.internationalprocessplants.com/inventory/equipment/detail/234904","LIVE",""
"https://ims.internationalprocessplants.com/inventory/equipment/detail/234905","LIVE",""
"https://ims.internationalprocessplants.com/inventory/equipment/detail/234906","LIVE",""
"https://ims.internationalprocessplants.com/inventory/equipment/detail/234907","LIVE",""
"https://ims.internationalprocessplants.com/inventory/equipment/detail/234908","LIVE",""
"https://ims.internationalprocessplants.com/inventory/equipment/detail/234909","LIVE",""
"https://ims.internationalprocessplants.com/inventory/equipment/detail/234910","LIVE",""
"https://ims.internationalprocessplants.com/inventory/equipment/detail/234911","LIVE",""
"https://ims.internationalprocessplants.com/inventory/equipment/detail/234912","LIVE",""
"https://ims.internationalprocessplants.com/inventory/equipment/detail/234913","LIVE",""
"https://ims.internationalprocessplants.com/inventory/equipment/detail/234914","LIVE",""
"https://ims.internationalprocessplants.com/inventory/equipment/detail/234915","LIVE",""
"https://ims.internationalprocessplants.com/inventory/equipment/detail/234916","LIVE",""
"https://ims.internationalprocessplants.com/inventory/equipment/detail/234917","LIVE",""
"https://ims.internationalprocessplants.com/inventory/equipment/detail/234918","LIVE",""
"https://ims.internationalprocessplants.com/inventory/equipment/detail/234919","LIVE",""
"https://ims.internationalprocessplants.com/inventory/equipment/detail/234920","LIVE",""
"https://ims.internationalprocessplants.com/inventory/equipment/detail/234921","LIVE",""
"https://ims.internationalprocessplants.com/inventory/equipment/detail/234922","LIVE",""
"https://ims.internationalprocessplants.com/inventory/equipment/detail/234923","LIVE",""
"https://ims.internationalprocessplants.com/inventory/equipment/detail/234924","LIVE",""
"https://ims.internationalprocessplants.com/inventory/equipment/detail/234925","LIVE",""
"https://ims.internationalprocessplants.com/inventory/equipment/detail/234926","LIVE",""
"https://ims.internationalprocessplants.com/inventory/equipment/detail/234938","LIVE",""
"https://ims.internationalprocessplants.com/inventory/equipment/detail/234941","LIVE",""
"https://ims.internationalprocessplants.com/inventory/equipment/detail/234947","LIVE",""
"https://ims.internationalprocessplants.com/inventory/equipment/detail/234982","LIVE",""
"https://ims.internationalprocessplants.com/inventory/equipment/detail/234992","LIVE",""
"https://ims.internationalprocessplants.com/inventory/equipment/detail/234995","LIVE",""
"https://ims.internationalprocessplants.com/inventory/equipment/detail/235447","LIVE",""
"https://ims.internationalprocessplants.com/inventory/equipment/detail/235454","LIVE",""
"https://ims.internationalprocessplants.com/inventory/equipment/detail/235455","LIVE",""
"https://ims.internationalprocessplants.com/inventory/equipment/detail/235960","LIVE",""
"https://ims.internationalprocessplants.com/inventory/equipment/detail/235961","LIVE",""
"https://ims.internationalprocessplants.com/inventory/equipment/detail/236018","LIVE",""
"https://ims.internationalprocessplants.com/inventory/equipment/detail/236019","LIVE",""
"https://ims.internationalprocessplants.com/inventory/equipment/detail/236020","LIVE",""
"https://ims.internationalprocessplants.com/inventory/equipment/detail/236021","LIVE",""
"https://ims.internationalprocessplants.com/inventory/equipment/detail/236027","LIVE",""
"https://ims.internationalprocessplants.com/inventory/equipment/detail/236029","LIVE",""
"https://ims.internationalprocessplants.com/inventory/equipment/detail/236031","LIVE",""
"https://ims.internationalprocessplants.com/inventory/equipment/detail/236032","LIVE",""
"https://ims.internationalprocessplants.com/inventory/equipment/detail/236034","LIVE",""
"https://ims.internationalprocessplants.com/inventory/equipment/detail/236035","LIVE",""
"https://ims.internationalprocessplants.com/inventory/equipment/detail/236036","LIVE",""
"https://ims.internationalprocessplants.com/inventory/equipment/detail/236037","LIVE",""
"https://ims.internationalprocessplants.com/inventory/equipment/detail/236038","LIVE",""
"https://ims.internationalprocessplants.com/inventory/equipment/detail/236039","LIVE",""
"https://ims.internationalprocessplants.com/inventory/equipment/detail/236042","LIVE",""
"https://ims.internationalprocessplants.com/inventory/equipment/detail/236043","LIVE",""
"https://ims.internationalprocessplants.com/inventory/equipment/detail/236044","LIVE",""
"https://ims.internationalprocessplants.com/inventory/equipment/detail/236045","LIVE",""
"https://ims.internationalprocessplants.com/inventory/equipment/detail/236046","LIVE",""
"https://ims.internationalprocessplants.com/inventory/equipment/detail/236047","LIVE",""
"https://ims.internationalprocessplants.com/inventory/equipment/detail/236049","LIVE",""
"https://ims.internationalprocessplants.com/inventory/equipment/detail/236050","LIVE",""
"https://ims.internationalprocessplants.com/inventory/equipment/detail/236051","LIVE",""
"https://ims.internationalprocessplants.com/inventory/equipment/detail/236052","LIVE",""
"https://ims.internationalprocessplants.com/inventory/equipment/detail/236119","LIVE",""
"https://ims.internationalprocessplants.com/inventory/equipment/detail/236120","LIVE",""
"https://ims.internationalprocessplants.com/inventory/equipment/detail/236124","LIVE",""
"https://ims.internationalprocessplants.com/inventory/equipment/detail/236125","LIVE",""
"https://ims.internationalprocessplants.com/inventory/equipment/detail/236126","LIVE",""
"https://ims.internationalprocessplants.com/inventory/equipment/detail/236129","LIVE",""
"https://ims.internationalprocessplants.com/inventory/equipment/detail/236172","LIVE",""
"https://ims.internationalprocessplants.com/inventory/equipment/detail/236175","LIVE",""
"https://ims.internationalprocessplants.com/inventory/equipment/detail/237042","LIVE",""
"https://ims.internationalprocessplants.com/inventory/equipment/detail/237048","LIVE",""
"https://ims.internationalprocessplants.com/inventory/equipment/detail/237054","LIVE",""
"https://ims.internationalprocessplants.com/inventory/equipment/detail/237060","LIVE",""
"https://ims.internationalprocessplants.com/inventory/equipment/detail/238317","LIVE",""
"https://ims.internationalprocessplants.com/inventory/equipment/detail/238359","LIVE",""
"https://ims.internationalprocessplants.com/inventory/equipment/detail/23886","LIVE",""
"https://ims.internationalprocessplants.com/inventory/equipment/detail/239315","LIVE",""
"https://ims.internationalprocessplants.com/inventory/equipment/detail/239317","LIVE",""
"https://ims.internationalprocessplants.com/inventory/equipment/detail/239319","LIVE",""
"https://ims.internationalprocessplants.com/inventory/equipment/detail/239320","LIVE",""
"https://ims.internationalprocessplants.com/inventory/equipment/detail/239321","LIVE",""
"https://ims.internationalprocessplants.com/inventory/equipment/detail/239322","LIVE",""
"https://ims.internationalprocessplants.com/inventory/equipment/detail/239394","LIVE",""
"https://ims.internationalprocessplants.com/inventory/equipment/detail/240107","LIVE",""
"https://ims.internationalprocessplants.com/inventory/equipment/detail/240121","LIVE",""
"https://ims.internationalprocessplants.com/inventory/equipment/detail/240693","LIVE",""
"https://ims.internationalprocessplants.com/inventory/equipment/detail/240695","LIVE",""
"https://ims.internationalprocessplants.com/inventory/equipment/detail/241042","LIVE",""
"https://ims.internationalprocessplants.com/inventory/equipment/detail/241081","LIVE",""
"https://ims.internationalprocessplants.com/inventory/equipment/detail/241136","LIVE",""
"https://ims.internationalprocessplants.com/inventory/equipment/detail/243471","LIVE",""
"https://ims.internationalprocessplants.com/inventory/equipment/detail/245515","LIVE",""
"https://ims.internationalprocessplants.com/inventory/equipment/detail/245543","LIVE",""
"https://ims.internationalprocessplants.com/inventory/equipment/detail/245544","LIVE",""
"https://ims.internationalprocessplants.com/inventory/equipment/detail/245564","LIVE",""
"https://ims.internationalprocessplants.com/inventory/equipment/detail/245650","LIVE",""
"https://ims.internationalprocessplants.com/inventory/equipment/detail/245795","LIVE",""
"https://ims.internationalprocessplants.com/inventory/equipment/detail/245796","LIVE",""
"https://ims.internationalprocessplants.com/inventory/equipment/detail/245800","LIVE",""
"https://ims.internationalprocessplants.com/inventory/equipment/detail/245841","LIVE",""
"https://ims.internationalprocessplants.com/inventory/equipment/detail/245842","LIVE",""
"https://ims.internationalprocessplants.com/inventory/equipment/detail/245843","LIVE",""
"https://ims.internationalprocessplants.com/inventory/equipment/detail/245844","LIVE",""
"https://ims.internationalprocessplants.com/inventory/equipment/detail/245845","LIVE",""
"https://ims.internationalprocessplants.com/inventory/equipment/detail/245846","LIVE",""
"https://ims.internationalprocessplants.com/inventory/equipment/detail/245847","LIVE",""
"https://ims.internationalprocessplants.com/inventory/equipment/detail/245848","LIVE",""
"https://ims.internationalprocessplants.com/inventory/equipment/detail/245849","LIVE",""
"https://ims.internationalprocessplants.com/inventory/equipment/detail/245850","LIVE",""
"https://ims.internationalprocessplants.com/inventory/equipment/detail/245851","LIVE",""
"https://ims.internationalprocessplants.com/inventory/equipment/detail/245852","LIVE",""
"https://ims.internationalprocessplants.com/inventory/equipment/detail/245853","LIVE",""
"https://ims.internationalprocessplants.com/inventory/equipment/detail/245854","LIVE",""
"https://ims.internationalprocessplants.com/inventory/equipment/detail/245855","LIVE",""
"https://ims.internationalprocessplants.com/inventory/equipment/detail/245856","LIVE",""
"https://ims.internationalprocessplants.com/inventory/equipment/detail/245857","LIVE",""
"https://ims.internationalprocessplants.com/inventory/equipment/detail/245858","LIVE",""
"https://ims.internationalprocessplants.com/inventory/equipment/detail/245859","LIVE",""
"https://ims.internationalprocessplants.com/inventory/equipment/detail/245860","LIVE",""
"https://ims.internationalprocessplants.com/inventory/equipment/detail/245861","LIVE",""
"https://ims.internationalprocessplants.com/inventory/equipment/detail/245862","LIVE",""
"https://ims.internationalprocessplants.com/inventory/equipment/detail/245863","LIVE",""
"https://ims.internationalprocessplants.com/inventory/equipment/detail/245864","LIVE",""
"https://ims.internationalprocessplants.com/inventory/equipment/detail/245865","LIVE",""
"https://ims.internationalprocessplants.com/inventory/equipment/detail/245866","LIVE",""
"https://ims.internationalprocessplants.com/inventory/equipment/detail/245867","LIVE",""
"https://ims.internationalprocessplants.com/inventory/equipment/detail/245868","LIVE",""
"https://ims.internationalprocessplants.com/inventory/equipment/detail/245869","LIVE",""
"https://ims.internationalprocessplants.com/inventory/equipment/detail/245870","LIVE",""
"https://ims.internationalprocessplants.com/inventory/equipment/detail/245871","LIVE",""
"https://ims.internationalprocessplants.com/inventory/equipment/detail/245872","LIVE",""
"https://ims.internationalprocessplants.com/inventory/equipment/detail/245873","LIVE",""
"https://ims.internationalprocessplants.com/inventory/equipment/detail/245874","LIVE",""
"https://ims.internationalprocessplants.com/inventory/equipment/detail/245875","LIVE",""
"https://ims.internationalprocessplants.com/inventory/equipment/detail/245876","LIVE",""
"https://ims.internationalprocessplants.com/inventory/equipment/detail/245877","LIVE",""
"https://ims.internationalprocessplants.com/inventory/equipment/detail/245878","LIVE",""
"https://ims.internationalprocessplants.com/inventory/equipment/detail/245879","LIVE",""
"https://ims.internationalprocessplants.com/inventory/equipment/detail/245880","LIVE",""
"https://ims.internationalprocessplants.com/inventory/equipment/detail/245881","LIVE",""
"https://ims.internationalprocessplants.com/inventory/equipment/detail/245882","LIVE",""
"https://ims.internationalprocessplants.com/inventory/equipment/detail/245883","LIVE",""
"https://ims.internationalprocessplants.com/inventory/equipment/detail/245884","LIVE",""
"https://ims.internationalprocessplants.com/inventory/equipment/detail/245885","LIVE",""
"https://ims.internationalprocessplants.com/inventory/equipment/detail/245886","LIVE",""
"https://ims.internationalprocessplants.com/inventory/equipment/detail/245887","LIVE",""
"https://ims.internationalprocessplants.com/inventory/equipment/detail/245888","LIVE",""
"https://ims.internationalprocessplants.com/inventory/equipment/detail/245889","LIVE",""
"https://ims.internationalprocessplants.com/inventory/equipment/detail/245890","LIVE",""
"https://ims.internationalprocessplants.com/inventory/equipment/detail/245891","LIVE",""
"https://ims.internationalprocessplants.com/inventory/equipment/detail/245892","LIVE",""
"https://ims.internationalprocessplants.com/inventory/equipment/detail/245893","LIVE",""
"https://ims.internationalprocessplants.com/inventory/equipment/detail/245894","LIVE",""
"https://ims.internationalprocessplants.com/inventory/equipment/detail/245895","LIVE",""
"https://ims.internationalprocessplants.com/inventory/equipment/detail/245896","LIVE",""
"https://ims.internationalprocessplants.com/inventory/equipment/detail/245897","LIVE",""
"https://ims.internationalprocessplants.com/inventory/equipment/detail/245898","LIVE",""
"https://ims.internationalprocessplants.com/inventory/equipment/detail/245899","LIVE",""
"https://ims.internationalprocessplants.com/inventory/equipment/detail/245900","LIVE",""
"https://ims.internationalprocessplants.com/inventory/equipment/detail/245901","LIVE",""
"https://ims.internationalprocessplants.com/inventory/equipment/detail/245902","LIVE",""
"https://ims.internationalprocessplants.com/inventory/equipment/detail/245903","LIVE",""
"https://ims.internationalprocessplants.com/inventory/equipment/detail/245904","LIVE",""
"https://ims.internationalprocessplants.com/inventory/equipment/detail/245905","LIVE",""
"https://ims.internationalprocessplants.com/inventory/equipment/detail/245906","LIVE",""
"https://ims.internationalprocessplants.com/inventory/equipment/detail/245907","LIVE",""
"https://ims.internationalprocessplants.com/inventory/equipment/detail/245908","LIVE",""
"https://ims.internationalprocessplants.com/inventory/equipment/detail/245909","LIVE",""
"https://ims.internationalprocessplants.com/inventory/equipment/detail/245910","LIVE",""
"https://ims.internationalprocessplants.com/inventory/equipment/detail/245911","LIVE",""
"https://ims.internationalprocessplants.com/inventory/equipment/detail/245912","LIVE",""
"https://ims.internationalprocessplants.com/inventory/equipment/detail/245913","LIVE",""
"https://ims.internationalprocessplants.com/inventory/equipment/detail/245914","LIVE",""
"https://ims.internationalprocessplants.com/inventory/equipment/detail/245915","LIVE",""
"https://ims.internationalprocessplants.com/inventory/equipment/detail/245916","LIVE",""
"https://ims.internationalprocessplants.com/inventory/equipment/detail/245917","LIVE",""
"https://ims.internationalprocessplants.com/inventory/equipment/detail/245918","LIVE",""
"https://ims.internationalprocessplants.com/inventory/equipment/detail/245919","LIVE",""
"https://ims.internationalprocessplants.com/inventory/equipment/detail/245920","LIVE",""
"https://ims.internationalprocessplants.com/inventory/equipment/detail/245921","LIVE",""
"https://ims.internationalprocessplants.com/inventory/equipment/detail/245922","LIVE",""
"https://ims.internationalprocessplants.com/inventory/equipment/detail/245923","LIVE",""
"https://ims.internationalprocessplants.com/inventory/equipment/detail/245924","LIVE",""
"https://ims.internationalprocessplants.com/inventory/equipment/detail/245925","LIVE",""
"https://ims.internationalprocessplants.com/inventory/equipment/detail/245926","LIVE",""
"https://ims.internationalprocessplants.com/inventory/equipment/detail/245927","LIVE",""
"https://ims.internationalprocessplants.com/inventory/equipment/detail/245928","LIVE",""
"https://ims.internationalprocessplants.com/inventory/equipment/detail/245929","LIVE",""
"https://ims.internationalprocessplants.com/inventory/equipment/detail/245930","LIVE",""
"https://ims.internationalprocessplants.com/inventory/equipment/detail/245931","LIVE",""
"https://ims.internationalprocessplants.com/inventory/equipment/detail/245932","LIVE",""
"https://ims.internationalprocessplants.com/inventory/equipment/detail/245933","LIVE",""
"https://ims.internationalprocessplants.com/inventory/equipment/detail/245934","LIVE",""
"https://ims.internationalprocessplants.com/inventory/equipment/detail/245935","LIVE",""
"https://ims.internationalprocessplants.com/inventory/equipment/detail/245936","LIVE",""
"https://ims.internationalprocessplants.com/inventory/equipment/detail/245937","LIVE",""
"https://ims.internationalprocessplants.com/inventory/equipment/detail/245938","LIVE",""
"https://ims.internationalprocessplants.com/inventory/equipment/detail/245939","LIVE",""
"https://ims.internationalprocessplants.com/inventory/equipment/detail/245940","LIVE",""
"https://ims.internationalprocessplants.com/inventory/equipment/detail/245941","LIVE",""
"https://ims.internationalprocessplants.com/inventory/equipment/detail/245942","LIVE",""
"https://ims.internationalprocessplants.com/inventory/equipment/detail/245943","LIVE",""
"https://ims.internationalprocessplants.com/inventory/equipment/detail/245963","LIVE",""
"https://ims.internationalprocessplants.com/inventory/equipment/detail/245964","LIVE",""
"https://ims.internationalprocessplants.com/inventory/equipment/detail/245965","LIVE",""
"https://ims.internationalprocessplants.com/inventory/equipment/detail/245966","LIVE",""
"https://ims.internationalprocessplants.com/inventory/equipment/detail/245967","LIVE",""
"https://ims.internationalprocessplants.com/inventory/equipment/detail/245968","LIVE",""
"https://ims.internationalprocessplants.com/inventory/equipment/detail/245969","LIVE",""
"https://ims.internationalprocessplants.com/inventory/equipment/detail/245970","LIVE",""
"https://ims.internationalprocessplants.com/inventory/equipment/detail/245971","LIVE",""
"https://ims.internationalprocessplants.com/inventory/equipment/detail/245972","LIVE",""
"https://ims.internationalprocessplants.com/inventory/equipment/detail/245973","LIVE",""
"https://ims.internationalprocessplants.com/inventory/equipment/detail/245974","LIVE",""
"https://ims.internationalprocessplants.com/inventory/equipment/detail/245975","LIVE",""
"https://ims.internationalprocessplants.com/inventory/equipment/detail/245976","LIVE",""
"https://ims.internationalprocessplants.com/inventory/equipment/detail/245977","LIVE",""
"https://ims.internationalprocessplants.com/inventory/equipment/detail/245978","LIVE",""
"https://ims.internationalprocessplants.com/inventory/equipment/detail/245979","LIVE",""
"https://ims.internationalprocessplants.com/inventory/equipment/detail/245980","LIVE",""
"https://ims.internationalprocessplants.com/inventory/equipment/detail/245981","LIVE",""
"https://ims.internationalprocessplants.com/inventory/equipment/detail/245982","LIVE",""
"https://ims.internationalprocessplants.com/inventory/equipment/detail/245983","LIVE",""
"https://ims.internationalprocessplants.com/inventory/equipment/detail/245984","LIVE",""
"https://ims.internationalprocessplants.com/inventory/equipment/detail/245985","LIVE",""
"https://ims.internationalprocessplants.com/inventory/equipment/detail/245986","LIVE",""
"https://ims.internationalprocessplants.com/inventory/equipment/detail/245987","LIVE",""
"https://ims.internationalprocessplants.com/inventory/equipment/detail/245988","LIVE",""
"https://ims.internationalprocessplants.com/inventory/equipment/detail/245989","LIVE",""
"https://ims.internationalprocessplants.com/inventory/equipment/detail/245990","LIVE",""
"https://ims.internationalprocessplants.com/inventory/equipment/detail/245991","LIVE",""
"https://ims.internationalprocessplants.com/inventory/equipment/detail/245992","LIVE",""
"https://ims.internationalprocessplants.com/inventory/equipment/detail/245993","LIVE",""
"https://ims.internationalprocessplants.com/inventory/equipment/detail/245994","LIVE",""
"https://ims.internationalprocessplants.com/inventory/equipment/detail/245995","LIVE",""
"https://ims.internationalprocessplants.com/inventory/equipment/detail/245996","LIVE",""
"https://ims.internationalprocessplants.com/inventory/equipment/detail/245997","LIVE",""
"https://ims.internationalprocessplants.com/inventory/equipment/detail/245998","LIVE",""
"https://ims.internationalprocessplants.com/inventory/equipment/detail/245999","LIVE",""
"https://ims.internationalprocessplants.com/inventory/equipment/detail/246000","LIVE",""
"https://ims.internationalprocessplants.com/inventory/equipment/detail/246001","LIVE",""
"https://ims.internationalprocessplants.com/inventory/equipment/detail/246002","LIVE",""
"https://ims.internationalprocessplants.com/inventory/equipment/detail/246003","LIVE",""
"https://ims.internationalprocessplants.com/inventory/equipment/detail/246004","LIVE",""
"https://ims.internationalprocessplants.com/inventory/equipment/detail/246005","LIVE",""
"https://ims.internationalprocessplants.com/inventory/equipment/detail/246006","LIVE",""
"https://ims.internationalprocessplants.com/inventory/equipment/detail/246007","LIVE",""
"https://ims.internationalprocessplants.com/inventory/equipment/detail/246008","LIVE",""
"https://ims.internationalprocessplants.com/inventory/equipment/detail/246009","LIVE",""
"https://ims.internationalprocessplants.com/inventory/equipment/detail/246010","LIVE",""
"https://ims.internationalprocessplants.com/inventory/equipment/detail/246011","LIVE",""
"https://ims.internationalprocessplants.com/inventory/equipment/detail/246012","LIVE",""
"https://ims.internationalprocessplants.com/inventory/equipment/detail/246013","LIVE",""
"https://ims.internationalprocessplants.com/inventory/equipment/detail/246014","LIVE",""
"https://ims.internationalprocessplants.com/inventory/equipment/detail/246015","LIVE",""
"https://ims.internationalprocessplants.com/inventory/equipment/detail/246016","LIVE",""
"https://ims.internationalprocessplants.com/inventory/equipment/detail/246017","LIVE",""
"https://ims.internationalprocessplants.com/inventory/equipment/detail/246018","LIVE",""
"https://ims.internationalprocessplants.com/inventory/equipment/detail/246019","LIVE",""
"https://ims.internationalprocessplants.com/inventory/equipment/detail/246020","LIVE",""
"https://ims.internationalprocessplants.com/inventory/equipment/detail/246021","LIVE",""
"https://ims.internationalprocessplants.com/inventory/equipment/detail/246022","LIVE",""
"https://ims.internationalprocessplants.com/inventory/equipment/detail/246023","LIVE",""
"https://ims.internationalprocessplants.com/inventory/equipment/detail/246024","LIVE",""
"https://ims.internationalprocessplants.com/inventory/equipment/detail/246025","LIVE",""
"https://ims.internationalprocessplants.com/inventory/equipment/detail/246026","LIVE",""
"https://ims.internationalprocessplants.com/inventory/equipment/detail/246027","LIVE",""
"https://ims.internationalprocessplants.com/inventory/equipment/detail/246028","LIVE",""
"https://ims.internationalprocessplants.com/inventory/equipment/detail/246029","LIVE",""
"https://ims.internationalprocessplants.com/inventory/equipment/detail/246030","LIVE",""
"https://ims.internationalprocessplants.com/inventory/equipment/detail/246031","LIVE",""
"https://ims.internationalprocessplants.com/inventory/equipment/detail/246032","LIVE",""
"https://ims.internationalprocessplants.com/inventory/equipment/detail/246033","LIVE",""
"https://ims.internationalprocessplants.com/inventory/equipment/detail/246034","LIVE",""
"https://ims.internationalprocessplants.com/inventory/equipment/detail/246035","LIVE",""
"https://ims.internationalprocessplants.com/inventory/equipment/detail/246036","LIVE",""
"https://ims.internationalprocessplants.com/inventory/equipment/detail/246037","LIVE",""
"https://ims.internationalprocessplants.com/inventory/equipment/detail/246038","LIVE",""
"https://ims.internationalprocessplants.com/inventory/equipment/detail/246039","LIVE",""
"https://ims.internationalprocessplants.com/inventory/equipment/detail/246040","LIVE",""
"https://ims.internationalprocessplants.com/inventory/equipment/detail/246041","LIVE",""
"https://ims.internationalprocessplants.com/inventory/equipment/detail/246042","LIVE",""
"https://ims.internationalprocessplants.com/inventory/equipment/detail/246043","LIVE",""
"https://ims.internationalprocessplants.com/inventory/equipment/detail/246044","LIVE",""
"https://ims.internationalprocessplants.com/inventory/equipment/detail/246045","LIVE",""
"https://ims.internationalprocessplants.com/inventory/equipment/detail/246046","LIVE",""
"https://ims.internationalprocessplants.com/inventory/equipment/detail/246047","LIVE",""
"https://ims.internationalprocessplants.com/inventory/equipment/detail/246048","LIVE",""
"https://ims.internationalprocessplants.com/inventory/equipment/detail/246049","LIVE",""
"https://ims.internationalprocessplants.com/inventory/equipment/detail/246050","LIVE",""
"https://ims.internationalprocessplants.com/inventory/equipment/detail/246051","LIVE",""
"https://ims.internationalprocessplants.com/inventory/equipment/detail/246052","LIVE",""
"https://ims.internationalprocessplants.com/inventory/equipment/detail/246053","LIVE",""
"https://ims.internationalprocessplants.com/inventory/equipment/detail/246054","LIVE",""
"https://ims.internationalprocessplants.com/inventory/equipment/detail/246055","LIVE",""
"https://ims.internationalprocessplants.com/inventory/equipment/detail/246056","LIVE",""
"https://ims.internationalprocessplants.com/inventory/equipment/detail/246057","LIVE",""
"https://ims.internationalprocessplants.com/inventory/equipment/detail/246058","LIVE",""
"https://ims.internationalprocessplants.com/inventory/equipment/detail/246059","LIVE",""
"https://ims.internationalprocessplants.com/inventory/equipment/detail/246060","LIVE",""
"https://ims.internationalprocessplants.com/inventory/equipment/detail/246061","LIVE",""
"https://ims.internationalprocessplants.com/inventory/equipment/detail/246062","LIVE",""
"https://ims.internationalprocessplants.com/inventory/equipment/detail/246063","LIVE",""
"https://ims.internationalprocessplants.com/inventory/equipment/detail/246064","LIVE",""
"https://ims.internationalprocessplants.com/inventory/equipment/detail/246065","LIVE",""
"https://ims.internationalprocessplants.com/inventory/equipment/detail/246066","LIVE",""
"https://ims.internationalprocessplants.com/inventory/equipment/detail/246067","LIVE",""
"https://ims.internationalprocessplants.com/inventory/equipment/detail/246068","LIVE",""
"https://ims.internationalprocessplants.com/inventory/equipment/detail/246069","LIVE",""
"https://ims.internationalprocessplants.com/inventory/equipment/detail/246070","LIVE",""
"https://ims.internationalprocessplants.com/inventory/equipment/detail/246074","LIVE",""
"https://ims.internationalprocessplants.com/inventory/equipment/detail/246075","LIVE",""
"https://ims.internationalprocessplants.com/inventory/equipment/detail/246076","LIVE",""
"https://ims.internationalprocessplants.com/inventory/equipment/detail/246077","LIVE",""
"https://ims.internationalprocessplants.com/inventory/equipment/detail/246078","LIVE",""
"https://ims.internationalprocessplants.com/inventory/equipment/detail/246079","LIVE",""
"https://ims.internationalprocessplants.com/inventory/equipment/detail/246080","LIVE",""
"https://ims.internationalprocessplants.com/inventory/equipment/detail/246081","LIVE",""
"https://ims.internationalprocessplants.com/inventory/equipment/detail/246082","LIVE",""
"https://ims.internationalprocessplants.com/inventory/equipment/detail/246083","LIVE",""
"https://ims.internationalprocessplants.com/inventory/equipment/detail/246084","LIVE",""
"https://ims.internationalprocessplants.com/inventory/equipment/detail/246085","LIVE",""
"https://ims.internationalprocessplants.com/inventory/equipment/detail/246086","LIVE",""
"https://ims.internationalprocessplants.com/inventory/equipment/detail/246087","LIVE",""
"https://ims.internationalprocessplants.com/inventory/equipment/detail/246088","LIVE",""
"https://ims.internationalprocessplants.com/inventory/equipment/detail/246089","LIVE",""
"https://ims.internationalprocessplants.com/inventory/equipment/detail/246090","LIVE",""
"https://ims.internationalprocessplants.com/inventory/equipment/detail/246091","LIVE",""
"https://ims.internationalprocessplants.com/inventory/equipment/detail/246092","LIVE",""
"https://ims.internationalprocessplants.com/inventory/equipment/detail/246093","LIVE",""
"https://ims.internationalprocessplants.com/inventory/equipment/detail/246094","LIVE",""
"https://ims.internationalprocessplants.com/inventory/equipment/detail/246095","LIVE",""
"https://ims.internationalprocessplants.com/inventory/equipment/detail/246096","LIVE",""
"https://ims.internationalprocessplants.com/inventory/equipment/detail/246097","LIVE",""
"https://ims.internationalprocessplants.com/inventory/equipment/detail/246098","LIVE",""
"https://ims.internationalprocessplants.com/inventory/equipment/detail/246099","LIVE",""
"https://ims.internationalprocessplants.com/inventory/equipment/detail/246100","LIVE",""
"https://ims.internationalprocessplants.com/inventory/equipment/detail/246101","LIVE",""
"https://ims.internationalprocessplants.com/inventory/equipment/detail/246102","LIVE",""
"https://ims.internationalprocessplants.com/inventory/equipment/detail/246103","LIVE",""
"https://ims.internationalprocessplants.com/inventory/equipment/detail/246104","LIVE",""
"https://ims.internationalprocessplants.com/inventory/equipment/detail/246105","LIVE",""
"https://ims.internationalprocessplants.com/inventory/equipment/detail/246106","LIVE",""
"https://ims.internationalprocessplants.com/inventory/equipment/detail/246421","LIVE",""
"https://ims.internationalprocessplants.com/inventory/equipment/detail/246431","LIVE",""
"https://ims.internationalprocessplants.com/inventory/equipment/detail/246432","LIVE",""
"https://ims.internationalprocessplants.com/inventory/equipment/detail/246440","LIVE",""
"https://ims.internationalprocessplants.com/inventory/equipment/detail/246441","LIVE",""
"https://ims.internationalprocessplants.com/inventory/equipment/detail/246442","LIVE",""
"https://ims.internationalprocessplants.com/inventory/equipment/detail/246443","LIVE",""
"https://ims.internationalprocessplants.com/inventory/equipment/detail/246444","LIVE",""
"https://ims.internationalprocessplants.com/inventory/equipment/detail/246445","LIVE",""
"https://ims.internationalprocessplants.com/inventory/equipment/detail/246446","LIVE",""
"https://ims.internationalprocessplants.com/inventory/equipment/detail/246447","LIVE",""
"https://ims.internationalprocessplants.com/inventory/equipment/detail/246448","LIVE",""
"https://ims.internationalprocessplants.com/inventory/equipment/detail/246452","LIVE",""
"https://ims.internationalprocessplants.com/inventory/equipment/detail/246455","LIVE",""
"https://ims.internationalprocessplants.com/inventory/equipment/detail/246457","LIVE",""
"https://ims.internationalprocessplants.com/inventory/equipment/detail/246461","LIVE",""
"https://ims.internationalprocessplants.com/inventory/equipment/detail/246494","LIVE",""
"https://ims.internationalprocessplants.com/inventory/equipment/detail/246497","LIVE",""
"https://ims.internationalprocessplants.com/inventory/equipment/detail/246498","LIVE",""
"https://ims.internationalprocessplants.com/inventory/equipment/detail/246698","LIVE",""
"https://ims.internationalprocessplants.com/inventory/equipment/detail/246702","LIVE",""
"https://ims.internationalprocessplants.com/inventory/equipment/detail/246704","LIVE",""
"https://ims.internationalprocessplants.com/inventory/equipment/detail/246705","LIVE",""
"https://ims.internationalprocessplants.com/inventory/equipment/detail/246706","LIVE",""
"https://ims.internationalprocessplants.com/inventory/equipment/detail/246708","LIVE",""
"https://ims.internationalprocessplants.com/inventory/equipment/detail/246709","LIVE",""
"https://ims.internationalprocessplants.com/inventory/equipment/detail/246710","LIVE",""
"https://ims.internationalprocessplants.com/inventory/equipment/detail/246711","LIVE",""
"https://ims.internationalprocessplants.com/inventory/equipment/detail/246712","LIVE",""
"https://ims.internationalprocessplants.com/inventory/equipment/detail/246723","LIVE",""
"https://ims.internationalprocessplants.com/inventory/equipment/detail/246724","LIVE",""
"https://ims.internationalprocessplants.com/inventory/equipment/detail/246725","LIVE",""
"https://ims.internationalprocessplants.com/inventory/equipment/detail/246726","LIVE",""
"https://ims.internationalprocessplants.com/inventory/equipment/detail/246728","LIVE",""
"https://ims.internationalprocessplants.com/inventory/equipment/detail/246729","LIVE",""
"https://ims.internationalprocessplants.com/inventory/equipment/detail/246730","LIVE",""
"https://ims.internationalprocessplants.com/inventory/equipment/detail/246734","LIVE",""
"https://ims.internationalprocessplants.com/inventory/equipment/detail/246756","LIVE",""
"https://ims.internationalprocessplants.com/inventory/equipment/detail/246757","LIVE",""
"https://ims.internationalprocessplants.com/inventory/equipment/detail/246758","LIVE",""
"https://ims.internationalprocessplants.com/inventory/equipment/detail/246761","LIVE",""
"https://ims.internationalprocessplants.com/inventory/equipment/detail/246762","LIVE",""
"https://ims.internationalprocessplants.com/inventory/equipment/detail/246779","LIVE",""
"https://ims.internationalprocessplants.com/inventory/equipment/detail/246780","LIVE",""
"https://ims.internationalprocessplants.com/inventory/equipment/detail/246781","LIVE",""
"https://ims.internationalprocessplants.com/inventory/equipment/detail/246784","LIVE",""
"https://ims.internationalprocessplants.com/inventory/equipment/detail/246795","LIVE",""
"https://ims.internationalprocessplants.com/inventory/equipment/detail/246796","LIVE",""
"https://ims.internationalprocessplants.com/inventory/equipment/detail/246797","LIVE",""
"https://ims.internationalprocessplants.com/inventory/equipment/detail/246798","LIVE",""
"https://ims.internationalprocessplants.com/inventory/equipment/detail/246799","LIVE",""
"https://ims.internationalprocessplants.com/inventory/equipment/detail/246800","LIVE",""
"https://ims.internationalprocessplants.com/inventory/equipment/detail/246801","LIVE",""
"https://ims.internationalprocessplants.com/inventory/equipment/detail/246812","LIVE",""
"https://ims.internationalprocessplants.com/inventory/equipment/detail/246817","LIVE",""
"https://ims.internationalprocessplants.com/inventory/equipment/detail/246820","LIVE",""
"https://ims.internationalprocessplants.com/inventory/equipment/detail/246821","LIVE",""
"https://ims.internationalprocessplants.com/inventory/equipment/detail/246822","LIVE",""
"https://ims.internationalprocessplants.com/inventory/equipment/detail/246823","LIVE",""
"https://ims.internationalprocessplants.com/inventory/equipment/detail/246824","LIVE",""
"https://ims.internationalprocessplants.com/inventory/equipment/detail/246826","LIVE",""
"https://ims.internationalprocessplants.com/inventory/equipment/detail/246827","LIVE",""
"https://ims.internationalprocessplants.com/inventory/equipment/detail/246828","LIVE",""
"https://ims.internationalprocessplants.com/inventory/equipment/detail/246829","LIVE",""
"https://ims.internationalprocessplants.com/inventory/equipment/detail/246865","LIVE",""
"https://ims.internationalprocessplants.com/inventory/equipment/detail/246866","LIVE",""
"https://ims.internationalprocessplants.com/inventory/equipment/detail/246867","LIVE",""
"https://ims.internationalprocessplants.com/inventory/equipment/detail/246868","LIVE",""
"https://ims.internationalprocessplants.com/inventory/equipment/detail/246888","LIVE",""
"https://ims.internationalprocessplants.com/inventory/equipment/detail/246889","LIVE",""
"https://ims.internationalprocessplants.com/inventory/equipment/detail/246890","LIVE",""
"https://ims.internationalprocessplants.com/inventory/equipment/detail/246891","LIVE",""
"https://ims.internationalprocessplants.com/inventory/equipment/detail/246892","LIVE",""
"https://ims.internationalprocessplants.com/inventory/equipment/detail/246896","LIVE",""
"https://ims.internationalprocessplants.com/inventory/equipment/detail/246898","LIVE",""
"https://ims.internationalprocessplants.com/inventory/equipment/detail/246904","LIVE",""
"https://ims.internationalprocessplants.com/inventory/equipment/detail/246905","LIVE",""
"https://ims.internationalprocessplants.com/inventory/equipment/detail/246906","LIVE",""
"https://ims.internationalprocessplants.com/inventory/equipment/detail/246907","LIVE",""
"https://ims.internationalprocessplants.com/inventory/equipment/detail/246908","LIVE",""
"https://ims.internationalprocessplants.com/inventory/equipment/detail/246909","LIVE",""
"https://ims.internationalprocessplants.com/inventory/equipment/detail/246910","LIVE",""
"https://ims.internationalprocessplants.com/inventory/equipment/detail/246911","LIVE",""
"https://ims.internationalprocessplants.com/inventory/equipment/detail/246912","LIVE",""
"https://ims.internationalprocessplants.com/inventory/equipment/detail/246913","LIVE",""
"https://ims.internationalprocessplants.com/inventory/equipment/detail/246920","LIVE",""
"https://ims.internationalprocessplants.com/inventory/equipment/detail/246921","LIVE",""
"https://ims.internationalprocessplants.com/inventory/equipment/detail/246922","LIVE",""
"https://ims.internationalprocessplants.com/inventory/equipment/detail/246923","LIVE",""
"https://ims.internationalprocessplants.com/inventory/equipment/detail/246924","LIVE",""
"https://ims.internationalprocessplants.com/inventory/equipment/detail/246925","LIVE",""
"https://ims.internationalprocessplants.com/inventory/equipment/detail/246950","LIVE",""
"https://ims.internationalprocessplants.com/inventory/equipment/detail/246953","LIVE",""
"https://ims.internationalprocessplants.com/inventory/equipment/detail/247093","LIVE",""
"https://ims.internationalprocessplants.com/inventory/equipment/detail/247094","LIVE",""
"https://ims.internationalprocessplants.com/inventory/equipment/detail/247095","LIVE",""
"https://ims.internationalprocessplants.com/inventory/equipment/detail/247230","LIVE",""
"https://ims.internationalprocessplants.com/inventory/equipment/detail/247236","LIVE",""
"https://ims.internationalprocessplants.com/inventory/equipment/detail/247239","LIVE",""
"https://ims.internationalprocessplants.com/inventory/equipment/detail/247240","LIVE",""
"https://ims.internationalprocessplants.com/inventory/equipment/detail/247241","LIVE",""
"https://ims.internationalprocessplants.com/inventory/equipment/detail/247246","LIVE",""
"https://ims.internationalprocessplants.com/inventory/equipment/detail/247261","LIVE",""
"https://ims.internationalprocessplants.com/inventory/equipment/detail/247262","LIVE",""
"https://ims.internationalprocessplants.com/inventory/equipment/detail/247272","LIVE",""
"https://ims.internationalprocessplants.com/inventory/equipment/detail/247309","LIVE",""
"https://ims.internationalprocessplants.com/inventory/equipment/detail/247310","LIVE",""
"https://ims.internationalprocessplants.com/inventory/equipment/detail/247311","LIVE",""
"https://ims.internationalprocessplants.com/inventory/equipment/detail/247316","LIVE",""
"https://ims.internationalprocessplants.com/inventory/equipment/detail/247317","LIVE",""
"https://ims.internationalprocessplants.com/inventory/equipment/detail/247318","LIVE",""
"https://ims.internationalprocessplants.com/inventory/equipment/detail/247320","LIVE",""
"https://ims.internationalprocessplants.com/inventory/equipment/detail/247322","LIVE",""
"https://ims.internationalprocessplants.com/inventory/equipment/detail/247388","LIVE",""
"https://ims.internationalprocessplants.com/inventory/equipment/detail/247389","LIVE",""
"https://ims.internationalprocessplants.com/inventory/equipment/detail/247461","LIVE",""
"https://ims.internationalprocessplants.com/inventory/equipment/detail/247787","LIVE",""
"https://ims.internationalprocessplants.com/inventory/equipment/detail/247788","LIVE",""
"https://ims.internationalprocessplants.com/inventory/equipment/detail/247789","LIVE",""
"https://ims.internationalprocessplants.com/inventory/equipment/detail/247931","LIVE",""
"https://ims.internationalprocessplants.com/inventory/equipment/detail/248079","LIVE",""
"https://ims.internationalprocessplants.com/inventory/equipment/detail/248098","LIVE",""
"https://ims.internationalprocessplants.com/inventory/equipment/detail/248265","LIVE",""
"https://ims.internationalprocessplants.com/inventory/equipment/detail/248290","LIVE",""
"https://ims.internationalprocessplants.com/inventory/equipment/detail/248291","LIVE",""
"https://ims.internationalprocessplants.com/inventory/equipment/detail/248292","LIVE",""
"https://ims.internationalprocessplants.com/inventory/equipment/detail/26513","LIVE",""
"https://ims.internationalprocessplants.com/inventory/equipment/detail/27152","LIVE",""
"https://ims.internationalprocessplants.com/inventory/equipment/detail/29512","LIVE",""
"https://ims.internationalprocessplants.com/inventory/equipment/detail/30799","LIVE",""
"https://ims.internationalprocessplants.com/inventory/equipment/detail/34476","LIVE",""
"https://ims.internationalprocessplants.com/inventory/equipment/detail/37754","LIVE",""
"https://ims.internationalprocessplants.com/inventory/equipment/detail/38116","LIVE",""
"https://ims.internationalprocessplants.com/inventory/equipment/detail/39135","LIVE",""
"https://ims.internationalprocessplants.com/inventory/equipment/detail/41355","LIVE",""
"https://ims.internationalprocessplants.com/inventory/equipment/detail/42074","LIVE",""
"https://ims.internationalprocessplants.com/inventory/equipment/detail/43307","LIVE",""
"https://ims.internationalprocessplants.com/inventory/equipment/detail/43415","LIVE",""
"https://ims.internationalprocessplants.com/inventory/equipment/detail/43417","LIVE",""
"https://ims.internationalprocessplants.com/inventory/equipment/detail/43419","LIVE",""
"https://ims.internationalprocessplants.com/inventory/equipment/detail/43421","LIVE",""
"https://ims.internationalprocessplants.com/inventory/equipment/detail/44139","LIVE",""
"https://ims.internationalprocessplants.com/inventory/equipment/detail/44286","LIVE",""
"https://ims.internationalprocessplants.com/inventory/equipment/detail/45290","LIVE",""
"https://ims.internationalprocessplants.com/inventory/equipment/detail/45292","LIVE",""
"https://ims.internationalprocessplants.com/inventory/equipment/detail/46059","LIVE",""
"https://ims.internationalprocessplants.com/inventory/equipment/detail/46575","LIVE",""
"https://ims.internationalprocessplants.com/inventory/equipment/detail/46661","LIVE",""
"https://ims.internationalprocessplants.com/inventory/equipment/detail/49666","LIVE",""
"https://ims.internationalprocessplants.com/inventory/equipment/detail/49675","LIVE",""
"https://ims.internationalprocessplants.com/inventory/equipment/detail/49677","LIVE",""
"https://ims.internationalprocessplants.com/inventory/equipment/detail/49682","LIVE",""
"https://ims.internationalprocessplants.com/inventory/equipment/detail/49844","LIVE",""
"https://ims.internationalprocessplants.com/inventory/equipment/detail/703458","LIVE",""
"https://ims.internationalprocessplants.com/inventory/equipment/detail/704550","LIVE",""
"https://ims.internationalprocessplants.com/inventory/equipment/detail/705384","LIVE",""
"https://ims.internationalprocessplants.com/inventory/equipment/detail/705390","LIVE",""
"https://ims.internationalprocessplants.com/inventory/equipment/detail/705392","LIVE",""
"https://ims.internationalprocessplants.com/inventory/equipment/detail/705396","LIVE",""
"https://ims.internationalprocessplants.com/inventory/equipment/detail/705515","LIVE",""
"https://ims.internationalprocessplants.com/inventory/equipment/detail/705519","LIVE",""
"https://ims.internationalprocessplants.com/inventory/equipment/detail/705543","LIVE",""
"https://ims.internationalprocessplants.com/inventory/equipment/detail/705601","LIVE",""
"https://ims.internationalprocessplants.com/inventory/equipment/detail/705602","LIVE",""
"https://ims.internationalprocessplants.com/inventory/equipment/detail/705820","LIVE",""
"https://ims.internationalprocessplants.com/inventory/equipment/detail/705915","LIVE",""
"https://ims.internationalprocessplants.com/inventory/equipment/detail/705916","LIVE",""
"https://ims.internationalprocessplants.com/inventory/equipment/detail/705917","LIVE",""
"https://ims.internationalprocessplants.com/inventory/equipment/detail/70592","LIVE",""
"https://ims.internationalprocessplants.com/inventory/equipment/detail/706420","LIVE",""
"https://ims.internationalprocessplants.com/inventory/equipment/detail/706431","LIVE",""
"https://ims.internationalprocessplants.com/inventory/equipment/detail/706441","LIVE",""
"https://ims.internationalprocessplants.com/inventory/equipment/detail/706442","LIVE",""
"https://ims.internationalprocessplants.com/inventory/equipment/detail/706443","LIVE",""
"https://ims.internationalprocessplants.com/inventory/equipment/detail/706507","LIVE",""
"https://ims.internationalprocessplants.com/inventory/equipment/detail/706575","LIVE",""
"https://ims.internationalprocessplants.com/inventory/equipment/detail/706577","LIVE",""
"https://ims.internationalprocessplants.com/inventory/equipment/detail/706578","LIVE",""
"https://ims.internationalprocessplants.com/inventory/equipment/detail/706579","LIVE",""
"https://ims.internationalprocessplants.com/inventory/equipment/detail/706580","LIVE",""
"https://ims.internationalprocessplants.com/inventory/equipment/detail/706583","LIVE",""
"https://ims.internationalprocessplants.com/inventory/equipment/detail/706584","LIVE",""
"https://ims.internationalprocessplants.com/inventory/equipment/detail/706586","LIVE",""
"https://ims.internationalprocessplants.com/inventory/equipment/detail/706593","LIVE",""
"https://ims.internationalprocessplants.com/inventory/equipment/detail/706601","LIVE",""
"https://ims.internationalprocessplants.com/inventory/equipment/detail/706602","LIVE",""
"https://ims.internationalprocessplants.com/inventory/equipment/detail/706604","LIVE",""
"https://ims.internationalprocessplants.com/inventory/equipment/detail/706605","LIVE",""
"https://ims.internationalprocessplants.com/inventory/equipment/detail/706609","LIVE",""
"https://ims.internationalprocessplants.com/inventory/equipment/detail/706620","LIVE",""
"https://ims.internationalprocessplants.com/inventory/equipment/detail/706623","LIVE",""
"https://ims.internationalprocessplants.com/inventory/equipment/detail/706640","LIVE",""
"https://ims.internationalprocessplants.com/inventory/equipment/detail/706641","LIVE",""
"https://ims.internationalprocessplants.com/inventory/equipment/detail/706642","LIVE",""
"https://ims.internationalprocessplants.com/inventory/equipment/detail/706677","LIVE",""
"https://ims.internationalprocessplants.com/inventory/equipment/detail/706678","LIVE",""
"https://ims.internationalprocessplants.com/inventory/equipment/detail/706708","LIVE",""
"https://ims.internationalprocessplants.com/inventory/equipment/detail/706713","LIVE",""
"https://ims.internationalprocessplants.com/inventory/equipment/detail/706722","LIVE",""
"https://ims.internationalprocessplants.com/inventory/equipment/detail/706740","LIVE",""
"https://ims.internationalprocessplants.com/inventory/equipment/detail/706746","LIVE",""
"https://ims.internationalprocessplants.com/inventory/equipment/detail/706750","LIVE",""
"https://ims.internationalprocessplants.com/inventory/equipment/detail/706751","LIVE",""
"https://ims.internationalprocessplants.com/inventory/equipment/detail/706755","LIVE",""
"https://ims.internationalprocessplants.com/inventory/equipment/detail/706757","LIVE",""
"https://ims.internationalprocessplants.com/inventory/equipment/detail/706759","LIVE",""
"https://ims.internationalprocessplants.com/inventory/equipment/detail/706762","LIVE",""
"https://ims.internationalprocessplants.com/inventory/equipment/detail/706769","LIVE",""
"https://ims.internationalprocessplants.com/inventory/equipment/detail/706845","LIVE",""
"https://ims.internationalprocessplants.com/inventory/equipment/detail/706849","LIVE",""
"https://ims.internationalprocessplants.com/inventory/equipment/detail/706877","LIVE",""
"https://ims.internationalprocessplants.com/inventory/equipment/detail/70974","LIVE",""
"https://ims.internationalprocessplants.com/inventory/equipment/detail/73504","LIVE",""
"https://ims.internationalprocessplants.com/inventory/equipment/detail/73906","LIVE",""
"https://ims.internationalprocessplants.com/inventory/equipment/detail/73927","LIVE",""
"https://ims.internationalprocessplants.com/inventory/equipment/detail/74001","LIVE",""
"https://ims.internationalprocessplants.com/inventory/equipment/detail/74705","LIVE",""
"https://ims.internationalprocessplants.com/inventory/equipment/detail/74779","LIVE",""
"https://ims.internationalprocessplants.com/inventory/equipment/detail/74918","LIVE",""
"https://ims.internationalprocessplants.com/inventory/equipment/detail/75411","LIVE",""
"https://ims.internationalprocessplants.com/inventory/equipment/detail/75412","LIVE",""
"https://ims.internationalprocessplants.com/inventory/equipment/detail/802150","LIVE",""
"https://ims.internationalprocessplants.com/inventory/equipment/detail/802151","LIVE",""
"https://ims.internationalprocessplants.com/inventory/equipment/detail/802152","LIVE",""
"https://ims.internationalprocessplants.com/inventory/equipment/detail/802153","LIVE",""
"https://ims.internationalprocessplants.com/inventory/equipment/detail/802154","LIVE",""
"https://ims.internationalprocessplants.com/inventory/equipment/detail/802195","LIVE",""
"https://ims.internationalprocessplants.com/inventory/equipment/detail/802196","LIVE",""
"https://ims.internationalprocessplants.com/inventory/equipment/detail/802197","LIVE",""
"https://ims.internationalprocessplants.com/inventory/equipment/detail/802198","LIVE",""
"https://ims.internationalprocessplants.com/inventory/equipment/detail/802199","LIVE",""
"https://ims.internationalprocessplants.com/inventory/equipment/detail/802200","LIVE",""
"https://ims.internationalprocessplants.com/inventory/equipment/detail/802201","LIVE",""
"https://ims.internationalprocessplants.com/inventory/equipment/detail/81444","LIVE",""
"https://ims.internationalprocessplants.com/inventory/equipment/detail/81509","LIVE",""
"https://ims.internationalprocessplants.com/inventory/equipment/detail/81510","LIVE",""
"https://ims.internationalprocessplants.com/inventory/equipment/detail/81559","LIVE",""
"https://ims.internationalprocessplants.com/inventory/equipment/detail/81667","LIVE",""
"https://ims.internationalprocessplants.com/inventory/equipment/detail/81676","LIVE",""
"https://ims.internationalprocessplants.com/inventory/equipment/detail/81718","LIVE",""
"https://ims.internationalprocessplants.com/inventory/equipment/detail/81855","LIVE",""
"https://ims.internationalprocessplants.com/inventory/equipment/detail/82199","LIVE",""
"https://ims.internationalprocessplants.com/inventory/equipment/detail/83405","LIVE",""
"https://ims.internationalprocessplants.com/inventory/equipment/detail/83408","LIVE",""
"https://ims.internationalprocessplants.com/inventory/equipment/detail/83413","LIVE",""
"https://ims.internationalprocessplants.com/inventory/equipment/detail/83427","LIVE",""
"https://ims.internationalprocessplants.com/inventory/equipment/detail/85469","LIVE",""
"https://ims.internationalprocessplants.com/inventory/equipment/detail/85499","LIVE",""
"https://ims.internationalprocessplants.com/inventory/equipment/detail/85578","LIVE",""
"https://ims.internationalprocessplants.com/inventory/equipment/detail/85942","LIVE",""
"https://ims.internationalprocessplants.com/inventory/equipment/detail/86856","LIVE",""
"https://ims.internationalprocessplants.com/inventory/equipment/detail/87734","LIVE",""
"https://ims.internationalprocessplants.com/inventory/equipment/detail/87736","LIVE",""
"https://ims.internationalprocessplants.com/inventory/equipment/detail/87764","LIVE",""
"https://ims.internationalprocessplants.com/inventory/equipment/detail/89370","LIVE",""
"https://ims.internationalprocessplants.com/inventory/equipment/detail/89538","LIVE",""
"https://ims.internationalprocessplants.com/inventory/equipment/detail/89725","LIVE",""
"https://ims.internationalprocessplants.com/inventory/equipment/detail/89729","LIVE",""
"https://ims.internationalprocessplants.com/inventory/equipment/detail/89731","LIVE",""
"https://ims.internationalprocessplants.com/inventory/equipment/detail/89762","LIVE",""
"https://ims.internationalprocessplants.com/inventory/equipment/detail/89790","LIVE",""
"https://ims.internationalprocessplants.com/inventory/equipment/detail/89791","LIVE",""
"https://ims.internationalprocessplants.com/inventory/equipment/detail/89792","LIVE",""
"https://ims.internationalprocessplants.com/inventory/equipment/detail/89793","LIVE",""
"https://ims.internationalprocessplants.com/inventory/equipment/detail/90407","LIVE",""
"https://ims.internationalprocessplants.com/inventory/equipment/detail/90606","LIVE",""
"https://ims.internationalprocessplants.com/inventory/equipment/detail/90646","LIVE",""
"https://ims.internationalprocessplants.com/inventory/equipment/detail/90693","LIVE",""
"https://ims.internationalprocessplants.com/inventory/equipment/detail/90729","LIVE",""
"https://ims.internationalprocessplants.com/inventory/equipment/detail/90737","LIVE",""
"https://ims.internationalprocessplants.com/inventory/equipment/detail/90800","LIVE",""
"https://ims.internationalprocessplants.com/inventory/equipment/detail/92514","LIVE",""
"https://ims.internationalprocessplants.com/inventory/equipment/detail/93200","LIVE",""
"https://ims.internationalprocessplants.com/inventory/equipment/detail/93203","LIVE",""
"https://ims.internationalprocessplants.com/inventory/equipment/detail/93257","LIVE",""
"https://ims.internationalprocessplants.com/inventory/equipment/detail/93259","LIVE",""
"https://ims.internationalprocessplants.com/inventory/equipment/detail/94132","LIVE",""
"https://ims.internationalprocessplants.com/inventory/equipment/detail/94133","LIVE",""
"https://ims.internationalprocessplants.com/inventory/equipment/detail/94135","LIVE",""
"https://ims.internationalprocessplants.com/inventory/equipment/detail/94136","LIVE",""
"https://ims.internationalprocessplants.com/inventory/equipment/detail/94137","LIVE",""
"https://ims.internationalprocessplants.com/inventory/equipment/detail/94142","LIVE",""
"https://ims.internationalprocessplants.com/inventory/equipment/detail/94379","LIVE",""
"https://ims.internationalprocessplants.com/inventory/equipment/detail/94380","LIVE",""
"https://ims.internationalprocessplants.com/inventory/equipment/detail/94381","LIVE",""
"https://ims.internationalprocessplants.com/inventory/equipment/detail/94383","LIVE",""
"https://ims.internationalprocessplants.com/inventory/equipment/detail/94384","LIVE",""
"https://ims.internationalprocessplants.com/inventory/equipment/detail/94386","LIVE",""
"https://ims.internationalprocessplants.com/inventory/equipment/detail/94387","LIVE",""
"https://ims.internationalprocessplants.com/inventory/equipment/detail/94388","LIVE",""
"https://ims.internationalprocessplants.com/inventory/equipment/detail/94431","LIVE",""
"https://ims.internationalprocessplants.com/inventory/equipment/detail/94456","LIVE",""
"https://ims.internationalprocessplants.com/inventory/equipment/detail/94457","LIVE",""
"https://ims.internationalprocessplants.com/inventory/equipment/detail/94467","LIVE",""
"https://ims.internationalprocessplants.com/inventory/equipment/detail/94469","LIVE",""
"https://ims.internationalprocessplants.com/inventory/equipment/detail/94470","LIVE",""
"https://ims.internationalprocessplants.com/inventory/equipment/detail/94633","LIVE",""
"https://ims.internationalprocessplants.com/inventory/equipment/detail/95434","LIVE",""
"https://ims.internationalprocessplants.com/inventory/equipment/detail/96708","LIVE",""
"https://ims.internationalprocessplants.com/inventory/equipment/detail/97003","LIVE",""
"https://ims.internationalprocessplants.com/inventory/equipment/detail/97006","LIVE",""
"https://ims.internationalprocessplants.com/inventory/equipment/detail/97007","LIVE",""
"https://ims.internationalprocessplants.com/inventory/equipment/detail/98764","LIVE",""
"https://ims.internationalprocessplants.com/inventory/equipment/detail/98828","LIVE",""
"https://ims.internationalprocessplants.com/inventory/equipment/detail/98897","LIVE",""
"https://ims.internationalprocessplants.com/inventory/equipment/detail/99481","LIVE",""
